:020000041000EA
:10000000002008205D0100101B0100101D010010E0
:100010001101001011010010110100101101001058
:100020001901001019010010190100101F01001022
:10003000110100101901001021010010230100100E
:100040001101001011010010110100101101001028
:100050001101001011010010110100101101001018
:100060001101001011010010110100101101001008
:1000700011010010110100101101001011010010F8
:1000800011010010110100101101001011010010E8
:1000900011010010110100101101001011010010D8
:1000A00011010010110100101101001011010010C8
:1000B00011010010110100101101001011010010B8
:1000C00011010010110100101101001011010010A8
:1000D0001101001011010010110100101101001098
:1000E0001101001011010010110100101101001088
:1000F0001101001011010010110100101101001078
:100100001101001011010010110100101101001067
:10011000EFF30580103800BE00BE00BE00BE00BE7A
:1001200000BE00BEF2EB8871742E0410982E0410ED
:10013000A001001090A31AE7D3DEFFFF42012110B7
:10014000FF010000703D0400793512AB4FF0000054
:100150001E49086006C881F3088810474FF05040D8
:10016000006810B14FF00000F2E70DA40ECC00299A
:1001700002D000F012F8F9E71549164A002000E015
:1001800001C19142FCD11449884714498847144958
:10019000884700BEFDE701C901C29A42FBD3704700
:1001A000982E04101001002020110020A83E0410F9
:1001B0000000082000000820A83E041000100820BD
:1001C00000100820000000007047000008ED00E06B
:1001D00020110020BC2600204531001035020010FF
:1001E00009310010F8B500BF064B0749C91A89103C
:1001F00048BF0131491003D0044B0BB101481847E7
:10020000704700BF201100202011002000000000D6
:1002100008B5054B1BB105490548AFF30080BDE8A3
:100220000840FFF7E1BF00BF0000000040260020AB
:100230004899001008B503F09BF84FF4FA6001F0FC
:100240003BF906F08FF8B0B90121002006F056F80E
:100250000B4803F091F84FF4FA6001F02DF90021FA
:10026000084606F04BF8074803F086F84FF4FA60AA
:1002700001F022F9E8E7044803F07EF8012008BD08
:100280005C990010649900104899001010B400F0B7
:10029000070C4FEA8C0CC00801FA0CF100F18C0C31
:1002A000074C44F82C1003EB80032AB103F50053EC
:1002B00019605DF8044B704703F540531960F8E787
:1002C000008002400C4B03EB800253F8203083F097
:1002D000400303F0C00302F5805CCCF80030C0009E
:1002E00000F1804000F52030416002F540524FF4AB
:1002F00080731360704700BF0480034010B40C4C3F
:1003000004EB800C79B108237AB10422134354F82A
:100310002020534003F00C030CF5805CCCF8003037
:100320005DF8044B70470023EEE70022EEE700BFC4
:100330000480034039B1084B03EB800303F50053FD
:1003400002221A607047044B03EB800303F540530D
:1003500002221A60704700BF0480034070B5054652
:100360000C46164652B94FF050431B688BB10A4BEE
:10037000324621462846FFF789FF70BD152000F060
:10038000FFF90028EFD1054B054ABD21054802F0D1
:10039000BFFE054BECE700BF908202406C99001055
:1003A000A0B00010989900104882024010B54FF09C
:1003B00050431C68094B53F82430034207D10343D0
:1003C000064840F82430152000F01AFA10BD044BFE
:1003D000044ADB21044802F09BFE00BF8026002077
:1003E000DC9900106CB000109899001010B54FF017
:1003F00050431A680C4B53F8223003420ED0044687
:10040000152000F017FB4FF050431968064A52F8C8
:10041000213023EA040342F8213010BD034B044A83
:10042000EF21044802F074FE80260020089A001094
:1004300048B000109899001008B54FF0000242EC47
:10044000440042EC40000521FFF73CFF08BD0000DE
:100450000FB400B583B0049C074802F08DFF3CB197
:1004600005A90191204602F097FF044802F084FF9D
:10047000012002F047FE00BF349A001054A600107D
:10048000EFF3108072B6064BD3E8CF1F012200298C
:10049000FAD1C3E8412F0029F6D1BFF35F8F70472F
:1004A0009F1400200023034AC2E88F3F80F3108886
:1004B000704700BF9F14002070B505460C461646D5
:1004C000FFF7DEFFE208A95C04F0070C012303FA42
:1004D0000CF3194205D1DBB20B43AB54FFF7E2FF3B
:1004E00070BD21463046FFF7B3FFF8B506460D460E
:1004F00014461F46FFF7C4FF00E00134BC420ED88B
:100500004FEAD40C16F80C1004F0070301229A40AD
:100510001142F2D1D2B20A4306F80C2001E04FF0AA
:10052000FF34FFF7BFFF002C01DB2046F8BD002D94
:10053000FBD00698FFF78CFF38B505460C46FFF751
:100540009FFFE1086A5C04F007040123A3401A42FC
:1005500005D022EA03026A54FFF7A4FF38BD034B1B
:10056000034A3321034802F0D3FD00BF449A001030
:10057000B8B00010649A0010054A1078431CDBB232
:100580001370172B02D9134610221A70704700BF40
:100590005010002000B583B00146054B00931F2387
:1005A00018220448FFF7A1FF03B05DF804FB00BF69
:1005B000A89A0010E81800204FF0E022936843F05A
:1005C0000053936070470000002305E0044A1A447A
:1005D0000021C2E88F1F01331F2BF7D9704700BFDE
:1005E00094140020064B9B68103043F82010BFF392
:1005F0005F8F00230349C1E88F3F82F31088704763
:1006000000ED00E09D1400200048704700E400E089
:1006100008B5FFF7F9FF002304E04FF0803240F8FF
:10062000042B01330C2BF8D962B608BDC0F133009E
:100630007047000008B50388DA0A1C2A06D15B055A
:100640000BD45B15023300EB430008BD064B074A91
:100650004FF48E71064802F05BFD03F5FF1303F5BE
:10066000FF531F33EDE700BFC49A001014B1001010
:10067000DC9A001008B5091A01F2FC7240F6FE730C
:100680009A4208D8081F11F0010F04D1C0F34A00A4
:1006900040F4604008BD034B034A4FF487710348A0
:1006A00002F036FD209B001008B10010DC9A00100B
:1006B00008B5091A04394B08090B0AD1C1F30A011C
:1006C00041F4704101806FEA43536FEA5353438012
:1006D00008BD034B034A4FF48B71034802F018FD29
:1006E000509B0010E4B00010DC9A00104209064B49
:1006F00053F8223000F01F000122824003EA02007A
:10070000003818BF0120704700E100E03AB1064B05
:1007100000F1600243F8221043F8201070472030A7
:10072000014B43F82010704700E100E008B50A468D
:1007300000F01F03012199404009FFF7E7FF08BDC2
:1007400000F01F024009012393404030014A42F863
:100750002030704700E100E0024B9B68103053F8F6
:100760002000704700ED00E008B5FFF7F5FF034BF0
:10077000C01A2F288CBF0020012008BD5410002073
:1007800008B5FFF7E9FF30B1044A904201D00120DB
:1007900008BD0020FCE70020FAE700BF11010010AF
:1007A00070B505460C46EFF3108672B60F4BD3E8D2
:1007B000CF1F01220029FAD1C3E8412F0029F6D129
:1007C000BFF35F8FFFF7C8FF094B984201D0A042EB
:1007D00005D1324621462846FFF704FF70BD054B80
:1007E000054AED21054802F093FC00BF9D1400204E
:1007F00011010010609B00103CB10010DC9A001049
:100800002DE9F04F87B000911546EFF3108A72B6CC
:100810007C4BD3E8CF1F01220029FAD1C3E8412F36
:100820000029F6D1BFF35F8F774B93F90040002C7E
:1008300044DB804604EB4407744B03EB870797F9CE
:100840000610714A1170724A926800F1100152F854
:100850002190A9EB03022F2A3ED96E4B994534D142
:100860004FF42143ADF80C304FEA440904EB440047
:10087000664E06EB800068490230FFF7FBFEADF8DC
:100880000E004BF60153ADF81030FF238DF81230F7
:100890008DF81350009B0593A14406EB890306AA2B
:1008A00012E9070083E8070047F00109524649466C
:1008B0004046FFF797FE07B0BDE8F08F574B584A08
:1008C0004FF4BE71574802F023FC574B544A40F294
:1008D0008311544802F01CFC29F0010BABEB03031D
:1008E000524AA2FB0312D20802EB4202B3EB820F80
:1008F0000FD15B460026DA79AA4212D993F9062075
:10090000002A0DDB02EB42021E46404B03EB820342
:10091000F1E7474B424A4FF4CA71424802F0F8FBF4
:100920001E46A6B344F60103ADF80C304FF48F43D6
:10093000ADF80E3096F906B0BBF1000F1ADA4BF69F
:100940000150ADF810008DF812B08DF81350009BD7
:1009500005933946301DFFF78DFEB080B47104EB6E
:1009600044042A4B03EB840306AA12E9070083E838
:1009700007009BE7301DFFF75DFE014604EB4402D4
:10098000224B03EB8203181DFFF774FED9E74FF4E7
:100990002143ADF80C306300019304EB4406DFF80B
:1009A0006C9009EB86061C49B01CFFF763FEADF89E
:1009B0000E005946301DFFF75DFEADF810004AF6F7
:1009C000AA235A464946521A524153431B0D8DF8E9
:1009D00012308DF81350009A0592019B234409EBC5
:1009E000830906AB13E9070089E8070044F6010311
:1009F000ABF800304FF48F43ABF8023047F00109F9
:100A000054E700BF9D140020B5260020541000209C
:100A100000ED00E01101001084100020989B0010F0
:100A200024B10010DC9A0010C09B0010ABAAAAAA47
:100A3000E89B00102DE9F04706460D46EFF31088BD
:100A400072B6504BD3E8CF1F01220029FAD1C3E878
:100A5000412F0029F6D1BFF35F8F4B4B9B6800F10C
:100A6000100A53F82A70494B9F4207D0AF4200F05A
:100A700087803C46464BFB1A2F2B06D94246394607
:100A80003046FFF7AFFDBDE8F087FFF72FFE814648
:100A900000213046FFF74AFEBFF35F8FEFF305807A
:100AA000C0B208B1824510D124F001040021A2682F
:100AB000954212D094F90630002B0DDB03EB430373
:100AC0002146334C04EB8304F1E7324B324A40F2C7
:100AD0000221324802F01CFB2146954249D194F98B
:100AE0000650002D2BDB05EB4502294B03EB82035F
:100AF0009A68A260DA79E27193F90630A371002B4B
:100B000010DA4BF60150A08005EB4502204B03EBB9
:100B10008203234A11789971157049463046FFF7D0
:100B200005FEABE705EB4503194800EB83000430F5
:100B3000FFF780FD0146201DFFF79CFDE3E798B914
:100B400081B1FF238B714BF601538B80144A1378CC
:100B5000A3714AF6AA230E49641A644163431B0D2C
:100B60001370DAE7094FF1E70E49201DFFF7A0FDEA
:100B7000D3E70D4B084A4FF41171084802F0C8FA48
:100B8000024F7BE79D14002000ED00E011010010F2
:100B9000541000206C9C0010F4B00010DC9A00107F
:100BA000B52600208E100020A09C001038B5044609
:100BB0000D46FFF729FD4FEA940C50F82C3004F055
:100BC0000304E400FF22A24023EA0203A5402B43D2
:100BD00040F82C3038BD000038B540F00104324BED
:100BE000E31A2F2B31D8EFF30581C9B2002933D096
:100BF000EFF3108E72B62D4BD3E8CF5F0122002D9C
:100C0000FAD1C3E8452F002DF6D1BFF35F8F4AF626
:100C1000AA230246244D521B524153431B0D4FFA47
:100C200083FC234B9B6853F82130A3421BD0002345
:100C3000032B32D803EB43011B4A02EB810292F9EA
:100C40000620624520D00133F2E71A4B1A4A40F2DF
:100C50007F211A4802F05CFA194B174A40F28221B0
:100C6000164802F055FA124B9B68164A43F82120A9
:100C7000154B1A78827183F800C000230B4AC2E832
:100C80008F3F8EF3108838BD074A02EB8101FF24A5
:100C90008C714BF601538B80EAE70C4B064A40F20D
:100CA0009321064802F034FA541000209D140020CD
:100CB00000ED00E0A89C0010C8B00010DC9A001005
:100CC000D09C001011010010B5260020DC9C001003
:100CD00008B5FFF7ABFC01460148FFF72DFC08BD46
:100CE000B926002000B583B00146074B00930523C9
:100CF00000220648FFF7F9FB002801DBC0F13300B2
:100D000003B05DF804FB00BFE49C0010B92600208E
:100D100070B504460E461546FFF72EFC01462046E8
:100D200000F006F8A680E580BFF35F8F70BD00007D
:100D3000014B0B44036070479414002010B5044627
:100D4000FFF71AFC01462046FFF7F2FFFF2323714D
:100D5000BFF35F8F10BD10B50446FFF70DFC0146D1
:100D60002046FFF7E5FFFF23237100236371BFF3E4
:100D70005F8F10BD10B50D4C09E00D4B0D4A1A21C7
:100D80000D4802F0C5F92046FFF7D8FF08340B4B99
:100D90009C4209D22368002BF5D0012BEDD12046CF
:100DA000FFF7D9FF0834F2E710BD00BF181100208B
:100DB000009D0010D0B10010209D001020110020D7
:100DC000024B0B440360BFF35F8F70479414002005
:100DD00010B504460120FFF7DDFB01462046FFF772
:100DE000EFFF10BD0246EFF30583DBB2103B99081D
:100DF00004D0034803F00303136070470148F9E788
:100E000000800B4000000B4010B4846AA2EB040C7D
:100E10000B1D50F823301B1B9C4504D3046A01238F
:100E20008B401C4202D1043140F821205DF8044B74
:100E3000704741EA004070470D4B1A68EFF310818C
:100E400072B6D2E8CFCF0120BCF1000FF9D1C2E8D1
:100E50004C0FBCF1000FF4D1BFF35F8F1A68002371
:100E6000C2E88F3F81F3108840BF00200021704707
:100E7000902600202DE9F04F85B003A8FFF7B2FFC0
:100E8000954B984214BF00230123039901EB830380
:100E9000924A52F823402378994206D1054601220E
:100EA0008A4000F541535A602CE18D4B8D4A9221C6
:100EB0008D4802F02DF9D4F8149006EB46074FEA5E
:100EC000C70A09EBC707D7F808B0D7F80C8028463F
:100ED00000F0B4FBB0EB0B0061EB0803002BC0F299
:100EE0001A81B8F1000F64DB3B691A4600937F4B0F
:100EF0009A4230D0798889B2B4F90800FFF799FF97
:100F00007969009B9847009001910099019A51EAF4
:100F100002034ED01346002A29DABBEB010268EB2C
:100F20000308BA60C7F80C8039F90A70002FC0F2C4
:100F3000F280D4F814E007EB47030EEBC303996883
:100F4000DB68511A68EB0303002BC0F2E480A4466F
:100F50002CF8087F17E07A691369009210469847C9
:100F600038B3009A1368009353680193CDE728467D
:100F700000F064FB009B1A18019B43EB0108D0E7CB
:100F80009C463EF90B70002F0EDBBCF9003003EBE2
:100F900043034FEAC30B0EEBC3039868D968101ADA
:100FA00068EB01010029EBDA29F80A70ACF800605F
:100FB000B1E039F90A3023812369EFF3108272B668
:100FC000D3E8CF0F01210028FAD1C3E8401F002841
:100FD000F6D1BFF35F8FB4F9023029F80A3066808A
:100FE00021690023C1E88F3F82F3108893E02369D1
:100FF000EFF3108272B6D3E8CF0F01210028FAD1A7
:10100000C3E8401F0028F6D1BFF35F8FB4F8048017
:101010000FFA88F84FF6FF73A38021690023C1E817
:101020008F3F82F310881AE01F4630F90A60002EC5
:101030000FDBB7F9003003EB43034FEAC30A00EBC1
:10104000C3039968DA68BCEB01016EEB0202002A67
:10105000EADAA7F8008030F9098020F80960B8F1D1
:10106000000F5DDB606908EB48034FEAC30900EB42
:10107000C303D3F808C0D3F80CE004F10807B4F9AF
:101080000860D4E70023A37104F1080CB4F9083018
:1010900010E04FF0FF384FF0FF39C0E90289B4F992
:1010A0000800984205D0ACF80020B4F90800C853F5
:1010B00023811346B3F1FF3F35D0616903EB43024F
:1010C000D70001EBC20031F93220468816F4004FF8
:1010D000DFD18446EDE700BF00800B406026002092
:1010E000B49D0010FCB10010E09D0010750E0010C2
:1010F000284600F0A3FA3F1A66EB0106012F76F1AD
:10110000000628DA039A01239340EB63B4F90860E0
:10111000002EBFF6D0AEA38813F4004F3FF467AFA4
:10112000A379002BAED1B4F90830002B13DB626930
:1011300003EB430302EBC3039F68DE68B6F1FF3F96
:1011400008BFB7F1FF3FD3D03A463346039928464C
:10115000FFF75AFECCE740BF05B0BDE8F08F00BFF7
:10116000F8B504460D4611460A4B984210D00026A9
:101170002E44012707FA05F525623046FFF710FBDC
:1011800039463046FFF7D2FA04F501542560F8BD20
:101190000426EDE700800B40F8B504460E461746DE
:1011A0001D46C160FFF7E8F9164B03442361277021
:1011B000ABB263814FF05042127862704FF6FF720B
:1011C0002281A280013B63804FF0000C08E00CF10B
:1011D000FF300CEB4C0E636923F83E000CF1010C60
:1011E000AC45F4D3084B9E4214BF0023012307EB08
:1011F0008303064A42F82340054A39463046FFF742
:10120000AFFFF8BD9414002000800B406026002042
:10121000750E001008B5054B1B690BB1034808BDDE
:10122000034B044A6521044801F072FF9C10002022
:101230001C9E0010E4B10010E09D0010F8B50446BB
:101240009E460069EFF3108172B6D0E8CF6F01259A
:10125000002EFAD1C0E8465F002EF6D1BFF35F8FB3
:10126000B4F90250666905EB4500C70006EBC00003
:10127000002D03DB36F907C0A4F802C04FF0000CC4
:101280002369C3E88FCF81F31088654533DB069966
:101290000161079941618260C0F80CE0418889B220
:1012A0000131C1F30E0101B9012141802846FFF748
:1012B000C0FD2369EFF3108272B6D3E8CFCF0121CE
:1012C000BCF1000FF9D1C3E84C1FBCF1000FF4D101
:1012D000BFF35F8FA388F353A58021690023C1E882
:1012E0008F3F82F31088E368217801228A4003F55A
:1012F00001535A60F8BD4FF0FF30FBE770B582B084
:10130000064615461C469DF8203033B900F0ACF96E
:10131000854264EB010100290ADB079B0193069BD0
:1013200000932A4623463046FFF788FF02B070BD7F
:101330000020FBE7F0B585B005460C4616461F4673
:10134000FFF768FF9DF828300293019700962A4620
:101350002346FFF7D3FF05B0F0BD03464089B0EB4D
:10136000214F31DD10B50A14586902EB420200EB3F
:10137000C2001A69EFF3108C72B6D2E8CF4F5FF05B
:10138000010E002CF9D1C2E844EF002CF5D1BFF3D7
:101390005F8F428892B289B28A420FD000201969C9
:1013A0000022C1E88F2F8CF3108830B1DA681B78E7
:1013B0000121994002F50153596010BD42F40042E9
:1013C000428001209871EAE70020704710B504467A
:1013D000FFF720FF2146FFF7C0FF10BD40787047A0
:1013E000F0B583B0EFF30583DBB2CBB904460D460D
:1013F000861F41F1FF37B04271EB070301D200268F
:10140000374600F031F9301A67EB0103012873F118
:10141000000308DA2046294600F02EF903B0F0BD9B
:101420001848FFF715F800230093174A304639464D
:10143000FFF780FF002819DAECE7144B1A68EFF386
:10144000108172B6D2E8CFCF0120BCF1000FF9D1E4
:10145000C2E84C0FBCF1000FF4D1BFF35F8F1A68E4
:101460000023C2E88F3F81F3108820BF084B5B6ADE
:101470009F42E2D8064A926AB242CBD29F42C9D179
:10148000DBE700BF409E0010390E001090260020C0
:1014900000000B4038B504460D4600F0E5F8201872
:1014A00045EB0101002902DBFFF79AFF38BD4FF041
:1014B000FF306FF00041F7E708B5C30E4101091A8C
:1014C00063F100039B0043EA91738900091843F11B
:1014D0000003DB00C80043EA5171FFF7DBFF08BDE2
:1014E000F0B583B005460C46EFF30583DBB293B14C
:1014F000384B5B6A8B4209D3364A926A824208D2E1
:101500008B4201D0012002E0002000E0002003B067
:10151000F0BD0120FBE7FFF77DFEC768067838467F
:1015200000F08CF82A1A64EB0101043657F82630D3
:101530001B1A9A4271F1000112DB20BF254B5B6A36
:101540009C4209D8234A926AAA4207D29C4201D0FF
:101550000120DCE70020DAE70020D8E70120D6E709
:10156000002300931C4A28462146FFF7E3FE00288B
:1015700018DD184B5B6A9C4205D8164A926AAA424B
:1015800002D29C4200D120BFFFF720FF114B5B6AC3
:101590009C421BD80F4A926AAA4219D29C4213D08D
:1015A0000120B4E70B4B5B6A9C4209D8094A926A56
:1015B000AA4207D29C4201D00120A8E70020A6E75A
:1015C0000020A4E70120A2E70020A0E700209EE77A
:1015D00001209CE700000B40390E001000487047C6
:1015E00000000B4010B50A4B1B6923B10A210948C2
:1015F000FFF79EFB10BDFFF7F1FF0446032100F04B
:101600000BF81023032221460148FFF7C5FDEDE743
:101610009C1000209026002010B5054A054C064B72
:10162000A04214BF1846581CFEF746FF10BD00BF6D
:10163000909E001000800B40EC1800200246436A88
:10164000906A1946536A9942FAD17047416A00E09C
:10165000416A9942FCD300E0416A994202D1816A11
:101660009142F9D37047000008B50248FFF7E6FF42
:1016700008BD00BF00000B4008B502460B460248FB
:10168000FFF7E4FF08BD00BF00000B4070B5164631
:10169000049D00EB400C4FEA8C0C0CF1804C0CF5D7
:1016A000803CDCF80420AA4201D2CCF80450A0F11E
:1016B000040E5FFA8EFEBEF1010F28D90CF54052E0
:1016C0004FF4006414601E4A52F8202042B11C4CB2
:1016D0006469B4FBF2F4013404EB4404033CFDD22E
:1016E000DCF8002082EA461202F0E0020CF5805499
:1016F0002260BEF1010F16D90CF500524FF40061C3
:101700001160CCF804500E4A42F8203070BD012917
:10171000D4D10CF5405203241460DCF8082012F0F8
:10172000010FFAD0DCE7DCF800204A4002F00302A7
:101730002260DCF8084001228A401442F9D0DBE73D
:10174000F418002010B582B04FF480340094FFF7F5
:101750009DFF02B010BD0000014B53F82000704700
:10176000F418002070B5049C344DB5FBF1FC344DE9
:101770001544344EB54237D8B2FBFCF5A5F1100E36
:10178000BEF5987F36D803F1FF3EBEF1060F37D87D
:1017900004F1FF3EBEF1060F32D8BCEB121F35D864
:1017A000240344EA03440368002B35DB264B9842AC
:1017B00042D00E2301229A40244B1A6003F5805335
:1017C0001A60234B9B6832EA0303FAD101608560FB
:1017D00000F540520432212313600368002BFCDA29
:1017E000C4600823136070BD1A4B1B4A11211B48AB
:1017F00001F08EFC1A4B184A1921184801F088FC98
:10180000184B154A1C21154801F082FC164B124A50
:101810002321124801F07CFC036803F03F038B4254
:10182000C4D18368C3F30B03AB42BFD1C36803F4D5
:10183000EE23A342BAD1D6E70F23BBE7001BB700C4
:1018400080E84BD380F8A932008005400020024098
:1018500000000240B49E001020B20010049F00104F
:10186000489F0010649F0010B09F0010024B1A6840
:10187000024B5A60704700BF3826002000800D40A0
:1018800008B5164B4FF080421A60A3F54123144A65
:101890009A6051B103F540234FF0E0621A6048B9F5
:1018A000104B4FF000421A6008BD0C4B4FF0E06245
:1018B0001A60F4E74FF47A7303FB00F00A4B1860E8
:1018C000B0F1807F02D36FF07F421A60FFF7CEFF46
:1018D000044B4FF080421A60E6E700BF00B00D40B5
:1018E000F3FFFF0100A00D403826002010B50C4B7F
:1018F0004FF080441C6070B140F0010309480A4C6D
:10190000C4610A4C5C40046241628362002110465B
:10191000FFF7B6FF10BD034B0021D961F6E700BF0A
:1019200000B00D4000800D40D3C007B02D3FF84FF0
:10193000054A00EB400302EB8303596000EB4000D3
:101940008000012313507047008010402DE9F041C2
:1019500005460E46174698460023DB8A002242E8D9
:1019600000F212F4800F0BD1102144F2522098475C
:10197000044643463A4631462846A047BDE8F08132
:10198000042144F2522098470446F2E708B50023A8
:10199000DB8A002242E800F212F4800F02D110210B
:1019A000984708BD04219847FBE708B5031E04DBF0
:1019B00041F020003AB141F030010A460A214FF4CB
:1019C0008170FFF7C3FF0146F7E70000034BD3F830
:1019D0002838002BFAD0BFF35F8F704700000E400D
:1019E000002207E0054B13449B00BFF35F8F0021EB
:1019F00019600132072AF5D9704700BF038203102E
:101A000008B5FFF7EDFF08BD074B4FF42A621A60D7
:101A10004FF48D72DA6003F50053044A1A60024BEA
:101A20005B68002BFBDA70470080044000B0FA00CE
:101A300010B5044602E054F8043B9847014B9C4221
:101A4000F9D310BD409900107047000008B5024856
:101A5000FFF7EEFF08BD00BF00990010064B074AD4
:101A60001A6003F58053064A1A60064B9A68044BC5
:101A70009343FAD1704700BF002002407F3BEFEF55
:101A8000F6FFF30300000240054BDB6CB3F5004F9B
:101A900000D07047034B4FF48022DA64F9E700BFAF
:101AA00000001150002011504FF0E022D2F8881DA4
:101AB000034B0B43C2F8883D10EE3004704700BF63
:101AC00003033000054B6FF060421A60044B9B68C3
:101AD000DB4333F06043F9D1704700BF0030024070
:101AE0000000024008B545F25320FFF74FFF0346C0
:101AF0000420984708BD08B545F25320FFF746FF7C
:101B000003460120984708BD08B5FEF75DFD08BDF6
:101B100010B50C490C4A521A92101446442A28BF98
:101B200044229200094807F003FE04E0084A074BEC
:101B300043F824200134432CF8D9044A054B9A6019
:101B400010BD00BF000000101001001000000020B8
:101B50001101001000ED00E038B50420FFF7FCFD96
:101B6000064BA3FB0035AD0C002404E02946E0B28F
:101B7000FFF7DEFE0134052CF8DD38BD83DE1B43A4
:101B800030B583B0264B0022C3F88420FFF73CFF1A
:101B9000244B0122DA63224B5B6C012BFBD1214BDE
:101BA00003221A631E4B9B6B012BFBD10224009472
:101BB00005231D4A01211D48FFF7D4FD0525009589
:101BC0002B461B4A01211B48FFF7CCFD1A4B002274
:101BD00021460420FFF7B6FD184C234600220121C0
:101BE0002846FFF7AFFD164D2B4600221146082070
:101BF000FFF7A8FD2B46002211460920FFF7A2FDA2
:101C00002346002211460620FFF79CFD23460022B2
:101C100011460720FFF796FDFFF79EFF03B030BD8A
:101C20000000014000300140002F685900000540CD
:101C3000008C864700800540001BB70080D1F0086B
:101C4000006CDC0286B003B451FC0804CDE902014B
:101C500051FC0904CDE9040151EC0A04CDE9060167
:101C600003BCF047BDE800504EEC00C4BDE8005096
:101C70004EEC01C4BDE800504EEC02C400BD0000B3
:101C800000B5FFF7DFFF02E010FE30F4F8D441ECBE
:101C9000100443EC112400EE010410EE010480EE68
:101CA000200451EC1004704700B5FFF7CBFF02E0B1
:101CB00010FE30F4F8D441EC100443EC112400EE93
:101CC000010410EE210480EE200451EC3004704732
:101CD00000B5FFF7B7FF02E010FE30F4F8D410B5FE
:101CE00041EC100443EC112451EC040453EC0524A2
:101CF000A0FB024C5FF0000EE0FB03CEE1FB02CE46
:101D00004CEC20440024E1FB03E444EC30E480EE9E
:101D1000200451EC5004BDE81040704700B5FFF7B7
:101D200091FF02E010FE30F4F8D441EC100443ECD3
:101D3000112451EC2104A0FB01126FEA820252FB34
:101D4000100052FB12F252FB1000A0EBD07C53ECBF
:101D500004245CFB13F153EC1524A1FB022001FBCE
:101D6000030053EC4424A2EB000050FB1CF24FEAAA
:101D7000111312EB017043EBE27140EA515020EA7B
:101D8000915020F0070053EC7524A0FB023C53EC6B
:101D9000752400FB03CC01FB02CC53EC0424ACEB18
:101DA000824C40EA5C70A0F1010041EC400480EEFE
:101DB000200451EC7004704700B5FFF743FF02E0C8
:101DC00010FE30F4F8D440EC700400EE010410EE84
:101DD000210480EE200451EC3004704700B5FFF779
:101DE00031FF02E010FE30F4F8D440EC600400EE65
:101DF000010410EE210480EE200451EC3004704701
:101E000000B5FFF71FFF02E010FE30F4F8D441ECFC
:101E1000800400EE010410EE010480EE400410EE98
:101E20001304704700B5FFF70DFF02E010FE30F419
:101E3000F8D441EC800400EE010410EE010480EEC1
:101E4000400410EE3304704700B5FFF7FBFE02E0DC
:101E500010FE30F4F8D441EC100443EC112400EEF1
:101E6000010410EE3004C0F30070704700B5FFF7B6
:101E7000E9FE02E010FE30F4F8D443EC102441EC0B
:101E8000110400EE010410EE30F48CBF012000209C
:101E9000704700BF00B5FFF7D5FE02E010FE30F43A
:101EA000F8D443EC102441EC110400EE010410EED0
:101EB00030F42CBF01200020704700BF00B5FFF7B1
:101EC000C1FE02E010FE30F4F8D441EC100443EC03
:101ED000112400EE010410EE30F42CBF012000208C
:101EE000704700BF00B5FFF7ADFE02E010FE30F412
:101EF000F8D441EC100443EC112400EE010410EE80
:101F000030F48CBF01200020704700BF704720B123
:101F100008B50A684968904708BD70470146002027
:101F200008E000EB8000531C0B60137803EB4003C8
:101F3000A3F130000A681378303BDBB2092BF0D9EB
:101F400070472DE9F04F83B005460E4693461F4675
:101F5000DDF830A00D9CDDF838900F9B13F0030FD7
:101F600019D1A046019208E002F1010B3B4631462F
:101F70002020A84708F101085A46C845F4D3DDF8E7
:101F800004B008E0013C02F101083B4631461AF872
:101F90000400A8474246002CF4D10F9B13F0020F17
:101FA00009D1104603B0BDE8F08F541C3B463146C2
:101FB0002020A8472246A2EB0B034B45F5D3F0E7C0
:101FC0002DE9F04385B099460C9D0D9C9DF8388015
:101FD000DDF840E0119F129E16F0020F21D17FB173
:101FE00016F0010F0CD0B8F1000F02D116F00C0F53
:101FF00006D0013F04E04FF0300C05F804C0013476
:10200000744501D21F2CF6D916F0010F09D0BC423D
:1020100007D21F2C05D84FF0300C05F804C001344E
:10202000F2E716F0100F14D016F4806F04D11CB133
:10203000744522D0BC4220D00F9B102B33D00F9B75
:10204000022B3DD01F2C0ED84FF0300C05F804C0E9
:1020500001341F2C07D8B8F1000F39D04FF02D0CE8
:1020600005F804C0013403960297019400954B468D
:10207000FFF767FF05B0BDE8F083B4F1010C1DD098
:102080000F9B102B0ED064460F9B102BD7D116F050
:10209000200FD4D01F2CD2D84FF0580C05F804C014
:1020A0000134CFE7023C16F0200FEDD11F2CEBD806
:1020B0004FF0780C05F804C00134C3E76446BBE771
:1020C0001F2CD0D84FF0620C05F804C00134B9E7DA
:1020D00016F0040F05D04FF02B0C05F804C00134A6
:1020E000C1E716F0080FBED04FF0200C05F804C071
:1020F0000134B8E7F0B591B0169C189D1B9E0CB941
:1021000026F0100616F4806E1DD064B34FF0000E5A
:1021100019E016F0200F24D04127BC445FFA8CFC54
:10212000ACF10A0C5FFA8CFC0EF101070EF1400EC7
:10213000EE440EF820CCB4FBF5FCAC4214D31F2FB8
:1021400012D8BE466446B4FBF5FC05FB1C4C5FFA96
:102150008CFCBCF1090FDCD80CF1300C5FFA8CFC64
:10216000E2E76127D9E7274606961A9C0594199C51
:10217000049403959DF85C400294019708AC009488
:10218000FFF71EFF11B0F0BD2DE9F04F95B009909B
:102190000A910B929846DDF878B0DDF87C90229D8C
:1021A000239F269E5BEA090201D126F0100616F451
:1021B000806424D05BEA09022FD000241FE016F0CF
:1021C000200F28D041231344DBB20A3BDBB204F1D9
:1021D000010A04F150020DEB020404F8203C2A46E7
:1021E0003B465846494607F05FFBAB4579EB07098C
:1021F00015D3BAF11F0F12D85446834689462A4692
:102200003B465846494607F04FFBD2B2092AD6D87A
:102210003032D3B2DBE76123D5E74FF0000A0696F0
:10222000259B0593249B049303959DF8803002938E
:10223000CDF804A00CAB009343460B9A0A99099879
:10224000FFF7BEFE15B0BDE8F08F000000000000F3
:102250002DE9F04F93B004460D4617461E46DDE9C2
:102260001CAB52465B4650465946FFF7F1FD00282D
:1022700040F0F3804FF0FF32AD4B50465946FFF728
:1022800035FE002840F0E9804FF0FF326FF48013F4
:1022900050465946FFF7EEFD002840F0DE80002250
:1022A000002350465946FFF7E5FD002840F0E68040
:1022B000CDE906AB209B13F480630F9301D1062375
:1022C0001E93DDE9062310461946CDE90A01079B56
:1022D00052EA030100F0DC80C3F30A50C3F3130396
:1022E000904643F07F5949F44019A0F2FF30FFF7C0
:1022F00067FD7DA3D3E90023FFF7EEFC7CA3D3E9C0
:102300000023FFF7C1FCCDE908010022894B4046BC
:102310004946FFF7CDFC78A3D3E90023FFF7DCFCA7
:1023200002460B46DDE90801FFF7AEFCFFF76CFD46
:102330000890FFF745FD8046894671A3D3E9002345
:10234000FFF7CAFC00227C4BFFF79EFCFFF75CFD09
:102350000A906DA3D3E9002340464946FFF7BCFC31
:10236000804689460A98FFF72BFD69A3D3E900232D
:10237000FFF7B2FC02460B4640464946FFF798FC81
:102380008046894602460B46FFF7A6FCCDE90C01C4
:102390000A9B03F2FF3300210022CDE90A121B053C
:1023A0000B9300230A9342464B4640464946FFF7AB
:1023B0006BFCCDE9100142464B4600204FF08041B6
:1023C000FFF776FC8046894600225C4BDDE90C0174
:1023D000FFF7A8FC00225A4BFFF756FC02460B46BB
:1023E000DDE90C01FFF79EFC0022564BFFF74CFC89
:1023F00002460B46DDE90C01FFF794FC02460B4652
:1024000040464946FFF740FC02460B46DDE9100115
:10241000FFF788FC00224C4BFFF736FCDDE90A236E
:10242000FFF75AFC80468946CDE90A89DDE9062393
:10243000FFF75CFD50B1089B013B08930022404B25
:1024400040464946FFF76EFCCDE90A01089B63331D
:10245000C62B46D84FF004081EE0209B04931F9B18
:1024600003931E9B0293CDE900AB33463A462946BF
:10247000204600F0FDF813B0BDE8F08F9FED267BFD
:102480008DED067BCDF818A00BF10043079311E703
:10249000002308934FF00408209B13F4006F5FD0D3
:1024A000DDE90A1213460B4313D01DA3D3E9002321
:1024B000DDE90601FFF706FD002800F0B4801AA34D
:1024C000D3E90023DDE90601FFF7D4FC002800F082
:1024D000AA801E9A089B9A4238DDD31A013B1E93AC
:1024E00036E04FF00508D7E7FB799F501344D33F00
:1024F000B3C8608B288AC63F61436F63A787D23F0A
:1025000071A379094F930A401655B5BBB16B0240D0
:10251000EF39FAFE422EE63F000000000000000006
:102520002D431CEBE2361A3F0000000080842E4150
:10253000FFFFEF7F0000F83F0000E03F00002C406D
:1025400000002440000018400000F03F00231E93CC
:10255000209B43F4806320934FF00008CDF8208047
:102560001F9B984569D2A3EB0809209B13F0020337
:102570000C9304D0B8F1000F01D04FF00009089B74
:102580003BB1DDE90A23DDE90601FFF7CBFBCDE92D
:1025900006010022002350465946FFF76BFC002835
:1025A0004ED1209B23F400630493CDF80C901E9B26
:1025B00002939DED067B8DED007B33463A4629461E
:1025C000204600F055F8B8F1000F3FF454AF209BBF
:1025D00013F0200F3CD04FF0450C00F101093346B9
:1025E000024629466046A047089981EAE172A2EBBB
:1025F000E1720523059308F1FF330493002303934D
:102600000A230293CB0F0193009233464A46294690
:102610002046FFF76FFD0C9B002B3FF42CAF0246CA
:10262000DDF87C901EE01E9B002B99D00F9B002BA9
:1026300096D01E9B013B1E9392E74FF0000994E752
:10264000DDE90601024601F10043CDE90623A8E7D2
:102650004FF0650CC1E702F10108334629462020FE
:10266000A0474246D31B4B45F5D3104603E700BFB6
:102670002DE9F04F2DED028B95B007900A9192460F
:102680009B46DDE92089229D42464B46404649460D
:10269000FFF7DEFB002835D14FF0FF326FF48013D7
:1026A00040464946FFF7E6FB00283AD14FF0FF329B
:1026B000B14B40464946FFF719FC002840D1AAA378
:1026C000D3E9002340464946FFF710FC00284DD1CE
:1026D000A7A3D3E9002340464946FFF7CBFB0028D8
:1026E00044D10022002340464946FFF7C3FB00289F
:1026F0004AD100230B93249B13F4806F00F0B58024
:10270000002454E0249B0393239B0293032301930F
:102710009A4B00935B4652460A990798FFF711FCC3
:102720001BE1249B0393239B029304230193944B6B
:1027300000935B4652460A990798FFF702FC0CE1AA
:10274000249B13F0040F0ED08E4B04222499039186
:1027500023990291019200935B4652460A99079889
:10276000FFF7EFFBF9E0884B0322EFE7249B04938C
:10277000239B03930295CDE900895B4652460A9953
:102780000798FFF765FDE8E042464B460020002130
:10279000FFF78EFA8046894601230B93ABE704F1DD
:1027A00050036B44302203F8202C013D01341F2CD0
:1027B00001D8092DF3D840464946FFF725FB0646C8
:1027C000FFF7FEFA02460B4640464946FFF770FA0D
:1027D0006E4B03EBC50393ED008B53EC182BFFF707
:1027E0007BFA02460B46CDE90823FFF71FFB07469D
:1027F000FFF7F8FA02460B46DDE90801FFF758FA41
:1028000002460B46CDE908230022614BFFF76EFB21
:1028100068B301373846FFF7E5FA02460B4651EC3C
:10282000180BFFF73BFB08B1013600276DBB3046A4
:10283000FFF7C6FA02460B4640464946FFF738FA0C
:10284000074688460022524BFFF714FB00284CD164
:1028500000224F4B38464146FFF748FB002844D141
:1028600016F0010F41D001363FE0062548E700226F
:10287000474BDDE90801FFF7FDFA0028D6D117B173
:1028800017F0010FD2D00137D0E71F2C17D8013D28
:10289000404BA3FB0723DB08194603EB8303A7EB9D
:1028A0004303621C303304F150000DEB000404F8C4
:1028B000203C092F02D90F461446E6E714461F2C88
:1028C0000AD86B1E45B104F150026A44302102F867
:1028D000201C1D460134F2E71F2C06D804F15003DA
:1028E0006B442E2203F8202C01341F2C17D82A4ABF
:1028F00082FB0632F317C3EBA2031A4603EB8303F2
:10290000A6EB4303611C303304F150000DEB0004CF
:1029100004F8203C16460AB10C46E6E70C46249B18
:1029200003F00303012B39D01F2C09D80B9B002B7C
:1029300051D004F150036B442D2203F8202C0134B4
:10294000249B0393239B029301940CAB00935B465F
:1029500052460A990798FFF7F4FA15B0BDEC028BBE
:10296000BDE8F08FAFF300800000000065CDCD41E1
:102970000000000065CDCDC1FFFFEF7F18A0001063
:102980001CA000100CA0001014A0001090B20010A9
:102990000000E03FCDCCCCCC67666666239BB3B12C
:1029A0000B9B1BB9249B13F00C0F12D0239B013BF4
:1029B0002393194606E004F150036B44302203F8D8
:1029C000202C01348C42AFD21F2CF4D9ACE72399D0
:1029D000F8E72399F6E7249B13F0040F07D004F1DE
:1029E00050036B442B2203F8202C0134A8E7249BCE
:1029F00013F0080FA4D004F150036B44202203F815
:102A0000202C01349CE700BF2DE9F04F8FB08046A9
:102A100017460D938946002900F04F83002508E0F2
:102A20006C1C3B462A464946C0470D9B01330D931B
:102A300025460D9B1878002800F042832528EFD109
:102A400001330D9300261FE046F0010601320D927E
:102A5000012318E046F0020601320D92012312E034
:102A600046F0040601320D9201230CE046F0080600
:102A700001320D92012306E046F0100601320D925C
:102A8000012300E000234BB30D9A1378203B102B59
:102A9000F8D801A151F823F06D2A0010852A001002
:102AA000852A0010792A0010852A0010852A001036
:102AB000852A0010852A0010852A0010852A00101A
:102AC000852A0010612A0010852A0010552A00105E
:102AD000852A0010852A0010492A00100A930D9BB0
:102AE0001A78A2F13003DBB2092B18D92A2A1BD09D
:102AF0000A9B0B930D9B1A782E2A25D00D9A1378DA
:102B0000683B122B5CD8DFE803F0495BAC5B3B5BB6
:102B10005B5B5B5B5B5B575B5B5B5B5BB1000DA80F
:102B2000FFF7FCF90B90E5E7189B1A1D18921B683C
:102B3000002B04DB0B930D9B01330D93DAE746F07A
:102B400002065B420B93F6E746F480665A1C0D9230
:102B50005A78A2F13003DBB2092B0CD92A2ACDD145
:102B6000189B1A1D18921C6824EAE4730A930D9BA3
:102B700001330D93C2E70DA8FFF7D0F90A90BDE726
:102B800046F48071531C0D9353786C2B01D00E4684
:102B900016E046F4407602320D9211E046F08001D4
:102BA000531C0D935378682B01D00E4608E046F075
:102BB000C00602320D9203E046F4807601320D9297
:102BC0000D9B1878672856D82528C0F06C82A0F194
:102BD0002503422B00F26782DFE813F05A026502F8
:102BE00065026502650265026502650265026502AD
:102BF000650265026502650265026502650265029D
:102C0000650265026502650265026502650265028C
:102C10006502650265026502650265028801680158
:102C2000880165026502650265026502650265024A
:102C3000650265026502650265026502650265025C
:102C40006502710065026502650265026502650242
:102C50006502650265027100AF01710088016801BB
:102C6000880146F4007601320D92A9E746F4807699
:102C700001320D92A4E7782800F215826928C0F08D
:102C80001282A0F16902D2B20123934049F24102BB
:102C9000134214D113F0800F40F0DF8113F4806FE2
:102CA00000F00182189B1A1D1892D3F800A00A9B0D
:102CB000002B40F090814FF0FF32534674E16F28B3
:102CC0003DD005D858283CD0622803D1022304E027
:102CD000782838D026F010060A23582835D06928DD
:102CE00003D0642801D026F00C0616F4806F01D0C2
:102CF00026F0010669282BD0642829D016F4007F1D
:102D000040F0968016F4807F40F0AE8016F0400FC1
:102D100000F0BF80189A111D1891127805960B9932
:102D200004910A99039102930023019300923B4678
:102D30002A4649464046FFF7DDF9054629E00823C3
:102D4000CBE71023C9E71023C7E746F02006C6E704
:102D500016F4007F21D116F4807F42D116F0400F87
:102D600058D0189A111D1891127882EAE271A1EBDD
:102D7000E27105960B9804900A9803900293D20F83
:102D8000019200913B462A4649464046FFF7B2F978
:102D900005460D9B01330D934BE6189A073222F03E
:102DA000070202F1080118915168126808460029CB
:102DB00013DB08960B9C07940A9C0694049300234B
:102DC0000593C90F0291009201903B462A4649465D
:102DD0004046FFF7D9F90546DBE7524261EB410077
:102DE000E7E7189A111D1891126882EAE271A1EBC7
:102DF000E27105960B9804900A9803900293D20F03
:102E0000019200913B462A4649464046FFF772F937
:102E10000546BEE716F0800F05D0189A111D1891CF
:102E2000B2F90020A1E7189A111D189112689CE7C9
:102E3000189A073222F0070202F108011891089649
:102E40000B9907910A99069100210493059102912B
:102E5000D2E90023CDE900233B462A4649464046B5
:102E6000FFF792F9054694E7189A111D18910596F7
:102E70000B9904910A99039102930023019313681B
:102E800000933B462A4649464046FFF733F905463C
:102E90007FE716F0800F04D0189A111D1891128840
:102EA0003CE7189A111D1891126837E746281AD086
:102EB000189B073323F0070303F1080218920496C6
:102EC0000B9A03920A9A0292D3E90023CDE90023D8
:102ED0003B462A4649464046FFF7CAFB05460D9B3E
:102EE00001330D93A5E546F02006E1E7672801D000
:102EF000472801D146F40066452801D0472801D172
:102F000046F02006189B073323F0070303F108025D
:102F1000189204960B9A03920A9A0292D3E900231C
:102F2000CDE900233B462A4649464046FFF790F943
:102F300005460D9B01330D937BE516F002061CD070
:102F400001241898031D189305F1010A3B462A46EF
:102F500049460078C047AEB90D9B01330D935546E5
:102F600067E5551C3B4649462020C04723462A4674
:102F70005C1C9A45F5D81546E3E70123DDF82CA043
:102F80002A46F5E75246DDF82CA006E0561C3B46E3
:102F900049462020C0472C463246651CA245F5D83C
:102FA0009246D9E701330A46197811B1511E002A19
:102FB000F8D1A3EB0A0316F4806B03D00A9A93426C
:102FC00028BF134616F0020407D00C940A9E2A4626
:102FD0005D469B4623E00A9A6FE6CDF830B02A465C
:102FE00025460B9C07E002F1010B3B464946202099
:102FF000C04733465A465E1C9C42F4D8DDF830B0D8
:103000002C4633460C940A9E5D469B4607E01E46BE
:103010000AF1010A541C3B464946C04722469AF829
:10302000000020B1002DF3D0731E002EEFD10C9CB8
:1030300015465B461CB90D9B01330D93F9E40B9EBD
:1030400006E0551C3B4649462020C04723462A46F9
:103050005C1C9E42F5D81546EDE746F02106189B0C
:103060001A1D18921B680596082204920A9A039268
:10307000102202920022019200933B462A464946C2
:103080004046FFF737F805460D9B01330D93D0E41A
:103090006C1C3B462A4649462520C0470D9B013300
:1030A0000D932546C5E46C1C3B462A464946C0475D
:1030B0000D9B01330D932546BBE4DFF82080ADE482
:1030C000BD4208D37A1E3B4649460020C0472846E9
:1030D0000FB0BDE8F08F2A46F5E700BF0D1F0010C6
:1030E00000B585B002900391009313464FF0FF3274
:1030F00002A90348FFF788FC05B05DF804FB00BF98
:103100000F1F001000BEFDE708B5FFF7FBFF000032
:1031100000B583B08C4619465AB11446064B01944B
:10312000009363460246054800F056F90120FFF778
:10313000E9FF034B1C46F2E724A0001034A0001066
:1031400010A9001010B5EFF30583DBB203B100BE88
:10315000FEF77CFC044C02E054F8043B9847034B18
:103160009C42F9D310BD00BF40990010489900104F
:1031700008B5034608461B681146984708BD00007D
:10318000F8B507460D461646437D13B10024204688
:103190000CE003681146284698472EE03B7D10E07E
:1031A0003B68022115489847601C0134B44214DA88
:1031B000002CF3DD2B1913F8013C0D2B14BF002359
:1031C00001232A5D0A2AF0D1002BEED1A042E7DAD2
:1031D0003B68211A28449847E2E7B04203DA3B688B
:1031E000311A28449847002E07DD354415F8013C74
:1031F0000D2B14BF002301233B75F8BDE0B2001076
:1032000038B50368BBB105460B4B1C6806E0294680
:1032100051F8042B2046FFF7B3FF24694CB1236813
:10322000002BFAD0054B1B68002BF0D0A342F4D141
:10323000EDE700232B6038BD2C2200203422002033
:1032400038B505460C460B68802B05D023685A1C00
:1032500022601C44257138BD0846FFF7D1FFF5E711
:1032600008B5FEF701FA074A821841F10003002B66
:1032700003DB054806F024FB08BD4FF0FF326FF07A
:103280000043F6E740420F001811002008B502483D
:1032900006F00EFB08BD00BF181100202DE9F04319
:1032A00083B006460D4690461C46FFF7D9FF81467F
:1032B000B5F1FF3F04D044B1174F184B1C6807E02D
:1032C000304606F0ABFA0546F5E7154FF5E72469F9
:1032D000BCB12368002BFAD0124B1B680BB1A34280
:1032E000F5D12A4631462046B847B8F1000FEED056
:1032F0000A238DF8073001220DF107012046B84757
:10330000E5E7B9F1000F03D1284603B0BDE8F0832B
:10331000FFF7BCFFF8E700BF813100102C2200202E
:103320007131001034220020094A136802E003F1D1
:1033300010021B6943B113688342F8D131B90369A4
:10334000136000230361704701B11060704700BF34
:103350002C22002010B5054B1C6800E0246924B124
:103360006368002BFAD09847F8E710BD2C220020A4
:1033700008B500F0ADF908BD38B5054606F04EFABF
:10338000044601231A4601462846FFF787FFFFF748
:10339000E1FF204638BD0000F0B5A3B004460E465C
:1033A000FFF75EFF05460023019301AF3346224637
:1033B00039460848FFF794FE04463846FFF720FFD9
:1033C000FFF7C8FF15B9204623B0F0BDFFF75EFF39
:1033D000F9E700BF413200100FB400B583B004A973
:1033E00051F8040B0191FFF7D7FF03B05DF804EB30
:1033F00004B0704770470000014B00221A707047FC
:10340000B62600204B79FF2B0BD18B795BB9CB799A
:10341000012B0AD1082A0AD98A78064B1A7009208A
:103420007047002070470020704700207047002040
:10343000704700BFB626002001207047012923D124
:1034400008B59188114B1B78994201D0002008BD26
:103450005378012B03D0022B0FD00020F7E75188BF
:1034600011F4807F06D0480AC1F3402201F07F01A9
:10347000FEF79BFA4FF0FF30F6E764220021084682
:10348000FEF734FA0120E2E701207047B62600205B
:1034900000487047ACB3001001290FD108B594461D
:1034A0005378012B0CD19388072B01D0002008E022
:1034B000A623044A614601F0F7FB02E001207047B1
:1034C000002008BD04B300100123037000487047BA
:1034D000E4B2001008B50B68B3F5966F00D008BDD4
:1034E000002211464FF0FF30FEF75FFA024B1860E2
:1034F000024B1960704700BFE0180020E41800205C
:1035000008B5FEF7B1F80E4A821841F10003002B0E
:1035100011DB0C4806F0D4F960B100214FF0FF3008
:1035200001F04AFA002001F043FD0028F5D10548DA
:1035300006F0BEF908BD4FF0FF326FF00043E8E738
:1035400040420F009426002038B5184B1B681BB36F
:10355000EFF3108272B6D3E8CF0F01210028FAD121
:10356000C3E8401F0028F6D1BFF35F8F0F494A60C0
:1035700000230F4803700968C1E88F3F82F3108869
:10358000002400250B4B1878FDF7B0F840B9002453
:1035900000252046294638BD4FF47A740025F1E70E
:1035A000044B1878FDF7CCF8F3E700BF582600204D
:1035B000B8260020B726002008B5024B1878FDF782
:1035C000BFF808BDB726002070B584B00646144683
:1035D0001D46FEF749F8221845EB0103002B0BDBD3
:1035E0009DF828100291099901910899009130469F
:1035F000FDF784FE04B070BD4FF0FF326FF0004362
:10360000EEE7F0B585B005460C4616461F46FDF7B9
:1036100001FE9DF828300293019700962A46234622
:10362000FFF7D2FF05B0F0BD10B582B000212248EF
:1036300006F056F900BB214B1B68DBB1EFF310829B
:1036400072B6D3E8CF0F01210028FAD1C3E8401F9A
:103650000028F6D1BFF35F8F18494A6018480378F5
:10366000DBB20124047008680021C0E88F1F82F3D8
:103670001088BBB102B010BD00214FF0FF3001F047
:103680009BF9002001F06EFC04460B4806F010F98F
:10369000002CEFD00B4B1B68002BEBD00A4A1068B4
:1036A0009847E7E700940B46084A4FF47A700021E8
:1036B000FFF7A7FFDEE700BF942600205826002072
:1036C000B8260020E0180020E4180020493500103A
:1036D00010B582B04FF050431C68FDF79BFDFDF71D
:1036E0007DFEA0422DD1244B1B780021084602F01C
:1036F00001F9224B1B6853B30120FDF7F3FAC0B266
:103700001F4C20701F49FDF74BF801212078FDF771
:103710000DF80E20FDF728F80446E0B10120FCF773
:1037200039FF01461848FDF74BFB002217490E20D0
:10373000FDF766F801211648FFF7F6FD204602B0B6
:1037400010BD144B144AC6211448FFF7E1FC0B4886
:10375000FDF7F4FAD0E70C4A00231360536001220E
:1037600000920F4A4FF47A700021FFF74AFFC443DA
:10377000E40F002CE2D0DDE7942E04109426002004
:10378000B72600202936001058260020B935001031
:10379000B4100020A09C0010DCB3001064A0001046
:1037A0004935001008B5002001F0C2FB08BD00003B
:1037B00038B504460D46FFF7F5FF90B3002001F041
:1037C000D1FB88B3FDF750FF1A4A821841F100037C
:1037D000002B16DB184806F073F840B3FFF7E2FF42
:1037E00018B1002001F0BEFB80B900214FF0FF307E
:1037F00001F0E2F86FF002040F4806F059F8204695
:1038000038BD4FF0FF326FF00043E3E72A46214610
:10381000002001F0B3FB04460028EDD16FF0020454
:10382000EAE76FF00204EAE76FF00204E7E76FF0FF
:103830000204E4E740420F0094260020F8B5074652
:103840000D46FDF711FF2E4A821841F10003002BAF
:1038500004DB2C4806F034F828B9F8BD4FF0FF32ED
:103860006FF00043F5E7FFF79DFF002845D1264B99
:1038700000200021C3E90001224806F019F8ECE716
:1038800000214FF0FF3001F097F8002001F090FB8D
:10389000FFF788FF0028EFD0002001F007FCF8B107
:1038A000AC42E9DA2E1B002001F000FC864200DC6D
:1038B00030460028E4D002463919002001F0D4FB3C
:1038C000064600214FF0FF3001F076F8002001F0AD
:1038D0006FFB3444FDF7C8FE0B4BC3E90001DFE783
:1038E000FDF7C2FE084A13685268084E9B1942F160
:1038F000000283428A41D3D2BEE70024D0E700BF52
:1039000040420F0094260020E812002020A107006A
:103910000048704758B400100048704704B40010C5
:1039200010B50446144B1B786BB18CB9134B40F2A5
:1039300009425A80012301335B009BB20F4843F4D4
:103940004073038010BD11210B4800F04FF8ECE7E5
:10395000052C0ED80A4B53F824000023122BEAD86A
:10396000C25C002AE7D00133044921F81320DBB2FE
:10397000F4E70020E6E700BF9C2600200422002098
:10398000ECB3001000B58BB045F24730FDF7FEFFF9
:1039900003460122092101A89847042801D10023E8
:1039A0000EE00A4B0A4A2F210A48FFF7B1FBC3F188
:1039B0000F0228326A4412F8241C074AD1540133FA
:1039C000072BF4DD0BB05DF804FB00BFF0A0001086
:1039D0008CB40010F8A00010882600200346024A8C
:1039E00003CA1860596070478826002008B511B1D5
:1039F0008C46002208E0104B104A3B211048FFF78C
:103A000087FB3733835401320CF1FF3393420FD9D4
:103A10000F2A0DD853080B49CB5CD14301F00101AB
:103A200089000B4103F00F03092BEADC3033E9E78F
:103A30000023835408BD00BF44A100106CB40010E3
:103A4000F8A000108826002030B400F07F05C309DC
:103A50004FEA450C0CEBD01C244C04EB4C1C8CF8AE
:103A6000020083F001008CF8010000208CF80300B4
:103A7000ACF818108CF81B20DBB9EA001C49114483
:103A800003EB4500194A02EB4012916003EB45013C
:103A9000164A02EB41129268002111607DB903EBD6
:103AA0004502124B03EB42135960124ADA6030BCF4
:103AB0007047114901EBC501CCF80810E6E753B98E
:103AC0006A1ED2000D49114403EB4503074A02EB7D
:103AD00043135960EBE7691E094A02EBC10203EB8D
:103AE0004501024B03EB41135A60E0E73822002006
:103AF0008400105000011050800010500C00105035
:103B00000800105008B5038B3F3323F03F03C27EFB
:103B1000022A08D008490A68C26013440B60074AA9
:103B2000934202D808BD5B00F4E7054B054A5221D9
:103B30000548FFF7EDFA00BF3C260020FF0F1050AC
:103B40004CA10010D8B4001090A1001070B500F086
:103B50007F054FEA450C0CEBD0130C4C04EB4314DF
:103B6000FFF772FF05B970BD218B2046FFF7CAFF32
:103B7000E27EE36883F0A04383F4801343EA826328
:103B800043F0004362681360EDE700BF3822002075
:103B900008B500F07F035B0003EBD010024B03EB92
:103BA000401000F01BF908BD3822002008B520B9EC
:103BB00001210E20FCF7BAFD08BD034B034A40F279
:103BC00097110348FFF7A4FA00A20010C8B4001030
:103BD00090A1001008B528B9002211468020FFF7F7
:103BE000D7FF08BD034B044A40F2A1110348FFF779
:103BF0008FFA00BF00A20010B8B4001090A100100E
:103C0000024B4FF48032DA64704700BF002011503D
:103C100070B548BB064600F0C1F8174C0C23A367EB
:103C2000FF2216490E20FCF7EBFD40252A46002115
:103C3000134805F0F5FC002229461046FFF786FFE1
:103C4000002229468020FFF781FF05F021FE012593
:103C500025644FF00053E3640A4BC4F890303046BB
:103C6000FFF7CEFF284670BD074B084A40F26311AC
:103C70000748FFF74DFA00BF00001150D1050020A2
:103C80003822002010D0010000A20010ECB4001077
:103C900090A10010044B197021B1044B4FF4003275
:103CA000C3F89020704700BFB326002000201150B9
:103CB0000B7813F07F0F02D14B78052B00D07047A3
:103CC0004B88DBB2014A1360F9E700BF00001150D6
:103CD000CA7802F00302012A09D008B50B46898888
:103CE000C1F30A019878FFF731FF012008BD0020D9
:103CF000704708B505F0CCFD08BD000010B530B91F
:103D0000084611461A46FFF743FF012010BD034B3A
:103D1000034A4FF401710348FFF7FAF900A20010BB
:103D2000A8B4001090A1001008B511F07F0304D1D1
:103D3000CA090ED10220084A90665B0003EBD1133A
:103D40004FF400620021054800EB431005F0B4FD7C
:103D500008BD0120EFE700BF0020115038220020ED
:103D600008B511F07F0300D108BD5B0003EBD11350
:103D7000044800EB43100022C2706FF4006105F0AC
:103D80009BFDF1E73822002004E011F8012B00F838
:103D9000012B1A46531E002AF7D1704708B54FF081
:103DA00080530A4A136002F580521360084B9B68E7
:103DB00013F0805FFAD04FF480520021054805F0DF
:103DC0002FFC054B09225A6708BD00BF00200240A6
:103DD00000000240000010500000115070B5044671
:103DE0000D461646837EABB9A6820023E3820123EB
:103DF000A3762561204605F047FD20B10B4B4FF41B
:103E00000032C3F89020204605F076FD50B1012322
:103E1000237770BD81780648FFF7DEFA204605F06B
:103E20002FFDE1E7204605F03BFDF2E700201150B1
:103E3000F0A2001038B50546002408E0D21A1B4B4A
:103E400003EB4213DB68284698470134E4B2184B71
:103E50001B782246591CA14215DBA342EED9154B13
:103E60001B6813EB4413EDD140F22522124913488D
:103E7000FFF7B2FA4FF0E023D3F8F03D13F0010F53
:103E800013D000BE11E00E4C54220021204605F054
:103E9000C7FB4FF0FF336360A360E3602361202220
:103EA000FF2104F1140005F0BBFB38BDC0B50010C4
:103EB000B2260020F01200208CB5001028A30010BC
:103EC000C014002008B5FFF7B5FF00F043FF08BDA0
:103ED00070B505460C461646486900F045FF636913
:103EE000324601212846984770BD00002DE9F04F69
:103EF00083B08246481EC0B2FFF70EFD20B1834654
:103F000043780193022B11D040F2D63262496348C4
:103F1000FFF762FA4FF0E023D3F8F03D13F0010F02
:103F200000D000BE002003B0BDE8F08FC279C2F31C
:103F300040105B4B197860F304111970C2F38012C2
:103F4000C9B262F3451119700BF10908BBF80230D0
:103F50009B447BE098F8033098F8002090447DE083
:103F600040F2F1324C494D48FFF736FA4FF0E0236A
:103F7000D3F8F03D13F0010F00D000BE0020D2E7CF
:103F8000F31A484A02EB4319D9F810302A46414641
:103F900050469847082801D985421ED20134E4B220
:103FA000414B1B7826465A1CA2424ADBA342E7D962
:103FB0003E4B1B6813EB4419E6D140F2FA32364906
:103FC0003648FFF709FA4FF0E023D3F8F03D13F03D
:103FD000010F00D000BE0020A5E73B464F468146BA
:103FE000012B11D000218B4224D998F802200A44D9
:103FF000D2B22B4810440079FF280BD12848024444
:1040000014710131C9B2EEE73969294A9142E9D107
:10401000019BE7E740F219421F492048FFF7DCF90E
:104020004FF0E023D3F8F03D13F0010F00D000BEB5
:10403000002078E723464A4641461E4801F066FDC7
:10404000C844194B1B7801339E4212DCD84520D25C
:1040500098F801300B2B3FF47DAF012398F8012035
:10406000042A7FF47DAFABEB0805ADB200241F46F8
:1040700096E74FF4856208490848FFF7ADF94FF01D
:10408000E023D3F8F03D13F0010F00D000BE002074
:1040900049E7012047E700BF60B5001028A30010E2
:1040A000C0140020C0B50010B2260020F01200207D
:1040B00025520010D414002070477047002070472C
:1040C0000020704738B505460C464B881A0AD8B20E
:1040D000531E0E2B64D8DFE803F0082D4E6363599E
:1040E0002D636363636363632200FFF711FC024681
:1040F00028B112232146284600F0D6FD51E040F2B7
:104100003A422C492C48FFF767F94FF0E023D3F8E7
:10411000F03D13F0010F00D000BE002041E0FFF79A
:10412000B7F9024600283DD043882146284600F0D2
:10413000BBFD36E0022A09D0FFF7C2FF024698B362
:1041400053882146284600F0AFFD2AE0FFF7E4FB44
:1041500002460028F4D140F2614216491648FFF7A2
:104160003BF94FF0E023D3F8F03D13F0010F00D0FE
:1041700000BE002015E0A188FFF7D2FB0246A8B1DF
:1041800003782146284600F08FFD0AE0FFF796FFEE
:10419000024668B103782146284600F085FD00E01C
:1041A000002038BD0020FCE70020FAE70020F8E7F7
:1041B0000020F6E748B5001028A3001070477047AC
:1041C00070477047034B5878C0B2003818BF0120C1
:1041D000704700BFC0140020024B1878C0F3800065
:1041E000704700BFC0140020024B1878FF3818BF7A
:1041F00001207047E8100020F8B506460D46FFF78D
:10420000F3FF0746002854D105B354220021374854
:1042100005F006FA364B00221A70364C2046FCF7A1
:104220008DFD354B1C60354C2046FCF7D1FD143C10
:10423000204602F025F8324B1C60324B23B1324845
:10424000FFF742F9314B1860002417E04FF4E97290
:104250002F493048FFF7C0F84FF0E023D3F8F03D86
:1042600013F0010F25D000BE23E0D21A2A4B03EB36
:1042700042135B687BB198470134E4B2224B1B7850
:104280002246591CA14216DBA342EED91F4B1B68E4
:1042900013EB4413EDD14FF4F8721D491D48FFF79D
:1042A0009BF84FF0E023D3F8F03D13F0010F00D05E
:1042B00000BE3846F8BD194B1E7029463046FFF740
:1042C000A7FC074618B13046FFF770FCF1E74FF442
:1042D000FC720F490F48FFF77FF84FF0E023D3F847
:1042E000F03D13F0010FE4D000BEE2E7C01400205F
:1042F000B4260020B814002014150020E01000207F
:1043000018150020C9340010B2260020F012002039
:10431000B0B5001028A30010C0B50010E8100020B0
:1043200070B51A4B1E788B7813F0700F0ED10C46B7
:10433000174B9978204601F079FB0546B0B121462C
:104340003046FFF7C5FC0546284670BD40F20B52CB
:1043500010491148FFF740F84FF0E023D3F8F03D43
:1043600013F0010F00D000BE0025EDE740F20C5223
:1043700008490948FFF730F84FF0E023D3F8F03D43
:1043800013F0010FE0D000BEDEE700BFE810002010
:10439000C014002018B5001028A300102DE9F84F14
:1043A00080460C4616461F46DDF82890DDF82CA006
:1043B000002526E040F2E7421F492048FFF70CF8AD
:1043C0004FF0E023D3F8F03D13F0010F00D000BE12
:1043D0004FF0000B5846BDE8F88F4FF49D62164928
:1043E0001648FEF7F9FF4FF0E023D3F8F03D13F045
:1043F000010FEFD000BEEDE78AF8003023781C44AF
:104400000135AE4214DD6378052BD3D1E17801F09C
:104410000301B942CED121464046FFF781FF8346D2
:104420000028DAD0A378DA09E6D189F80030E5E788
:104430004FF0010BCEE700BF28B5001028A30010F5
:1044400008B501F07F00400000EBD1103030044B84
:104450001844044B1968043001F0A2FA08BD00BFEB
:10446000C01400201415002008B501F07F004000A2
:1044700000EBD1103030044B1844044B1968043061
:1044800001F0B6FA08BD00BFC014002014150020CA
:1044900070B51F48007801F07F051E4C04EB450CF9
:1044A0000CEBD11C9CF8344014F0010F1FD1CE0945
:1044B000184C04EB4504344494F834C04CF0010C1F
:1044C00084F834C03034FFF719FCF8B9227922F0AF
:1044D00001022271227922F0040222714FF0E023BE
:1044E000D3F8F03D13F0010F10D000BE0EE040F203
:1044F000395209490948FEF76FFF4FF0E023D3F81E
:10450000F03D13F0010F00D000BE002070BD00BFD1
:10451000E8100020C014002008B5001028A30010E7
:1045200038B501F07F05CC090A4B1878FFF7FCFB82
:10453000094B03EB4503234493F8342042F0020275
:1045400083F8342093F8342042F0010283F83420B9
:1045500038BD00BFE8100020C014002038B501F0BD
:104560007F05CC090A4B1878FFF7FAFB094B03EBE0
:104570004503234493F8342022F0020283F83420C8
:1045800093F8342022F0010283F8342038BD00BFB4
:10459000E8100020C014002001F07F02044B03EB60
:1045A000420303EBD11191F83400C0F3400070478F
:1045B000C01400202DE9F04182B006460C460020D0
:1045C00000F0D2FB237803F06003602B21D0402B56
:1045D00032D0227802F01F02012A00F00181022A63
:1045E00000F04281002A40F0C981202B2ED0002B00
:1045F0004DD16378092B00F2E880DFE813F0D30097
:10460000C300E600B300E6005200AD00E600610022
:104610006E004FF43572B249B248FEF7DDFE4FF03E
:10462000E023D3F8F03D13F0010F00D000BE0025C9
:10463000284602B0BDE8F081AB4800F095FB224669
:1046400001213046FEF728FF0546F1E7A388DBB2DB
:104650000F2B00F29D81A54A13441B79A44A1278BE
:10466000934206D2A34A116811EB431109D10025E8
:10467000DEE7511C9942C0F28D819B1A9E4901EBE5
:10468000431122463046FFF723FC0546D0E74FF0A2
:10469000E023D3F8F03D13F0010F00D000BE002559
:1046A000C6E7204600F066FB6188C9B23046FFF7D6
:1046B00091FA8E4A137843F0020313700125B7E78D
:1046C0008A4B5B788DF8063001230DF106022146F6
:1046D000304600F0E9FA0125AAE76588EDB2834B80
:1046E0005B78AB4232D0814B5B785BB97F4B5D70BE
:1046F00055B329463046FFF7F9FB054690B1FFF761
:104700005DFD23E000213046FFF7C4FA3046FFF795
:10471000F0FA764F97F802803046FFF78BFB87F868
:104720000280E3E74FF449726D496E48FEF754FE8C
:104730004FF0E023D3F8F03D13F0010F00D000BE9E
:104740006A4B00225A7073E7FFF739FD2146304665
:1047500000F096FA01256BE721463046FFF7B2FCE0
:10476000054665E76388012B01D0002560E75F4AB5
:10477000137843F0080313702146304600F080FAA6
:10478000012555E76388012B01D0002550E7574AE2
:10479000137823F0080313702146304600F070FAB6
:1047A000012545E7514B1A78930803F00203C2F341
:1047B00040121343ADF8063002230DF106022146E4
:1047C000304600F071FA012532E74FF0E023D3F8CC
:1047D000F03D13F0010F00F0DF8000BE002527E759
:1047E000A388DBB20F2B00F2D980404A13441B7917
:1047F0003F4A1278934222D23E4A116811EB43118C
:1048000000F0CE8022463046FFF762FB05460028C6
:104810007FF40EAF237813F0600F7FF409AF637855
:104820000A3B012B3FF604AF00F09EFA63780A2B97
:104830000ED02146304600F023FA0125F8E6511C3F
:104840009942C0F2AF809B1A2B4901EB4311D9E783
:1048500000238DF8063001230DF106022146304673
:1048600000F022FA0125E3E6A288D1B202F07F052A
:10487000C2F3C01012F0700F17D11C4A02EB4502B0
:104880000244127D1A48007882421ED219480568F7
:1048900005EB421593B3002D00F086802246294691
:1048A0003046FFF715FB0546C2E640F295320C494B
:1048B0000C48FEF791FD4FF0E023D3F8F03D13F0E4
:1048C000010F00D000BE0025B2E6451C954204DB76
:1048D000121A094D05EB4215DCE70025DAE700BFA7
:1048E00074B5001028A3001099340010C0140020E3
:1048F000B2260020F0120020C0B500106378012B12
:1049000010D0032B0ED07BBB3046FFF745FEADF831
:10491000060002230DF106022146304600F0C4F9DC
:10492000012585E6628822B9012B19D03046FFF7B0
:10493000F7FD002D3AD0224629463046FFF7C8FA47
:10494000002000F011FA1B4B93F8355015F00105CB
:104950007FF46EAE2146304600F092F9012567E6FD
:104960003046FFF7FBFDE4E74FF0E023D3F8F03DDE
:1049700013F0010F00D000BE002559E64FF0E023F0
:10498000D3F8F03D13F0010F12D000BE00254FE622
:1049900000254DE600254BE6002549E6002547E6C3
:1049A000002545E6002543E6002541E601253FE6D2
:1049B00000253DE6C014002010B584B0FFF714FCBC
:1049C00048B904B010BD9DF80400FFF77BFA9DF8CC
:1049D0000820854B9A70854B1C686369EFF3108241
:1049E00072B6D3E8CF0F01210028FAD1C3E8401FE7
:1049F0000028F6D1BFF35F8FA26101A9204601F024
:104A0000E7FB6169A3690022C1E88F2F83F3108857
:104A10000028D6D09DF80530013B072B00F2DA8044
:104A200001A252F823F000BFC7490010494A001004
:104A3000C14B0010874B0010A14B0010574A0010CB
:104A4000ED4A0010B34B00109DF80400FFF73AFA4E
:104A5000FFF7B5FBBFE7664B1B78002B36D0644AE7
:104A60001378013BDBB213701378002BB3D15E4B8C
:104A70001A7842F001021A7093F8342022F00102F1
:104A800083F8342093F8342022F0040283F8342091
:104A900093F8352022F0010283F8352093F8352071
:104AA00022F0040283F8352002A99DF80400FFF7E4
:104AB00081FD00288FD100219DF80400FFF734F913
:104AC00080219DF80400FFF72FF984E740F265226A
:104AD00048494948FEF780FC4FF0E023D3F8F03D09
:104AE00013F0010F3FF46DAF00BE6AE79DF80810A8
:104AF00001F07F00CC093C4B03EB400303EBD113E7
:104B000093F8342022F0010283F8342093F8342003
:104B100022F0040283F83420A8B1334B03EB4003A6
:104B200023441B7D354A1278934214D2344A1268CA
:104B300012EB431317D09C69039B9DF809209DF845
:104B40000400A04747E7039B9DF809209DF8040057
:104B500000F01EF93FE7501C984204DB9B1A294ADB
:104B600002EB4313E7E74FF4247222492248FEF791
:104B700033FC4FF0E023D3F8F03D13F0010F3FF486
:104B800020AF00BE1DE7184B1B7813F0010F3FF458
:104B900022AF154B1878C0F3C000FFF711FB1AE7DE
:104BA000114B1B7813F0010F3FF415AFFFF709FB12
:104BB00011E7029B002B3FF40EAF039898470AE7DA
:104BC000094BDB7813F0010F3FF405AF0298FFF7B4
:104BD00074FA00E74FF0E023D3F8F03D13F0010F33
:104BE0003FF4F9AE00BEF6E6C01400201815002010
:104BF000B4260020A0B5001028A30010B226002083
:104C0000F0120020C0B5001008B591F90030002B5B
:104C100005DB802100231A46FFF73AFC08BD00217E
:104C2000F8E70000F8B50746134B9E89DD89741B31
:104C3000A4B2402C28BF402493F90030002B08DB9D
:104C40000021AE4213D00D4A23463846FFF720FC20
:104C5000F8BDAE4209D0084B9968402C09D82246CD
:104C6000064804F065FD8021EBE78021E9E700229A
:104C7000EAE70020ECE700BF801400204014002089
:104C800008B586460B46074A944608684968ACE86A
:104C9000030000219160D181918119467046FFF790
:104CA000B3FF08BD8014002038B505468C46264C5D
:104CB000A64608684968AEE80300A2600021E181C9
:104CC000BCF806108B4228BF0B46A381BCF8061027
:104CD00029B303B132B12846FFF7A4FF044680B1DF
:104CE000204638BD722219491948FEF775FB4FF06E
:104CF000E023D3F8F03D13F0010F00D000BE0024F4
:104D0000EEE7742211491248FEF766FB4FF0E023EC
:104D1000D3F8F03D13F0010FE2D000BEE0E76146AA
:104D20002846FFF771FF04460028D9D176220749AB
:104D30000748FEF751FB4FF0E023D3F8F03D13F0A6
:104D4000010FCDD000BECBE78014002018B60010B4
:104D500028A30010034B00221A605A609A60DA60A0
:104D60001A61704780140020014B1861704700BF22
:104D7000801400200146054B1A460068496803C2AA
:104D800000229A60DA819A81704700BF8014002067
:104D900038B505461C463D4B1B78DB09B3EBD11FEC
:104DA0001CD07CB19D223A493A48FEF715FB4FF0E2
:104DB000E023D3F8F03D13F0010F00D000BE002433
:104DC000204638BD314C2146FEF772FF23691BB1E6
:104DD00022460321284698470124F1E72B4B93F9FB
:104DE0000030002B07DB294B986800284CD0224666
:104DF000294904F09DFC254AD38913FA84F39BB218
:104E0000D381916821449160D288934201D03F2C94
:104E100026D81E4B1B6923B11C4A022128469847FD
:104E2000A0B11A492846FFF7EFFE04460028C7D173
:104E3000C52217491748FEF7CFFA4FF0E023D3F801
:104E4000F03D13F0010FBBD000BEB9E700212846AA
:104E5000FEF76AFF80212846FEF766FF0124AFE7D0
:104E60002846FFF7DFFE04460028A9D1CD220849D5
:104E70000848FEF7B1FA4FF0E023D3F8F03D13F005
:104E8000010F9DD000BE9BE7002499E7801400200D
:104E900000B6001028A300104014002070B505468D
:104EA000FFF790F910B90024204670BDFFF794F980
:104EB00004460028F7D11C4BC82202FB0533DB78DF
:104EC000002BF0D0C82605FB06F61036164B1E4404
:104ED000304601F067F93F28E6D9134BC82202FBA0
:104EE0000533D9780020FFF7ABFA08B90446DBE7B1
:104EF000304601F057F93F280DD90B49C82303FB71
:104F000005114023094A02EBC512C9780020FFF7BA
:104F1000BFFA0446C8E7044BC82202FB0533D97820
:104F20000020FFF7A1FABFE778130020F412002059
:104F300010B50446FFF746F908B9002010BDFFF789
:104F40004BF948B9064BC82202FB04331B7913F016
:104F5000010F03D00120F1E70020EFE70020EDE78B
:104F60007813002008B5C82303FB00F01030024B73
:104F7000184401F0E6F808BD7813002038B504465F
:104F8000C82300FB03F31033084818444FF6FE73A0
:104F90009A4208D892B201F03AF905462046FFF746
:104FA0007DFF284638BD4FF6FF72F4E778130020E6
:104FB00070B50546FFF706F908B9002070BDFFF788
:104FC0000BF90028F9D1C82405FB04F42034224B46
:104FD0001C440434204601F0B4F808B90020EDE781
:104FE0001D4BC82202FB053399780020FFF728FAF1
:104FF00008B90020E2E7EE014036184B1E4440227B
:105000003146204601F003F90446D8B11249C823BD
:1050100003FB05110346324689780020FFF738FA72
:1050200008B12046CAE7D5220D490E48FEF7D4F94B
:105030004FF0E023D3F8F03D13F0010F00D000BE95
:105040000020BBE7044BC82202FB053399780020FF
:10505000FFF70AFA0020B1E778130020F4120020CD
:1050600048B6001028A3001070B50546C82400FB00
:1050700004F420340C4B1C4404344FF6FE739A4263
:105080000BD892B2204601F0F6F80646204601F011
:1050900058F83F2804D8304670BD4FF6FF72F1E74C
:1050A0002846FFF785FFF6E77813002008B5C823E8
:1050B00003FB00F02030034B1844043001F072F879
:1050C00008BD00BF781300202DE9F04383B0C8224B
:1050D0000021244804F0A4FA0025234B1D7015B1CB
:1050E00003B0BDE8F0831F4FC82405FB04F43E194C
:1050F000FF2373714FF4E133B3604FF0000886F87B
:105100000C8086F80D800823B37304F1380104F194
:105110001000CDF80080012340223944384400F0CB
:10512000DFFF04F1780104F12000384401230093EB
:1051300040223944043000F0D3FF04F1B809B944E7
:105140004846FBF7FBFDC0343C442046FBF7F6FD28
:10515000C6F81C80C6F820903463C6F83480013548
:10516000EDB2BCE7781300207413002000230BB1CC
:10517000012070479C460C4AC82101FB0322116A9A
:10518000106B31B1084AC82101FB03220021D16113
:10519000116230B1044AC82101FB0C2200211163C5
:1051A00051630133DBB2E2E77813002038B5002405
:1051B00004B138BD2546C82304FB03F3174958182A
:1051C0000022CA500271164B1B7813F0010F11D048
:1051D000134B1B7813F0020F15D0C82303FB05F007
:1051E00020300E4B18440121043001F064F80134E2
:1051F000E4B2DDE7C82304FB03F310330846184488
:1052000001F03EF8E4E7C82005FB00F02030034B36
:105210001844043001F034F8DFE700BF78130020B1
:10522000741300202DE9F04182B04B79022B7DD11F
:1052300006468B79022B7ED100273FB18FB98B7840
:1052400088F800300B78CC1809251EE0C8203B4BAD
:1052500000FB073898F80230002BEFD00137FFB27F
:10526000EBE740F2411236493648FEF7B5F84FF009
:10527000E023D3F8F03D13F0010F00D000BE00256D
:1052800055E023781D44ADB21C446378242B01D132
:105290009542F6D9052B09D06378042B02D16379A6
:1052A0000A2B20D03846FFF7F9FD40E02146304672
:1052B000FFF736F838B1A37888F8013023781D4419
:1052C000ADB21C44E8E740F253121D491D48FEF7F9
:1052D00083F84FF0E023D3F8F03D13F0010F00D036
:1052E00000BE002523E021780D44ADB208F1020391
:1052F000019308F10303009302231A462144304628
:10530000FFF74CF810B10E35ADB2CBE74FF4B172E8
:105310000B490C48FEF760F84FF0E023D3F8F03D5E
:1053200013F0010F00D000BE002500E00025284644
:1053300002B0BDE8F0810025F9E700BF7813002036
:105340003CB6001028A30010137803F06003202B54
:1053500076D170B59446002454B1002C72D19CF8DB
:105360000130203B032B6FD8DFE803F010283456C0
:10537000C82304FB03F3384A03EB020ED25CBCF8EB
:1053800004309A42E9D00134E4B2E5E7012903D0C0
:10539000032909D0012056E007230EF108026146D7
:1053A000FFF782FC01204EE02C4B002B4ED00EF17B
:1053B00008012046FEF78EF8012044E0012901D0C3
:1053C000012040E007230EF108026146FFF76CFC64
:1053D000012038E0012903D0032906D0012032E062
:1053E0006146FFF74DFC01202DE0BCF8023003F0D0
:1053F0000105C3F340068EF8043085F001010EF17B
:10540000240000F058FF164B13B3324629462046BD
:10541000AFF30080012016E0012903D0032906D054
:10542000012010E06146FFF72BFC01200BE00D4B43
:1054300083B1BCF802102046AFF30080012002E0E7
:1054400000207047002070BD0020FCE70120FAE733
:105450000120F8E70120F6E778130020D53400108A
:1054600000000000000000002DE9F84F80460D46C6
:105470001F4600245CB1BCB9A246F378AB4223D0EE
:10548000B378AB4255D001242046BDE8F88FC8233D
:105490003C4E03FB0466F378AB42ECD0B378AB42EE
:1054A000E9D00134E4B2E5E74FF4E6723649374813
:1054B000FDF792FF4FF0E023D3F8F03D13F0010F1A
:1054C00000D000BE0024DFE706F1100BBAB230496D
:1054D00001EBC411584600F0CEFE2E4BDBB17379C0
:1054E000FF2B18D04FF0000901E009F10109B9457F
:1054F00011D27279264B03EBCA1313F809309A4282
:10550000F3D1584600F031FE0028EED171792046E3
:10551000AFF30080E9E7204B1BB1584600F025FEB1
:1055200018B12046FFF7BAFCAAE72046AFF3008087
:10553000F7E71A4B13B12046AFF300802046FFF780
:1055400037FD08B101249FE706F1240000F0F9FDC2
:10555000A0B9AFB117F03F0F01D0012494E7B178A3
:105560004046FEF76DFF044608B901248CE700238E
:105570001A46B1784046FEF78BFF85E7012483E7A2
:10558000012481E7781300202CB6001028A3001016
:10559000F4120020000000000000000000000000E5
:1055A00090B90A4B4FF4137101FB003393F8293182
:1055B00033B9064B01FB00335B791BB10120704707
:1055C00001207047002070470020704768160020B7
:1055D00008B10020704708B54FF41372034902FB6D
:1055E0000011043100F02CFB08BD00BF681600203C
:1055F0002DE9F04784B04FF4137200211E4804F0E7
:105600000FF8002414B104B0BDE8F0874FF413750F
:1056100004FB05F505F5A473174F3B440433E6017D
:10562000DFF858A00AEBC41205F594704FF040095A
:10563000CDF80C9002924FF48078CDF8048000935E
:1056400000231A461946384400F085FA05F1200374
:105650003B4408334E445644E819CDF80C9002966A
:10566000CDF804800093002301221946043000F095
:1056700072FA0134E4B2C5E768160020E81500208C
:1056800070B500240CB1012070BD4FF4137504FBFC
:1056900005F505F59470054E304400F086FAA8191A
:1056A000043000F082FA0134E4B2EBE7681600201F
:1056B0002DE9F04100250DB1BDE8F0814FF41374E0
:1056C00005FB04F40B4E04EB06080027375504F5E0
:1056D0009870304400F0D4FD04F1080030440430E8
:1056E00000F0CEFD88F8297188F805700135EDB21B
:1056F000E1E700BF681600204B79FF2B40F0948053
:105700002DE9F04780460F460C780C44A51800267A
:1057100016B10020BDE8F0873046FFF741FF10B119
:105720000136F6B2F4E74FF4137306FB03F33F4A76
:1057300003EB0209B978D1542AE0AC4271D2214678
:105740004046FEF7EDFD70B30136F6B2A378DB09F3
:1057500038D109F5947A09F5987000F091FDA37895
:1057600089F82931A388C3F30A03B3F5007F14BF76
:105770000023012399F8282163F3410289F82821A5
:105780005146404600F0A8FA00283BD023781C443C
:105790003B79B34245D96378052BCED0AC42CCD20D
:1057A00023781C44F7E7E02221492248FDF714FE44
:1057B0004FF0E023D3F8F03D13F0010F00D000BE0E
:1057C0000020A7E709F10C0000F05AFDA37889F842
:1057D0000530A388C3F30A03B3F5007F14BF002389
:1057E000012399F8042063F3410289F804200F484B
:1057F000A9EB00008010104B03FB00F0C0B2FFF7D4
:10580000E7FEC3E7E8220A490A48FDF7E5FD4FF045
:10581000E023D3F8F03D13F0010F00D000BE0020CC
:1058200078E7E11B88B275E7002070476816002012
:1058300060B6001028A300109B1DB5082DE9F041AB
:1058400005461F4600245CB1002C48D1A04696F8BE
:1058500029318B4213D073798B422BD001203FE04A
:105860004FF413731F4E03FB046696F829318B42E5
:10587000EAD073798B42E7D00134E4B2E3E7B6F8BB
:1058800034317BB9184B33B1BAB2184901EBC811A6
:105890002046AFF3008006F59471284600F01CFA0C
:1058A00001201DE0BAB2D6F82C1106F5987000F070
:1058B000E2FCE7E70E4B1BB1B9B22046AFF3008024
:1058C00004363146284600F0BBF908B1012007E054
:1058D0003A463146284600F06BF9012000E00020EE
:1058E000BDE8F0816816002000000000E8150020E7
:1058F0000000000010B582B051B10A46012824D83A
:105900000B7813B323490B54012B2FD001242AE029
:1059100001238DF8043000208DF8050001A9FEF761
:105920006BFC044618B11B4B01221A701BE0472286
:1059300019491A48FDF750FD4FF0E023D3F8F03D28
:1059400013F0010F0FD000BE0DE05A221249134888
:10595000FDF742FD4FF0E023D3F8F03D13F0010FC7
:1059600000D000BE0024204602B010BD1146FEF754
:1059700043FC04460028F6D15F2207490748FDF79B
:105980002BFD4FF0E023D3F8F03D13F0010FEAD0E8
:1059900000BEE8E7B4140020E0B6001028A3001011
:1059A00070B50446037813F001001FD10D4623782B
:1059B000C3F3800613F0040F19D14FF0FF312846CE
:1059C00003F06AFF237813F0010308D1227812F064
:1059D000040F09D1237843F00403237001262846DD
:1059E00003F066FF304602E01E46F8E7002070BD77
:1059F00070B505460C464FF0FF31204603F04CFFD2
:105A00002B78C3F3800613F0040F04D1204603F073
:105A10004FFF304670BD2B7813F0010F04D12B7867
:105A200023F004032B70F1E70026EFE708B5838825
:105A3000C3F30A02C37803F00303022B1DD0032B28
:105A400044D0012B5BD1022905D040F2FF339342B1
:105A500004D3012054E04FF48063F8E7D1222949B0
:105A60002948FDF7B9FC4FF0E023D3F8F03D13F0DF
:105A7000010F00D000BE002042E0022903D0402ADE
:105A800015D801203CE0B2F5007F01D1012037E0BC
:105A9000D8221C491C48FDF79FFC4FF0E023D3F8A7
:105AA000F03D13F0010F00D000BE002028E0DB2203
:105AB00014491548FDF790FC4FF0E023D3F8F03D72
:105AC00013F0010F00D000BE002019E0022904D01D
:105AD0004023934204D3012012E04FF48063F8E79F
:105AE000E12208490848FDF777FC4FF0E023D3F89E
:105AF000F03D13F0010F00D000BE002000E00020B8
:105B000008BD00BFCCB6001028A300100A4404E072
:105B10005DF804FB91F800C0614491421AD291F8FB
:105B200001C0BCF1050FF5D100B591F802C00CF031
:105B30007F0E00EB4E0E4FEADC1C0EF80C3091F895
:105B400000C061449142E3D291F801C0BCF1050F5D
:105B5000F5D1EAE77047F0B583B004461746089DD3
:105B6000BDF8246090F800C061F3000C00F808CB89
:105B7000009301233246294600F0B2FA05B13EB93E
:105B80000A9B6360BDF82C306380012003B0F0BD38
:105B900004F11C052846FBF7D1F827B12B46002558
:105BA0006361A561ECE70023FAE70120704700007C
:105BB000F8B506460C4615460B7813F0020F10D0C8
:105BC0004FF4007704F1080000F0BBFA68BB75B32E
:105BD000013F2F422DD1237813F0010F03D0002075
:105BE00024E04027EEE761783046FEF729FC0028E4
:105BF000F5D0237813F0010F0FD04FF4B5720E4992
:105C00000E48FDF7E9FB4FF0E023D3F8F03D13F029
:105C1000010F00D000BE002008E000231A46617882
:105C20003046FEF735FC08B9E7E70020F8BD002054
:105C3000FCE70020FAE700BFA8B6001028A3001078
:105C400070B506460C4601F10805284600F079FAC1
:105C500000283BD0237813F0010F01D0002070BD45
:105C600061783046FEF7ECFB0028F7D06288616867
:105C7000284600F0CCFA0546E8B1237813F0010F6E
:105C80000FD04FF4BC7212491248FDF7A5FB4FF03C
:105C9000E023D3F8F03D13F0010F00D000BE002048
:105CA000DDE70346626861783046FEF7F1FB0028C5
:105CB000E7D02846D3E7237813F0010F01D0002066
:105CC000CDE761783046FEF7CFFBF8E70020C6E766
:105CD0008CB6001028A30010F8B506460C468B8938
:105CE0005BBB0B7813F0010F01D00020F8BD4978A1
:105CF000FEF7A6FB0028F8D06388227812F0010F87
:105D00000FD04FF4D97238493848FDF765FB4FF092
:105D1000E023D3F8F03D13F0010F00D000BE0020C7
:105D2000E4E761783BB162683046FEF7B1FB0028DA
:105D3000E7D06088DAE70022F6E70B7813F0020F6D
:105D40000ED04FF4007504F10807384600F02AFA27
:105D5000854247D8237813F0010F03D00020C5E710
:105D60004025F0E761783046FEF76AFB0028F5D061
:105D7000384600F017FA854229D86D42ADB26288E4
:105D800005EA0003934228BF13461D46237813F00B
:105D9000010F0FD040F2C71213491448FDF71CFB46
:105DA0004FF0E023D3F8F03D13F0010F00D000BE18
:105DB00000209BE7617845B162682B463046FEF7CC
:105DC00067FB0028E6D0284690E70022F5E7237815
:105DD00013F0010F01D0002088E761783046FEF70C
:105DE00043FBF8E7002081E770B6001028A30010FD
:105DF00003460A4490B2814202D8B0EB430F03DB62
:105E00005B009BB2C01A80B2704710B58646084648
:105E1000BEF804C09A420CD3D41AA4B224B3A44549
:105E200014D294450CD8A2EB0C0293B2AEF80A300F
:105E30000CE0D41A4FEA4C0111FA84F4A4B2EDE755
:105E4000624493B2F2E7A3EB0C039BB29C45FAD9F0
:105E5000DEF80010BEF80620C2F30E0202FB0311AA
:105E600003F066FC012010BD0020FCE72DE9F8439B
:105E700004460D469DF82080B0F804C0ACEB03004A
:105E800080B2A3EB0C0C94441FFA8CFCE188C1F3A4
:105E90000E0EF1461EFB00F71EFB0CFE216809FBEF
:105EA0000311B8F1000F09D1BFB21FFA8EF690426C
:105EB00006D309FB02F2284603F03AFCBDE8F8835A
:105EC0003A46284603F034FC32462168E81903F0CC
:105ED0002FFCF3E730B583B09E46BDF81830B0F81C
:105EE00004C09E4511D3AEEB0304A4B224B3A44571
:105EF00007D2F44511D8AEEB0C0E1FFA8EF3438196
:105F00006446944210D314460EE0AEEB03044FEA0D
:105F10004C0515FA84F4A4B2E8E7E6441FFA8EF3C0
:105F2000EDE7A3EB0C039BB29C45FAD99DF81C202E
:105F300000922246FFF79AFF204603B030BDF0B52D
:105F400083B004460D4616461F46006918B14FF04F
:105F5000FF3103F0A1FC2389628992B2019700927C
:105F60009BB2324629462046FFF7B4FF05466189B9
:105F7000024689B2A088FFF73BFF6081206908B123
:105F800003F096FC284603B0F0BD2DE9F04104462D
:105F90000D469DF818E0B0F804C0ACEB030189B2DF
:105FA000A3EB0C0C94441FFA8CFCC688C6F30E00BD
:105FB000804610FB01F710FB0CF086B2206808FB4E
:105FC0000300BEF1000F07D1BFB2914206D308FB18
:105FD00002F2294603F0ACFBBDE8F0813A462946BF
:105FE00003F0A6FB3246E919206803F0A1FBF3E7B2
:105FF0002DE9F04383B09146002A6FD004468846CD
:106000001F46C06818B14FF0FF3103F045FC2689E8
:10601000B6B2B4F80AC01FFA8CF1E379DB091BD1E0
:10602000A5888E4210D3A6EB010C1FFA8CFC6545A7
:1060300052D9A5EB0C05ADB24D4528BF4D46002DFC
:1060400042D0A288334631E0A6EB010C6B0013FA74
:106050008CFC1FFA8CFCEAE7A5884D4509D8FFB9EE
:10606000A9EB0509E388C3F30E0303FB09880E4679
:10607000E5E78E420ED3731A9BB24B44B3EB450F48
:1060800010DBA5EB090292B22846FFF7B1FE0646E7
:106090004D46D4E7731A6A0012FA83F39BB2ECE719
:1060A0000E46CCE74D46CAE79B1A9BB29A42FBD9F3
:1060B00000972A4641462046FFF767FF2A463146A9
:1060C000A088FFF795FE2081E06808B103F0F0FB9F
:1060D000284603B0BDE8F0830025F5E71546F7E74D
:1060E000B2F5004F29D8F8B504460F4615461E46AE
:1060F000C06818B14FF0FF3103F0CEFB206918B132
:106100004FF0FF3103F0C8FB2760A580E38866F3FA
:106110000E03E380E3799DF8182062F3C713E3715F
:10612000002363812381E06808B103F0C1FB20698B
:1061300028B103F0BDFB0120F8BD0020704701200D
:10614000FAE70246808813899BB2528992B2934241
:1061500005D39B1A9BB2984228BF184670479B1ADA
:10616000420012FA83F39BB2F5E7028992B24389A7
:106170009BB29A4214BF0020012070478188038996
:106180009BB2428992B2934206D39B1A98B2814243
:106190008CBF0020012070479B1A4A0012FA83F33B
:1061A00098B2F4E7828803899BB2418989B28B4215
:1061B00006D35B1A9BB29A4208D9D01A80B27047B4
:1061C0005B1A510011FA83F39BB2F4E70020704789
:1061D00038B504460D46006918B14FF0FF3103F0A1
:1061E0005BFB228963899BB292B229462046FFF766
:1061F0000CFE05466189024689B2A088FFF7F8FDCA
:106200006081206908B103F053FB284638BD08B50A
:106210000023FFF794FE08BDF8B504460E46C0689B
:1062200018B14FF0FF3103F037FB2589ADB220469E
:10623000FFF7A4FF10B1E779FF0916D0A2882B461B
:1062400001E09B1A9BB29A42FBD92068E288C2F314
:106250000E02314602FB030003F06AFA01222946CE
:10626000A088FFF7C5FD20810127E06808B103F091
:106270001FFB3846F8BD08B50023FFF7B9FE08BD7F
:1062800010B50446C06818B14FF0FF3103F004FBAD
:10629000206918B14FF0FF3103F0FEFA002363814B
:1062A0002381E06808B103F003FB206908B103F023
:1062B000FFFA012010BD38B504460D46C06818B17C
:1062C0004FF0FF3103F0E8FA206918B14FF0FF31C9
:1062D00003F0E2FAE37965F3C713E371E06808B10C
:1062E00003F0E6FA206908B103F0E2FA012038BDB4
:1062F000014B1860704700BFB418002008B50A466B
:106300000146024802F04EF908BD00BF28190020DE
:10631000014B1868704700BFB418002010B582B058
:10632000684602F0DDFF6946034802F0DFFF00B176
:10633000014802B010BD00BF2011002010B5FFF7CA
:10634000E7FF044602F018FD054B9C4200D010BD4B
:1063500023685B6B204698470020FFF7C9FFF6E7EC
:106360002011002010B5FFF7D3FF044628B12046C6
:1063700002F0E6FC40B1002010BDFFF7CFFF04465D
:1063800038B1FFF7B5FFF2E7FFF7D8FF4FF0FF3066
:10639000F2E74FF0FF30EFE70022026042608260D8
:1063A000C2604FF4803202604FF4F83242604FF422
:1063B000802282604FF440228260704738B50446E4
:1063C0000D46FFF7E9FF6A1D63686FF3D01343EAD8
:1063D000C51141EA02316160E36823F0604343F094
:1063E0000053E36021F0C0416160204638BD1923AD
:1063F00040EC40307047000008B5102906D803680B
:1064000023F4F03343EA4131016008BD034B044AF1
:1064100040F229110348FCF77BFE00BF40A30010A7
:1064200048B7001060A3001000B583B001460023F8
:1064300001931023019303F5FC03019301A8FFF7D7
:10644000DBFF019B23F00C0242F00802019223F4CF
:10645000F85222F00C0242F0080201920C4A1A4053
:1064600042F0080201920B4A1A4042F008010191E1
:1064700042F009020192084A1A4042F009020192D0
:106480000648184040F00900019003B05DF804FB95
:10649000F3E0FFFEF3E07FFEF3E07FFCF1E07FFC42
:1064A00008B53F2906D8036823F4FC0343EA4141B9
:1064B000016008BD034B044A40F21B110348FCF77E
:1064C00027FE00BFB4A3001030B7001060A3001077
:1064D00010B5D0F84C48216801F12F4101F5600159
:1064E000090D0631C9B21820F9F7ECFE216801F157
:1064F0002F4101F56001090D0631C9B21D20F9F7E0
:10650000E1FE012200211D20F9F7F8FE0020FFF72F
:106510006EFF10BD10B504460520FBF71DF9030CF6
:1065200004FB03F35B08034AA2FB03231B0A033BA0
:10653000FDD210BD1123970808B50120FFF757FFC2
:106540006420FFF7E7FF08BD38B5D0F84C48A4B188
:106550000546216831B16368A268114802F058FA13
:106560000023236094F90C00002807DA94F90D0049
:1065700000280CDA0023C5F84C3838BD02F070FA58
:1065800094F90C0002F052FAFF232373EEE702F0B5
:1065900067FA94F90D0002F049FAFF236373E9E703
:1065A00088B70010F0B589B0D0F84C38002B40F017
:1065B000B98005466449C0F84C1800230B60FF23DE
:1065C0004B730B730123029306230193182300934B
:1065D0000B1D01F108025D4802F0A3F9002800F04C
:1065E000A780594C616804A8FFF7E8FE4FF4003318
:1065F000049357498B6FDB4303F03003554A93678D
:106600008B6FDB4303F001039367079B23F01F02AB
:1066100042F01802079223F07C7222F01F0242F42B
:10662000801242F0180207924B4A1A4042F4E012DC
:1066300042F018020792494A1A4042F4E01242F42A
:106640004672079246491940464A0A43079203F4A4
:10665000F843454A1A430792059F27F0C04705971C
:1066600042480790069B23F0FA7222F4803242F4EB
:10667000803206926FF31D4343F440330693226841
:10668000D2F86811C1F11801012606FA01F102F5EC
:1066900000529163D4F800C0D4F808E00EEB4E022B
:1066A0000CEBC2020499C2F8C810C2F8D030C2F88C
:1066B000CC70C2F8DC00009633461D22714660465D
:1066C00002F0E0F8216801F12F4101F56001090DA8
:1066D0000631C9B21820F9F7F5FD3246002118201D
:1066E000F9F70CFE31461820F9F724FE2268A3685A
:1066F00003EB430302EBC3024EF20103C2F8D830AE
:10670000002002F09BF92073002002F097F940B2BC
:10671000607394F90C30002B10DB00280EDB002096
:1067200009B0F0BD124B134A6E211348FCF7F0FC80
:106730002846FFF709FF6FF00500F1E72846FFF74D
:1067400003FF6FF00500EBE7D018002088B70010BA
:106750000080034000900340E07F00FC007C00FCD0
:10676000007C00E018031C0418031C2418771C2468
:10677000C8A3001078B70010D8A300102DE9F0438B
:1067800085B015461E460C9F8946002900F03681CB
:10679000D0F84C48FFF79CFE002E00F05881B9F16C
:1067A000000F00F0318115F0030F40F03881C8462A
:1067B00019F0030F40F0398116F0030F40F03B81D0
:1067C00017F0030F40F03D812168A2680B684FF07D
:1067D000010909FA02F223EA02030B602168A268A8
:1067E000D4F804C00CF1050002EB420301EBC30333
:1067F000D3F8CC306FF3D01343EACC1343EA003321
:1068000002EB420201EBC201C1F8CC302268A3685E
:1068100003EB4303DB00D0331A4402F580524FF000
:10682000004313601360A16820684FF0807200235A
:10683000CDE9002302F021F82268A368043309FAA5
:1068400003F302F5005213602268A368083309FAC3
:1068500003F302F5005213602168A368EA00013ACD
:10686000043341F823202268A36803EB430302EBBF
:10687000C30246F22003C2F8D8302168A2687B1B0D
:10688000DB00013B043241F822302268A36803EBAD
:10689000430302EBC30246F24003C2F8D830226839
:1068A000A368616801F01F0103EB430302EBC3021D
:1068B000C2F8D81094F90C2009FA02F34FF0A04165
:1068C000C1F86434930103F1A043DB6813F0806FD7
:1068D000F8D194F90D20012393404FF0A041C1F865
:1068E0006434910101F1A041CB6813F0806FF8D1BD
:1068F00094F90C00FFF798FD029040F08070029030
:106900002368A16803F12F4303F560031B0D01EB1E
:10691000C30102A8FFF7C4FD94F90C302268A168F6
:10692000043102EB8102A9089B0103F1A043C3F8E3
:1069300000805A6088469960029ADA6094F90D00E6
:10694000FFF772FD039040F0807003902368A16808
:1069500003F12F4303F560031B0DDB0004331944DF
:1069600003A8FFF79DFD039B23F0C00242F0400205
:10697000039223F0F00343F04003039394F90D30A6
:1069800071192268A068083002EB8000C8EB9707F5
:106990009B0103F1A043186059609F60039ADA607D
:1069A0002268A0681168012383400B43136094F9A7
:1069B0000C20910101F1A0410B6913F0806FF8D117
:1069C00094F90D20910101F1A0410B6913F0806F42
:1069D000F8D12A460021304602F022FE2268A36840
:1069E00003EB430302EBC3034AF20302C3F8D820CC
:1069F000FFF7A2FD002005B0BDE8F083002B7FF477
:106A0000C7AE6FF00400F6E71DB1BD4201D2B1463A
:106A1000C9E6834B834AEF218348FCF779FB834B1C
:106A2000804AF5218048FCF773FB814B7D4AF621B3
:106A30007D48FCF76DFB7F4B7A4AF7217A48FCF7DB
:106A400067FB7D4B774AF8217748FCF761FBB9F18A
:106A5000000FC3D04E4619F0030F40F0D38015F05D
:106A6000030F40F0D6802168A2680B68012707FA5F
:106A700002F223EA02030B602168A268606800EB5F
:106A8000070C02EB420301EBC303D3F8CC306FF3E6
:106A9000D01343EAC01343EA0C3302EB420201EB8A
:106AA000C201C1F8CC302268A36803EB4303DB00CA
:106AB000D0331A4402F580524FF000431360136044
:106AC000A16820684FF080720023CDE9002301F017
:106AD000D4FE2268A368043307FA03F302F50052D8
:106AE00013602268A368083307FA03F302F5005223
:106AF00013602168A368EA00013A043341F82320B7
:106B00002268A36803EB430302EBC30246F22003AF
:106B1000C2F8D8302268A3680433002142F8231059
:106B20002268A36803EB430302EBC30246F240036F
:106B3000C2F8D8302268A368616801F01F0103EB36
:106B4000430302EBC302C2F8D81094F90C2097401B
:106B50004FF0A043C3F86474930103F1A043DB68D2
:106B600013F0806FF8D194F90C00FFF75DFC0390EF
:106B700040F0807003902368A16803F12F4303F570
:106B800060031B0D01EBC30103A8FFF789FC94F917
:106B90000C302268A168043102EB8102AD089B0130
:106BA00003F1A0431E605A609D60039ADA60216879
:106BB000A0680B680122824013430B6094F90C20FB
:106BC000930103F1A0431B6913F0806FF8D1A36810
:106BD000183301229A4023689A6023689B68134205
:106BE000FBD02068A1680268012303FA01F122EAC0
:106BF00001020260A168206800220092182201F0C0
:106C000041FEEBE60A4B074A4FF491710648FCF748
:106C10007FFA064B034A40F223110348FCF778FA47
:106C200030A4001064B70010D8A3001054A40010C2
:106C300068A4001080A4001098A4001030B589B09A
:106C400001291BD00024090741F080410D4D05EAC0
:106C5000C2220A431343029304F10803009302ABD8
:106C600004220021FFF78AFD30B94CB1052308AAA0
:106C700002EB830353F8180C09B030BD1024E2E78F
:106C80000123F4E700F8FF0F10B584B0090741F0C5
:106C90004041084C04EAC2242143069A0A43029266
:106CA00003930023009308220DEB0201FFF766FD1A
:106CB00004B010BD00F8FF0F10B51720F9F7BCFBAA
:106CC000172001210C4641EC44000022F9F716FB85
:106CD0001820F9F7B1FB182344EC44304FF00002C0
:106CE00042EC40301920F9F7A7FB192344EC44305B
:106CF00044EC403010BD38B517254FF0000444EC8B
:106D00004050142002F0D2F84FF0010343EC405001
:106D1000FA2002F0CBF81820F9F78EFB182344EC88
:106D2000443038BD00B585B0002302930393012998
:106D300017D00B0743F080430D4901EAC2221343E9
:106D400043F004035BBA0293082300936B440422CC
:106D50000021FFF713FD08B9039840BA05B05DF8AC
:106D600004FB044B044A40F289110448FCF7D0F9B3
:106D700000F8FF0FACA400101CB70010D8A300103F
:106D800008B50423FFF75AFF08BD08B50223FFF733
:106D900055FF08BD08B50123FFF750FF08BD0000EF
:106DA00010B584B0090741F040410A4C04EAC224FE
:106DB00041EA040242F0040252BA02925BBA03931F
:106DC0000023009308220DEB0201FFF7D7FC04B06B
:106DD00010BD00BF00F8FF0F10B582B0042400946E
:106DE000FFF752FF02B010BD10B582B0022400942C
:106DF000FFF74AFF02B010BD10B582B00124009425
:106E0000FFF742FF02B010BDF0B583B096461C46B6
:106E1000089D012935D0002704F1030C2CF0030C48
:106E20000CF1FF33B3F5FF6F36D200F12806AE4206
:106E300004D003D800F62803AB4234D8002F39D051
:106E40000023090741F080411E4A02EACE22114385
:106E50002143043300EB830343F8041F67440437E2
:106E6000009704220021FFF789FC074620BBAE42B1
:106E700004D022463146284602F05AFC384603B078
:106E8000F0BD402B01D81027C6E70F4B0F4A4FF437
:106E9000F3710F48FCF73CF90E4B0C4A40F2E91134
:106EA0000B48FCF735F90C4B084A4FF4F5710848CC
:106EB000FCF72EF90423C4E701460848FCF78CFAD6
:106EC000DCE700BF00F8FF0FC8A4001008B70010EF
:106ED000D8A3001008A5001030A5001094A500103C
:106EE0002DE9F04782B006460D4692461F46DDF872
:106EF000289001292ED007F1030828F0030808F193
:106F0000FF33B3F5FF6F2ED2022D33D006F12800E8
:106F1000484545D0484503D806F628034B4552D886
:106F20002B0743F040432B4A02EACA2213433B4358
:106F3000344644F8243F3A46494602F0F9FB002320
:106F4000009308F1040221463046FFF717FC02B017
:106F5000BDE8F087402BCED91F4B204A40F20121DB
:106F60001F48FCF7D5F81F4B1C4A40F203211C4870
:106F7000FCF7CEF84FF47A74002C04F1FF3407DDEF
:106F8000082200213046FFF7FBFE10F0200FF3D05F
:106F9000002CBBDC1448FCF7EFF96FF00500D6E7D6
:106FA0002B0743F040430B4A02EACA2213433B43F8
:106FB000314641F8243F0023009308F10402304693
:106FC000FFF7DCFBC3E7094B044A40F21D210448EC
:106FD000FCF79EF800F8FF0FC8A40010F4B60010EC
:106FE000D8A3001008A50010B8AA0010B0A5001082
:106FF000012805D0022801D00020704701487047C1
:10700000014870470040101800301018F8B50C46C1
:107010001E460B884988C94389B28B4230D1054648
:1070200017460B2B32D9817B227A914234D1237AB5
:10703000AB73637903F00F03022B06D8627A6B7B84
:10704000D31ADBB2142B00D86A7320880C2827D0FF
:10705000637903F00F03012B4BD0022B32D0002BAE
:1070600071D11B2822D9E379234459892A8A914274
:1070700022D110331C1B041B3C603360002067E0EE
:107080003748FCF779F96FF0010061E03548FCF70B
:1070900073F96FF002005BE03348FCF79DF9C6E737
:1070A0003248FCF769F96FF0030051E03048FCF713
:1070B00063F96FF004004BE02E48FCF78DF96FF098
:1070C000050045E010280ED9E37923449978DA7851
:1070D0009200043213441C1B041B44EAC1743C603C
:1070E0003360022034E02448FCF746F96FF00600D4
:1070F0002EE010281BD9E3792344DA789200043279
:1071000013441C1B001B1A7B882A22D15A7B6C2A31
:1071100022D1DA7C8AB91A7D102A0ED15A7D182A1A
:107120000BD11838386018333360012010E0134851
:10713000FCF722F96FF007000AE01148FCF71CF990
:107140006FF0090004E00F48FCF716F96FF00A0031
:10715000F8BD6FF00800FBE76FF00800F8E700BF2C
:10716000FCA5001014A6001030A6001058A60010B0
:1071700078A600109CA60010C4A60010E4A600107B
:1071800004A7001014A700102DE9F8430746B0F833
:10719000B030D0F8B4609919026C914207D800F170
:1071A0003C041C4426444FF00008C14606E04FF062
:1071B000FF3383602DE0A14602352C44B44212D245
:1071C00022786578AB1C2344B342F5D8302AF2D03C
:1071D000DD2AF1D104221149A01C02F075F9002822
:1071E000EAD1A046E8E7B9F1000F14D00423B8F1C2
:1071F000000F01D043F00203B7F84C2012F0100F3B
:1072000001D043F0010397F88420A7F8842087F881
:107210008830BDE8F8830023E9E700BF942A041012
:1072200038B58D1E033084080A462B4608E01088C6
:10723000B2F802C040EA0C4043F8040B0432013CAF
:10724000002CF4D10B885BBA0B80D1F80220130A12
:1072500003F47F4343EA1263100200F47F00034308
:1072600043EA0263C1F80230D1F80600020A02F4D0
:107270007F4242EA1062040204F47F04224342EA9D
:107280000062C1F80620D1F80A40200A00F47F40CD
:1072900040EA14604FEA042C0CF47F0C40EA0C0026
:1072A00040EA0460C1F80A00452B01D0284638BDE9
:1072B000082AFBD12846FFF767FFF7E72DE9F843D7
:1072C00005468946A9B9002426461D4F23463A465D
:1072D00001212846FFF790FD23463A460121284622
:1072E000FFF78AFDB9F1000F05D00327B846002447
:1072F0000FE00124E8E701274FF00008F7E701203D
:1073000001F0D4FD33460E4A01212846FFF774FDF3
:1073100001343F2C0DDC0A4A01212846FFF73AFDD3
:107320000028ECDB07EA00034345E8D1FF28E6D05C
:1073300003E049460348FCF74FF8BDE8F88300BF77
:107340001F00010024A7001008B581F00101FFF71C
:10735000B5FF08BD08B5012906D1012B0BD0042BC0
:107360000CD1FFF70DFD08BD084B094A40F247114B
:107370000848FBF7CDFEFFF70DFDF4E7064B044A86
:1073800040F24B110348FBF7C3FE00BF48A70010B3
:10739000C4B7001064A70010A4A7001008B5012905
:1073A00007D1012B0CD0042B0ED1029BFFF714FD4B
:1073B00008BD094B094A40F251110948FBF7A8FEE4
:1073C000029BFFF719FDF3E7064B044A40F2551103
:1073D0000348FBF79DFE00BF48A70010B4B700109C
:1073E00064A70010A4A7001030B583B021F4FF44B7
:1073F00024F07F048368A3420FD005466340B3F1B5
:10740000807F0CD2AB68634013F47F0F0FD1AB6861
:10741000634013F47F4F13D1AC6003B030BD230E33
:10742000009301230B4A1946FFF7B8FFEAE7230C44
:1074300000930123084A19462846FFF7AFFFE6E705
:10744000230A00930123054A19462846FFF7A6FFA1
:10745000E2E700BF0C0001000B0001000A00010080
:1074600070B505460C461646FFF7BEFFC4F30E0482
:10747000334644F4004201212846FFF76BFF0446DF
:107480004FF0C0512846FFF7AFFF204670BD000007
:1074900038B504460846FFF7ABFD00F5006501224C
:1074A00029462046FFF7DCFF012229462046FFF748
:1074B000D7FF10F0010F01D0002038BD0248FBF7C4
:1074C0005BFF6FF00500F8E7B0A7001038B5044681
:1074D0000846FFF78DFD0546012200F58161204633
:1074E000FFF7BEFF00F00300012809D1012205F5D6
:1074F00000612046FFF7B4FF10F0010F04D138BD42
:107500000348FBF739FFF1E70148FBF735FFF6E7E2
:10751000CCA700102DE9F04F83B09A46D31C23F07E
:107520000303934204D1804689461746002420E095
:107530001A4B1B4A40F2A7111A48FBF7E9FDA7EBCB
:10754000040B04EB0901C1F30E0505EB0B03B3F5C6
:10755000004F17D84046FFF747FF544400945B465E
:1075600045F4004201214046FFF7BAFC034688B9C2
:107570003446BC420DD204F14006BE42DFD84FF083
:10758000400BDEE7084B064A40F2B9110548FBF70D
:10759000BFFD0023184603B0BDE8F08FE0A7001040
:1075A0009CB7001064A7001004A80010F0B583B0C9
:1075B00005460C4616461F46FFF716FFC4F30E0499
:1075C0000097334644F4004201212846FFF7E6FEC7
:1075D0004FF0C0512846FFF707FF03B0F0BDF8B5E4
:1075E00004460D461646FFF753FF2846FFF700FDF9
:1075F000074600F5816526B323230122294620464C
:10760000FFF7D4FF012229462046FFF729FF002378
:10761000012207F500612046FFF7C8FF012001F0B5
:1076200045FC86B12123012229462046FFF7BEFFF3
:10763000012229462046FFF713FF012001F036FC06
:10764000F8BD0323D9E70123EDE700002DE9F04160
:10765000114411F8126C11F8113C46EA0326B6F5F4
:10766000FA7F18D2A1F5487797F80D339BB95025CA
:10767000AE4210DDC5F5437001303C1809220A49BD
:10768000204602F01BF8804608B10135F0E720469D
:10769000FBF772FE04E00548FBF76EFE6FF005088D
:1076A0004046BDE8F08100BF4CA8001058A800106B
:1076B000016000238360037301224273837303829A
:1076C0008374C374C0F84C38704708B5FEF73CFFAC
:1076D00008BD10B5044641B1837C03B910BD002339
:1076E00083740121FFF730FEF8E700F06FFEA37C02
:1076F000002BF3D100212046FFF726FE0123A374BF
:10770000ECE700002DE9F04182B005460E46174631
:10771000C37C2BB9006800F053FE012840F08C8038
:1077200000212846FFF7D5FFEB7C73B100242046EB
:10773000B4F57A7F30DA082200212846FFF720FBD3
:10774000B0F1FF3F28D10134F2E70422002128469E
:10775000FFF71BFB04461FFA80F83A4B1B88434592
:1077600002D010F0860F0BD1B8F1000F0DD1354BC0
:10777000A3F8008014F0200FD8D14FF0FF3036E08E
:1077800041463148FBF728FEEEE74346042200213C
:107790002846FFF729FBEAE7B0F1FF3F4FD010F48E
:1077A000807F36D0C0F34A235A1EB2F5C06F21D273
:1077B00010F0020F1ED105F12804009400220221CE
:1077C0002846FFF721FB90B9298D09B96B8D2BB3A2
:1077D0000123EB746A8D81EA02004FF6FF73984231
:1077E00024D13B46324621462846FFF70FFC02B023
:1077F000BDE8F08119461548FBF7EEFD0123144A58
:1078000019462846FFF7F8FA0023EB744FF0FF30D3
:10781000EDE70023EB744FF0FF30E8E70D48FBF78E
:10782000ABFD0023EB744FF0FF30E0E70A48FBF7B5
:10783000D3FD4FF0FF30DAE74FF0FF30D7E74FF0DE
:10784000FF30D4E7B026002080A80010ACA80010BC
:107850000D000100CCA80010E8A8001010B582B0FF
:10786000044614E001990098FFF7DAFC014620462F
:1078700000F0B2FD0BE00099019B21F00042C90F1E
:10788000206801F048FB02E01448FBF7A5FD01AABF
:1078900069462046FFF736FF014600F109030B2B2E
:1078A000F2D801A252F823F08F78001089780010E6
:1078B0008978001089780010897800108F7800107E
:1078C0008978001089780010D97800108978001024
:1078D000657800107778001002B010BD14A9001070
:1078E0002DE9F04784B00546914698468A4609B18D
:1078F00002296FD100212846FFF7EBFEAB7B93BB3B
:107900006A7B2B7B9A422ED009F10C039BB2A8F81C
:107910000030DB43A8F802302B7B88F8043088F86D
:1079200005A0002388F80630BAF1020F50D00C23CE
:1079300088F80730002288F8082088F8092088F89D
:107940000A2088F80B202B7B01332B7309F10F03DE
:10795000CDF8008023F0030302212846FFF7C0FA88
:1079600004B0BDE8F0871D4B9F6AA7F5C336A03E63
:1079700010E003990298FFF753FC0146284600F0F7
:107980002BFD15E0E41B164B9C4219D84FF47A707E
:1079900001F05EFA114B9C6AA21B124B9A4200D96D
:1079A000264603AA02A92846FFF7ACFE0128E0D02C
:1079B000A97B0029E6D16A7B2B7B9A42E2D0A3E720
:1079C0006B7B2A7B0848FBF707FD6FF00100C7E7D8
:1079D0000E23ADE76FF00400C2E700BF00000B40CC
:1079E00040420F009F86010030A9001070B51D466F
:1079F0001C33B3F5006F1DD80446038A01339BB2D4
:107A0000038241EA0341059B41EA03314263ABB281
:107A10008363C163002606642A460499443001F05A
:107A200081FD04F1280305F1100231462046FFF7DD
:107A300057FF70BD6FF00400FBE700002DE9F04731
:107A400084B00546884691461F460C9E0D9C0194C5
:107A50000096FFF7CBFF0446002844D1244BD3F80F
:107A600028A015E0029B3A469F4228BF1A46039978
:107A7000304601F057FD36E003990298FFF7D0FB3E
:107A80000146284600F0A8FC4FF47A7001F0E0F9B6
:107A9000174B9C6AA4EB0A0C164B9C451BD803AAF7
:107AA00002A92846FFF72EFE04460028DAD0012856
:107AB000E2D0022806D00028E6DB01460E48FBF79C
:107AC0008BFCE1E70299039B21F00042C90F286873
:107AD00001F021FAD8E73B464A4641460748FBF702
:107AE0007BFC6FF00104204604B0BDE8F08700BFC6
:107AF00000000B403F420F0054A9001080A9001065
:107B000010B582B04FEA410C049C019400931346D7
:107B10004A080CF00201FFF791FF02B010BD00000F
:107B20002DE9F04F83B004468B46924600F144069F
:107B300000232BE041F2020C03F5806757452CD25D
:107B40004FF48065254A03CA30607160A4F84CC0C8
:107B50004FF00208A4F84E8025654FF00009C4F8E4
:107B600054902A460BEB030104F1580001F0E0FDAC
:107B700005F11B03CDF80490009623F0070340F2B3
:107B8000071241462046FFF759FF3B46534509D2AD
:107B9000002BCFD04FF4805CCEE74CF0040CAAEB66
:107BA0000305CFE70E4D0FCD60647160B260F360E6
:107BB0002A88AB783282B374002101910096132396
:107BC0004FF483722046FFF739FF636C13B903B09B
:107BD000BDE8F08F0348FBF7CFFBF8E79C2A0410C1
:107BE000A82A0410A8A900102DE9F04782B0054684
:107BF00088461446994600F14407084601F00EFEF7
:107C0000064600F1010A52464146384601F090FD11
:107C100007EB0A0307F80A40220A5A70220C9A70EE
:107C2000240EDC70CDF804900097731D40F207120B
:107C300002212846FFF702FF02B0BDE8F0872DE9D8
:107C4000F04383B005460F461646994600F14408B6
:107C5000084601F0E3FD441C3246494608EB0400A7
:107C600001F060FC22463946404601F061FD0A9B66
:107C70000193CDF80080A31940F207120221284693
:107C8000FFF7DCFE03B0BDE8F08310B582B000F171
:107C9000440480F844204FEA122E80F845E04FEA71
:107CA000124E80F846E0120E80F8472001930094AF
:107CB00004230A460221FFF7C1FE02B010BD2DE9E0
:107CC000F04782B08046894615461C4600F14406BE
:107CD000084601F0A3FD074600F1010A5246494655
:107CE000304601F025FD06EB0A0306F80A502A0A81
:107CF0005A702A0C9A702D0EDD707A1DB318B45488
:107D0000220A5A70220C9A70240EDC700A9B01938E
:107D1000009607F1090340F2071202214046FFF7DF
:107D20008DFE02B0BDE8F087F0B583B004460F4683
:107D300000F144060C4D0FCD6064A164E26423653C
:107D40002868606500210191009614234FF4837226
:107D50002046FFF773FE08B103B0F0BD636C3B60D3
:107D6000B4F84830BB80F7E7D02A04102DE9F04181
:107D700086B005460E46B94B9B6A4360FEF712FC7F
:107D800098B90446FEF798FFFEF7B5FF092C47DCCB
:107D9000142200212846FEF7C5FFB14B984208D0B7
:107DA000012001F083F80134F0E7AE48FBF7E4FA74
:107DB00039E0AD4B002211462846FEF7F1FF90BB9B
:107DC000002211462846FEF7DBFF10231D2200216A
:107DD0002846FFF711F830BB9923042200212846DA
:107DE000FFF70AF8F8B9BE23062200212846FEF75D
:107DF000FBFF0446B8B908239C4A01212846FEF738
:107E0000FBFF092C73DC994A01212846FEF7C2FFCB
:107E100010F0400F10D1012001F048F80134F0E7D4
:107E20009348FBF7A9FA9348FBF7A6FA6FF005040D
:107E3000204606B0BDE8F08100238C4A0121284687
:107E4000FEF7DAFF002201212846FFF721FB00227E
:107E500002212846FFF71CFB002202212846FFF7DB
:107E6000BEFB0323042284492846FFF79FFB00231F
:107E7000042282492846FFF799FBDFF84C824246EC
:107E80007F492846FFF7E2FB04460028D0D143464D
:107E90007C4A00212846FFF73DFB04460028C7D155
:107EA000794B4FF43A7279492846FFF733FB784B08
:107EB000042278492846FFF779FB00220121284651
:107EC000FFF78DFB01212846FFF700FB2746B7F59A
:107ED0007A7F20DA654A01212846FEF75BFF10F021
:107EE000800F0AD1012000F0E1FF0137EFE76A4877
:107EF000FBF742FA6FF005049AE7F0230422674982
:107F00002846FFF753FB2023654A01212846FEF748
:107F100073FF274609E06348FBF72EFA6FF005046C
:107F200086E7012000F0C2FF0137B7F57A7F66DAF5
:107F3000082200212846FEF723FF10F0200FF0D082
:107F4000594F3A4601212846FEF724FFC3B243F0B9
:107F500002033A4601212846FEF74EFF0823F0228D
:107F600000212846FEF748FF0223404A0121284607
:107F7000FEF742FF4D4A01212846FEF70BFFC3B230
:107F800010F0010F41D04A4F0F233A4601212846F5
:107F9000FEF732FF00233A4601212846FEF72CFF68
:107FA0003A4601212846FEF7F5FE04220021284624
:107FB000FEF7EBFE83B210F0010F2ED10021284610
:107FC000FFF787FB4FF4767208F55B312846FFF721
:107FD000A7FD00231A4637492846FFF705FE002370
:107FE000012235492846FFF7FFFDE6B10023009343
:107FF0003346062231492846FFF721FE18E730486C
:10800000FBF7BAF96FF0050412E743F00103274AC2
:1080100001212846FEF7F0FEB5E70422002128469C
:10802000FEF7E2FECAE7274B93E803000290ADF8A3
:108030000C1004A92846FFF777FE064628B9062249
:1080400002A904A801F040FA28B904AE3146002084
:1080500000F0C6FECAE73446EAE600BF00000B4067
:10806000ADBEEDFE14AA0010B30402000E00010024
:1080700030AA00104CAA001010400018444000180C
:10808000BE6B0300C06B0300AC27041014FD070097
:10809000BA0045FFFCFF07006CAA0010242000185E
:1080A0000800010098AA00101E0001001F00010036
:1080B0000F000100C0A90010CCA90010C8AA001030
:1080C000B0AA0010E82A0410D4B7001008B50023A5
:1080D0000422A521FFF7D9FD08BD00B583B000F645
:1080E000280300220192009324231A220221FFF781
:1080F000A5FC03B05DF804FB022911D810B582B0CD
:108100001446012303FA01F244B900230024009429
:108110000549FFF7D4FD204602B010BD1346F5E730
:108120004FF0FF30704700BFD8AA001008B50068B4
:1081300000F046F9012814BF0020012008BD00000E
:1081400010B582B000F07AFE1F4B1B68A3B11F4828
:10815000FFF7ECFF90B91D4B93F8693893B91B4BAF
:1081600093F86B38C3B9194B93F86A38DBB9184BDD
:108170001B681BB300F0AAFD02B010BD1348FFF747
:108180006DFBE8E71148002280F869280092134649
:108190006921FFF7B5FCE2E70C48002380F86B3853
:1081A000FFF794FFDFE7094C002384F86A38204684
:1081B000FFF793FF0123C4F85C38D8E70121034897
:1081C000FFF787FAD6E700BF201900202819002002
:1081D0002419002008B5F9F747FA29B14FF47A724B
:1081E000002301F061FB08BD024BA3FB00308009B6
:1081F000F9E700BFD34D621010B50446FFF7EAFF60
:10820000014662880C48FBF7E7F86168582908D8EE
:108210000A4B53F8213023B119460948FBF7DCF823
:1082200002E00848FBF7D8F894F82E30E268A1681D
:108230000548FBF7D1F810BDE0AA0010202B041070
:10824000F4AA0010F8AA0010FCAA001070B584B0BF
:10825000044600F0F3FD94F8683853B1274B1B68CF
:108260006BB100212046FFF734FA0025284604B000
:1082700070BD234B234A98212348FAF749FF002178
:10828000204600F041FE0121204600F03DFE002581
:1082900084F85058172645EC4060142000F006FE84
:1082A0004FF0010343EC4060322000F0FFFD29460F
:1082B0002046FFF75BFD05460028D7D104F6D30121
:1082C0002046FFF731FD94F8D63894F8D72894F873
:1082D000D81802910192009394F8D53894F8D428D4
:1082E00094F8D3180948FBF777F8094B32221A6043
:1082F0000848024B186000F005FDB7E72019002080
:1083000008AB0010102B041024AB001068AB001059
:1083100024190020418100102DE9F0410446182065
:10832000002545EC44002A462946F7F7E7FF1726C3
:10833000012747EC44602A4629463046F7F7DEFF1E
:1083400045EC406021462046FFF7B2F984F85058CA
:10835000C4F85858C4F85C5884F8695884F86A58C6
:1083600084F86B58032384F8703884F8715884F8C3
:108370007258034B1D6084F86878BDE8F08100BF37
:108380002019002010B5044600F044FD0B4B1B687B
:1083900083B10021204600F0B7FD0121204600F006
:1083A000B3FD2046FFF791F92046FFF7B5FF00F037
:1083B0003BFD10BD00F038FDFBE700BF2019002099
:1083C0004FF050435868C0F300607047014B3222B1
:1083D0001A6070472419002038B504460D46D0F8BD
:1083E000543813F0010F1FD16B68452B20D0312B6F
:1083F00031D8DFE803F04F30305F30307B30303041
:1084000030383030303088303030303030403030FC
:10841000303030303030303030303030303030305C
:1084200030303030A33030C20846FFF7E5FEDBE7DE
:10843000D4F85828012ADAD1AB68082B04D053B9F4
:108440000223C4F8583806E0D4F8643805F1300146
:10845000D4F860089847D4F85C2840F601639A4243
:1084600000F0958038BD0021204600F051FD00232A
:10847000C4F85C38EFE7AB68002BECD1EB68082B55
:10848000E9D1012384F86A3884F86B38444800F055
:1084900039FCE0E7AB68002BDDD0032B03D00223CF
:1084A000C4F85C38D7E7EB68002BF8D10323C4F895
:1084B0005C38D0E7AB689BB9D4F85C3803F00F02A6
:1084C000042A06D0D4F85C3843F40073C4F85C384E
:1084D000C1E723F00F0343F00103C4F85C38F1E770
:1084E000062BB8D00423C4F85C38B4E7AB68002B83
:1084F000B1D1EB68022BAED1012384F8693828484A
:1085000000F000FCA7E7AB68002BA4D16B8813F048
:10851000010F0DD095F82E1031B9D4F85C3843F422
:108520008063C4F85C3896E7204600F0EEFC92E7E2
:1085300095F82E10204600F0EBFC8CE7AB68043B6E
:10854000062B0FD8DFE803F00B0E040E0B0E0B000A
:10855000D4F85C3843F40063C4F85C387BE7EB681C
:108560000F2B03D00423C4F85C3874E7012384F88C
:108570006A380B4800F0C6FB6DE7012384F86A38BF
:10858000002384F86B38064800F0BCFB63E7012346
:10859000C4F85C380021204600F0B7FC62E700BF59
:1085A00041810010F8B504460E46174600F032FC33
:1085B0002046FFF74BFE48B93A4631462046FFF7C2
:1085C0009BFD054600F030FC2846F8BD054600F04E
:1085D0002BFCF9E70A4609B110290CD100F12F4311
:1085E00003F560031B0D074951F8233033B9C0F878
:1085F0006821002070476FF00A0070476FF00B0091
:10860000704700BFDC150020D0F8683123B111F0AD
:10861000010F06D00020704711F0040F03D0002096
:108620007047012070470120704708B5C979FFF7EE
:10863000EBFF08BD70B504460D461646FFF7F5FF83
:10864000D0B195F90530002B01DBB34217D104F10D
:108650002F4000F56000000D0A4B53F820102A79D6
:1086600001239340013B03FA06F20A4201D10020A4
:1086700070BD6FF00800FBE76FF00A00F8E76FF0DD
:108680000A00F5E7DC150020F8B506460D4617464A
:10869000FFF7D0FF28BB034608E00CEB070403EB11
:1086A000070C0CF1120C46F82C4001332A799A423F
:1086B00007D92A6832F813C0BCF5005FEDD36446D1
:1086C000EDE701239340013B06F12F4606F56006D6
:1086D000360D044951F82620BB401A4341F82620A4
:1086E0003846F8BDDC15002010B50A79202A19D8C3
:1086F00000F12F4000F56000000D154B53F82040AD
:1087000001239340013B91F90510002910DB084635
:10871000C2F12002914218DC8B40234201D04FF07D
:10872000FF3010BD0B4B0C4A43210C48FAF7F0FC0C
:10873000C2F12000002805DB03FA00F22242F0D04B
:108740000138F7E76FF00800EBE74FF0FF30E8E79C
:10875000DC1500203CAC0010982C041068AC001014
:1087600008B500F12F4000F56000000D01EB80011D
:108770000148F7F7E1FE08BDF018002010B582B0FF
:1087800000F12F4000F56000000D8400074B0093BE
:10879000E31C22460648F7F7A8FE844202DC001BD1
:1087A00002B010BD4FF0FF30FAE700BFACAC0010D4
:1087B000F018002038B504460B7901259D40013D95
:1087C0009540F7F75DFE04F12F4303F560031B0DA1
:1087D000094A52F8232035EA020107D122EA0502AC
:1087E000054941F82320F7F75DFE38BD034B044AE5
:1087F000CB210448FAF78CFCDC150020D0AC00102B
:10880000842C041068AC0010F0B401EB410400EBC0
:10881000C404D4F8DC70D4F8CC6001EB4104E4006B
:10882000C834044404F540544FF40035656018E042
:1088300093FAA3F4B4FA84F4650145F0806501EB82
:10884000410C00EBCC0CCCF8DC5022FA04F404F020
:10885000010444F4604444F08004CCF8D8405C1E29
:108860002340002BE4D101EB410300EBC303C3F829
:10887000DC70C3F8CC60F0BC704708B5029BFFF712
:10888000C3FF08BDF0B59DF81470D0F86841121B05
:108890001F2A43D801EB410400EBC404D4F8DC6088
:1088A000D4F8CC5001EB4104E400C834044404F58E
:1088B00040544FF4003CC4F804C017B14FF01F0EF1
:1088C00015E04FF0000E12E0540144F0A05401EB0B
:1088D000410C00EBCC0CCCF8DC404EF4604444F08E
:1088E0008004CCF8D840053B053202F01F02052B6E
:1088F000EAD8520142EA836301EB410200EBC20273
:10890000C2F8DC304EF4604343F08003C2F8D83044
:10891000C2F8DC60C2F8CC500020F0BD6FF004005B
:10892000FBE72DE9F04F85B080460D46009201939C
:108930000026002E68DD0020286005B0BDE8F08F1D
:1089400001239C4210D200212868FFF717FF40B294
:1089500004F110036B4403F8040C002804DB013419
:10896000002EEDD00423ECE714B15EB1042C09D045
:108970003B465F1E002B49D003F201531B052B60C1
:108980000024EDE7F7F77CFD824676B900212868E0
:10899000FFF73AFE70B96FF00A095046F7F782FD0B
:1089A0006FEA090A4FEADA7A27E000212868FFF720
:1089B00011FEEBE7D5F800B041465846FFF794FEAC
:1089C000B0F10009E9DB4A4641465846FFF75CFE34
:1089D000B0F10009E1DB9DF90C30009A1360019BB6
:1089E000C3F80090D9E70AF110036B4413F9041C93
:1089F0002868FFF7B5FE0AF1010A5445F3D8B9F12A
:108A0000000FB5DB012098E70323B2E7013690E7BA
:108A100038B50C4615461A4601462046FFF7CAFEF1
:108A200029462046FFF79CFE38BD000008B50146E8
:108A30000148F7F781FD08BDAE26002000B583B0E0
:108A40000146054B00930F2300220448F7F74DFD24
:108A500003B05DF804FB00BF20AD0010AE2600207F
:108A6000830103F1A0431969103381EA4031114AAF
:108A70000A4003F580531A60002307E04FEA031C05
:108A8000012181400C4A42F80C100133032BF5D927
:108A9000012282404FF0A043C3F86424830103F114
:108AA000A043DB6813F0806FF8D14FF0A043C3F808
:108AB0000024704701E001000434005008B50C4B5D
:108AC0001B68834207D10B4B99420AD103685B6A4A
:108AD0000949984708BD094B094A70210948FAF726
:108AE00017FB094B064A71210648FAF711FB00BF34
:108AF0001C19002000110020EC10002040AD0010D7
:108B0000182D041060AD0010B0AD001070B5054612
:108B10000C461646F8F7A8FDF30E4FEA461CBCEBD0
:108B2000060C63F100039B0043EA9C734FEA8C0C34
:108B30001CEB060C43F10003DB0043EA5C734FEAD5
:108B4000CC0C10EB0C0043EB0103002B07DBA06007
:108B5000E3602B685B6921462846984770BD4FF05B
:108B6000FF306FF00043F2E710B54FF050431A6842
:108B7000124B1B689B7E9A4213D10446104B1B6814
:108B800073B1104A126812B1013A0E490A6098474F
:108B90000C4B1B685BB923689B690B4920469847BF
:108BA00010BD0A4B0A4A60210A48FAF7B1FA32228C
:108BB00005492046FFF7AAFFF2E700BF1C19002075
:108BC000201900202419002000110020D0AD001031
:108BD000342D041060AD001008B5024602211820A3
:108BE000F7F7BCFB08BD000008B54FF050431A680A
:108BF0000C4B1B689B7E9A420ED140220A494FF0D3
:108C00008070F7F7D3FB0120FFF7E6FF0121152065
:108C1000F7F78CFD002008BD044B054A41210548AB
:108C2000FAF776FA1C190020398C0010D0AD00102C
:108C3000442D041060AD001008B54FF050431B6880
:108C40002BB1094BDB6B13F0020F02D108BD074BB0
:108C5000F8E70020FFF7C0FF054B186803685B6A60
:108C600004499847F2E700BF9082024048820240E0
:108C70001C190020EC10002008B54FF050431A6872
:108C80000A4B1B689B7E9A4209D10020FFF7A4FF84
:108C900007494FF08070F7F7A9FB002008BD054B8E
:108CA000054A4B210548FAF733FA00BF1C1900208A
:108CB000398C0010D0AD0010042D041060AD0010F0
:108CC00008B50148F7F7C4FB10AE001008B54FF027
:108CD00050431A68074B1B689B7E9A4203D10120C0
:108CE000FFF77AFF08BD044B044A54210448FAF701
:108CF0000FFA00BF1C190020D0AD0010EC2C04109E
:108D000060AD001008B5084B1B68834206D1074BC5
:108D1000186803685B6A0649984708BD054B064A10
:108D20005A210648FAF7F4F9201900201C190020EE
:108D3000EC10002030AE0010C42C041060AD001008
:108D400010B504460848FFF7E7FA084B1C60236893
:108D50001B6900220649204698472368DB690549BC
:108D600020469847012010BD281900201C1900201A
:108D7000E98B0010EC100020114B1B68FBB110B503
:108D80000446834215D103689B690E4998472368BE
:108D90001B6A0D492046984723681B6900220B492E
:108DA000204698470A48FFF7EDFA054B00221A6063
:108DB00010BD084B084AD2210848FAF7A9F97047B4
:108DC0001C19002000110020EC100020798C0010EC
:108DD0002819002040AD0010B02C041060AD001028
:108DE00010B582B00C460A48FAF7C6FA6846FAF798
:108DF000F5FDDDF802302360BDF80630A38023784E
:108E000003F0FE03237043F00203237002B010BD91
:108E100044AE001008B5034B186803685B689847B8
:108E200008BD00BF1C19002008B5034B1868036873
:108E30009B68984708BD00BF1C19002008B5034B6C
:108E400018680368DB68984708BD00BF1C1900203C
:108E500038B50446EFF30583DBB26BB9124B1D68DE
:108E6000F8F702FC221841F10003002B17DB2968F8
:108E7000096B2846884738BD0B4B1D68F8F7F4FB93
:108E8000221841F10003002B04DB2968C96A284637
:108E90008847F0E74FF0FF326FF00043F5E74FF0FF
:108EA000FF326FF00043E2E71C19002038B5054699
:108EB000144B1C68F8F7D8FBEB0E4FEA451CBCEBD3
:108EC000050C63F100039B0043EA9C734FEA8C0C92
:108ED0001CEB050C43F10003DB0043EA5C734FEA33
:108EE000CC0C10EB0C0243EB0103002B04DB2168DC
:108EF000C96A2046884738BD4FF0FF326FF0004303
:108F0000F5E700BF1C190020704708B5FFF7D8FE31
:108F100008B5FFF7D5FE08B5FFF7D2FE08B530302B
:108F200000F0D6FC08BD10B5044690F84400F7F7F1
:108F300007FC04F1380000F0DBFC10BD08B5084662
:108F4000002381F84530FFF7EEFF0020002108BD27
:108F500008B501230B72FFF7E6FF08BD08B590F8CE
:108F6000353043B190F934304FF0504292F900203F
:108F70009A4200D108BD0148F7F76AFA10A900101B
:108F800070B584B00446FFF7E9FFA27E4FF050436E
:108F90001B689A422AD0294B294AFE212948FAF710
:108FA000B7F8236C002B01DC04B070BD216C206A83
:108FB000F8F7D3F900232364F6E7236C002B38DCA1
:108FC000A562E662012384F84530002302930194F0
:108FD0001D4B00932A463346206AF8F78FF9206428
:108FE000236C002BE0DC002384F84530204600F0A1
:108FF0004BFA05460E46F8F737FB281A66EB0102D6
:10900000012872F10002F1DB104B1A685B68B34271
:1090100008BFAA42C5D094F84530002BCDD0A26A33
:10902000E36AAA1A66EB0303012A73F10003C4DBA7
:10903000BAE7216C206AF8F790F9C1E77CAE00101E
:10904000F02D0410A4AE00103D8F001018B20010D7
:1090500010B5044690F83530012B04D004F13000EF
:1090600000F032FC10BDFFF78BFFF7E770B5044648
:109070000D461646303000F02BFC3046A84705461A
:109080002046FFF7E5FF284670BD08B5FFF7E0FF73
:1090900008BD000010B5044690F84400A0B14FF0A0
:1090A00050431B68A27E9A420FD10021F7F73EFB86
:1090B000094994F84400F7F7BDFC94F84400F7F729
:1090C00007FE002384F8443010BD044B044AB72146
:1090D0000448FAF71DF800BF419100100CAF0010D2
:1090E000842D0410A4AE001038B54FF050431B6817
:1090F000827E9A4213D10446FFF7CCFF236C002BEB
:1091000013DC04F13005284600F0E2FB284600F0AD
:10911000DBFB48220021204600F082FA38BD054BD7
:10912000054AED210548F9F7F3FF216C206AF8F7AD
:1091300014F9E6E734AF0010982D0410A4AE001027
:1091400038B5EFF30583DBB23E3B052B18D8154A43
:1091500052F823409CB1A27E4FF050431B689A42C4
:1091600015D104F130050021284600F0B5FB30B1DF
:1091700094F83530012B11D0284600F0A5FB38BDFE
:10918000094B0A4A40F223110948F9F7C1FF094B7C
:10919000064A4FF493710648F9F7BAFF2046FFF7E5
:1091A000EFFEE9E7B81800205CAF0010682D04104E
:1091B000A4AE00107CAE001008B5383000F094FB6F
:1091C00008BD08B510461946EFF30583DBB213B1AD
:1091D000F8F752FA08BDF8F703F9FBE738B504468B
:1091E0000D46303000F074FB2946204600F0E7F8C9
:1091F00005462046FFF72CFF284638BD38B5044603
:109200000D46303000F064FB2946204600F0C8F8D7
:1092100005462046FFF71CFF284638BD38B50446F2
:109220000D46303000F054FB2946204600F0A8F8E7
:1092300005462046FFF70CFF284638BD38B50446E2
:109240000D46303000F044FB2946204600F088F8F7
:1092500005462046FFF7FCFE284638BD38B54FF0DE
:1092600050431B68827E9A421FD104460D4600205F
:10927000F7F738FD002824DB84F84400A0F12E0322
:10928000052B18D8104A42F823401049C0B2F7F70E
:1092900087FA012194F84400F7F748FA294694F830
:1092A0004400F7F783FC012038BD094B094AA82187
:1092B0000948F9F72DFF094B064AAD210648F9F791
:1092C00027FF0020F0E700BFB818002041910010F0
:1092D0000CAF0010542D0410A4AE00105CAF0010B1
:1092E000FF220270002242607047000070B5044601
:1092F0000D464822002100F093F9154B236003230B
:1093000023834FF050431B68A3766B68ABB1236295
:10931000A67E206AF8F762F8864212D10122114631
:1093200004F13800F7F7F4FC04F13000F7F713FD0F
:1093300029782046FFF792FF70BDF7F76BFF206298
:10934000E6E7044B044ADE210448F9F7E1FE00BFDA
:10935000042E04108CAF0010C42D0410A4AE001015
:1093600000F10802836801E01A461B6823B1136804
:109370008B42F9D10020704711600B6001207047CB
:1093800000F10802836801E01A461B6833B11368D4
:109390008B42F9D10B6813600120704700207047A1
:1093A000021D436801E01A461B6823B113688B4213
:1093B000F9D10020704711600B6001207047021D39
:1093C000436801E01A461B6833B113688B42F9D138
:1093D0000B681360012070470020704738B50446C1
:1093E000806838B3F8F740F904F1080C002506E06E
:1093F000124B134A42211348F9F78AFE9C46DCF8C7
:1094000000309BB19A68DC68B0EB020E61EB040E91
:10941000BEF1000FF2DB0C49086849688C4208BFB6
:109420008242E5D0104621466546E7E71DB128682F
:1094300003682B6038BD2846FCE700BFCCAF0010A6
:109440003C2E0410F0AF001018B2001070B40D4B99
:1094500019685E68836800E02B4673B11D689A68DE
:10946000DC68B1EB020C66EB0403BCF1010F73F195
:109470000003F1DB11462646EEE70161466170BC50
:10948000704700BF18B2001038B5054602E04B68BF
:10949000284698472846FFF7A1FF01460028F6D145
:1094A0006C6800E024684CB1237A002BFAD00023CA
:1094B00023726368214628469847F3E72846FFF75A
:1094C000C5FFD5E9040138BD032A30B412D941EAF9
:1094D000000484460B46A40721D11946604653F880
:1094E000044B5CF8045BA54219D1043A032AF4D872
:1094F00060461946541E7AB1431E0139021901E033
:109500009A4209D013F8010F11F801CF6045F7D046
:10951000A0EB0C0030BC7047002030BC7047541EDC
:10952000EAE700BF88420DD98B1883420AD900EBC5
:10953000020C5AB3624613F801CD994202F801CDEC
:10954000F9D170470F2A0DD802F1FF3CF2B10CF1AE
:10955000010C431E8C4411F8012B614503F8012FC7
:10956000F9D1704740EA01039B07F0B50C460ED0D5
:1095700002F1FF3C03460CF1010C013B8C4411F855
:10958000012B614503F8012FF9D1F0BD7047A2F11D
:10959000100501F1200E01F1100300F1100C25F06F
:1095A0000F05AE4453F8106C10330CF1100C4CF84E
:1095B000206C53F81C6C4CF81C6C53F8186C7345F9
:1095C0004CF8186C53F8146C4CF8146CEAD101EB9D
:1095D000050C12F00C0F05440CF1100105F11003FD
:1095E00002F00F050E4618D0043DA0EB040E25F046
:1095F0000304A4440CF1140C0F6801EB0E050431B4
:109600002F606145F8D1043402F00302A11923440C
:1096100002F1FF3C002AAED1F0BD2A46F8E700BFB8
:10962000830730B546D08418844604E003F8011B54
:109630009D0704D09C46A4456346F7D130BD013A4E
:109640000244A2EB0C02032A29D9CCB20F2A04EB64
:10965000042404EB04442FD9A2F1100C03F11005EB
:109660002CF00F0CAC44C3E90044C3E902441033AE
:109670006345F8D112F00C0F02F00F0E18D02EF047
:10968000030CAEF104051A469C4442F8044B6245B3
:10969000FBD125F0030404330EF003022344002A17
:1096A000CCD0C9B21A4403F8011B9342FBD130BDA0
:1096B0007246F4E70346C6E79646E0E782B30B46F8
:1096C00030B540EA01048646A40717D1032A07D81B
:1096D00014E0043A22D01CF0803F1FD1032A23D982
:1096E000DEF80040194653F8045B7046A4F1013CD3
:1096F0000EF1040EAC422CEA040CEAD00378013AD5
:109700000C78A3420ED1024406E03BB110F8013FB1
:1097100011F8014FA34205D19042F6D1002030BD8F
:1097200010467047181B30BD70461946E6E700BF6B
:10973000844641EA000313F0030349D1403A23D39E
:109740000B6803604B6843608B688360CB68C360C1
:109750000B6903614B6943618B698361CB69C361A9
:109760000B6A03624B6A43628B6A8362CB6AC36291
:109770000B6B03634B6B43638B6B8363CB6BC36379
:1097800040304031403ADBD230320BD30B680360BB
:109790004B6843608B688360CB68C36010301031C6
:1097A000103AF3D20C3205D351F8043B40F8043B95
:1097B000043AF9D2043208D0D2071CBF11F8013B99
:1097C00000F8013B01D30B8803806046704700BF5F
:1097D000082A13D38B07B1D010F00303AED0C3F126
:1097E0000403D21ADB071CBF11F8013B00F8013B50
:1097F000A4D331F8023B20F8023B9FE7043AD9D3C7
:10980000013A11F8013B00F8013BF9D20B780370E3
:109810004B7843708B7883706046704720F003016B
:1098200010F00300C0F1000051F8043B00F1040CFB
:109830004FEACC0C6FF000021CBF22FA0CF213436B
:109840004FF0010C4CEA0C2C4CEA0C4CA3EB0C0234
:1098500022EA030212EACC1204BF51F8043B04309E
:10986000F4D0C2F1000102EA0102B2FA82F2C2F1BE
:109870001F0200EBD2007047F8B500BF00000000E7
:109880005FF800F0230900205FF800F029080020AD
:109890005FF800F0010500205FF800F0D30300201E
:1098A0005FF800F07D0900205FF800F0850C0020D3
:1098B0005FF800F0250400205FF800F03109002077
:1098C0005FF800F0A10300205FF800F07D040020A5
:1098D0005FF800F0C90100205FF800F0A10200204D
:1098E0005FF800F0490200205FF800F0110100204D
:1098F0005FF800F0750100205FF800F055080020C7
:10990000E51A00105D1A0010891A0010811B001062
:10991000C51A0010011A0010091B0010CD19001003
:10992000750D0010111B0010E5150010491A0010EC
:10993000F71A0010A91A0010B9050010110600103E
:0899400085390010110200102E
:10994800435957343320696E6974206661696C65C0
:10995800640000004C4544204F4E00004C45442014
:109968004F46460021656E61626C6564207C7C20F0
:109978006972715F6861735F68616E646C65722893
:10998800494F5F4952515F42414E4B302900000018
:109998002F55736572732F4E696D612F2E70696331
:1099A8006F2D73646B2F73646B2F322E322E302F12
:1099B8007372632F7270325F636F6D6D6F6E2F6895
:1099C800617264776172655F6770696F2F6770692C
:1099D8006F2E630021287261775F6972715F6D6114
:1099E800736B5B6765745F636F72655F6E756D2817
:1099F800295D2026206770696F5F6D61736B290090
:109A08007261775F6972715F6D61736B5B676574B3
:109A18005F636F72655F6E756D28295D202620670C
:109A280070696F5F6D61736B000000000A2A2A2A53
:109A38002050414E4943202A2A2A0A0068775F6944
:109A4800735F636C61696D656428626974732C2047
:109A58006269745F696E6465782900002F557365C3
:109A680072732F4E696D612F2E7069636F2D736449
:109A78006B2F73646B2F322E322E302F7372632F3D
:109A8800636F6D6D6F6E2F68617264776172655F69
:109A9800636C61696D2F636C61696D2E63000000F2
:109AA8004E6F207370696E6C6F636B7320617265A3
:109AB80020617661696C61626C65000030783163A1
:109AC800203D3D20282A696E7374293E3E31317548
:109AD800000000002F55736572732F4E696D612F5A
:109AE8002E7069636F2D73646B2F73646B2F322E26
:109AF800322E302F7372632F7270325F636F6D6D09
:109B08006F6E2F68617264776172655F6972712F19
:109B18006972712E6300000064656C7461203E3DBB
:109B2800202D323034382026262064656C7461205C
:109B38003C3D203230343620262620212864656CAE
:109B48007461202620312900212864656C74612005
:109B58003E3E20313175290063757272656E74203E
:109B68003D3D205F5F756E68616E646C65645F750E
:109B78007365725F697271207C7C2063757272658F
:109B88006E74203D3D2068616E646C657200000053
:109B98006972715F68616E646C65725F6368616940
:109BA8006E5F667265655F736C6F745F686561642C
:109BB800203E3D2030000000767461626C655F686D
:109BC800616E646C6572203D3D205F5F756E6861F3
:109BD8006E646C65645F757365725F6972710000AD
:109BE800212828282875696E747074725F74297228
:109BF800656D6F76655F7468756D625F62697428FC
:109C0800767461626C655F68616E646C657229293F
:109C1800202D20282875696E747074725F74296904
:109C280072715F68616E646C65725F636861696EAA
:109C38005F736C6F7473292920252073697A656FA7
:109C48006628737472756374206972715F68616ED7
:109C5800646C65725F636861696E5F736C6F7429A9
:109C68002900000021657863657074696F6E207C37
:109C78007C20657863657074696F6E203D3D206E49
:109C8800756D202B20565441424C455F464952532E
:109C9800545F49525100000066616C736500000012
:109CA80069735F7368617265645F6972715F72611D
:109CB800775F68616E646C657228736C6F745F6837
:109CC800616E646C65722900657863657074696F8C
:109CD8006E000000666F756E640000004E6F2075A0
:109CE80073657220495251732061726520617661F3
:109CF800696C61626C65000031203D3D2028756902
:109D08006E747074725F74296C2D3E7370696E5F27
:109D18006C6F636B000000002F55736572732F4ED4
:109D2800696D612F2E7069636F2D73646B2F736477
:109D38006B2F322E322E302F7372632F636F6D6D3F
:109D48006F6E2F7069636F5F73796E632F6D7574B3
:109D580065782E6300000000746F74616C00000069
:109D68006D74782D3E636F72652E7370696E5F6CCB
:109D78006F636B006C6F636B5F69735F6F776E65A2
:109D8800725F69645F76616C6964286D74782D3ED2
:109D98006F776E65722900006D74782D3E656E745C
:109DA80065725F636F756E7400000000706F6F6C92
:109DB8002D3E74696D65725F616C61726D5F6E7561
:109DC8006D203D3D2074696D65725F616C61726DD7
:109DD8005F6E756D000000002F55736572732F4E0E
:109DE800696D612F2E7069636F2D73646B2F7364B7
:109DF8006B2F322E322E302F7372632F636F6D6D7F
:109E08006F6E2F7069636F5F74696D652F74696D0C
:109E1800652E630064656661756C745F616C617260
:109E28006D5F706F6F6C5F696E697469616C697A78
:109E38006564282900000000417474656D707465BC
:109E48006420746F20736C65657020696E73696433
:109E580065206F6620616E20657863657074696F30
:109E68006E2068616E646C65723B20757365206254
:109E78007573795F7761697420696620796F7520D9
:109E88006D757374000000004861726477617265D3
:109E980020616C61726D20256420616C726561645B
:109EA8007920636C61696D656400000076636F5F9B
:109EB80066726571203E3D205049434F5F504C4CBF
:109EC8005F56434F5F4D494E5F465245515F485A72
:109ED8002026262076636F5F66726571203C3D20E0
:109EE8005049434F5F504C4C5F56434F5F4D41586C
:109EF8005F465245515F485A000000002F55736570
:109F080072732F4E696D612F2E7069636F2D7364A4
:109F18006B2F73646B2F322E322E302F7372632F98
:109F28007270325F636F6D6D6F6E2F6861726477E8
:109F38006172655F706C6C2F706C6C2E6300000032
:109F48006662646976203E3D2031362026262066EA
:109F580062646976203C3D203332300028706F738C
:109F6800745F64697631203E3D20312026262070BA
:109F78006F73745F64697631203C3D203729202651
:109F8800262028706F73745F64697632203E3D2006
:109F98003120262620706F73745F64697632203C06
:109FA8003D203729000000007265665F66726571A2
:109FB800203C3D202876636F5F66726571202F20F4
:109FC800313629004465627567000000626F6F745E
:109FD800325F77323571303830000000302E310072
:109FE800322E322E300000007069636F325F7700C6
:109FF800626C696E6B000000466562203134203265
:10A0080030323600666E692B00000000666E69000B
:10A018006E616E00666E692D000000002C2066756A
:10A028006E6374696F6E3A20000000006173736597
:10A038007274696F6E2022257322206661696C65CF
:10A04800643A2066696C6520222573222C206C698D
:10A058006E65202564257325730A00002F557365E6
:10A0680072732F4E696D612F2E7069636F2D736443
:10A078006B2F73646B2F322E322E302F7372632F37
:10A088007270325F636F6D6D6F6E2F7069636F5F93
:10A09800737464696F5F7573622F737464696F5F3B
:10A0A8007573622E6300000055534220737464690F
:10A0B8006E202F207374646F757400005261737082
:10A0C8006265727279205069000000005069636F00
:10A0D80000000000426F61726420434443000000A6
:10A0E80052657365740000007263203D3D203400A2
:10A0F8002F55736572732F4E696D612F2E706963CA
:10A108006F2D73646B2F73646B2F322E322E302FAA
:10A118007372632F7270325F636F6D6D6F6E2F7025
:10A1280069636F5F756E697175655F69642F756EB8
:10A13800697175655F69642E630000006C656E2047
:10A148003E2030006E6578745F6275666665725F82
:10A15800707472203C207573625F647072616D2D3B
:10A168003E6570785F64617461202B2073697A653D
:10A178006F66287573625F647072616D2D3E6570DD
:10A18800785F6461746129002F55736572732F4E6F
:10A19800696D612F2E7069636F2D73646B2F736403
:10A1A8006B2F322E322E302F6C69622F74696E79C4
:10A1B8007573622F7372632F706F727461626C654E
:10A1C8002F72617370626572727970692F72703262
:10A1D8003034302F6463645F7270323034302E63F1
:10A1E80000000000556E68616E646C656420495219
:10A1F8005120307825780A007268706F7274203D9B
:10A208003D20300021286275665F6374726C2026D9
:10A21800205553425F4255465F4354524C5F465562
:10A228004C4C29002F55736572732F4E696D612F41
:10A238002E7069636F2D73646B2F73646B2F322ECE
:10A24800322E302F6C69622F74696E797573622FA4
:10A258007372632F706F727461626C652F726173B1
:10A2680070626572727970692F7270323034302F73
:10A278007270323034305F7573622E6300000000F4
:10A288006275665F6374726C2026205553425F4284
:10A2980055465F4354524C5F46554C4C00000000F5
:10A2A800657020253032582077617320616C7265A3
:10A2B80061647920617661696C61626C6500000097
:10A2C80043616E277420636F6E74696E75652078BC
:10A2D800666572206F6E20696E61637469766520A9
:10A2E80065702025303258005741524E3A20737419
:10A2F800617274696E67206E6577207472616E731F
:10A30800666572206F6E20616C7265616479206188
:10A31800637469766520657020253032580D0A000F
:10A3280025732025643A2041535345525420464111
:10A33800494C45440D0A0000636861696E5F746F9B
:10A34800203C3D204E554D5F444D415F4348414EB2
:10A358004E454C53000000002F55736572732F4E05
:10A36800696D612F2E7069636F2D73646B2F736431
:10A378006B2F322E322E302F7372632F7270325F32
:10A38800636F6D6D6F6E2F68617264776172655F60
:10A39800646D612F696E636C7564652F68617264A2
:10A3A800776172652F646D612E6800006472657153
:10A3B800203C3D20445245515F464F5243450000E2
:10A3C8002173656C662D3E6275735F64617461000C
:10A3D8002F55736572732F4E696D612F2E706963E7
:10A3E8006F2D73646B2F73646B2F322E322E302FC8
:10A3F8007372632F7270325F636F6D6D6F6E2F7043
:10A4080069636F5F63797734335F64726976657205
:10A418002F63797734335F6275735F70696F5F7329
:10A4280070692E630000000074785F6C656E677455
:10A43800682026262074785F6C656E677468203CF7
:10A448002072785F6C656E677468000021287478E4
:10A458005F6C656E67746820262033290000000051
:10A468002128282875696E747074725F742974784D
:10A4780029202620332900002128282875696E7490
:10A488007074725F7429727829202620332900009D
:10A49800212872785F6C656E6774682026203329DE
:10A4A80000000000666E20213D204241434B504C85
:10A4B800414E455F46554E4354494F4E00000000FB
:10A4C800666E20213D204241434B504C414E455F32
:10A4D80046554E4354494F4E207C7C20286C656E6F
:10A4E800203C3D2043595734335F4255535F4D411B
:10A4F800585F424C4F434B5F53495A45290000006F
:10A50800616C69676E65645F6C656E203E20302003
:10A51800262620616C69676E65645F6C656E203CF9
:10A528003D20307837663800627566203D3D2073DF
:10A53800656C662D3E737069645F627566207C7C0D
:10A5480020627566203C2073656C662D3E737069C9
:10A55800645F627566207C7C20627566203E3D20C3
:10A568002873656C662D3E737069645F627566203A
:10A578002B2073697A656F662873656C662D3E7348
:10A588007069645F62756629290000006379773411
:10A59800335F726561645F62797465732065727296
:10A5A8006F72202564000000737263203C2073657D
:10A5B8006C662D3E737069645F627566207C7C20D2
:10A5C800737263203E3D202873656C662D3E737060
:10A5D80069645F627566202B2073697A656F6628E7
:10A5E80073656C662D3E737069645F6275662929B0
:10A5F8000000000049676E6F72696E6720696E76A9
:10A60800616C6964207061636B65740049676E6F83
:10A6180072696E6720746F6F20736D616C6C207047
:10A6280061636B6574000000574C414E3A206368C3
:10A63800616E67656420666C6F7720636F6E7472F5
:10A648006F6C3A202564202D3E2025640A00000006
:10A6580049676E6F72696E6720666C6F7720636FEB
:10A668006E74726F6C207061636B6574000000001B
:10A6780049676E6F72696E6720746F6F20736D61C2
:10A688006C6C20636F6E74726F6C207061636B65A5
:10A698007400000049676E6F72696E6720706163AD
:10A6A8006B657420776974682077726F6E672069AC
:10A6B8006420256420213D2025640A0049676E6FC7
:10A6C80072696E6720746F6F20736D616C6C2064A3
:10A6D800617461207061636B6574000049676E6F17
:10A6E80072696E6720746F6F20736D616C6C206186
:10A6F80073796E63207061636B657400696E636F54
:10A708007272656374206F7569000000756E6B6EF8
:10A718006F776E2068656164657200005B43595706
:10A7280034335D2063797734335F6B736F5F7365A0
:10A7380074282564293A206661696C65640A0000FA
:10A74800666E203D3D204241434B504C414E455F93
:10A7580046554E4354494F4E000000002F5573652F
:10A7680072732F4E696D612F2E7069636F2D73643C
:10A778006B2F73646B2F322E322E302F6C69622F41
:10A7880063797734332D6472697665722F737263D7
:10A798002F63797734335F6C6C2E630073697A6545
:10A7A800203D3D20340000005B43595734335D2081
:10A7B800636F7265206E6F7420696E2072657365B1
:10A7C800740000005B43595734335D20636F726532
:10A7D800206E6F742075700043595734335F575299
:10A7E8004954455F42595445535F504144286C656C
:10A7F8006E29203D3D206C656E00000028286465A8
:10A8080073745F616464722026204241434B504C4C
:10A81800414E455F414444525F4D41534B29202BE3
:10A8280020737A29203C3D20284241434B504C411B
:10A838004E455F414444525F4D41534B202B2031DC
:10A848002900000056657273696F6E3A2000000097
:10A858005B43595734335D20636F756C64206E6FAA
:10A86800742066696E642076616C6964206669721A
:10A878006D776172650000005B43595734335D2082
:10A88800427573206572726F7220636F6E646974AB
:10A89800696F6E206465746563746564203078251B
:10A8A800780A000053504920696E76616C6964200B
:10A8B80062797465732070656E64696E6720256CB3
:10A8C800750A00004E6F207061636B6574207A65AD
:10A8D800726F2073697A652068656164657200002B
:10A8E8005B43595734335D206572726F723A206842
:10A8F8006472206D69736D617463682025303478E3
:10A90800205E20253034780A00000000676F74202C
:10A91800756E6578706563746564207061636B65D6
:10A92800742025640A0000005B43595734335D20C6
:10A938005354414C4C2825753B25752D2575293ACE
:10A948002074696D656F75740A0000005B43595780
:10A9580034335D20646F5F696F63746C3A20676F8E
:10A968007420756E657870656374656420706163C2
:10A978006B65742025640A005B43595734335D20A6
:10A98800646F5F696F63746C2825752C2025752C9E
:10A99800202575293A2074696D656F75740A000061
:10A9A8005B43595734335D20434C4D206C6F6164D1
:10A9B800206661696C6564006275733A7478676CC7
:10A9C8006F6D00006170737461000000616D7064E8
:10A9D800755F62615F7773697A650000616D7064A5
:10A9E800755F6D7064750000616D7064755F727875
:10A9F8005F666163746F72006273736366673A655A
:10AA080076656E745F6D7367730000004661696CEC
:10AA1800656420746F20696E697469616C69736517
:10AA280020637977343300004661696C656420746B
:10AA38006F2072656164207465737420706174742A
:10AA480065726E005B43595734335D204661696C0B
:10AA5800656420746F20737461727420435957348D
:10AA6800330000005B43595734335D2074696D65CA
:10AA78006F75742077616974696E6720666F7220DC
:10AA8800414C5020746F206265207365740000008B
:10AA98005B43595734335D204854206E6F742072DD
:10AAA80065616479000000005B43595734335D20C9
:10AAB8004632206E6F742072656164790000000070
:10AAC8006375725F65746865726164647200000022
:10AAD8006770696F6F7574005B252038645D20416D
:10AAE80053594E4328253034782C00002573000034
:10AAF800257500002C25752C25752C2575290A002F
:10AB080063797734335F69735F696E697469616CFF
:10AB1800697A65642873656C662900002F5573652A
:10AB280072732F4E696D612F2E7069636F2D736478
:10AB38006B2F73646B2F322E322E302F6C69622F7D
:10AB480063797734332D6472697665722F73726313
:10AB58002F63797734335F6374726C2E630000005F
:10AB68006379773433206C6F61646564206F6B2C74
:10AB7800206D616320253032783A253032783A25C5
:10AB88003032783A253032783A253032783A2530E2
:10AB980032780A005345545F53534944000000007B
:10ABA8004A4F494E0000000041555448000000003B
:10ABB8004445415554485F494E4400004153534F62
:10ABC800430000004449534153534F4300000000E1
:10ABD8004449534153534F435F494E4400000000DA
:10ABE8004C494E4B0000000050534B5F53555000EA
:10ABF800455343414E5F524553554C5400000000A5
:10AC08004353415F434F4D504C4554455F494E4473
:10AC1800000000004153534F435F5245515F49457F
:10AC2800000000004153534F435F524553505F4962
:10AC38004500000070726F6772616D2D3E6C656E25
:10AC4800677468203C3D2050494F5F494E53545229
:10AC5800554354494F4E5F434F554E540000000032
:10AC68002F55736572732F4E696D612F2E7069634E
:10AC78006F2D73646B2F73646B2F322E322E302F2F
:10AC88007372632F7270325F636F6D6D6F6E2F68B2
:10AC9800617264776172655F70696F2F70696F2E7A
:10ACA800630000004E6F2050494F20737461746533
:10ACB800206D616368696E657320617265206176D5
:10ACC80061696C61626C650070726F6772616D5F5B
:10ACD8006D61736B203D3D20285F757365645F6906
:10ACE8006E737472756374696F6E5F737061636598
:10ACF8005B70696F5F6765745F696E6465782870FB
:10AD0800696F295D20262070726F6772616D5F6DB3
:10AD180061736B29000000004E6F20444D41206391
:10AD280068616E6E656C7320617265206176616919
:10AD38006C61626C65000000636F6E7465787420E6
:10AD48003D3D2063797734335F6173796E635F6368
:10AD58006F6E7465787400002F55736572732F4E8B
:10AD6800696D612F2E7069636F2D73646B2F736427
:10AD78006B2F322E322E302F7372632F7270325F28
:10AD8800636F6D6D6F6E2F7069636F5F6379773472
:10AD9800335F6472697665722F63797734335F64E1
:10ADA80072697665722E6300776F726B6572203DEB
:10ADB8003D2026736C6565705F74696D656F757489
:10ADC8005F776F726B6572006765745F636F72653A
:10ADD8005F6E756D2829203D3D206173796E635F34
:10ADE800636F6E746578745F636F72655F6E756D9F
:10ADF8002863797734335F6173796E635F636F6E4D
:10AE080074657874290000006379773433206861A9
:10AE180073206E6F2065746865726E657420696E44
:10AE2800746572666163650066756E63203D3D20DA
:10AE380063797734335F706F6C6C00005761726EA2
:10AE4800696E672E204E6F206D616320696E206FDA
:10AE580074702E2047656E65726174696E67206D27
:10AE680061632066726F6D20626F6172642069642D
:10AE78000000000073656C662D3E636F72652E637B
:10AE88006F72655F6E756D203D3D206765745F6309
:10AE98006F72655F6E756D28290000002F55736508
:10AEA80072732F4E696D612F2E7069636F2D7364F5
:10AEB8006B2F73646B2F322E322E302F7372632FE9
:10AEC8007270325F636F6D6D6F6E2F7069636F5F45
:10AED8006173796E635F636F6E746578742F6173E5
:10AEE800796E635F636F6E746578745F746872659A
:10AEF8006164736166655F6261636B67726F756ECB
:10AF0800642E63006765745F636F72655F6E756D4D
:10AF18002829203D3D2073656C662D3E636F726560
:10AF28002E636F72655F6E756D0000006765745FF4
:10AF3800636F72655F6E756D2829203D3D207365CE
:10AF48006C665F626173652D3E636F72655F6E75D7
:10AF58006D000000696E646578203C20636F756E33
:10AF6800745F6F66286173796E635F636F6E746573
:10AF78007874735F62795F757365725F697271293E
:10AF88000000000073656C662D3E636F72652E636A
:10AF98006F72655F6E756D203D3D20616C61726DED
:10AFA8005F706F6F6C5F636F72655F6E756D28732E
:10AFB800656C662D3E616C61726D5F706F6F6C2998
:10AFC800000000002169735F61745F7468655F65E4
:10AFD8006E645F6F665F74696D65286561726C6920
:10AFE80065737429000000002F55736572732F4E26
:10AFF800696D612F2E7069636F2D73646B2F736495
:10B008006B2F322E322E302F7372632F7270325F95
:10B01800636F6D6D6F6E2F7069636F5F6173796EAB
:10B02800635F636F6E746578742F6173796E635FA5
:10B03800636F6E746578745F626173652E63000078
:10B048006770696F5F72656D6F76655F7261775F54
:10B058006972715F68616E646C65725F6D61736B54
:10B06800656400006770696F5F6164645F7261772F
:10B078005F6972715F68616E646C65725F7769742D
:10B08800685F6F726465725F7072696F72697479F4
:10B098005F6D61736B6564006770696F5F7365747A
:10B0A8005F6972715F656E61626C656400000000C3
:10B0B80068775F636C61696D5F636C6561720000DE
:10B0C8006972715F6164645F7461696C5F746F5FFA
:10B0D800667265655F6C697374000000696E7365FC
:10B0E80072745F626C5F3332000000006972715FD6
:10B0F80072656D6F76655F68616E646C657200007D
:10B108006D616B655F6A5F31360000007265736F51
:10B118006C76655F6A5F3136000000006972715FA6
:10B128006164645F7368617265645F68616E646CB2
:10B13800657200006972715F7365745F6578636C2E
:10B1480075736976655F68616E646C65720000008E
:10B158007265637572736976655F6D757465785F1E
:10B1680065786974000000006D757465785F6578AE
:10B17800697400006D757465785F656E7465725FDB
:10B18800626C6F636B5F756E74696C007265637572
:10B1980072736976655F6D757465785F7472795FCF
:10B1A800656E746572000000726563757273697606
:10B1B800655F6D757465785F656E7465725F626CE6
:10B1C8006F636B696E67000072756E74696D655F99
:10B1D800696E69745F6D757465780000616C617281
:10B1E8006D5F706F6F6C5F6765745F6465666175CE
:10B1F8006C740000616C61726D5F706F6F6C5F6979
:10B2080072715F68616E646C657200000000000016
:10B21800FFFFFFFFFFFFFF7F706C6C5F696E697453
:10B228000000000006005250D3F07542CC9F001079
:10B2380006005250E182887FD49F001006005250C9
:10B248003ABCA911E49F001006005250ABB36053FA
:10B25800E89F001006005250BBFF3CB6F09F00105C
:10B2680006005250861C0302F89F00100600525038
:10B278005422A29D00A0001005005250DE65F4681B
:10B28800BC3E041000000000000000000000F03F79
:10B2980000000000000024400000000000005940A9
:10B2A8000000000000408F40000000000088C340FC
:10B2B80000000000006AF8400000000080842E4171
:10B2C80000000000D01263410000000084D79741BD
:10B2D8000000000065CDCD410D0A0000000000000F
:10B2E800F533001000000000F93300100534001099
:10B2F8003D34001039340010000000000A0000003E
:10B3080000000306A6000800020002009C001400CA
:10B31800030057494E55534200000000000000004A
:10B328000000800004000100280044006500760049
:10B3380069006300650049006E00740065007200D2
:10B34800660061006300650047005500490044003D
:10B3580000004E007B0062006300370033003900B4
:10B368003800630031002D003700330063006400AB
:10B378002D0034006300620037002D0039003800CA
:10B38800620038002D0039003100330061003800B8
:10B3980066006300610037006200660036007D00C9
:10B3A80000000000050F2100011C100500DF60DD12
:10B3B800D88945C74C9CD2659D9E648A9F0000032E
:10B3C80006A60001000000000600525053B4F4A184
:10B3D800B0A00010737464696F5F7573625F696E03
:10B3E8006974000000000000C4A00010D4A0001080
:10B3F8009C260020DCA00010E8A0001009025400E0
:10B40800030100807D080B0002020200000904000D
:10B4180000010202000405240020010524010001A6
:10B42800042402060524060001070581030800100C
:10B4380009040100020A000000070502024000009A
:10B44800070582024000000904020000FF00010510
:10B4580012011002EF0201408A2E090000010102C8
:10B46800030100007069636F5F6765745F756E69DB
:10B478007175655F626F6172645F69645F7374722E
:10B48800696E67005F72657472696576655F756E6F
:10B49800697175655F69645F6F6E5F626F6F740075
:10B4A8006463645F656470745F7866657200000049
:10B4B8006463645F7365745F616464726573730069
:10B4C8006463645F696E745F656E61626C650000D9
:10B4D80068775F656E64706F696E745F616C6C6FBE
:10B4E800630000006463645F696E697400000000B3
:10B4F80073796E635F65705F62756666657200007A
:10B50800757362645F656470745F78666572000065
:10B51800757362645F656470745F6F70656E000058
:10B52800757362645F6F70656E5F656470745F7079
:10B538006169720071756575655F6576656E740021
:10B5480070726F636573735F6765745F6465736357
:10B55800726970746F72000070726F636573735FE5
:10B568007365745F636F6E666967000070726F63FE
:10B578006573735F636F6E74726F6C5F72657175FC
:10B5880065737400636F6E66696775726174696F5D
:10B598006E5F7265736574007475645F7461736B54
:10B5A8005F657874000000007475645F7268706F7E
:10B5B80072745F696E69740000000000C950001061
:10B5C8006D510010AD510010255200104953001064
:10B5D800695400100000000000000000F155001040
:10B5E80081560010B1560010F95600109934001019
:10B5F8003D58001000000000757362645F636F6E51
:10B6080074726F6C5F786665725F63620000000039
:10B618007475645F636F6E74726F6C5F7866657261
:10B6280000000000636463645F786665725F63624C
:10B6380000000000636463645F6F70656E00000063
:10B648007475645F6364635F6E5F77726974655F66
:10B65800666C75736800000076656E646F72645F6F
:10B668006F70656E0000000074755F656470745FCC
:10B6780073747265616D5F726561645F7866657227
:10B688000000000074755F656470745F73747265A0
:10B69800616D5F77726974655F7866657200000036
:10B6A80074755F656470745F73747265616D5F77DC
:10B6B800726974655F7A6C705F69665F6E656564F0
:10B6C8006564000074755F656470745F76616C69A9
:10B6D8006461746500000000747573625F7268705D
:10B6E8006F72745F696E6974000000006379773463
:10B6F800335F77726974655F6279746573000000FF
:10B7080063797734335F726561645F6279746573F6
:10B7180000000000726561645F7265675F753332AF
:10B728005F737761700000006368616E6E656C5FBF
:10B73800636F6E6669675F7365745F6472657100D5
:10B748006368616E6E656C5F636F6E6669675F7371
:10B7580065745F636861696E5F746F0063797734DD
:10B76800335F7370695F7472616E7366657200002F
:10B7780063797734335F7370695F696E6974000049
:10B7880090B7001006FF01000160401080E042B051
:10B798000140841063797734335F646F776E6C6F20
:10B7A80061645F7265736F7572636500637977347E
:10B7B800335F77726974655F7265670063797734A0
:10B7C800335F726561645F726567000000000000A6
:10B7D80065140000911300009113000091130000FC
:10B7E80091130000911300009113000091130000C1
:10B7F80091130000911300009113000091130000B1
:10B8080091130000911300009113000091130000A0
:10B818009113000091130000911300009113000090
:10B828009113000091130000911300009113000080
:10B838009113000091130000911300009113000070
:10B848009113000091130000911300000048004775
:10B858006514000000000000000000000000000067
:10B8680000000000000000000000000000000000D0
:10B8780000000000000000000000000000000000C0
:10B8880000000000000000000000000000000000B0
:10B8980000000000000000000000000000000000A0
:10B8A8000000000000000000000000000000000090
:10B8B800000000000000000000000000444250505A
:10B8C800186001000000000000000000C51B000017
:10B8D800C51B0000C51B0000C51B0000C51B0000E0
:10B8E800C51B0000C51B0000D9130000D5130000BC
:10B8F80015140000DD3D0000793900003B330000DD
:10B90800D93D0000C9350000B13900001D3E0000D6
:10B918004FD50100D93A0000133400007F340000ED
:10B92800893E00008B3E0000FB380000AD3D000062
:10B938004DD50100C51B0000C51B0000C51B00003C
:10B94800C51B0000C51B0000C51B0000C51B00006F
:10B95800C51B0000C51B0000C51B0000C51B00005F
:10B96800C51B0000C51B0000C51B00009FDC0000B4
:10B97800C51B0000C51B0000C51B0000C51B00003F
:10B98800C51B0000C51B0000C51B0000C51B00002F
:10B99800C51B0000C51B0000C51B0000C51B00001F
:10B9A800C51B0000C51B000047FC0000C51B0000AC
:10B9B800A3FD0000C51B0000C51B00009FFD000083
:10B9C8002BFC0000C51B0000C51B0000C51B0000A8
:10B9D800772E01005B3301001B3501006F34010035
:10B9E800DF3301001F320100C51B0000C51B00002A
:10B9F800C51B0000BD350100C51B0000C51B0000AC
:10BA0800C51B0000C51B0000C51B0000C51B0000AE
:10BA1800C51B0000C51B0000C51B0000C51B00009E
:10BA2800C51B0000C51B0000C51B0000C51B00008E
:10BA3800C51B0000C51B0000C51B0000C51B00007E
:10BA4800C51B0000C51B0000C51B0000C51B00006E
:10BA5800C51B0000C51B0000C51B0000C51B00005E
:10BA6800C51B0000C51B0000C51B0000C51B00004E
:10BA7800C51B0000C51B0000C51B0000C51B00003E
:10BA8800C51B0000C51B00007916000081160000C8
:10BA9800191F0000352E0000892E0000ED3F000020
:10BAA800F93F000069510000D1B10000B9DC000085
:10BAB800B1FB0000C1350100691600008D160000B9
:10BAC8009D1700009D180000E51B0000851C000064
:10BAD800F51C0000791D0000251F0000A12E0000A4
:10BAE800953F00000540000005490000474C000054
:10BAF8009D4D0000A54D0000A94D0000C51B00008C
:10BB0800C54D0000FD4D0000054E00005B4E0000D5
:10BB18005F4E00006D4E0000956C0000C51B0000D4
:10BB280085510000C51B0000056D00003D94000014
:10BB380081A2000059A30000C9A30000C5CA0000E3
:10BB4800E5CA0000E1CE0000C1DC0000D1DC000045
:10BB58002FE2000049E4000091E8000083FB0000A8
:10BB680089FB00001D17010001000000000000080B
:10BB7800200000000002000004000000FF03000095
:10BB88005000000001000000010000000A07080141
:10BB9800000000000800000001040000010000008F
:10BBA800040004000800010000000000000000007C
:10BBB800000000000000000000000000000000007D
:10BBC800000000000000000000000000000000006D
:10BBD800000000000000000000000000000000005D
:10BBE800000000000000000000000000000000004D
:10BBF800000000000000000000000000000000003D
:10BC0800000000000000000000000000000000002C
:10BC1800000000000000000000000000000000001C
:10BC2800000000000000000000000000000000000C
:10BC380000000000000000000000000000000000FC
:10BC480000000000000000000000000000000000EC
:10BC580000000000000000000000000000000000DC
:10BC680000000000000000000000000000000000CC
:10BC780000000000000000000000000000000000BC
:10BC880000000000000000000000000000000000AC
:10BC9800000000000000000000000000000000009C
:10BCA800000000000000000000000000000000008C
:10BCB800000000000000000000000000000000007C
:10BCC800000000000000000000000000000000006C
:10BCD800000000000000000000000000000000005C
:10BCE800000000000000000000000000000000004C
:10BCF800000000000000000000000000000000003C
:10BD0800000000000000000000000000000000002B
:10BD1800000000000000000000000000000000001B
:10BD2800000000000000000000000000000000000B
:10BD380000000000000000000000000000000000FB
:10BD480000000000000000000000000000000000EB
:10BD580000000000000000000000000000000000DB
:10BD680000000000000000000000000000000000CB
:10BD780000000000000000000000000000000000BB
:10BD880000000000000000000000000000000000AB
:10BD9800000000000000000000000000000000009B
:10BDA800000000000000000000000000000000008B
:10BDB800000000000000000000000000000000007B
:10BDC800000000000000000000000000000000006B
:10BDD800000000000000000000000000000000005B
:10BDE800000000000000000000000000000000004B
:10BDF800000000000000000000000000000000003B
:10BE0800000000000000000000000000000000002A
:10BE1800000000000000000000000000000000001A
:10BE2800000000000000000000000000000000000A
:10BE380000000000000000000000000000000000FA
:10BE480000000000000000000000000000000000EA
:10BE580000000000000000000000000000000000DA
:10BE680000000000000000000000000000000000CA
:10BE780000000000000000000000000000000000BA
:10BE880000000000000000000000000000000000AA
:10BE9800000000000000000000000000000000009A
:10BEA800000000000000000000000000000000008A
:10BEB800000000000000000000000000000000007A
:10BEC800000000000000000000000000000000006A
:10BED800000000000000000000000000000000005A
:10BEE800000000000000000000000000000000004A
:10BEF800000000000000000000000000000000003A
:10BF08000000000000000000000000000000000029
:10BF18000000000000000000000000000000000019
:10BF28000000000000000000000000000000000009
:10BF380000000000000000000000000000000000F9
:10BF480000000000000000000000000000000000E9
:10BF580000000000000000000000000000000000D9
:10BF680000000000000000000000000000000000C9
:10BF780000000000000000000000000000000000B9
:10BF880000000000000000000000000000000000A9
:10BF98000000000000000000000000000000000099
:10BFA8000000000000000000000000000000000089
:10BFB8000000000000000000000000000000000079
:10BFC80000000000000000000000000000F459B26A
:10BFD80000000000FFF75E9F0000000000F463B15E
:10BFE80000000000FFF7419D00000000FFF76D9C76
:10BFF80000000000F3F7AE9800000000E9F7679E24
:10C0080000000000E5F7989D00000000E4F7829F1B
:10C0180000000000D3F77C9B00000000CFF7EC99EC
:10C0280000000000C9F7D89E00000000C8F75A9F1A
:10C0380000000000C8F7B49C00000000C2F7549F3D
:10C0480000000000C0F7449C00000000C0F7329ACE
:10C0580000000000BFF78C9D00000000BFF7569F4E
:10C0680000000000C2F71E9D00000000E1F7C29C1E
:10C0780000000000BFF7049800000000BEF7A69E6D
:10C0880000000000BDF77C9F00000000BBF76D9C1E
:10C0980000000000A2F73E9D00000000B7F7E29AFA
:10C0A80000000000DDF7329B00000000B9F7889E11
:10C0B80000000000B2F7669B00000000B2F7F69A95
:10C0C80000000000B2F77C9900000000B1F7869AE2
:10C0D80000000000DAF7669C00000000B0F76E9ED2
:10C0E80000000000C1F7FE9A00000000AEF73B9B7D
:10C0F80000000000A0F7F69D00000000A0F7169CC5
:10C1080000000000ABF7F09E00000000A2F7E09CE2
:10C1180000000000A2F7DE9A00000000A0F7FB98DC
:10C12800000000009FF7AE9F000000009EF7B69940
:10C13800000000009DF77C9D000000009BF7329DE9
:10C14800000000009AF7F89F00000000A0F7E09EAA
:10C1580000000000A0F70F9F0000000099F7DE9A8A
:10C1680000000000A0F7939C00000000D7F7289F6C
:10C1780000000000D7F71C9A00000000D7F7169CB3
:10C1880000000000D9F78A9C0000000093F7709A1D
:10C198000000000093F776990000000093F7CD9D0A
:10C1A8000000000093F77D9B0000000093F7B89A09
:10C1B8000000000092F7649F0000000092F7029DC3
:10C1C8000000000092F7D29A0000000092F7009950
:10C1D8000000000092F714980000000092F7129BEC
:10C1E800000000008FF7249900000000D7F7449B57
:10C1F80000000000D7F7129B00000000D6F7989EB9
:10C20800000000008CF7539C000000008CF7939D01
:10C21800000000008BF74B9F000000008CF78E9900
:10C228000000000089F7749E000000000000000074
:10C2380000000000000000000000000000000000F6
:10C2480000000000000000000000000000000000E6
:10C2580000000000000000000000000000000000D6
:10C2680000000000000000000000000000000000C6
:10C2780000000000000000000000000000000000B6
:10C2880000000000000000000000000000000000A6
:10C298000000000000000000000000000000000096
:10C2A8000000000000000000000000000000000086
:10C2B8000000000000000000000000000000000076
:10C2C8000000000000000000000000000000000066
:10C2D8000000000000000000000000000000000056
:10C2E8000000000000000000000000000000000046
:10C2F8000000000000000000000000000000000036
:10C308000000000000000000000000000000000025
:10C318000000000000000000000000000000000015
:10C328000000000000000000000000000000000005
:10C3380000000000000000000000000000000000F5
:10C3480000000000000000000000000000000000E5
:10C3580000000000000000000000000000000000D5
:10C3680000000000000000000000000000000000C5
:10C3780000000000000000000000000000000000B5
:10C3880000000000000000000000000000000000A5
:10C398000000000000000000000000000000000095
:10C3A8000000000000000000000000000000000085
:10C3B8000000000000000000000000000000000075
:10C3C8000000000000000000000000000000000065
:10C3D8000000000000000000000000000000000055
:10C3E8000000000000000000000000000000000045
:10C3F8000000000000000000000000000000000035
:10C408000000000000000000000000000000000024
:10C418000000000000000000000000000000000014
:10C428000000000000000000000000000000000004
:10C4380000000000000000000000000000000000F4
:10C4480000000000000000000000000000000000E4
:10C4580000000000000000000000000000000000D4
:10C4680000000000000000000000000000000000C4
:10C4780000000000000000000000000000000000B4
:10C4880000000000000000000000000000000000A4
:10C498000000000000000000000000000000000094
:10C4A8000000000000000000000000000000000084
:10C4B8000000000000000000000000000000000074
:10C4C8000000000000000000000000000000000064
:10C4D8000000000000000000000000000000000054
:10C4E8000000000000000000000000000000000044
:10C4F8000000000000000000000000000000000034
:10C508000000000000000000000000000000000023
:10C518000000000000000000000000000000000013
:10C528000000000000000000000000000000000003
:10C5380000000000000000000000000000000000F3
:10C5480000000000000000000000000000000000E3
:10C5580000000000000000000000000000000000D3
:10C5680000000000000000000000000000000000C3
:10C5780000000000000000000000000000000000B3
:10C5880000000000000000000000000000000000A3
:10C598000000000000000000000000000000000093
:10C5A8000000000000000000000000000000000083
:10C5B8000000000000000000000000000000000073
:10C5C8000000000000000000000000000000000063
:10C5D8000000000000000000000000000000000053
:10C5E8000000000000000000000000000000000043
:10C5F8000000000000000000000000000000000033
:10C608000000000000000000000000000000000022
:10C618000000000000000000000000000000000012
:10C628000000000000000000000000000000000002
:10C6380000000000000000000000000000000000F2
:10C6480000000000000000000000000000000000E2
:10C6580000000000000000000000000000000000D2
:10C6680000000000000000000000000000000000C2
:10C6780000000000000000000000000000000000B2
:10C6880000000000000000000000000000000000A2
:10C698000000000000000000000000000000000092
:10C6A8000000000000000000000000000000000082
:10C6B8000000000000000000000000000000000072
:10C6C8000000000000000000000000000000000062
:10C6D8000000000000000000000000000000000052
:10C6E8000000000000000000000000000000000042
:10C6F8000000000000000000000000000000000032
:10C708000000000000000000000000000000000021
:10C718000000000000000000000000000000000011
:10C728000000000000000000000000000000000001
:10C7380000000000000000000000000000000000F1
:10C7480000000000000000000000000000000000E1
:10C7580000000000000000000000000000000000D1
:10C7680000000000000000000000000000000000C1
:10C7780000000000000000000000000000000000B1
:10C7880000000000000000000000000000000000A1
:10C798000000000000000000000000000000000091
:10C7A8000000000000000000000000000000000081
:10C7B8000000000000000000000000000000000071
:10C7C800000000000000000000000000D41B8000F2
:10C7D8000400000000080000B422800004000000EB
:10C7E80008080000782380000400000010080000FA
:10C7F800C4278000040000001808000030288000CA
:10C808000400000020080000D81781000400000080
:10C818002808000000D08100040000003008000053
:10C828001C14820004000000380800002838820028
:10C8380004000000400800006C668300040000004B
:10C8480048080000ACAD8300040000005008000058
:10C858000808840004000000580800001C1A84001E
:10C868000400000060080000982284000400000012
:10C87800680800002C8A840004000000700800008A
:10C88800D8BE84000400000078080000C0BF8400FF
:10C89800040000008008000010C3840004000000A9
:10C8A8008808000078C9840004000000900800008F
:10C8B8002C91840004000000980800000C4C8200B1
:10C8C80004000000A0080000FCD984000400000057
:10C8D800A808000084E3840004000000B0080000F9
:10C8E80018EC840004000000B80800000C1985004A
:10C8F80004000000C008000084C086000400000096
:10C90800C80800004466850004000000D008000044
:10C9180010A2820004000000D8080000003B850037
:10C9280004000000E008000084B685000400000050
:10C93800E8080000E8B6850004000000F0080000E0
:10C94800CCBA850004000000F8080000F8C885008B
:10C958000400000000090000B0BE820004000000CE
:10C9680008090000ACD4850004000000100900008C
:10C97800E09B84000400000018090000B8FB850053
:10C98800040000002009000038E3860004000000CD
:10C99800280900006CEA8600040000003009000045
:10C9A800282586000400000038090000F0C0860031
:10C9B80004000000400900003CC386000400000099
:10C9C8004809000018F9860004000000500900001A
:10C9D80064FA860004000000580900004409870032
:10C9E8000400000060090000101387000400000024
:10C9F8006809000010338700040000007009000077
:10CA08005C3B87000400000078090000A0D986007C
:10CA1800040000008009000058DA860004000000C5
:10CA280088090000B8608700040000009009000031
:10CA380018E086000400000098090000ACE48200B9
:10CA480004000000A009000058EF82000400000064
:10CA5800A8090000E4F1820004000000B009000009
:10CA6800C0F2820004000000B8090000D4D1870099
:10CA780004000000C0090000D4D4870004000000AE
:10CA8800C8090000BCD6870004000000D0090000D7
:10CA9800F4D9870004000000D8090000C0DA870034
:10CAA80004000000E0090000DCDC8700040000004E
:10CAB800E8090000F8DC870004000000F009000025
:10CAC80088DD870004000000F80900007CE2870088
:10CAD80004000000000A0000CCE387000400000006
:10CAE800080A0000F4E5870004000000100A0000AE
:10CAF8009026880004000000180A0000A40B830098
:10CB080004000000200A00007C0E830004000000DE
:10CB1800280A00000819830004000000300A0000F9
:10CB28005058880004000000380A00002059880086
:10CB380004000000400A0000D462880004000000DD
:10CB4800480A00008469880004000000500A0000B8
:10CB5800DC98880004000000580A000068468369D1
:10CB680041690BB503695A4651460EB44A464146D7
:10CB780006B4C36882684168FEB40368C269EFF30B
:10CB880003810EB48269EFF3058106B40348016896
:10CB98000029FED06846884714B000BD3C14000048
:10CBA80062B6704772B6704704490840002803D03F
:10CBB80003490A6802430A6070470000FFFF00004B
:10CBC80000E100E004490840002804D003490A684D
:10CBD800C04302400A607047FFFF000080E100E0A8
:10CBE80002490968902288587047000044140000E0
:10CBF800024909689C2288507047000044140000CC
:10CC0800DDBAADBB0000000000000000000000001D
:10CC1800000000000000000000000000000000000C
:10CC2800024A11681060081C704700003C1400009C
:10CC38005648574900220A500168564A0A40564F3A
:10CC48000F403F4206D15046004202D040460042C3
:10CC580029D1FEE7FC2141580A680F2313400F2B06
:10CC6800F1D0012B01D00431F6E708314B4B1340CA
:10CC78004B4CA34206D100F0C1F8804600F0CAF838
:10CC88008146E9E7474CA342E6D10B1F1B68464C97
:10CC980023401824E3409C4600F0B0F8824600F098
:10CCA800B9F88346D8E7414921224250374A4049DA
:10CCB8008958FF23194219D051683E4B194215D0A3
:10CCC8001168344B1940D36A10E0A3420ED0C04615
:10CCD8000CE039498958194208D03849895819400F
:10CCE8009942FAD1364B11691942FCD049463F4264
:10CCF80004D19823CB581024E34001E0314BCB58A2
:10CD08001C242340002B01D000F092F840462E4905
:10CD1800086048462D49086050462D49086060461D
:10CD28002C4908602C490F602C4D2D490D602D4869
:10CD38002D49002204C08142FCD8043DAD46009D27
:10CD4800EC431023DD41AC4210D1240CA400274D44
:10CD58002C606B461B1B2648264D2860002C05D0EE
:10CD68001D68056004330430043CF9DC81B0224BB3
:10CD78001B490D68ED1A0D606C46E41AA546684615
:10CD880000090001854600F0D7FCFEE70000001806
:10CD980014060000FFFF0000000000F000FF0F0075
:10CDA800002A0800000E0800000000FFE001000053
:10CDB8000406000000003800180600000C060000F9
:10CDC800001000000804000044140000481400008B
:10CDD8004C1400005014000040140000000008002B
:10CDE800945C0100BC5F01009C6601009C5C010032
:10CDF8008C750200985C01000000010008680F2291
:10CE080004310240052AF9D1014A1040F7460000D2
:10CE180000F0FFFF08680F2204310240052AF9D10B
:10CE280080221042F6D0014A1040F74600F0FFFF7A
:10CE3800FEE7000000487047BC5F010000487047EB
:10CE4800FC5F0100004870476060010000487047BF
:10CE58000860010003F04ABA01238B402DE9F74F1F
:10CE6800B3F5001F28BF4FF40013042B38BF042369
:10CE78000330019320F00304FFF7E0FF354B002255
:10CE8800D3F800B015469446134627E0D1F800A021
:10CE9800A24522D301F10807019E07EB0A08C6F153
:10CEA8000009C4EB080609EA0606BE4215D3DDF8F8
:10CEB800049009F1FF3919EA070FCDF8009002D064
:10CEC800F71B072F09D9C4EB0A075F4505D242466D
:10CED80035466FB1BB4684460B4608464168002973
:10CEE800D4D13BB91C4A18461168013111602FE0B2
:10CEF80084460B46521B111B072909D918682A19A1
:10CF0800401A083918602951596851605A602246F8
:10CF18001968891A072903D85A68CCF8042004E04C
:10CF28005A50A1F108021A605B180C4800221968CF
:10CF38005A6002688A18026009480168083101606D
:10CF48008918084A1068814288BF116003F10800F7
:10CF5800BDE8FE8FF4030000F00300001404000095
:10CF6800480400000460010038B5194B50F8082C3B
:10CF7800196805468A1A1A60164BA0F108041A683F
:10CF8800083A1A60FFF75AFF02E0A34203D2184694
:10CF98004368002BF9D155F8082CA9188B4205D104
:10CFA80019685B685218083245F8082C63600368F2
:10CFB80003F108028218A24207D155F8082C9B18E1
:10CFC800083303606368436000E04460002038BDB4
:10CFD800140400004804000010B500214022044653
:10CFE80005F04ADC104B2360104B6360104BA360C4
:10CFF800104BE360104B2361104B6361104BA3612E
:10D00800104BE361104B2362104B6362104BA36219
:10D01800104BE362104B2363104B6363104BA36305
:10D02800104BE36310BD00BF00000000F83701009B
:10D03800F8370100915C0100945C0100BC5F0100BD
:10D04800BC5F01009C6601009C660100FCB6020002
:10D05800FCB602008C6A0300FC000000000100001E
:10D068000000000000000000F0B52D4D91B06846AA
:10D07800FFF7B2FF2978002937D10898099C241AAC
:10D0880006D0224605F0F8DB0898214609F06EDD47
:10D0980022462449244805F015DC244B00241C7042
:10D0A80001232B70224D09F091DC2B68002B33D023
:10D0B8001A78002A30D09F895E890CE02B681D4AB7
:10D0C800D98910680AF076DC0134014630B1184B72
:10D0D800186806F0B1DBA319BB42EFDB164B2968D1
:10D0E8001868012206F0ECDB16E0144E317899B985
:10D0F8000A980B9C241A06D0224605F0BDDB0A9834
:10D10800214609F033DD08480D49224605F0DADBEF
:10D1180000232B700123337009F058DC11B0F0BDE7
:10D12800FC0300009AFB88005539010014600100D7
:10D1380044040000900400002C0400006C6001000E
:10D14800521E8900014B1868704700BF945C0100AB
:10D15800002070472DE9F04F9DB00AA8FFF73CFF6B
:10D16800FFF7F0FF0446FFF7F3FF0A9B0B9A0F99AE
:10D17800D21A0E9B0D9DC3EB01091199109B6E4E9F
:10D18800CB1A0C99DFF80082C1EB050B9344326887
:10D19800D8F8001002F50052521A4A44D2185A44DC
:10D1A800141924180994DFF8E4A1644C644F226828
:10D1B800DAF800506348AD183A680893C5EB020CDA
:10D1C800CDF81CC005F07EDB089B09F57E71019344
:10D1D80003F57E7307339B0A07310BF57E72890AC4
:10D1E800073202930823920A0091039359464B464B
:10D1F800554805F067DB336820683968DDF81CC0DE
:10D208000190039300F57E7003F57E730CF57E762E
:10D2180001F57E7207300733800A9B0A073207360A
:10D22800B60A920A0290049348486346009605F0AD
:10D2380049DB099905F57E7201F57E7307339B0A70
:10D248000732920A00932946099B414805F03ADBC8
:10D25800404B414F1968414805F034DB3968404B71
:10D268000A6846469A4203D03E4805F02BDB25E083
:10D278001A910B4604E015683948131D854203D1FD
:10D288001A461BAB9A42F6D333681AAD0093364858
:10D298002B461A9205F016DB3B681A9AE91A3348AE
:10D2A800D31A0A46009305F00DDB33681A9A591B06
:10D2B8002F489B1A0A46009305F004DB2D4B1B6888
:10D2C8004BB31A783AB35989DD891A8901FB05F6F7
:10D2D80038354D4306F57E7307339B128DE82800D9
:10D2E80005F57E7307339B1202932348334605F0F6
:10D2F800E9DA2368DAF80020991B9B185B1B03F511
:10D308007E7001F57E720730800A07320090920A1B
:10D318001A4805F0D7DA1A4B1D6809F081DD044672
:10D3280009F078DD294603462246164805F0CADA90
:10D338001DB0BDE8F08F00BF0460010014040000B8
:10D34800F40300008839010097390100D63901003B
:10D358001B3A0100F003000068600100563A010022
:10D368004B415453713A0100953A0100CC3A0100FF
:10D37800F13A010044040000173B0100443B01005E
:10D38800040400006C3B0100106001004804000028
:10D3980008B57146034805F095DA0120BDE8084054
:10D3A80009F0249E9A3B010000487047186001006C
:10D3B8002DE9F34107460C4609F032DD10B909F0B2
:10D3C80035DD3AE0002620460DF106016A46ADF843
:10D3D8000660009607F103080AF072D9009D28F04C
:10D3E8000308454440F638039D4226D82DB3284605
:10D3F8003146FFF731FD0446F8B13146009A05F091
:10D408003BDA009BA781ED1AE218C8EB050802EB8E
:10D418000803A3606368013D62F3140363601B0C97
:10D4280065F34F13E380204609F0DEDC01232080FA
:10D43800A370BDF80630E38104E0044B00241A68A9
:10D4480001321A602046BDE8FC8100BF4C04000090
:10D4580038B50446E389590621D4A278013AD2B2F4
:10D46800A270002A27D1E27862B1134B204653F804
:10D478002250E9890AF0D4D928462146BDE8384027
:10D4880006F0509ADA0516D40C4B2046A360218882
:10D4980009F0D4DC2046BDE83840FFF765BD074BEE
:10D4A8002046A3602188A56B09F0C8DC2046FFF759
:10D4B8005BFD2C46CEE738BD50610100EFBEADDE06
:10D4C800F8B51F4E01220D463068002102F0AAFF70
:10D4D800002108220746306802F0A4FF022D014609
:10D4E80010D107EA000414F4806406D0306821F4EF
:10D4F8008061002202F096FF2C46FA041ED544F003
:10D5080004041BE0052D10D107F40064D4F10104D4
:10D5180038BF0024BB0511D5306841F48061002272
:10D5280002F080FF44F0200408E035B9306829464D
:10D538000522BDE8F84002F075BF00242046F8BD7A
:10D548000004000029B9034B11461868072202F0AD
:10D5580069BF7047000400002DE9FF470446FFF744
:10D5680023FF2368C462032B03D1474B18680FF0CD
:10D57800EFD92368A3F110020F2A04D804B0BDE83C
:10D58800F04709F0CF9B032B0FD1404AE36C22F000
:10D598000102934209D1626C06339361636C4FF0C8
:10D5A800FF321A6004B0BDE8F087656CFFF7CAFD6A
:10D5B800374E636CF169C3EB000A3268354805F0F1
:10D5C80081D9A36C21680093636C22460193A368F8
:10D5D80031480293E36800270393E36C05F072D99E
:10D5E800E36904F110010093236A2C480193636AEC
:10D5F8004FEA9A0A0293A36AB94603930EC905F043
:10D6080061D9A36B04F12C010093E36B24480193C7
:10D61800236CB84602930EC905F054D9EB6821482B
:10D62800009395E80E0005F04DD9EB6905F110015E
:10D6380000931D480EC905F045D918E07A59D3075B
:10D648000FD5FF2A0DD9194B9A4204D902F162432A
:10D65800B3F5801F05D81648394605F033D909F1C6
:10D6680001090437B9F10F0F08F1010801D8D045B5
:10D67800E4D13368002043F4806386E8180004B0DE
:10D68800BDE8F04709F0B29C00040000D1C080005A
:10D6980070600100C63B0100DC3B0100113C010049
:10D6A800443C0100733C0100913C0100F837010043
:10D6B800AF3C0100036810B5022B044603D0084BA9
:10D6C80018680BF0BDDE2046FFF746FF2368022BE3
:10D6D80005D0034B1868BDE810400BF0F19E10BD53
:10D6E80000040000014B1868704700BFB4600100D7
:10D6F8002DE9F04104464C200E46154698460AF09E
:10D70800D1D80746A0B100214C2205F0B5D84FF476
:10D71800F0637B634FF47A73FB631C233B640C2335
:10D728007B640423C7F80C803E607D60BC60BB64EA
:10D738003846BDE8F081704710B515F04BFF15F07D
:10D7480059FF15F0B3F816F005F8044615F06CF813
:10D7580020461BF0D9FCFFF787FC2046BDE81040A7
:10D7680009F0AE9A002301E0013340080028FBD1FC
:10D77800C3F120007047C0177047431E23EA00001A
:10D78800FFF7F9BF4840FFF7F8BF22EA0002084058
:10D798001043704708B5FFF7F8FFC0B208BD2DE980
:10D7A800F843DDF8208006460D46144699460027C2
:10D7B80007E0E95DE25D3046FFF7ECFF08F8070097
:10D7C80001374F45F5D1BDE8F8830379013BDBB25A
:10D7D800A3EB511300EB83008068D0F1010038BF40
:10D7E8000020704710F0010130B51AD00223012241
:10D7F800591E01249DB214FA01F1202D02D09C403B
:10D80800013C01E04FF0FF3400FB02F52C40A1423F
:10D8180034BF891811460133212B0A46E8D108463E
:10D8280030BD084630BD38B5054600F51770FEF323
:10D83800BDF700240AE004F1760005EB8000436898
:10D8480013B10430FFF304F70134A4B2B5F858312A
:10D85800A342F0D838BD2DE9F041061D9AB0044620
:10D868000431304604321D46FEF384F60746002D87
:10D8780030D0204601210AAA202305F10408FFF32D
:10D88800FDF647B920462946FFF368F60028D4BFBD
:10D898000020012000E001200021FFF773FF31463E
:10D8A800054642463046FFF3FBF4012112AA202325
:10D8B8002046FFF3E3F602AEE8B20AA912AA202333
:10D8C8000096FFF76CFF63682046012132469B00F3
:10D8D80000F0AEDA1AB0BDE8F081F0B5071D9BB0D4
:10D8E80004460431384604321D46FFF3D9F406468F
:10D8F80025B320230AAA01212046FFF3BFF63046AC
:10D908000021FFF73FFF2A1D064639463846FEF339
:10D9180031F6012112AA20232046FFF3AFF602AD0B
:10D92800F0B20AA912AA20230095FFF738FF63680E
:10D93800204601212A469B0000F07ADA1BB0F0BD90
:10D948002DE9F041B8B0154606468846FFF3C4F6FF
:10D958006A68044602329300502B4FD8D8F8043036
:10D9680003339B00902B49D824A9FFF379F5074688
:10D97800002844D06A6805F10801920026A804F03E
:10D98800F7DED8F80420204669460332FFF368F52D
:10D998000446002833D02846FFF3A2F66D686D01CF
:10D9A800451B00E0203515F11F0FFBDB20464146E3
:10D9B800FFF306F63DB13846294600F079DA2046ED
:10D9C800294600F075DA201D391DFFF39FF2204625
:10D9D8003946FFF3C3F5002805DB204621463A46C1
:10D9E8000023FFF77AFF1DB12046694200F060DA94
:10D9F80030462146FFF3E4F5012000E0002038B06E
:10DA0800BDE8F08108B528B1FFF36AF6D0F101004E
:10DA180038BF002008BD2DE9F0410446ACB00D46E2
:10DA28001646FFF359F66B6862682B94B2EB430F06
:10DA380001D3201D08E001210022DB00FFF3CAF416
:10DA48002B9000284ED00430291DFFF3DBF230461E
:10DA5800FFF7D8FF0121FFF795FE20230BAA01212C
:10DA680080462046FFF30AF62B981BAD201A18BFF4
:10DA780001200121FFF786FE2B9907462046FFF378
:10DA88009FF5012113AA20232046FFF3F7F5F8B2EA
:10DA980013A90BAA20230095FFF781FE01212A462E
:10DAA80020232046FFF3EAF5324620462B99FFF75C
:10DAB80047FF0646B8B1012123AA20232046FFF3D9
:10DAC800DDF503AE5FFA88F023A92A4620230096E5
:10DAD800FFF765FE3246204601212023FFF3CEF5ED
:10DAE800012600E006462B9B9C4202D02BA8FFF3A0
:10DAF800AFF530462CB0BDE8F0812DE9F74FD2F8EC
:10DB080004A007795FFA8AF991F80480144600F1B5
:10DB1800080609F1FF390D4630460021BA005FFAC0
:10DB280089F9083404F0A8DE013F08F1FF3104EB5D
:10DB3800890B6FEA0909C9B24FEA8909FFB20835AA
:10DB48004FEA880805EB8105CDF80490002306EB21
:10DB58008706C8F1000900211DE05FFA8AF84FEA3C
:10DB680088085C46C8EB0608304600270DE03A46B0
:10DB7800076854F804C90023D2196F5843F1000309
:10DB8800E7FB0C2340F804291F464045EFD10198D4
:10DB980004393350043E4945DFD10020BDE8FE8FEB
:10DBA8002DE9F04FBDB088464699D0F80C900C1D71
:10DBB8008568039400684C6808F10401049109F130
:10DBC800040105910790114628461A460023FFF7DD
:10DBD80094FF98F8042099F804302E7908920021CF
:10DBE80009F108009A000835069306F1FF3A04F097
:10DBF80043DE039805EB8A0AA50040194FEAC40BD7
:10DC08000A90CBEB0A0B5146A4460020AE462BE007
:10DC18000B68079A0A9F53430E460993254600202E
:10DC280002910EE057F8043931680B93002342182B
:10DC38000B98099943F10003E1FB002346F80429F6
:10DC4800184615F1FF35EDD20299A5004D1B07E0E6
:10DC58001E680023821943F1000345F80429184679
:10DC6800AB452B46F4D304391CF1FF3CD0D2059ABE
:10DC7800069B754602EB8306CBF80000CEEB0A0A3A
:10DC88002246002303E05AF80310F150043B013AFE
:10DC9800971CF8D10021D9F80800FFF773FD059902
:10DCA800039A07460498FFF3FBF202212B464046ED
:10DCB8000CAAFFF3E3F40498089900EB810303E04E
:10DCC80056F8042943F8042914F1FF34F8D2022144
:10DCD8001CAA2B464046FFF3D1F42CACF8B21CA981
:10DCE8000CAA2B460094FFF75AFD40460221224613
:10DCF8002B4600F09DD800203DB0BDE8F08F2DE9FF
:10DD0800F04F04468BB0184609921F460891FFF35E
:10DD1800E3F47B6804F5AC7206929B0000220025B0
:10DD28000590A4F8582107932E4668E004EB86096D
:10DD3800D9F80410002960D00698FFF3D7F0804680
:10DD480000285AD101214246079B0598FFF342F368
:10DD580005F1200A04EB8A0ACAF85C01D9F8040024
:10DD680004EB8503C3F85C01FFF7FCFCC0F11F005E
:10DD7800C0B204900999DAF85C01FFF321F4C146B6
:10DD8800DDF810A032E04FF0010B05F1200884F80F
:10DD980060B204EB8808D8F85C1104F5177C60467B
:10DDA8000A460B46CDF80CC00097FFF7F9FE049A17
:10DDB800DDF80CC053B2C9EB03030BFA03FB04EB09
:10DDC80086035B681BEA030F0AD0002384F86032DD
:10DDD800D8F85C116046089A0B460097FFF7E0FEFA
:10DDE8000AF1FF3A5FFA8AFA09F101091AF0800F7D
:10DDF800C9D00135EDB2A4F858510136F6B294F8FD
:10DE08004431B34292D801200BB0BDE8F08F2DE920
:10DE1800F04F8346ADF52F7D18461C46894692463D
:10DE2800FFF35AF4676801258046BE0000212422CA
:10DE3800A1A804F021DD2946002233464046A195D9
:10DE4800FFF3C8F2294600223346AB904046FFF361
:10DE5800C1F2294600223346AC904046FFF3BAF29D
:10DE680002217B198B40AD90A1AA4046FFF3B2F284
:10DE7800AA90AB9800F008D8267904F10805013E6D
:10DE8800F6B255F8260010F0010000F093804946DC
:10DE9800AA9A2346AC98FFF32DF72346AB99AA9A82
:10DEA800AD98FFF327F755F82600FFF79BFC0021F4
:10DEB80005464FF41E7203A804F0DEDC05236A420F
:10DEC80021469AA88DF80C30FEF37CF4514603A83D
:10DED800FEF3DEF3234603A8AC99AD9AFFF70FFFD4
:10DEE8009DF8507107F1FF381FFA88F80FFA88F388
:10DEF800002B4FDB03A800EB8303596859A8FEF3F6
:10DF0800BBF61F2846D803A901EB8003D3F8DC1120
:10DF1800AD98FFF355F3C8F1000800252DE0AD9941
:10DF280001238DF86C329AA80A460B460094FFF735
:10DF380037FEBB1E1BB203A8EA18C3185B1993F877
:10DF48000431314601369942E9DB00EB8203596816
:10DF580091B1002359A88DF86C32FEF38DF61F2875
:10DF680018D803A901EB8003AD990094D3F8DC21FC
:10DF78009AA80B46FFF714FE013D45454FF00006F1
:10DF8800D7D19AA85946AD9AAB9B8DF86C6200948C
:10DF9800FFF706FE03A8FFF746FCACA8FFF358F30B
:10DFA800ADA8FFF355F3ABA8FFF352F3AAA8FFF30C
:10DFB8004FF301200DF52F7DBDE8F08F2DE9F04FCF
:10DFC800B3B0039018461C468A469346FFF384F381
:10DFD800D4F80490012509F10107BF0080464FEAF3
:10DFE800890600213A4605A804F046DC29460022A5
:10DFF800334640460595FFF3EDF1294600223346A6
:10E008002E904046FFF3E6F12946002233462F9032
:10E018004046FFF3DFF12946002233463090404660
:10E02800FFF3D8F102213B46319005AA4046FFF3A1
:10E03800D1F12D902E98FFF327F7267904F10805E2
:10E04800013EF6B255F82600DAF8047010F0010027
:10E0580000F08B8051462D9A23462F98FFF34AF6FD
:10E068002E992D9A23463098FFF344F655F826004A
:10E07800FFF7B8FB7F014242214626A8FEF3A2F330
:10E08800013F01E0A6F12007BEB258463146FFF72E
:10E098009CFB0028F6D109F1FF393FB20BF1080AC1
:10E0A800A9EB67175AF82700FFF75CFB361A3BE025
:10E0B800309901250A460B4626A88DF89C500094F5
:10E0C800FFF76EFD294616AA20233098FFF3D6F2F3
:10E0D80030994FF000080B462F9A26A88DF89C809F
:10E0E8000094FFF75DFD1EAA294620233098FFF310
:10E0F800C5F206F01F0015FA00F0A9EB67175AF8E9
:10E10800273041461840FFF73DFB0EAFC0B216A9B5
:10E118001EAA20230097FFF742FB309829463A466B
:10E128002023FFF385F6013EB6B237B2002FBFDADF
:10E1380000230399309A8DF89C3026A82E9B0094D2
:10E14800FFF72EFD26A8FEF331F32FA8FFF380F288
:10E1580030A8FFF37DF22EA8FFF37AF22DA8FFF383
:10E1680077F231A8FFF374F2012033B0BDE8F08FE5
:10E178002DE9F04FBFB0039018461D4689469246D8
:10E18800FFF3AAF26E6802230124B60000278DF877
:10E19800F7300A233C9321463A4633468046379760
:10E1A8003B978DF8F640FFF315F121462D903A463E
:10E1B80033464046FFF30EF121462E903A46334649
:10E1C8004046FFF307F102212F903A463346404676
:10E1D800FFF300F1214630903A4633464046FFF3BC
:10E1E800F9F0214631903A4633464046FFF3F2F0C3
:10E1F800214632903A4633464046FFF3EBF021463B
:10E2080033903A4633464046FFF3E4F021463490D3
:10E218000DF1F60223463398FFF30AF621460DF175
:10E22800F70223463498FFF303F621463A4633466D
:10E238004046FFF3CFF0214635903A4633464046F4
:10E24800FFF3C8F0214636903A4633464046FFF37E
:10E25800C1F0214638903A4633464046FFF3BAF0BB
:10E26800214639903A4633464046FFF3B3F02146FB
:10E278003A903CAA23463098FFF3DAF530982B46BB
:10E2880002462946FFF729FB03992A462D98FFF7EE
:10E29800C2FB2B4630992D9A2E98FFF32BF52E9919
:10E2A8002A462F98FFF7B7FB2E982F9A01462B4640
:10E2B800FFF7D1FA2E98FFF7A5FB2146FFF762FA80
:10E2C80029468446349A2F982B46CDF808C0FFF784
:10E2D80004FB2E992F9A2B463198FFF76FFE4A467A
:10E2E8002B4630992E98FFF305F52E9829460246BD
:10E2F800FFF374F251462E9A2B463598FFF3FAF441
:10E3080052462B462E982946FFF7E7FA48462946F3
:10E318002F9AFFF363F22E982F9A01462B46FFF3AC
:10E32800E9F42F983399319A2B46FFF794FA2E99EE
:10E338002F9A2B463698FFF3DDF4202321461DAA99
:10E348003598FFF39BF12023214625AA3698FFF341
:10E3580095F1DDF808C00DF1540B5FFA8CF01DA99A
:10E3680025AA3346CDF800B0FFF719FA33462146FF
:10E378005A464046FFF32EF02A46014637902E981B
:10E38800FFF749FB2E98379A01462B46FFF3B2F464
:10E398004946379A2B462F98FFF3ACF42E982F9ABC
:10E3A80001462B46FFF757FA524639982E992B46C5
:10E3B800FFF751FA30992D9A2B462E98FFF39AF4CD
:10E3C8002B462E99379A3898FFF394F438992A46B1
:10E3D8002E98FFF720FB2E98389A01462B46FFF31C
:10E3E80089F44946389A2B462F98FFF383F42E98E0
:10E3F8002F9A01462B46FFF72EFA52463A982E9945
:10E408002B46FFF728FA339A2B462E982946FFF712
:10E4180064FA2E982146FFF34BF52E982B460246B8
:10E428003999FFF7CBFD2E98FFF7ECFA2146814684
:10E438002E98FFF3AFF2214640EA0900FFF7A2F950
:10E44800214681461DAA20233998FFF317F15FFA68
:10E4580089F92023214625AA3A98FFF30FF1484667
:10E468001DA925AA3346CDF800B0FFF798F9214633
:10E478005A4633464046FEF3ADF720233B902146EB
:10E488001DAA3798FFF3FAF02023214625AA3898C9
:10E49800FFF3F4F00DF1140A48461DA925AA3346E6
:10E4A800CDF800A0FFF77BF92023284621461DAAB6
:10E4B800FFF3E4F006F1FF393EAB994419F8843CC8
:10E4C80003F00303032B03D0444804F0FBD954E0C2
:10E4D8003A46404621463346FEF37CF73B468046A3
:10E4E8002946339A2E98FFF7B6F92E980221FFF3A2
:10E4F800DFF42B463B992E9A4046FFF75FFD2146F5
:10E508001DAA20230398FFF3B9F025AA202321464A
:10E518004046FFF3B3F019F8840C19F8641C00F0B6
:10E52800010001F00101FFF72DF929462B460746A6
:10E5380042462E98FFF7D1F921461DAA20234046CE
:10E54800FFF39CF0214625AA20232E98FFF396F08E
:10E558000AEB0605F8B21DA925AA33460095FFF770
:10E568001EF92146524633464898FFF361F449980C
:10E5780021462A463346FFF35BF42DA8FFF368F0E3
:10E588002EA8FFF365F02FA8FFF362F031A8FFF380
:10E598005FF030A8FFF35CF032A8FFF359F033A81E
:10E5A800FFF356F034A8FFF353F035A8FFF350F00B
:10E5B80036A8FFF34DF037A8FFF34AF03BA8FFF366
:10E5C80047F038A8FFF344F039A8FFF341F03AA820
:10E5D800FFF33EF000203FB0BDE8F08FE93C0100BA
:10E5E80000487047883D010000487047103D010011
:10E5F800004870474C3D010000487047C43D010089
:10E60800012801D1FFF7F0BF022801D1FFF7F0BFC1
:10E61800032801D1FFF7F0BF042801D1FFF7E0BFBD
:10E628000020704700487047DC60010000487047D0
:10E63800305D0100014B43F8201070475061010024
:10E64800034B53F82000431A584240EB030070472D
:10E658005061010042893C2928BF3C210346914270
:10E668002CBF0846104698817047000000F134021C
:10E67800342A08B5034606D905482021054A04F07E
:10E6880061D9034808BD044A434252F8230008BD33
:10E69800306101007F3E01000CA2880038B5049C5F
:10E6A8001D467CB1FF2B0DD002B95BB96B1C2070E5
:10E6B800A170637025B11146E01C2A4604F058D8B1
:10E6C80003356419204638BDC0F380407047000008
:10E6D800044B00F44032134303420CBF00200120D6
:10E6E800704700BFD091540038B50546FFF7F0FFDA
:10E6F80038B10B4B2B4033B915F4900418BF1824CC
:10E7080002E0044600E01024284605F0BDDF20B1F1
:10E71800034B2B40002B18BF1024204638BD00BFE8
:10E72800C4D1040000487047685D01000048704784
:10E73800785201000020704708B5FFF7F3FF4178D1
:10E748000278012313FA01F113FA02F20A438178DD
:10E758008B4042EA030008BD2DE9F7434FF000085B
:10E7680004460F46164699464546012303FA08F320
:10E7780013EA090F2BD063692046222B0ADDE369CF
:10E788005A0607D540F6270100220EF0AFDA0146F7
:10E79800204600E000214FF4C4620EF047D9C0F8CB
:10E7A800008063692046222B0ADDE3695B0607D5F2
:10E7B80040F6270100220EF099DA0146204600E0D3
:10E7C800002140F224620EF031D903681D4308F19C
:10E7D8000108B8F11F0FC8D19DF828304BB145B1D9
:10E7E8000123009320462B4639463246FFF7B4FFF3
:10E7F80005432846BDE8FE83816838B540F63C03EA
:10E808009942044628D1C3680B2B03D84FF0A8714E
:10E81800994001D40C2B1FD949F218239A4205D0EC
:10E8280049F640439A4217D10C4D00E00C4D6369FC
:10E838002046222B0ADDE369590607D540F6270151
:10E8480000220EF053DA0146204600E0002140F293
:10E85800DC620EF0EBD8056038BD00BF99010100FD
:10E86800B601010038B543690446222B0ADDC369A5
:10E878005D0607D540F6270100220EF037DA01467B
:10E88800204601E0204600214FF4C0620EF0CED8A9
:10E898000568204605F07C05AD08FFF747FF03E053
:10E8A8008378AB4207D00C3010B10388002BF7D126
:10E8B8002046FFF73FFF03884FF47A70584338BD6E
:10E8C80070B5044616460D460AF0B0DD94F860238C
:10E8D800094B002818BF0123012A94F8682308BFB0
:10E8E800D4F85C33012A0CBFD4F864236FF00042DB
:10E8F8002B60326070BD00BF0100820E2DE9FF471A
:10E908001D46436990460022222B044689460292FE
:10E91800039209DDC3695F0606D540F627010EF0AC
:10E92800E5D90146204601E0204600214FF4C462A3
:10E938000EF07CD80560236A20460C2B636916DD2F
:10E94800222B0ADDE3695E0607D540F6270100227F
:10E958000EF0CCD90146204600E000214FF4C562F4
:10E968000EF064D807683F0CBF05BF0D14E0222BDA
:10E978000ADDE369590607D540F6270100220EF0A3
:10E98800B5D90146204600E000214FF4C5620EF0DB
:10E998004DD807683F0AFFB20123AB400026204646
:10E9A800494642460096FFF7D7FE0546012212FA6D
:10E9B80006F32B4207D00092204649464246FFF70D
:10E9C800CBFE25EA000501361F2EEFD1204602A90D
:10E9D80003AAFFF775FF029B002625EA030A3546BE
:10E9E8000123AB4013EA0A0F08D0204649464246A5
:10E9F800EBB2FFF783FF864238BF064601351F2D6D
:10EA0800EED1B81C801904B0BDE8F0872DE9F041BB
:10EA1800069E044615461F46FFF78EFE002870D056
:10EA280010EA060800EA07072CD063692046222B63
:10EA38000ADDE3695A0607D540F6270100220EF0E1
:10EA480055D90146204600E0002140F21C620DF035
:10EA5800EDDF63690646222B20460ADDE3695B0683
:10EA680007D540F6270100220EF040D9014620467E
:10EA780000E0002140F21C620DF0D8DF036843EA91
:10EA880008033360002F2BD063692046222B0ADD50
:10EA9800E3695E0607D540F6270100220EF026D965
:10EAA8000146204600E000214FF4C3620DF0BEDFAE
:10EAB80063690646222B20460ADDE369590607D515
:10EAC80040F6270100220EF011D90146204600E049
:10EAD80000214FF4C3620DF0A9DF03681F433760BC
:10EAE800079B9A0305D4BDE8F0810A2008F0C8DB2B
:10EAF80001E040F2DD54D5F8E0319B0301D4013C3C
:10EB0800F3D1BDE8F081F7B51E4643690446222BD0
:10EB18000F4615460BDDC3695A0608D540F627018E
:10EB280000220EF0E3D800970146204602E0009745
:10EB3800204600214FF0FF334FF4CA620EF026DC66
:10EB48006369222B0CDDE3695B0609D540F62701D2
:10EB5800204600220EF0CAD800960146204602E060
:10EB680000962046002140F254622B460EF00EDC3F
:10EB7800FEBDF7B51E4643690446222B0F461546CF
:10EB88000BDDC3695B0608D540F6270100220EF0AD
:10EB9800ADD800970146204602E0009720460021A4
:10EBA8004FF0FF334FF4CB620EF0F0DB6369222B9A
:10EBB8000CDDE369590609D540F6270120460022F5
:10EBC8000EF094D800960146204602E000962046B2
:10EBD800002140F25C622B460EF0D8DBFEBDF7B593
:10EBE8001E4643690446222B0F4615460BDDC369B2
:10EBF800590608D540F6270100220EF077D800976D
:10EC08000146204602E00097204600214FF0FF33DE
:10EC18004FF4CC620EF0BADB6369222B0CDDE3699A
:10EC28005A0609D540F62701204600220EF05ED884
:10EC380000960146204602E000962046002140F258
:10EC480064622B460EF0A2DBFEBD436913B5222B8E
:10EC580004460DDDC3695B060AD540F6270100228C
:10EC68000EF044D84FF4806301460093204604E038
:10EC78004FF480630093204600214FF4C0620EF0E9
:10EC880085DB1CBD2DE9F04F013AD2B2082A85B0C8
:10EC980004469A4615D8374B9E5C374B9F5C374BDA
:10ECA80013F80290364B9B5C0393364B13F802B073
:10ECB800354B9B5C0293354B13F80280344B9D5CBB
:10ECC80007E00025A8460295AB460395A9462F46BE
:10ECD8002E466369222B0DDDE3695B060AD540F6F3
:10ECE8002701204600220EF001D8CDF800900146F9
:10ECF800204603E0CDF80090204600214FF0FF3376
:10ED08004FF4CB620EF042DB6369222B0FDDE3691F
:10ED180058060CD540F62701204600220DF0E6DF04
:10ED280007EA0A03B34001460093204605E007EAD4
:10ED38000A03B34020460093002117FA06F340F275
:10ED48005C620EF023DB039B83B148FA0BF208EAFE
:10ED58000A0848FA0BFB2046029C2946A2400BFAF7
:10ED680004F305B0BDE8F04FFFF703BF05B0BDE8F9
:10ED7800F08F00BF5C510100655101006E51010028
:10ED88007751010080510100EC530100F851010056
:10ED9800015201002DE9F843044689460DF040DE92
:10EDA8000021064620460EF0EBDB80462046FFF7A2
:10EDB800B9FC074620460EF055DA49460546424654
:10EDC8003B782046FFF79AFD0B2302305843074B48
:10EDD8003146EB18B3FBF5F5454320460EF0D0DB82
:10EDE8000A23B5FBF3F5A8B2BDE8F8833F420F004C
:10EDF80038B543690446222B0ADDC3695D0607D589
:10EE080040F6270100220DF071DF0146204601E09F
:10EE18002046002140F214620DF008DE636905689F
:10EE2800222B20460ADDE369590607D540F627015B
:10EE380000220DF05BDF0146204600E0002140F291
:10EE480014620DF0F3DD03689D4214D06369204617
:10EE5800222B0ADDE3695A0607D540F6270100226E
:10EE68000DF044DF0146204600E0002140F2146224
:10EE78000DF0DCDD0568284638BD38B51C461D6830
:10EE8800FFF7B6FF03462360401B38BD2DE9F74363
:10EE9800002504460F46164698469DF82890019589
:10EEA800FFF7A6FF019063692046222B0ADDE3697C
:10EEB8005B0607D540F6270100220DF017DF014653
:10EEC800204600E000214FF4C2620DF0AFDDB9F139
:10EED800010F006801D108B90EE050B9B8EB451F21
:10EEE80009D920463946324601ABFFF7C6FF2D182F
:10EEF800D9E7002000E001200B9B6D011D60BDE8F3
:10EF0800FE832DE9F04F002685B08046894692465B
:10EF18000396012503AF40464946524643F69823D7
:10EF280000950197FFF7B2FF044688B98DE8810084
:10EF38004023404649465246DDF80CB0FFF7A6FF8D
:10EF4800039B38B99B445E4443F697239E42E0D91D
:10EF5800284600E0204605B0BDE8F08F2DE9F843CB
:10EF6800994643690446222B0E461546DDF8208053
:10EF7800099F0ADDC3695A0607D540F62701002212
:10EF88000DF0B4DE0146204601E0204600214FF492
:10EF9800C3620DF04BDD03682046C9F80030636991
:10EFA800222B0ADDE3695B0607D540F6270100221C
:10EFB8000DF09CDE0146204600E0002140F21C6274
:10EFC8000DF034DD03682046C8F80030D5F8E0318C
:10EFD8003B60FFF7B1FB0746002872D0D5F8E03157
:10EFE800990304D4204631462A46FFF78AFF63690D
:10EFF8002046222B0ADDE3695A0607D540F6270189
:10F0080000220DF073DE0146204600E000214FF497
:10F01800C3620DF00BDD63690646222B20460ADD2C
:10F02800E3695B0607D540F6270100220DF05EDE96
:10F038000146204600E000214FF4C3620DF0F6DCE3
:10F048000368FF433B40336063692046222B0ADD97
:10F05800E3695E0607D540F6270100220DF046DE7B
:10F068000146204600E0002140F21C620DF0DEDC83
:10F0780063690646222B20460ADDE369590607D54F
:10F0880040F6270100220DF031DE0146204600E05F
:10F09800002140F21C620DF0C9DC036840F2DD5427
:10F0A8001F40376002E00A2008F0EAD8D5F8E031BE
:10F0B8009A0301D5013CF6D16420BDE8F84308F075
:10F0C800DF98BDE8F88337B5044601AB4FF400611B
:10F0D8006A460EF063DA63692046222B0ADDE3698B
:10F0E8005D0607D540F6270100220DF0FFDD014639
:10F0F800204600E000214FF4CE620DF097DC056851
:10F1080015F0005316D063692046222B0ADDE36907
:10F11800590607D540F6270100220DF0E7DD014624
:10F12800204600E000214FF4CE620DF07FDC056040
:10F13800012500E01D4620469DE806000EF04CD94A
:10F1480028463EBD70B504460E460DF069DC002128
:10F15800054620460EF014DA314602462046FFF7EF
:10F1680081FB2946064620460EF00ADA304670BD75
:10F17800014B1860704700BF94610100F8B5484F13
:10F1880004463A68002A40F089804369222B09DD49
:10F19800C3695B0606D540F627010DF0A7DD0146D9
:10F1A800204601E02046002140F214620DF03EDCCA
:10F1B80063690568222B20460ADDE3695E0607D5E8
:10F1C80040F6270100220DF091DD0146204600E0BF
:10F1D800002140F214620DF029DC03689D4214D02E
:10F1E80063692046222B0ADDE369590607D540F6F4
:10F1F800270100220DF07ADD0146204600E00021BB
:10F2080040F214620DF012DC056842F2107008F04A
:10F2180037D863692046222B0ADDE3695A0607D5E9
:10F2280040F6270100220DF061DD0146204600E08E
:10F23800002140F214620DF0F9DB63690668222BA5
:10F2480020460ADDE3695B0607D540F62701002260
:10F258000DF04CDD0146204600E0002140F214622A
:10F268000DF0E4DB03689E4214D063692046222B2C
:10F278000ADDE3695E0607D540F6270100220DF096
:10F2880035DD0146204600E0002140F214620DF011
:10F29800CDDB0668751B642675433D603868F8BD8C
:10F2A800946101002DE9F74F0446884691461F46B0
:10F2B8000DF0E8DF8346002840F0D98020460DF0A5
:10F2C800AFDB5946824620460EF05AD96369054697
:10F2D8002D2B0CD1D0F8F430B9F1000F02D023F067
:10F2E800007301E043F00073C5F8F430B8E020463D
:10F2F800FFF718FAC37801269E4000F0B180B9F1F3
:10F30800000F5ED063692046222B0ADDE3695906A7
:10F3180007D540F627015A460DF0E8DC014620469D
:10F3280000E000214FF4C3620DF080DB0368414622
:10F338003B6043EA06070123009320463B462A46E2
:10F34800FFF70AFA63690743222B20460ADDE369BF
:10F358005A0607D540F6270100220DF0C7DC014602
:10F36800204600E000214FF4C3620DF05FDB414608
:10F3780007602A462046FFF7C4FD4FF47A7007F06D
:10F388007FDF40F2DD5702E00A2007F079DF63698A
:10F398002046222B0ADDE3695B0607D540F62701E4
:10F3A80000220DF0A3DC0146204600E0002140F2D7
:10F3B8000C620DF03BDB0368334242D1013FE3D1DD
:10F3C8003FE03A689AB963692046222B09DDE36970
:10F3D8005F0606D540F627010DF088DC0146204679
:10F3E80000E000214FF4C3620DF020DB026822EA3E
:10F3F80006070123009320463B4641462A46FFF76D
:10F40800ABF96369074337420CBF00260126222B5C
:10F4180020460ADDE369590607D540F62701002290
:10F428000DF064DC0146204600E000214FF4C36281
:10F438000DF0FCDA414607602A462046FFF761FDD9
:10F4480000E0012640F22D1702E00A2007F018DF3D
:10F458002B6903F48053B3EB063F01D0013FF4D18D
:10F468002046514603B0BDE8F04F0EF0899803B02E
:10F47800BDE8F08FF0B589B004460D4606AA07AB83
:10F488004FF400610EF08AD829462046FFF75AFE4D
:10F498004FF47A760022B0FBF6F613460221204696
:10F4A800FFF79DFB00220746134600F00F050321D6
:10F4B8002046FFF794FB4FF680733B40DF094FF47B
:10F4C800000320F07F42009303A804A9334603F009
:10F4D8009DDE05A80399049A1823774303F0DADE22
:10F4E80005B92D60059A4FF4006300934FF48053DB
:10F4F80003A804A9BA1893FBF5F303F087DE02A862
:10F508000399049A0C2303F0C5DE20460699079A4E
:10F518000DF062DF029809B0F0BD10B504460DF099
:10F52800E7DE01462046BDE81040FFF7A3BF70B5EF
:10F5380004461646FFF7F1FF63690546222B20466D
:10F548000ADDE3695B0607D540F6270100220DF0C6
:10F55800CDDB0146204600E000214FF4CC620DF0DF
:10F5680065DA04230360D6F864364FF47A70DBB2A8
:10F57800B5FBF3F5684370BD70B504460E460DF053
:10F588004FDA0021054620460DF0FADF31460246E3
:10F598002046FFF7CCFF2946064620460DF0F0DF4F
:10F5A800304670BDFFF7E8BF37B50446FFF7B5FF33
:10F5B8004FF400616A4601AB054620460DF0EEDFC8
:10F5C8000022134620460421FFF709FB00F47F4080
:10F5D800030A00B91B60B5FBF3F520469DE8060059
:10F5E8000DF0FADE28463EBD70B504460E460DF015
:10F5F80017DA0021054620460DF0C2DF31460246E3
:10F608002046FFF77EFC2046FFF78CF86369064624
:10F61800222B20460ADDE3695A0607D540F6270162
:10F6280000220DF063DB0146204600E0002140F295
:10F638000C620DF0FBD9F378012111FA03F302688B
:10F6480029461A420CBF0026012620460DF098DFF5
:10F65800304670BD70472DE9FF47836E002204468F
:10F668000D460292039263B1D0F8CC1000EB8101F1
:10F67800D1F8D400216E884205D1606E9847814642
:10F6880002E0994600E0914620460DF0C9D90021D4
:10F69800824620460DF074DF02A9804603AA204660
:10F6A800FFF70EF9029F00260396F7B13B46204666
:10F6B800294642460096FFF74FF863693843222BE4
:10F6C800029020460ADDE369590607D540F627016E
:10F6D80032460DF00BDB0146204600E000214FF4D6
:10F6E800C3620DF0A3D9029B0360039EFEB10027FD
:10F6F80033462046294642460097FFF72DF86369AE
:10F708003043222B039020460ADDE3695A0607D5C9
:10F7180040F627013A460DF0E9DA0146204600E0B6
:10F72800002140F21C620DF081D9039B0360294639
:10F7380042462046FFF7E5FB204651460DF020DF04
:10F74800E36E5BB1D4F8CC2004EB8202D2F8D4107B
:10F75800226E914202D1606E49469847BDE8FF8704
:10F7680010B500220C4608F0B1D8A0B90A4B1B68A6
:10F778008BB11A787AB1DA8994420CD8184604F019
:10F78800E1D820B1054B1A6801321A6010BD044B4C
:10F798001A6801321A6010BD440400009861010023
:10F7A8009C610100037E2BB14069D0F1010038BF94
:10F7B8000020704701207047014B03EBC0007047E1
:10F7C800A0610100014B03EBC0007047C06101005C
:10F7D80070B50C46164609F0B3DD80B10025284601
:10F7E800FFF7F0FF03681BB980E85000184670BDAA
:10F7F8000135EDB2042DF2D14FF0FF3070BD4FF05E
:10F80800FF3070BD6FF016007047704770470000FA
:10F8180003682DE9F041C0F8203143680022C0F8A0
:10F8280024318368C0F82831C368C0F82C310369D3
:10F83800C0F830314369C0F834318369C0F83831D1
:10F84800C369C0F83C3100F59073534E1C69DF69F9
:10F858009559D3F814C07D194FEAB41787EAF427ED
:10F8680087EA7467ED199F6927EA040704EA0C041C
:10F878007C402C198D1811F802C0EF78043247EA41
:10F888000C6795F801C0AD7847EA0C4747EA0525AB
:10F898006419DD61DD68402A2544DD6093E8A01025
:10F8A80087EA0C0808EA05080CEA070C88EA0C073E
:10F8B8004FEAB50C8CEA753C8CEAB5553D442C44AE
:10F8C80043F8044DC1D100F1E00306F13C0500F115
:10F8D80020071A6955F8044FD9695E6961184FEA1B
:10F8E800B21484EAF22484EA726409199C69D3F890
:10F8F8005CC024EA0204324062409E6B5C6A664443
:10F908004FEA744C8A188CEAF44C996D8CEA94246A
:10F9180034194FEAF11686EAB14686EAD101611830
:10F928005218D961D9688918D96093E8520084EAD5
:10F93800060C0CEA010C26408CEA06044FEAB106D4
:10F9480086EA713686EAB1516118891843F8041DB0
:10F95800BB42BED1036842685918436A0160D31894
:10F9680043608268836AD3188360C268C36AD31805
:10F97800C3600269036BD31803614269436BD318F0
:10F9880043618269836BD3188361C269C36BD318DF
:10F99800C361BDE8F08100BFC0540100F0B5034663
:10F9A80096100F46002510E057F8044B01354FEA32
:10F9B800146C83F800C04FEA144C83F801C04FEA76
:10F9C800142C83F802C0DC700433B542ECDB26EA61
:10F9D800E67312F0030200EB83000AD051F82340CB
:10F9E8001821002334FA01F5C5540133083993422C
:10F9F800F8DBF0BD0048704764540100D0F8B4311A
:10FA080070B5D318934204460E461546C0F8B43173
:10FA180004D2D0F8B0310133C0F8B031D4F8AC21F9
:10FA2800AB183F2B0AD8A21802F5B67031462A4601
:10FA380002F09EDED4F8AC315D1925E0E2B1A018E1
:10FA48003146C2F1400200F5B67002F091DED4F8FA
:10FA5800B831201D04F5B6719847D4F8AC31C3F11C
:10FA68004002403BB6185D1906E03146D4F8B8317B
:10FA7800201D98474036403D3F2DF6DC04F5B67012
:10FA880031462A4602F074DEC4F8AC5170BD00005D
:10FA9800012910B5044640F8041B05D10A4B0B494F
:10FAA800C4F8B831142204E0094B0A49C4F8B83143
:10FAB800202202F05DDE0020C4F8AC01C4F8B001D9
:10FAC800C4F8B40110BD00BF0D430000C0550100CB
:10FAD80045400000A0540100F8B5044600F5AA7698
:10FAE8000D4600F58A7721463046142202F040DEA2
:10FAF80030696649726841183068331F01EBF0615C
:10FB0800F06820EA020CB06810408CEA000009187E
:10FB180046F8041C687895F800C0000440EA0C60B8
:10FB280095F803C04FEAB20240EA0C0095F802C00B
:10FB3800043540EA0C2041189F42306146F8041C05
:10FB480072601E46D4D304F5827530694F497268D5
:10FB5800411853F80409F76801EBF061B06827EA27
:10FB68000207104078400918376BF0694FEAB20273
:10FB78007840B76C72607840376D78404FEAF07023
:10FB88003061081846F8040C043EAB42DDD804F195
:10FB9800B4061A4615693E495068691853F804595D
:10FBA800D76801EBF561956845407D404919176BA9
:10FBB800D5694FEAB0007D40976C50607D40176D65
:10FBC8007D404FEAF57515614D1942F8045C043A19
:10FBD800B342DFD804F1640C1A4615692D49101D8B
:10FBE800691853F80459C1C801EBF56186EA07059D
:10FBF8000540374085EA07068919D569166B4FEA2B
:10FC0800B0007540966C50607540166D75404FEAAF
:10FC1800F57515614D1942F8045C043A6345DCD862
:10FC280004F114061D691C49586869181D68DF68C5
:10FC380001EBF5619D681A4645407D4049191F6BE7
:10FC4800DD694FEAB0007D409F6C58607D401F6DB4
:10FC58007D404FEAF57549191D6143F8041C043BC2
:10FC68009E42DFD323685918216013686168CB1856
:10FC780063605368A168CB18A360E1689368CB18E8
:10FC8800E3602169D368CB182361F8BD9979825A5A
:10FC9800A1EBD96EDCBC1B8FD6C162CA30B5034656
:10FCA80085B00C4615466846194607F0B3DE20466F
:10FCB8006946102DB4BF2A46102202F059DD05B05E
:10FCC80030BD07F0039F08B507F0ECDE002008BD43
:10FCD80038B504460D46FFF78DFE0346E4B1002211
:10FCE800226062600122AA4001680A420AD100F13A
:10FCF80014014069024204D103F128019B6A1A42A7
:10FD08000DD00B4604F1100063602560A0609B686D
:10FD180029469847002038BD6FF0010038BD6FF0C4
:10FD2800160038BD08B5436813B1DB68806898478A
:10FD380008BD08B5436813B11B698068984708BDBA
:10FD4800013806289ABF024B18560020704700BF9A
:10FD5800D4550100F8B5044600680E461546FFF76D
:10FD6800EFFF00284AD0D4F8AC218021A31883F8EB
:10FD78006C11531CA842B8BF0546382BC4F8AC31E7
:10FD880011D9A01800F5B6700021C2F13F02013068
:10FD980002F072DDD4F8B831201D04F5B671984729
:10FDA8000023C4F8AC31D4F8AC210021A01800F528
:10FDB800B670C2F1380202F05FDDD4F8B021D4F891
:10FDC800B431D20042EA5372DB00C4F8B021C4F85F
:10FDD800B431082204F5D27004F5D871271DFFF755
:10FDE800DDFD384604F5B671D4F8B8319847304689
:10FDF80039462A46BDE8F840FFF7D0BDF8BD0728C8
:10FE08000AD84FF0C243834004D44FF0F0538340E4
:10FE180004D401E0402070470020704780207047DC
:10FE28002DE9F0470C46B0B090469A4607460028A0
:10FE380046D00846FFF784FF81462046FFF7DFFFDC
:10FE48005045064607F1800513DA21462846FFF794
:10FE58003FFF414652462846FFF764FF284620A93F
:10FE68004A46FFF766FF4E45B4BFB246CA460DF193
:10FE78008008002309E018F8032082F0360182F098
:10FE88005C020DF80310FA5401335345F3DB2AEAF8
:10FE9800EA7A07E036230DF80A305C2307F80A30BF
:10FEA8000AF1010AB245F5DB21462846FFF710FFA3
:10FEB800044638B9284669463246FFF733FF01E061
:10FEC8006FF00104204630B0BDE8F08710B18030F3
:10FED800FFF728BF70472DE9F843DDF82080044676
:10FEE8001546994661B10E46002707E032881AB1D7
:10FEF80020467168FFF7EAFF01370836AF42F5DBA5
:10FF0800B9F1000F09D0B8F1000F06D020464946D4
:10FF18004246BDE8F843FFF7D9BFBDE8F8832DE9AD
:10FF2800F0478A4690B09046064600282BD0D0F875
:10FF3800807000F180043846FFF761FF814638463B
:10FF4800FFF7FEFE05462A4620466946FFF7F1FE02
:10FF580039462046FFF7BCFE204631464A46FFF7A1
:10FF6800E1FE204669462A46FFF7DCFE2046694640
:10FF78002A46FFF7DEFE504669464545B4BF2A4685
:10FF8800424602F0F5DB10B0BDE8F087F0B5144644
:10FF9800ADF5337D07460E461D4602A82346394671
:10FFA8003246FFF73DFF044660B9BA9B02A80093AA
:10FFB8002946B89AB99BFFF78EFF02A8BB99BC9A4D
:10FFC800FFF7ADFF20460DF5337DF0BD2DE9F04F6D
:10FFD80093B01E9F81468B4692461C461F9D002F5C
:10FFE80068D0002D68D02BB1184602F0F1DC00F182
:08FFF800010800E098464846AC
:020000041001E9
:10000000FFF7A2FE064600285CD0431EEB1893FBC8
:10001000F0F3FF2B079355DC4FF6FF73984551DC47
:100020001D9A9A424EDC2B4BADF83420002C08BFB1
:100030001C461C9B01220E9312AB03F8012D10935A
:10004000032300930023ADF82400ADF83C20019376
:100050000293A842D4BF049004955946484652469C
:100060000BAB0C940A97ADF82C800397FFF792FF27
:10007000044600282AD14FF0020819E0AD1B002DDC
:100080000A9723DD04230093002301930293BF19F1
:1000900048465946524609AB8DF847800397B5420A
:1000A000D4BF04950496FFF775FF08F1010860B905
:1000B000079A08F1FF339342E0DD07E03C4605E094
:1000C0002C4603E06FF0160400E00446204613B00F
:1000D000BDE8F08F05EA89000B4B10B51A681C4685
:1000E000904204D15A68914201D1184610BD63690B
:1000F000054A984206D19069143281420CBF1046DD
:10010000002010BD002010BD6C5D010073B50446D9
:100110000CF0F6DE14237422204640F60C410CF05D
:100120004FDE2046012104220DF030D82046022166
:1001300004220DF02BD801250021204640F61C6238
:100140004FF0FF3300950CF0A7DE11230093002140
:10015000204640F618624FF0FF330CF09DDE41F26E
:10016000021300930021204640F644424FF0FF3333
:100170000CF092DEF32320464FF45E614FF0FF3225
:100180000CF01EDE0023204640F6F8514FF0FF32FF
:100190000CF016DE0023204640F6E4514FF0FF320B
:1001A0000CF00EDE0823204640F6EC514FF0FF32F3
:1001B0000CF006DE0023204640F6E8514FF0FF32F7
:1001C0000CF0FEDDDB2320464FF45D614FF0FF3283
:1001D0000CF0F6DD0C220023204640F654410CF0D2
:1001E000EFDD284B00210093204640F6BC524FF033
:1001F000FF330CF051DE244B29460093204640F695
:10020000BC524FF0FF330CF047DE204B022100932D
:10021000204640F6BC524FF0FF330CF03DDE2A463C
:100220002B46204640F624610CF0CADD40F6FF73F1
:1002300000930021164E204640F6B4524FF0FF3393
:100240000CF02ADE0021204640F6B8524FF0FF3372
:1002500000960CF021DE4BF69823009329462046A9
:1002600040F6B8524FF0FF330CF016DE20464FF444
:100270005C614FF0FF32334602B0BDE870400CF0D5
:100280009F9D00BF101112131415161718191A1B71
:100290001032547613B50C4602B949B1084913B16E
:1002A0000B681C4003E00B681C4324EA0304224053
:1002B00000920021702223460CF0BADB1CBD00BF67
:1002C000A404000013B5144642690A2A0FDD29B1BF
:1002D000012905D002290AD1842202E0782200E017
:1002E0007C220093002123460CF0A2DB01E04FF0BA
:1002F000FF301CBD2DE9F04104460CF07BDF0021EE
:100300000A460B4607462046FFF7C4FF00210A466F
:100310000B4606462046FFF7D5FF00220546022180
:1003200020461346FFF7CEFFD4F8788015E0D8F8C2
:10033000083083B198F80420002AD8F80C200CBFAC
:100340002846384600EA020012D03240904202D0DD
:10035000D8F800109847D8F81080B8F1000FE6D10F
:10036000204641462A462B46BDE8F041FFF7AABF8A
:100370000028EDD1EFE74FF48030704738B5002505
:100380001D70D1F8CC304FF4006113602A4604464A
:100390000DF0ECD8054638B1D0F8E031DA0103D4DD
:1003A000204601210DF0BCDC284638BD73B504465B
:1003B0000DF02AD818B920460DF0D2D860B32046E7
:1003C00021466A460DF10703FFF7D8FF0646C0B184
:1003D00040F22D1502E00A2006F056DFD6F8D4319F
:1003E000180706D4013DF6D103E00A2006F04CDFE1
:1003F00001E040F22D15D6F8D431590701D5013D61
:10040000F3D1204600210DF08BDC9DF807301BB99D
:10041000204600990DF0B8D87CBD10B5044607F011
:10042000CDD82046FFF7C2FF012010BDF0B585B042
:1004300004460D4617460DF093D8002800F094802E
:10044000A66E6EB1D4F8CC3004EB8303D3F8D4207D
:10045000236E9A4203D1606EB047064600E0002644
:100460002046214602AA0DF10F03FFF787FF00285F
:1004700063D0082F61D8DFE807F005141C2735404A
:100480004A550D000095204600214FF49C724FF014
:10049000FF334EE00021009120464FF49C720B4642
:1004A00047E04FF0FF330093204600214FF49A724B
:1004B0003FE0002120464FF4EC720B4600910CF017
:1004C000B7DA00F0010539E025B12023009320467A
:1004D000002103E002230093204629464FF4E872EE
:1004E000222326E0002120464FF49A720B46009109
:1004F0000CF09EDAC0F3C02520E0002120464FF426
:10050000E0720B4600910CF093DAC5B216E00021C0
:1005100020464FF49A720B4600910CF089DAC0F332
:1005200040250BE0EDB20095204600214FF4E0722B
:10053000FF230CF07DDA054600E001259DF80F3021
:100540001BB9204602990DF01FD8E36E6BB1D4F8A9
:10055000CC2004EB8202D2F8D410226E914204D156
:10056000606E3146984700E00546284605B0F0BD6C
:1005700000487047C05D01000020704710B50C4670
:1005800041B18B6823B9C06F09680EF029DBA06008
:10059000A06810BDC06F10BD1FB5084A0346009289
:1005A000074A08460192074A0749126802921A68E8
:1005B000064B02F0D5DB05B000BD00BF14560100AC
:1005C0004039010090600100E55501000856010026
:1005D00008B1D0F888007047642910DC632921DA5B
:1005E0004A291FD005DC07291FDB08291ADD3C2911
:1005F00012E0502916D018DB5C39032911E0C32919
:1006000004DCC2290EDAA83902290AE0B1F5847F98
:1006100008D003DCB1F5807F07D103E0A1F5897133
:10062000012902D86FF016007047002070470020A3
:100630007047C88810F0080018BF6FF016007047A8
:100640004A6810B593424C8829DBE30603D503685A
:100650001B7E002B26D1210703D503681B7E002BB0
:1006600023D0A20602D5437E002B21D0630722D4DB
:1006700014F0030322D002994CF05EDE00281FD054
:10068000E10702D58379002B1DD114F002041DD09F
:100690008379002B0CBF6FF00500002010BD6FF0B8
:1006A000010010BD6FF0040010BD6FF0030010BD1D
:1006B0006FF00A0010BD6FF0160010BD184610BD97
:1006C0006FF01D0010BD6FF0060010BD204610BD7C
:1006D00037B50546900723D58C6A0CB3A16822690B
:1006E00063680905C3F30043117A44BF43F0020372
:1006F000DBB211B1D2F8080101E0D2F804017F2287
:100700008DE80C000022383004F13C01134675F0EE
:1007100081DB2846214603B0BDE830407CF0E69FEF
:1007200003B030BD2DE9F04F87B000230F4610AC69
:100730001599049305938046934694E87002DDF87A
:1007400050A04CF0F9DDB7F90630002B1ADA1BF097
:10075000010FB9883A890CD04900CDF80090019674
:10076000CDF80890CDF80CA0D8F810000131334630
:1007700005E08DE86006D8F810004900234607F030
:10078000B3FD0FE0032D0BD9042204A8214601F08C
:10079000F3DF072D04D905A8211D042201F0ECDFA9
:1007A0006FF0160007B0BDE8F08F000038B50C46BA
:1007B00005460846484902F0D3DA4849204602F087
:1007C000CFDA4749204602F0CBDA4649204602F00C
:1007D000C7DA4549204602F0C3DA4449204602F010
:1007E000BFDA2046424902F0BBDAD5F8340137F0CF
:1007F00043DA20B9D5F8380139F0DEDA18B12046ED
:100800003C4902F0ADDAD5F8340137F035DA18B1E9
:100810002046394902F0A4DAD5F8380139F0CCDAAB
:1008200018B12046354902F09BDAD5F830013AF08C
:1008300001DC18B12046324902F092DAD5F83001D5
:1008400005F0ACF918B120462E4902F089DA2046AD
:100850002D4902F085DAD5F84C0165F04FDF18B16B
:1008600020462A4902F07CDA2B6893F83B301BB112
:100870002046274902F074DA2649204602F070DA51
:100880002549204602F06CDA2B6A186909F020FC31
:10089000820707D52149204602F062DA2046204926
:1008A00002F05EDA20461F4902F05ADA20461E495D
:1008B00002F056DA20461D4902F052DA20461C4961
:1008C00002F04EDA20461B4902F04ADA1A49204665
:1008D000BDE8384002F0449A1D560100215601003F
:1008E000265601002B560100345601003D560100EA
:1008F00041560100465601004D5601005756010071
:10090000615601006A5601007356010082560100CB
:10091000875601008E56010095560100A156010030
:10092000AA560100B7560100BC560100C656010088
:10093000CB560100D0560100D856010030B585B025
:10094000054668460C4602F0F5D928466946FFF789
:100950002DFF204605B030BD2DE9F04F03F0010317
:10096000A9B004461493D4F87C3410691B680E4671
:10097000C358D0F858131B7891460F93D4F880349D
:10098000B2681B681991C35808901B780992159397
:10099000138860680B9303F00C039B08022B08BFBD
:1009A0000B9913930B9A0CBFC1F3C0130023DBB256
:1009B0001A9302F44073A3F540756B4243EB0503B1
:1009C00031461C93379F03F08DDA369B04300E902E
:1009D00083B11B7A0B2B07D1236893F8AD304BB151
:1009E00036988379072B05D836990E9A91F90F30EE
:1009F000D2180E92D4F8B031002B2DDA369B03B307
:100A00001B7A022B1FD194F8B022F2B90898036D1B
:100A100013F008031CD136998A792168D1F8B810EF
:100A20008A4217D2032A15D90B2A13D8B26990002B
:100A300010D4339A012A0FD10E9B012008330E9354
:100A400004E0369A04E0002304E000200C9005E066
:100A50000C9203E00C9301E000210C91B568B3897E
:100A6000AA1F7633A5F176001D92B3810021702272
:100A7000B060189001F004DFB38BD90402D4B269DE
:100A8000520502D51B051B0D20E0D9F80420A04B10
:100A90001340BBB10B9901F0FC03882B12D1099ACA
:100AA0001379D8070ED43398F289411E02F0070259
:100AB0003298583209EB42028842D38806D1591C39
:100AC000D18003E01399012906D111E01398012880
:100AD0000ED00021079102E01022079200233298E5
:100AE0001B019BB200F00F0209991343CB8201E076
:100AF00000220792099BA068DA8AB38B23F47E63F5
:100B000023F01F0343EA1213B38314F003DA01073F
:100B100003D5B38B43F40053B3833498042808D12E
:100B20002046089935F82A2C14F080DEADF898009C
:100B300019E03299339801F00F02B4F85A33411E8C
:100B4000329842EA0312884292B202D10133A4F8E9
:100B50005A333499520147F6E073134001F007020B
:100B60001343ADF8983099F8D7303BB90B9A02F09F
:100B7000FC03802B02D0089883791BB9079941F0B8
:100B800020010791634B3B40002B40F0828007F02F
:100B90004072B2F1807F00F08180139A012A30D92F
:100BA000B369DA062DD4002B2BDB96F91F30002B0E
:100BB00027DB226A574BD2F8488008EA030323B99F
:100BC00008F04073B3F1807F03D109980379DF0700
:100BD00066D4D2F844804F4B08EA030323B908F0E7
:100BE0004073B3F1807F04D109990B7913F00103AD
:100BF00059D0099A1379D80703D4D9F808301907BE
:100C000005D599F8407007F07F07B84649E0022300
:100C10008DF8863027AB0093D4F85C011FAB4946B2
:100C200026AA7CF053DD0B98DDF87C8000F0FC03F5
:100C3000482B209F01D0C82B0BD141460898002299
:100C40002AF0F4DE99F84070804607F07F07002311
:100C500008E0B369329943F00063B361D1F1010355
:100C600038BF0023BDF89C20D20703D5B26942F4F7
:100C70000052B261226892F8E120BAB1D4F8F806C5
:100C80004946BDF8982005937CF0D4DA059B129074
:100C90000DE00022B8461292134608E0B84603E081
:100CA0004746002300E04746129300E01292226874
:100CB000D4F8840492F84F2090F80CB012F003029C
:100CC00000F09C818278012A09D9216A91F94D109E
:100CD000A1F1010EDEF1000141EB0E0100E0002167
:100CE000012A5FFA81FA17D9226A92F94D2001325E
:100CF00012D1D9F8042012F080420ED00E30022119
:100D0000059302F0E7DC021C18BF0122059B04E0FA
:100D100040000100FF0000C0002218F0407FD0B268
:100D20005FFA88F207D01F2A02D9202A07D0553A45
:100D3000072A04D91CE0A0498A56002A18DAB8F11B
:100D4000000F15DB28F4801828F4407818F0407262
:100D500009D0BAF1000F03D1B2F1807F03D110B1F5
:100D600048F4801804E0BBF1010F08BF48F4807814
:100D700017F0407FFAB207D01F2A02D9202A07D0E5
:100D8000553A072A04D91BE08B498A56002A17DAFC
:100D9000002F15DB27F4801727F4407717F04072F7
:100DA00009D0BAF1000F03D1B2F1807F03D110B1A5
:100DB00047F4801704E0BBF1010F08BF47F48077C8
:100DC000B4F8582402F46052B2F5C05F2CD118F484
:100DD000E0221FD118F0407F17D0D9F80420120369
:100DE00013D5226892F83B2092B1089882797AB1A3
:100DF000D0F80821528E02F46052B2F5C05F0CBFE9
:100E00004FF400324FF4803204E04FF4803201E0BE
:100E10004FF4003218F0407F13D05FFA88F1202998
:100E200008BF4FF400320CE05FFA88F2F9B2202AD2
:100E300008BF4FF08078202908BF4FF080774FF42B
:100E4000803227F4E02A17F0407F28F4E02848EAAF
:100E5000020818BF4AEA020A226A08BF4AF4803A26
:100E6000516C564A0A40002A53D101F04071B1F149
:100E7000807F4ED018F0407F94F81C2204D0012AC5
:100E800002D148F4000802E00AB928F400081AF078
:100E9000407F94F81C2205D0012A03D14AF4000AAD
:100EA00000F009BE002A40F006862AF4000A00F08D
:100EB00002BED9F80410C8032BD5D9F808100906CA
:100EC00027D5013225D118F0407F0FD05FFA88F284
:100ED000A2F15701012909D9632A07D0642A05D054
:100EE000652A03D0662A18BF48F480081AF0407FAC
:100EF0000FD05FFA8AF2A2F15701012909D9632ABA
:100F000007D0642A05D0652A03D0662A18BF4AF4A0
:100F1000800A2046494605931AF060DC18F04072BA
:100F2000059B45D01599022908D108F4E02BABF5B3
:100F30000032D2F1000B4BEB020B01E04FF0000B43
:100F40005FFA88F21F2A04D8072A94BF00210121E2
:100F50000AE0202A06D0A2F15501072994BF0021FA
:100F6000012100E00021C9B239B199F8FE1021B188
:100F700099F8FF10003118BF012118F4000F1191EA
:100F80001ED01F2A04D8072A8CBF0022012209E0A4
:100F9000202A05D0553A072A8CBF0022012200E002
:100FA0000122D2B2002A0CBF024604220D9208E0B0
:100FB0000D929346119204E058168900FF0000C07C
:100FC0000D901AF0407226D01AF4000F25D05FFA67
:100FD0008AF21F2A04D8072A8CBF0022012209E0C6
:100FE000202A05D0553A072A8CBF0022012200E0B2
:100FF0000122D2B2002A18BF04200EE028F4E02813
:1010000027F4E02A48F480384AF4803A10920D928E
:101010009346119202E0109200E0109093B1089A6A
:101020003398D2F8301102EBC103C2B2C3F83821B1
:101030000131089A01F03F01C3F83481C2F8301140
:10104000C9F820A218F0407703D15FFA88F31B9308
:1010500003E0404674F058DE1B901398022800D03D
:1010600088B9B4F868340E99994202DCB3695B011F
:101070000CD5099A1198137903F00103002B08BFCE
:101080000120179004E01199179101E0119A17922D
:10109000236A597D41B10F9B33B12FB9884A5FFA5A
:1010A00088F3D356002B07DB236893F84F3098075B
:1010B00027D037B3159820B3339A012A0ED90F9B46
:1010C000002B0CBF4FF0300A4FF0160AB3694AF4F8
:1010D000803A23F00063B361D04612E089B10F98E3
:1010E00078B167B908F07F03022B0AD0042B08D02F
:1010F0000B2B06D0162B18BF4FF0010B01E04FF061
:10110000010B18F040710F911AD108F07F03162BD4
:1011100016D86C4A9A4013D5149A62B15FFA88F3D4
:10112000022B0BD0D9F8103093F92C3113F1FF3387
:1011300018BF012300E0149B0D9301E00F980D9060
:101140001AF0407116911BD10AF07F03162B17D8A5
:101150005C4A9A4014D5149A6AB15FFA8AF3022B5A
:101160000CD0D9F8103093F92C2112F1FF3218BFAE
:101170000122109204E0169B109301E01698109043
:101180001399D9F80430022908BFC9F8588113F41B
:1011900080334AD094F80D32002B46D094F81132A7
:1011A000002B42D0159A032A30D00F9B4BB908F080
:1011B0007F03022B2CD0042B2CD00B2B2DD0162BE5
:1011C0002ED00998037913F001032BD10B9901F06C
:1011D000FC02882A29D1349A032A26D8B3691C989C
:1011E00043F48053B361079B099900280CBF182270
:1011F0001E2243F4A04307938B5A23F060031B0481
:101200001B0C43F020038B52012207E000230CE06B
:101210000F9808E00F990A9108E00F9A0A9205E0EA
:101220000F9B02E000200A9000E00A931D992046DF
:1012300000910E9A41460B9B20F08CD922AF20469C
:1012400051460E9A0B9B009720F084D90622A5F1F7
:101250004000394601F090DA169A62B90AF07F032D
:10126000162B08D8174A9A4005D50E9B05F83C3C2A
:101270001B0A05F83B3CB3690F995A0512D591B189
:10128000369A22B1127A042A01D00B2A1CD143F4D7
:101290000063B361179894F8DA32002B18BF01206D
:1012A000179011E081B9064A5FFA88F3D356002BF4
:1012B0000ADA15F8063C03F00F03149307E000BFA9
:1012C000581689000002102815F8062C14920B9B62
:1012D000A42B14D009980379DB0710D40A9981B99B
:1012E000B36920465F05414602D517F021DD03E0D2
:1012F0000D9A359B20F008D9099A508014E00A9B7A
:1013000053B1414620460D9A40F62A131FF0DCDE09
:10131000099980B2023048800B9AA42A04D1099816
:10132000438825F83A3C19E009990B79D90701D48B
:101330000A9A2AB1002305F83A3C05F8393C0DE039
:10134000B36920465A05514602D517F0F1DC03E097
:10135000109A359B20F0D8D825F83A0CB26993053D
:1013600009D5B38C25F8343CF38C25F8323C079B27
:1013700043F400530793329818B9079941F00801D4
:10138000079109980379DF0712D4D00410D494F898
:1013900010320BB151060BD4520505D41A9919B16C
:1013A000199A92F828301BB9079B43F00103079361
:1013B000924B34981399185C022915901CD1349AD9
:1013C000032A19D894F80D32B3B11B9B042B13D9FF
:1013D000D4F8340136F062DA70B91998159900EB37
:1013E00041039B8B13B1B3695B0505D5119A1AB9FB
:1013F000079B43F480530793236A186966F018DC4F
:1014000000F46050B0F5C05F03D1079840F48070DD
:1014100007900C9919B1079A42F400420792079B72
:1014200025F8763C369810B394F8B03213BB08997F
:101430000A6D12F0080221D1037A0B2B06D1236822
:1014400093F8AD30D3B18379072B14D8369A9379BA
:101450002268D2F8B82093420FD2B26997000FD415
:101460003698027B02F0070242EA031203E0369943
:10147000079107E00022079204E00023079301E0B0
:101480000020079010994B1EDBB2012B04D8079A5D
:1014900042F400539BB20793A5F17200099902220E
:1014A00001F06AD9002305F8703C05F86F3C05F897
:1014B0004A3C05F8493C369B002B2FD094F8B032BB
:1014C000002B2BD10898036D180727D436990B7A77
:1014D0000B2B06D1236893F8AD30FBB18B79072B2A
:1014E0001CD8369B9A792368D3F8B8309A4215D223
:1014F000B369990012D41C9818B9099901F118021E
:1015000002E0099B03F11E021A9800B10232002387
:10151000009320461899369B2EF078DC0999062214
:101520000431A5F15000139101F026D9BDF898308F
:1015300025F82A3CD4F84401089960F0E7DC35F836
:10154000303C80B243EA002325F8303C002305F804
:10155000283C05F8273C05F8263C05F8253C05F80D
:10156000243C05F8233C05F8223C05F8213C05F80D
:10157000203C05F81F3C179A1AB9BBF1000F01D1A6
:10158000E1E09B460022414608982AF04FDA00220B
:101590000690514608982AF049DA069B089013F005
:1015A0004073189306D10699154BC8B21B56002BF1
:1015B00003DA14E0069874F0A7DB023818BF0120A4
:1015C00070B1D9F8103093F92C31012B0AD0079A59
:1015D00042F480439BB2079301230C9304E01898D4
:1015E0000C9001E000210C91089B13F0407209D18E
:1015F000D8B2034B1B56002B07DA1DE06CE18800C4
:1016000058168900089874F07FDB023818BF012053
:1016100078B1D9F8103093F92C31012B0BD0079801
:1016200001216FEA40436FEA53439BB20793119144
:1016300003E0119001E00022119235F8763CBBF1F5
:10164000000F02D043F4006301E043F0060325F8E5
:10165000763CBBF1000F0CBF4FF0140C4FF00E0C9A
:10166000A5F11E0362460093204606990B9BCDF818
:1016700014C01FF06FDFDDF814C024AF62460B9B6F
:101680002046089900971FF065DF39460622A5F12C
:10169000480001F071D80C980D990E9AA5F1180325
:1016A0000B9300900191029200275946069A4346F7
:1016B000204603971FF06CDF25F8160C119B10983D
:1016C0000E9900930190029120465946089A53467C
:1016D00003971FF05DDF25F8420CA5F11400BBF164
:1016E000000F09D06FF03B0305F8183C05F8177C94
:1016F000099A02F10A010EE06FF04B0305F8183C5D
:1017000005F817BC1399062201F036D8099BA5F1FC
:101710000E0003F10A01062201F02ED81498189A3F
:1017200081B252B906989F4AC3B2D356002B04DA4D
:1017300015F81E3C03F00F0301E015F81E3C1B02D8
:10174000194314911FE059460622A5F11E0001F02D
:1017500097D859461022A5F1180001F091D8A5F1AB
:1017600048005946062201F08BD805F842BC05F81E
:1017700041BCCDF820B0CDF818B0CDF82CB0CDF8E4
:1017800044B0CDF830B0B3695A050FD50F9969B19F
:1017900028AB002223F8022D0093D4F834014946E7
:1017A00042460E9B36F096D805F8430C079B25F869
:1017B000743C149825F8640C1699B1F1807F0BD015
:1017C00031B90AF07F03162B02D8774A9A4001D428
:1017D000012002E0169800E00220069A80B202F092
:1017E0004073B3F1807F0BD033B902F07F02162A29
:1017F00002D86D49914000D401239B009BB200E0C8
:1018000008230899184301F04073B3F1807F0BD08F
:1018100033B901F07F02162A02D86349914000D4FF
:1018200001231B019FB200E02027236A07431869A8
:1018300066F0FED9C0B247EA002725F8627C0F9A0D
:10184000B2F1807F0CD032B908F07F03162B02D89A
:10185000554A9A4001D4012300E00F9B9BB200E05F
:1018600002230D98ADF89A30421ED2B2012A09D84F
:1018700043F01003ADF89A302368D3F888309A69A2
:1018800001329A6141462046BDF89A707EF080DCB4
:10189000B3690743B9B21B01ADF89A100ED523689E
:1018A00093F8E13053B1236A186967F099DB236A32
:1018B0000DF19A011869129A67F0ACDBBDF89A3005
:1018C000414625F86E3CB4F85824204627F09AD9B2
:1018D00025F86C0C51462046B4F8582427F092D9CC
:1018E00025F86A0C179911B9BBF1000F0FD00699B2
:1018F000B4F85824204627F085D925F8680C0899B3
:101900002046B4F8582427F07DD925F8660C0F9AA4
:101910004AB10D9B042B06D1204641460E9A1FF07A
:1019200077DC25F8380C169848B11099042906D1AF
:10193000204651460E9A1FF06BDC25F8360CD9F87C
:101940000430580640F1AE801A9A002A00F0AA80AE
:101950001998159900EB41039B8B002B7BD0B36941
:10196000590500F19F80329A002A40F09B800E9B1F
:10197000204641460D9A1FF0A7DB0B9B0990ABB1A7
:1019800006990C9A204617F041D808990746119AF3
:10199000204617F03BD80B99B1F802B0BB4435F89C
:1019A000427C1BE058168900000210280A9ABAB936
:1019B00041460D9A0A9B20461FF0A6DD099B514621
:1019C00000EB030B109A0E9B20461FF07DDB514667
:1019D0000746109A20460A9B1FF096DDC71902E0C1
:1019E000DDF824B00B9F1FFA8BF225F8702C25F838
:1019F0004A7C1998159900EB41039B8B0998C318F1
:101A00009B1A9BB21A0419D4204641460D9A16F02F
:101A1000FFDFFF2805D9B4F85A24904238BF0246A8
:101A200001E04FF48072349992B204EB4103B3F8B1
:101A30005C34934202D0204618F076D8236893F89D
:101A40004430002B2ED0349A032A2BD8D4F86001CE
:101A500015995A4623E0236893F8443013B3349B16
:101A6000032B1FD81A480B99C75C204639B10C9A32
:101A7000069916F0CBDF0B9B5A8882180CE0414682
:101A80000D9A0E9B1FF020DB0D9A0546414620461D
:101A90000B9B1FF039DD4219D4F8600139464B46E3
:101AA00050F0F0D8B369BDF8980043F08403B361F7
:101AB00029B0BDE8F08FD4F8842428F4800892F986
:101AC00013202AF4800A012A7FF4F3A9FFF7FBB957
:101AD0006CE1880070B50B6912B15478032C01D801
:101AE000002212E04D6845F480744C605679012E56
:101AF0008DBF24F4806445F4A0654D604C6054783B
:101B0000052C2FD9062C03D1012283F8A42370BD04
:101B1000147A14F0040F4C6814BF44F0806424F06D
:101B200080644C60147A04F00804D4F1010438BFD6
:101B3000002483F8A4438B6823F004038B6054785B
:101B4000062C0FD9127AD2060CD5026843F0040392
:101B50008B6092F80C21D00704D592075CBF23F06C
:101B600004038B6070BD00002DE9F04FB5B09A46BC
:101B70003F9B05460B2B894616463E9F409C40F2F4
:101B8000E6800C3B04931AF07DDE0021C82205900C
:101B9000204600F075DE31460622204600F0ECDDDE
:101BA000FA7ABB7A494643EA022303F00302012A88
:101BB000A4F86230E38808BF84F83420BAF1000F3B
:101BC00014BF4FF4807200221343E38028465BF079
:101BD0009BDF60857A7A3B7A07F10C0B43EA02239C
:101BE00007AFE385002128220DF14408384600F0B4
:101BF00047DE2DAE00212822404600F041DE4FF0A6
:101C0000FF3300210C223046ADF8CE3000F038DE34
:101C10000DF1CE032F93049BBAF1000F0CBF4FF0D0
:101C2000600A4FF0700A8DE84800284600215246AD
:101C30005B462D97CDF8B8801CF0D6DA002840F02E
:101C40008680059B4246DEB2284604F138033946B9
:101C50001FF0D0DBBDF8CE304FF6FF72934217D0A5
:101C60005A1E92B2DE2A75D843F480520E2B8CBFD6
:101C70004FF440430023D5F8580143EA020152F0E3
:101C800043D858B9D5F864319B889B0506D461E0E8
:101C9000731E9BB2DE2BADF8CE605BD8BDF8CE30A4
:101CA0009E4203D1E28842F00202E280EB1893F8F0
:101CB0003C20494684F86120284652B25BF0C8DED9
:101CC000BDF8CE30A08543F480520E2B8CBF4FF46C
:101CD000404300231343638600210C2230A800F008
:101CE000CFDD1F4B0DF16C0830931E4B00212822D5
:101CF0004046319325AF329500F0C2DDBDF8CE30BD
:101D00000021202238468DF872301B9400F0B8DD97
:101D1000049BD5F8940602930021524630ABCDF8CF
:101D2000B080CDF894908DF8A4608DE8800857F0CD
:101D300011D988B9608E431EDBB2DE2B0AD802F0BF
:101D400059DA00280CBF00206FF0130004E04FF0B8
:101D5000FF3001E06FF0130035B0BDE8F08F00BF39
:101D6000112A8200812B82002DE9F04FA5B0044694
:101D7000D2F808A18B4615460021282205A89846CE
:101D800000F07EDD0FA80021282200F079DDD4F8D4
:101D90006C3313B104F55B7008E0236893F82F30BF
:101DA00073B9236A5B7D052B04D1694805A973F0DB
:101DB000EFDF05E0042B03D1204605A91FF066DD07
:101DC00005AF3B460FAE204629460AF138020DF119
:101DD0006409009628F090DA00212422484600F099
:101DE0004FDD0021082222A81A971B9600F048DD3B
:101DF00094F84135CDF88C90DA0702D52A6DD707D3
:101E000008D49E0708D52B6D03F00603023B18BFCC
:101E1000012302E0002300E00123226892F84F2012
:101E200012F003020BD0D5F8EC2012F4805205D149
:101E30009DF8BC10002908BF1A4600E0002224AB20
:101E400003F8082D1FFA8BF6009332460023D4F8CE
:101E50009406294657F056D82E9A00F10C091368BB
:101E60000746994571D8404600210C2200F008DD54
:101E7000BAF82E30A8F80830AB7923B1012388F8DE
:101E80000A30002306E0D5F8EC2012F4803204D0AA
:101E900088F80A3088F80B3004E0022388F80A300A
:101EA00088F80B202A6D40F23713134043B195F8A0
:101EB00058302BB1B8F80A3043F01003A8F80A30B4
:101EC000236893F830306BB9236A1B68022B09D161
:101ED000BAF86230980605D5B8F80A3043F0200306
:101EE000A8F80A30236A5B7D43B194F872342BB1B1
:101EF000B8F80A3043F48063A8F80A30236893F8EE
:101F0000A9305BB1D5F8EC30590407D4AB792BB1CB
:101F1000B8F80A3043F48073A8F80A3022AB009373
:101F200008F10C030193D4F89406002329463246A5
:101F3000029756F055DFBBF1800F03D1D5F89030F2
:101F40001C9A5A612E9BC3F8009025B0BDE8F08F13
:101F5000D40D89002DE9F04F4E688FB01746C6F3B7
:101F6000C0420C46D1F808A002920546002104A800
:101F70002822994600F084DC2369C6F3004B26F042
:101F80008646039326F4EA162AF083036660A3606C
:101F9000002F00F0BF803B7897F8018043EA0828C3
:101FA000A4F80081BB7884F8023146F48033636082
:101FB0002B6893F84120B2B193F842309BB146F4BC
:101FC000A026D4F82431666093F85D307BB91AF40A
:101FD000007F03D094F82430D90608D5284621463E
:101FE00036F04EDC03E02846214636F03BDC062284
:101FF000284621462DF05EDFA26812F0006222D151
:1020000008F00C039B10012B94F8FE0094F8FF10CD
:1020100006D0032B09D043B9012284F8FE2001E049
:1020200084F8FE3084F8FF3003E084F8FE2084F862
:10203000FF2094F8FE30834207D194F8FF60761AAF
:1020400018BF012602E0002600E0012618F4407FB8
:1020500003D0636843F08043636018F0010F03D03E
:10206000A36843F08003A36018F0200F03D0A36897
:1020700043F00103A36018F0400F03D0A36843F0BE
:102080000203A360A3680AF0030A03F003039A455E
:1020900018BF012618F0100F03D1636843F48013B2
:1020A000636018F4804F03D0636843F0007363608B
:1020B000C8F34008B9F1000F38D005F53E70033081
:1020C0004946162200F058DBB8F1000F03D099F80A
:1020D0000180C8F3800899F801301A0703D56368B6
:1020E00043F08073636099F8023013F008030ED058
:1020F000039A41F61001D2F8083140F608425B8E8F
:1021000003F44043B3F5404F14BF0B461346A5F804
:10211000DC320BE02846214606222DF0CBDE284695
:10212000214636F09FDB3E46B84619E01022F91CE6
:102130000DF1250000F020DBD5F8843404A899784F
:1021400073F0E4DED5F86812284624F095DEFF230C
:102150000190002204A800930146134673F05ADE52
:10216000BBF1000F11D0636813F4803310D009AABB
:102170000023E11812F8010F91F85110884206D19E
:102180000133102BF5D1002302E05B4600E0012370
:10219000626802F48031C2F30042934500D163B11A
:1021A00004F1510029B10DF12501102200F0E4DA0B
:1021B00002E0102200F064DB0126B8F1000F03D02A
:1021C000636843F400236360029B434500D146B13A
:1021D000D5F8843493F87B301BB9284621467BF030
:1021E00085DA0FB0BDE8F08F00F506612DE9F0410A
:1021F000093104464AF0D6DF94F872380546002BC0
:1022000074D0002872D06A21206948F0CFDC4600E3
:1022100006F114084146206948F0C8DC0022074650
:102220004146206949F004DB380406D4304831497E
:102230003A46BDE8F04100F0499BD4F8848401237C
:1022400088F86D3198F828313BB1A068D8F8301182
:1022500011F044DE002388F82831204629460CF08E
:10226000C2F998F81D3153B1012388F82831A068CC
:10227000D8F83011D8F82421002311F009DE2069A4
:1022800006F1160148F092DCB4F8703883422DD183
:102290000022134679B22846D5F810615BF094DC31
:1022A00028465BF0D7DBAB798BB9D5F81421D5F88C
:1022B0000831128A5A852B7C4BB1D5F8EC30990441
:1022C00005D473791BB92846012144F0E5DA0023CF
:1022D000B37194F80C22D6F8F0309A4206D0284612
:1022E00084F80C32BDE8F04124F04A9ABDE8F08150
:1022F0001B5A8900F14D89002DE9FF4104460D4626
:1023000016461F460A994BF017D8204629463246F2
:102310003B46FEF761F9B0F10008C0F2A1802368E6
:102320005B7E4BB9206956F02BDC28B1A06811F018
:10233000DBDD4FF0FF3893E03EB1032F05D903A852
:102340003146042200F018DA01E000230393342D13
:1023500018D008DC022D11DB032D13DDA5F11B03C2
:10236000012B0BD80EE0D62D0CD001DCA32D04E000
:10237000FB2D07D040F20B139D4203D0002E65D0F9
:10238000002F63DD3E2D02D0402D62D135E0236861
:102390001B7E002B60D0D4F88424039992F81C3162
:1023A0008BB1CBB282F84631D4F884241172D4F8C0
:1023B0008424206992F8AC1001220092019200223C
:1023C00049F0C0DB3FE0204649B27DF095DEB0F138
:1023D000000845DBD4F88434039A20461A722CF0A6
:1023E00095DF20467DF028DF2046D4F8B0141EF09B
:1023F00051DA204624F038DA32E0039B5A1C042AD2
:102400002CD8013301D103230393D4F884340399E6
:1024100093F81C2172B1C9B283F8AD10D4F884349A
:10242000002293F84531206900920122019249F07F
:1024300089DB04E0236AC9B2186965F07BDAD4F855
:102440008434039ADA714FF0000809E06FF0010854
:1024500006E06FF0160803E0984601E06FF01C08F4
:10246000404604B0BDE8F0812DE9F341089C0746E1
:102470000E46154698460094FFF73EFF10F12F0FC9
:102480000CD010F1170F0BD1384631462A4643467F
:10249000089402B0BDE8F04118F0B09B6FF0160050
:1024A00002B0BDE8F08113B504462CF011D82046E7
:1024B0001CF0B8DBD4F88434012293F8AD10206905
:1024C00093F846310092019249F03CDB206902B05A
:1024D000BDE8104056F0669B37B5036804465B7E46
:1024E000002B40F01A81006956F04ADB002840F0CA
:1024F0001481236893F8203033B9206947F072DEE5
:102500002368012283F82020206905F012FE236849
:1025100093F8693113B120464BF042DCD4F884348F
:10252000032293F8513000928022002B14BF1346EF
:1025300000232046042126F04FDA2368DB6EE3B93E
:10254000206948F0CFDF093017D12268D36E13F02D
:10255000020512D143F00203D366D4F8643259590C
:1025600041B18B7933B94B7923B10B7C13B1204640
:102570004AF05EDC0435202DEFD12368DB6E1BB101
:10258000204619F087D9C6E0206948F0F7DC2069B9
:1025900090F934114D1C03D1012148F0EDDC01E02C
:1025A00048F042DC01236376204627F0ABDD236848
:1025B0002046596B0323009321B14FF48072002110
:1025C000134602E04FF480720B4626F005DAA0684D
:1025D00011F006DD236801221A7694F8CF3173B129
:1025E00020462CF093DED4F854332046598E2BF03D
:1025F000BFD9002384F8CF31204624F035D9D4F850
:1026000044260321204624F033D9204616F0E8DB87
:10261000B4F83415204629F095D9206948F04EDFEA
:1026200003232022009320461346012126F0D4D90B
:10263000236893F82F301BB1D4F818053BF0AADFBC
:1026400020461DF08BD820467AF0D0DD01254FF4CE
:102650007A72D4F8E8110123A06811F019DCD4F8DB
:102660009C0184F82A5280F001DE20467DF0E4DDF2
:10267000D4F88434204693F9121017F0F1DD204687
:102680002DF034DD20462DF01DDD204629462DF0AD
:10269000BFDDE36884F86056D3F82421294642F070
:1026A0004002C3F82421236A0022186965F048D942
:1026B000236884F88C5693F8693113B120464BF0A7
:1026C000AFDB6A21206948F071DA003018BF0120C1
:1026D00084F873087E21206948F068DA421E92B2BD
:1026E0004FF6FD739A4206D8430001304000A4F82B
:1026F0005038A4F85208B4F8501821B12046B4F864
:1027000070272DF065DFB4F8521849B12046B4F8AF
:1027100054282DF05DDF002003E06FF0080000E09A
:1027200008463EBD2DE9F04FB5B0DDF8FC800D93B5
:10273000B8F80A700D46ADF858701146BFB2914610
:10274000129704461AF09ED8B9F81670C0B21A97BC
:10275000B9F8047010900D9948461B9773F056DC39
:10276000419F4FF0000A87F800A008F10C07159769
:10277000409F0F900C3F1897109FDDF860B00C97AA
:10278000159ECDF844A0CDF824A0CDF864A0CDF8D6
:1027900028A0CDF838A0CDF82CA0CDF850A0CDF8C9
:1027A0004CA0CDF820A0CDF81CA02F464FE03378E8
:1027B000951C2D2B21D007D8012B13D043D3032BED
:1027C00012D02A2B40D114E03D2B1DD005D80899FA
:1027D000322B08BF3146089136E04A2B1BD0DD2B47
:1027E00032D11FE007962FE0B2784FF0010A0C9229
:1027F0002AE0B31C1393149226E0204631462A4661
:1028000058F03ADA0A901FE0204631462A4658F03E
:1028100009DA0E9018E0204631462A4657F09CD936
:10282000199011E0032A0FD9B01C04229149FFF33B
:102830008FF7119B002808BF2B461193099B08BFF7
:102840003346099300E00B967619C5EB0B0BBBF1F1
:10285000010F03DD7278531C5B45A8DB3D46099FE1
:102860003FB10A9F2FB920460999119A58F0B8D95B
:102870000A90002D7AD1129FBE0740F1DA830B9B9C
:10288000002B00F0D6832046991C5A784AF00EDDC2
:102890003190002800F0CD83037C002B40F0C983E9
:1028A000037A002B00F0C583D0F80831588E01F070
:1028B0006FDC0C9F874240F0BC83319F2046394635
:1028C00017F054DD002847D0384649460D9A434654
:1028D0001DF09ADF00283FD040993E9BD7F8046155
:1028E00003F110020191204649460123CDF80080F2
:1028F0000296FFF739F9002830D1B6F830B0BBF1B5
:10290000000F2ED1216AD4F8843450315A469B7876
:1029100006F1380073F052D94099384600910D9A6B
:102920004946434643F034D9CDF800B0CDF804B061
:102930003B7C2046D3F1010338BF002302937D2264
:10294000394607F1DC03CDF80CB0CDF810B01EF01D
:102950008DD901220B9206E00B9504E000230B9326
:1029600001E000210B914FB33D4601E000270B979A
:102970001A9F3E9917F4404F0CBF4FF0000B4FF0D9
:10298000010B01F10A07204629463A465B467AF0D8
:102990004DDB064600BB2B7C002B40F04D832046D0
:1029A00029463A465B467AF043DC0646002800F0AA
:1029B0004383204631467AF0ABDA0DE094F88E324C
:1029C000002B00F039833E9F204607F10A0131AA0F
:1029D0007AF0D6DA064610B17368D80720D4089F7B
:1029E00027B17878B91C27F07BDD58B9079F67B10C
:1029F000B91C787827F074DD10F1000B18BF4FF088
:102A0000010B04E04FF0010B01E0DDF81CB066B1F2
:102A1000BBF1000F07D1736843F00103736004E05A
:102A20004FF0000B01E04FF0010BCDB1AB79DBB9FA
:102A30002B7A0BB3D5F808315B8E079303F4605300
:102A4000A3F5C052534243EB02030798089301F0E9
:102A50009FDB0C9FC11B484240EB010009900EE038
:102A60000895079509950AE00027089707970997A1
:102A700005E000BFFE370100089307930993B4F8FF
:102A80008E32002B7FD0236A5B7DC3B10C9FD4F8BC
:102A90007C040E2F8CBF4FF44042002247F480513B
:102AA000129F114307F02003D3F1010338BF002325
:102AB0000193139A149BCDF800B071F0CDDE23681A
:102AC00093F84F309B0712D00C9FD4F880040E2F40
:102AD0008CBF4FF44043002347F48051089F1943B3
:102AE0000E9A0A9BCDF800B0019772F0D9DB94F8EA
:102AF0008E32002B47D000210C222EA8FFF3C0F607
:102B0000944B1CAF2E93944B3846002128222F93D0
:102B10003094FFF3B5F6BDF858100DF1980CDDF8C0
:102B200030E0ADF87610604600212022CDF818C0C4
:102B30001C968DF874E08DF878B0FFF3A1F62D9710
:102B40000D9F236827973E9F93F84F302897109F3B
:102B500003F003038DF8A8700F9FDDF818C02B97C2
:102B6000159F8DF8B0300197189FD4F89406002176
:102B700090222EABCDF89890CDF8A480CDF800C06F
:102B8000029756F0E7D994F88C32002B00F0568269
:102B9000099F002F00F05282236893F84F20970777
:102BA00000F08A800E9F002F00F086800A9F002F81
:102BB00000F0828093F8A93033B1D4F87801294627
:102BC00053F0F2DC002877D10E9F20467A783978CE
:102BD00024F0ACDC079F034617F4404F0CBF0022E3
:102BE00001220A3254F822201192D5F8082162B14C
:102BF000D28812F0200208D00A9F3A7812F002021E
:102C000003D00E9F7A78C2F380020992BAF1000FC6
:102C10000BD1109FDAB2BA4207D01846069301F0E2
:102C2000B7DAB842069B40F00982D5F80821002A9D
:102C30002DD01846069301F0ABDA0746079801F04D
:102C4000A7DA8742069B22D1D5F80821528E9A42F4
:102C500032D0002E30D02A7A002A2DD02046119969
:102C60002A4625F055DEFF28074600F0E781DDF80B
:102C700024E0204629463A465FFA8EF315F088DEB6
:102C8000D0B1204629463A462DF0C6D914E0BAF113
:102C9000000F11D01846069301F07ADA0C9F069BBC
:102CA000B84200F0CB8103F46053B3F5805F03D0EA
:102CB000B3F5C05F40F0C281419F01233B702368A0
:102CC000D5F818A193F84F30980716D0AEB10A9FE7
:102CD00037B1199F2046009731460A9A0E9B0AE0A9
:102CE0002B7C53B97368D90307D50A9F20460097F8
:102CF00031463A463B4617F075D92B7C002B00F045
:102D0000BF803E9F0D9B204629464A468DE88001A4
:102D100015F02ADF236893F83B3043B10D9F20461E
:102D2000294632464B468DE880015EF013DA9AF868
:102D300009301BB1284600212BF028D99AF80D3014
:102D4000DBB1D4F830371A680AB11F7A37B1284698
:102D5000002110E0F1CF8100F5CF810004F020D9EF
:102D6000D4F830371A69821AB2F57A7F05D9012270
:102D70001A72284639462BF001DCD4F830371B682C
:102D8000002B48D01B9F0123C7F3C0120F99204688
:102D90001EF08EDB98F8023098F801101B0443EA0D
:102DA000012398F80010B8F808700B4398F8031046
:102DB000024643EA0163329398F8063098F805100A
:102DC0001B0443EA012398F8041034A80B4398F835
:102DD0000710002F08BF642743EA016340F8043D51
:102DE00032A900F0E7D93846329A339980F05ADA9E
:102DF000D4F83037BF021A68BA1A90420BD95A6811
:102E0000BA1A904207D23F1A5F60D4F844012946AB
:102E100001225FF0CFDC236A5B7D2BB1129F20463D
:102E2000C7F380212CF076DAD4F85801079950F0D6
:102E3000B7DD80B1D4F85801079950F0A7D9236ABB
:102E4000186964F0F5DE079FB84204D100212046DE
:102E50000A4625F079DE4A460D9BD4F844012946FE
:102E6000CDF800805FF06ED8D5F8EC309A0458D5D4
:102E7000D4F84C0129464246409B63F0F7DF50E00E
:102E8000BBF1000F03D1129FC7F3401300E00123F1
:102E9000DBB23EB1726813B142F0040201E022F0ED
:102EA00004027260226A527D4AB10193D4F87C0414
:102EB0002946139A149BCDF800B071F025DD2368E4
:102EC00093F84F309B070AD0089FD4F88004294616
:102ED0000E9A0A9BCDF800B0019772F039DA0B9F79
:102EE000FFB9D4F868329D420CD0284649460D9A65
:102EF00043461DF089DC28B1284649460D9A4346D1
:102F00002CF0BEDA94F88E325BB9D4F868329D4268
:102F100007D1284615F090DE18B1204641461BF037
:102F20002BD800210C222EA8FFF3AAF4454B1CAF8E
:102F30002E93454B0021282238462F933094FFF3DF
:102F40009FF4BDF85810DDF830E01C9626AE202224
:102F5000ADF87610304600218DF874E08DF878B029
:102F6000FFF38EF42D970D9F236827973E9F93F8CC
:102F70004F302897109F03F003038DF8A8700F9F20
:102F80008DF8B0302B97159F80220197189F2EAB9C
:102F9000D4F894062946CDF89890CDF8A4800096F0
:102FA000029755F0D7DF9AF80230013BDBB2012BD4
:102FB00013D8AB798BB92A7C7AB1D5F8182192F85D
:102FC0006C20022A09D14FF0FF3201922046294697
:102FD00005F1DC02009329F07DDD0F9F17F0407FA3
:102FE00001D1384602E00F9872F08EDE00F07F00CB
:102FF00002280AD0042808D00B2806D0A0F1160C0D
:10300000DCF1000040EB0C0000E001200190B9F879
:103010000400B9F80610800B0290012000220390F2
:1030200099F91C302046090A009204950BF00DFB1B
:1030300004E000270B97C1E40026D0E435B0BDE8DA
:10304000F08F00BFF1CF8100F5CF81002DE9F04F67
:1030500091F91530A1B0002504468A461E951F95AA
:1030600073B11BF0D7DD58B12368BAF81C20D3F830
:103070008830D3F8C8118A18C3F8C82100F0A3BC5F
:10308000BAF80230606803F00703052B0B900A932F
:1030900000F2A48463690A9953F82100002800F023
:1030A0009D849AF81820022A089200F08984714BB6
:1030B0000221DB6B9847814638B920460A9914F003
:1030C000BDDE8146002800F089842046494611AAC9
:1030D00023F0FEDF236893F89C30012B06D0BAF86A
:1030E0000220BDF848309A4240F07384B9F80E309F
:1030F000614E03F007030993604DF35C4946EB5CB6
:1031000011AA0C93189B0D9318881EAB0E90009378
:1031100020461FAB18F094D9236893F84F309B07D3
:1031200017D011A81BF0A4DC38B12368D3F888307D
:10313000D3F8A4220132C3F8A42211A81BF0AADC00
:1031400038B12368D3F88830D3F8AC220132C3F801
:10315000AC22D9F818305D056CD511AD2046294652
:103160002CF040DE08BB5346D4F834011E994A4681
:10317000009534F05DDB236893F8E130002B59D0E3
:103180001E99002956D0BDF85000BAF802200090D0
:10319000BDF84E30D4F8F8067AF086D8D4F85C0141
:1031A0001E990C9A7AF0D2DB44E01F99A1B1089ADB
:1031B000072A11D1D1F8EC3098030DD4D4F84C0182
:1031C00063F0C0DC28B9D4F84C011F9963F01CDD12
:1031D00010B11F984AF0F2DA11AB0093D4F8340121
:1031E00053461E994A4634F085DA2368054693F81B
:1031F000E13093B11E9981B1BDF85000BAF80220B8
:103200000090BDF84E30D4F8F8067AF04DD8D4F8D6
:103210005C011E990C9A7AF099DB1F98002800F047
:10322000D2838379002B40F0CE830AF108016FF03E
:10323000B9DBC8E3204611A9D9F834701BF040DC93
:10324000BAF81C60FF0E07F001070F90BAF81A8059
:10325000E6B12368D3F88830DA68013A9219DA6067
:103260001E9B9BB167B1D3F82C22013A9219C3F887
:103270002C220BE010A78800BAD588006CE18800EA
:10328000D3F83822013A9219C3F83822B8F1000F66
:1032900006D02368D3F88830DA68013A4244DA600D
:1032A0000E98494600F48063D3F1010338BF002330
:1032B0000B98079300F016DED9F818509AF91930D8
:1032C000C5F3C06B002B00F0868023681E98D3F8EE
:1032D0008830D3F8A8210132C3F8A821D3F8C82137
:1032E000013A9219C3F8C82128B103691BB1DB6800
:1032F000DA6B0132DA63012E05DDD4F88C54013D1E
:10330000AD19C4F88C54079900294DD02368D3F81F
:103310008830D3F8D8210132C3F8D82128B1036905
:103320001BB1DB685A6B01325A63012309990022F1
:1033300008F065F8D4F88C347BB12368D3F8883072
:10334000D3F8B4210132C3F8B4211E9B2BB11B6901
:103350001BB1DB68DA6A0132DA62D4F88C34012BF3
:1033600014D923681E98D3F88830D3F8B8210132D5
:10337000C3F8B82128B103691BB1DB681A6B0132AD
:103380001A6309990C22012308F039F81E9B5BB1DE
:103390002FB1D3F828220132C3F8282204E0D3F851
:1033A00034220132C3F834221E9B13B12268926A80
:1033B0009A621F9B002B00F015829A79002A40F038
:1033C0001482197C002900F01482D3F810310125F1
:1033D0009A7190460FE215F4825543D023681E98E7
:1033E000D3F88830D3F8A8210132C3F8A82128B136
:1033F00003691BB1DB68DA6B0132DA63079A0AB33F
:103400002368D3F88830D3F8D8210132C3F8D82103
:1034100028B103691BB1DB685A6B01325A6301237F
:103420000999002207F0EBFF1E9B5BB12FB1D3F887
:1034300028220132C3F8282204E0D3F834220132D2
:10344000C3F834221E9A002A00F0D8811F9B002B5B
:1034500000F0DA819D79002D40F0DC8123689B6AC1
:103460009362D8E1089B032B09D0042B0CD123686D
:10347000D3F88830D3F810220132C3F81022A846BE
:103480002F460126AB46DDE10898052829D123689F
:103490005A6BD3F88C103AB1B9F80E20954802F067
:1034A0000702825C9448825C143201EBC2014A68D4
:1034B000D3F8883001324A60D3F8A0221E98013236
:1034C000C3F8A02209990422012307F098FFB4F859
:1034D0003455002D00F0A381204623F0DFDA0025CB
:1034E0009DE10899012916D11F9B93B19B7983B166
:1034F0001E9B73B11A7DD20704D493F824309B0726
:1035000040F16582204649465246079B3CF09ADCD2
:103510004BE0089E4DE0089A062AB0D0072A51D108
:103520001F99002900F05382D1F8EC309F0040F140
:103530004E829E030DD4D4F84C0163F003DB28B90E
:10354000D4F84C011F9963F05FDB10B11F984AF06B
:1035500035D91E99002900F03A821F9B9B795BB1F7
:1035600091F824309D0707D58B68580604D50122B1
:10357000204613463CF0B4DBD9F81830590544BF57
:1035800043F48073C9F81830D9F8183023F4004395
:10359000C9F818301F9BD3F8EC309A0340F117821A
:1035A00020461E994A4625F0BBDB0646002800F05F
:1035B0003A81002520460AF114011BF021DBA846C0
:1035C0002F465FE7BAF8063033B12368D3F8883066
:1035D0009A6B01329A6352E71B9B1B78DB0741D53C
:1035E0007EB12368D3F88830D3F8A8210132C3F81C
:1035F000A8211E9B2BB11B691BB1DB68DA6B013262
:10360000DA63079B002B00F0138123681E98D3F820
:103610008830D3F8D8210132C3F8D82128B1036902
:103620001BB1DB685A6B01325A63099900220123EE
:1036300007F0E5FE002E00F0FD8023681E9DD3F804
:103640008830D3F8AC210132C3F8AC21002D00F052
:10365000CD812D69002D00F0C981EB689A6B013294
:103660009A63C2E11F9B002B48D09A79002A45D16A
:103670001B7C002B42D00D98037CDD073ED53EB16C
:103680002368D3F88830D3F8A8210132C3F8A821E1
:103690000799002900F0CC8023681E98D3F8883061
:1036A000D3F8D8210132C3F8D82128B103691BB15E
:1036B000DB685A6B01325A6309990022012307F033
:1036C0009EFE002E00F0B68023681E9DD3F8883041
:1036D000D3F8AC210132C3F8AC21002D00F0868173
:1036E0002B69002B00F07C81DB689A6B01329A63B6
:1036F00076E100BFBAD588006CE188000F9AB4F873
:103700006A341AB1984503DAB4F86C349E4261DB2E
:1037100022680798D2F88830D3F8C851AD19C3F899
:10372000C851002800F08980D3F8B0110131C3F8E6
:10373000B011D4F8843493F81D1109B3D4F8681289
:103740008979E9B992F8642122B193F86D210AB11F
:1037500083F86D11D4F88414204601F582710BF0C2
:1037600048F9D4F88434012283F82821D4F8843429
:10377000A068D3F83011D3F82421002310F088DB9F
:103780001E9860B12FB1D0F830320133C0F830321A
:1037900030E1D0F83C320133C0F83C322AE1012359
:1037A0000999082207F02BFE1E9B2BB11B691BB148
:1037B000DB689A6A01329A62002502238DE82800AC
:1037C00020461F9914221B9B0295039504951DF01A
:1037D0004DDA33E023680025D3F88830DA69013206
:1037E000DA614CE60125984605E001254FF0000816
:1037F00001E0012588462F462E4623E00127154685
:1038000090463E4693461DE001271D4698463E469B
:103810009B4617E000250127A8463E4632E6A8460B
:103820002F4601260EE0054680460746834609E0FE
:10383000079DDBE03546B046D9E0079D4FF0010813
:103840002F464646B4F8343543B1D4F838352BB159
:103850000899052902D0204623F00ED9BBF1000FAC
:103860004ED01E9B002B4BD011A81BF001D99DF808
:103870004E30834603F00303023BDBB2012B04D836
:10388000204611A92CF0B6DA00E0FF200A9A032A9C
:103890000AD85B498B5C04EB4303B3F83622130967
:1038A00003F00F03120B03E0B4F86E34B4F8702485
:1038B000009200220392BDF84C200190C2F3003226
:1038C0000492D4F85C011E995246CDF808B07AF003
:1038D000BFD8236893F8E13093B11E9981B1BDF848
:1038E0005000BAF802200090BDF84E30D4F8F80627
:1038F00079F0DADCD4F85C011E990C9A7AF026D8BB
:1039000020460A9901222CF0E7D81E9860B15EB1DA
:10391000E368D3F88021D9F830309A4204D91DB138
:103920000999D21A07F079FD1F9DB5B10AF114016A
:1039300020462CF03DDB014628462CF0EFDB0E9AAA
:1039400002F0FC03082B01D0882B06D1079B23B182
:103950001F980AF108016FF025D81E99C9B10B7D97
:10396000D80716D41F9BA3B19A7992B91A7C82B159
:103970001A7A72B1D3F8EC2092040AD4D3F8103139
:103980005B7933B9204652463B46CDF8008043F080
:1039900075D97EB10AF1140120462CF009DB4946A5
:1039A0000246D4F8880463F01DDE0B9849460122D4
:1039B00003F0B2DF079828B10025C4F88C5402E068
:1039C000002500E0079D284621B0BDE8F08F0126C4
:1039D000EFE50B984946012203F09EDF0125F2E74F
:1039E000D5F868310133C5F868310025A8460127AC
:1039F0003E4627E7D0F84C310133C0F84C31CEE6D3
:103A00006CE188002DE9F04F002BB5B007930CBF97
:103A100004230A230993079B15690DF12C0918BF8C
:103A20002023044615AF88469346002128224846A5
:103A30000693D5F80C610DF1B80AFEF321F70021C9
:103A400028223846FEF31CF700210C225046FEF3D4
:103A500017F7336B20468DE808042946069AF36A67
:103A6000CDF8B8902F9714F0F3DD002840F0F880DF
:103A7000B8F80630D80715D5216A4B7D93B10A6D89
:103A80000CA854310B92FEF377F6D5F8EC3099047C
:103A900005D5D4F84C0129464A4663F08BD900235A
:103AA000159308E015AB00932046294608F138022B
:103AB0000BAB26F021DCF36A83B128A80021182281
:103AC000FEF3DEF6F36A2D942893336B2993674B4C
:103AD0002B93674B2A93674B2C9328AB1FAF002186
:103AE000242238460893FEF3CBF60BAB00210822C4
:103AF000219331A815AB2293CDF87CB0CDF880800E
:103B0000FEF3BEF62368294693F84F2034AB12F03B
:103B1000030218BFDBF80420D4F8940618BFC2F3E0
:103B2000004203F80C2D0093069A089B329755F03B
:103B3000E9D9099B069900EB030A33AB02932046AF
:103B4000424605F1E2038DE8000523F03FD8074621
:103B500030B920463946B5F82E2140F015DB80E01B
:103B6000204629464246DDF8CC901CF05BDBA9F8E4
:103B70000000738CA9F80230339B04333393079B06
:103B800013B9AAF1040A13E006F124094846FFF329
:103B9000E3F410B93398494602E0339805F1F8018F
:103BA0000622FEF3E9F5339BAAF10A0A06333393A2
:103BB00031AB0093339BD4F8940601932946069ABF
:103BC000089BCDF808A055F00BD9814628B1606854
:103BD0003946012203F0A0DE42E0339B00900190C1
:103BE000029003932046294657224B46CDF810A059
:103BF0001DF03CD8706B18B103F06ADEC6F8349043
:103C0000079B23B1339B0AF1060A063B3393339B90
:103C10000AF1040A043B3393079B504686F83C3074
:103C200003F044DE706308B9B06305E0339952468F
:103C3000FEF3A2F5C6F838A0B8F862300095C3F3D9
:103C40004013019300230293039339462046D4F88E
:103C5000BC255B4626F09AD9002808BF002700E063
:103C60000027384635B0BDE8F08F00BFCDCE8100CB
:103C7000DDCE8100FDCE81002DE9F04F95B00646E6
:103C800006910792209C219DD0F800909B46002B26
:103C900000F0B380ECB91E9A012A1CD11F9A931E22
:103CA000012B18D8032A16D1002D40F0AB80C36E2B
:103CB0005A1C05D01C3350F82350002D40F0A28030
:103CC00048460021B6F82E2140F0D6DD4FF000081E
:103CD00094E0002500E025464FF0B00806270DF1DE
:103CE000200A002124225046FEF3CAF51E9B1F9A8B
:103CF0000893229B099211A800210822CDF828B030
:103D00000B930594ADF83040FEF3BAF5CDF848A01A
:103D100044B1089B032B0FD14C2C0DDB4D2C01DD46
:103D20007E2C09D111AB0093D9F894063146B0220C
:103D3000002355F0E7D83F18079B41468DE88800DF
:103D400013AB02934846069A06F1E20322F03EDFE7
:103D50008046002852D075B10023009301932A4673
:103D6000139B4846314658F00DDC95F90E30139AF6
:103D7000FF1AD21813921E9BDDF84CA09AB2AAF833
:103D800000201F9BAAF80230059BAAF804300AF114
:103D9000060313933CB1032A17D14C2C15DB4D2C91
:103DA00001DD7E2C11D111AA8DE80C00063F02978F
:103DB000D9F894063146B022002355F011D824B921
:103DC000BDF830300BB1AAF80430B37913B1F36801
:103DD000DA6801E0D9F8BC259DF88C3041460193A2
:103DE0000023039348465B460096029526F0CED802
:103DF000002808BF4FF0000800E09846404615B084
:103E0000BDE8F08F95F90E7044F2B008063766E70A
:103E10002DE9F0470446A4B090469A460D46002985
:103E20006DD0D1F86433002B69D004AF0EAE3346A9
:103E30003A460DF1600923F01BD90021242248469F
:103E4000FEF31EF5236A00216533082221A818938A
:103E5000CDF864808DF868A01B971C96FEF310F5D2
:103E60002368CDF8889093F84F3013F0030307D000
:103E7000D5F8EC3003F48053D3F1010338BF0023AD
:103E800024AF07F80C3D294640220023D4F89406BD
:103E9000009755F037D82D9B0190009323AB0293E8
:103EA0008046402120462C9A05F1E20322F08EDE66
:103EB000064620B3239BD4F894060193294640225A
:103EC00000230097CDF8088054F08ADF28B160689D
:103ED0003146012203F020DD11E0D5F8EC3013F477
:103EE000005306D0D4F84C012946324663F0D8D9A5
:103EF00005E020463146D4F8BC2528F0DDDD24B0AD
:103F0000BDE8F0872DE9F04390F8A03787B004466C
:103F10002BB1002380F8A0374FF0010800E098464D
:103F200023681A7E32B9B8F1000F00F03B822046B8
:103F3000022135E2206954F023DE18B1A0680FF0A9
:103F4000D3DF27E220461BF05DDB236A20461F6992
:103F5000D4F86832D3F814219D79167C1CF0FCD972
:103F6000031C18BF0123384671B22A4663F094DC63
:103F700094F88C36ABB12369D3F88830D3F8245148
:103F800015F040050DD120462BF0C0D9236A84F8E6
:103F90008C56186929462A4663F0D2DC204622F066
:103FA00063DC236820469A6A01329A621CF0D4D9F5
:103FB00018B9D4F8843483F8290120460AF0B7FDF3
:103FC000236A186965F05AD80146204659F028DD61
:103FD000236A186965F00CD90146204659F0D8DCEF
:103FE000236893F93D307BB1D4F8240103A9002262
:103FF00078F098DB01E00023C361D4F8240103A921
:1040000078F0A6DB0028F6D194F8D4314BB12046E5
:1040100016F03EDB28B194F8E43113B1013B84F88B
:10402000E431204626F082D8204617F01DDC2046D9
:1040300026F0D6D894F8D43113B1204624F068DAAB
:104040002368DA6E002A40F0A58193F8693113B134
:1040500020464BF023D9204647F030DB236893F805
:104060002F20CAB193F83030B3B120461CF09CD851
:1040700090B1D4F864120023CA582AB1907918B1CB
:10408000507908B112791AB10433202BF4D103E02E
:10409000D4F818053AF07EDAD4F828351B68A3B1B5
:1040A00020462AF0CFDCD4F828355A681B68B2FBCA
:1040B000F3F103FB112313B9204615F089D8D4F886
:1040C00028355A6801325A600AE023689A6A1E232A
:1040D000B2FBF3F103FB112313B920462AF0B2DC43
:1040E00094F88C3243B194F8F034013BDBB2022BEC
:1040F00002D8204615F048DE0025D4F864325F5916
:104100001FB3BB790BBB3B7AFBB1D7F818319B7A55
:10411000DBB1384625F090DEB8B13B7CABB1D7F8C7
:1041200018319B7A8BB13B7A7BB107F1DC063046C4
:10413000FFF312F2034640B94FF0FF3200900192B4
:1041400020463946324628F0C5DC0435202DD4D12E
:10415000204616F003DB236A5B7DB3B123689A6ABD
:104160003C23B2FBF3F503FB152575B9D4F8643293
:10417000585938B183792BB9037A1BB1037C0BB939
:1041800017F028DC0435202DF0D120462AF038DC49
:1041900020B9D4F8180539F0A9DF38B1236A2021F5
:1041A0001869002264F03ADD002604E0236A202129
:1041B00018690122F6E7D4F864329D59FDB1D5F8AB
:1041C000A83013B1013BC5F8A830D5F8AC701FB1C9
:1041D000013FC5F8AC7012E0AB7983B12B6D990744
:1041E0000DD595F8A43053B102F0DADED5F8B01051
:1041F00040F052DE18B1C5F8A87085F8A4700436F6
:10420000202ED8D1B4F850371BB1013BA4F8503759
:1042100002E0204622F076DD002635460BE0D4F899
:10422000C4329B195B6A23B1D4F8C82252F8250026
:10423000984701353836236893F8B4209542EEDB71
:1042400093F83B5045B193F83C502DB194F8FC5590
:1042500015B1E368D3F880510026D4F8643253F8DE
:104260000690B9F1000F40D099F80630002B3CD1F0
:1042700099F80830002B38D099F85633DA0704D56E
:104280002046494699F8542305E0980705D599F842
:1042900055232046494624F0A7DB94F8FC3523B388
:1042A00099F804300BB3D9F818314A4619782046EA
:1042B00029F02CDE236893F83B20B2B193F83C3010
:1042C0009BB194F88E3283B9D9F80831D4F85001F3
:1042D000DF8D93F86030BF0201335F4399F84410DB
:1042E0002B463A465CF066DFED190436202EB4D139
:1042F000236893F83B206AB193F83C3053B194F8AB
:104300008E223AB994F8FC3523B1D4F8500101213A
:104310005CF07ADF002384F8FC352268D4F884341A
:10432000926AB3F89E30B2FBF3F103FB112313B989
:10433000204609F095FAD4F8683223B1D3F8182151
:104340000AB112781AB1D4F86402002202E01B7A92
:10435000CBB9F8E7835893B19D79D3F8EC1015B138
:10436000890405D40BE011F4005F08D0C90306D41A
:10437000197A21B1D3F818310BB11B781BB1043273
:10438000202AE7D103E0A06802210FF027DE2046B3
:1043900019F0ECDFB8F1000F04D020460221002212
:1043A0002BF050DF07B0BDE8F08300002DE9F04F9F
:1043B00092F82A301446B2F81CB08DB006460D466D
:1043C000D0F804A00F6952692BB1936894F8228049
:1043D00003F11A0903E09268984602F11809A368EC
:1043E000072B0DD93046494613F0E8DC40B1B9F847
:1043F00006304FEA132949EA03291FFA89F901E037
:10440000B4F8089095F8243003F01203022B0DD174
:1044100048F68E03994509D12068D7F80811103065
:104420000622FEF395F1002840F0C88394F82C3062
:10443000EBB9A38B1B051AD53368D3F88830D3F8B2
:104440004C230132C3F84C23D5F824220132C5F89D
:10445000242205EB4802B2F8A410B4F87E20914261
:1044600005D1D3F8BC210132C3F8BC21A6E3BB7946
:10447000CBF3802B002B32D1D7F818311A7B92B1B5
:1044800094F82C207AB9BBF1000F0CD195F8CA1022
:10449000626A51FA02F2D00705D43846A18B029322
:1044A00017F05CDB029B3268526BC2B11B7FB3B169
:1044B00094F82A309BB194F8283083B10021384613
:1044C00029F008DAD7F8EC30990408D5A28B12F459
:1044D000005204D1D6F84C01394662F003D9238C3E
:1044E0005A0700F16B83A38B03F4804363633BB9EA
:1044F0003A6D40F237131340EBB197F85830D3B10F
:104500000023A3633046234651462A46CDF8008057
:104510007AF042DB636B40B9002B00F04F83D5F893
:1045200064310133C5F8643148E323B1D5F8603113
:104530000133C5F8603194F82C3043B908F15003C9
:10454000B4F87E0005EB43039A88988000E00022CF
:1045500094F82C3043B3636994F82A209B680AB11D
:104560001A3300E01833B9F5006F40F06E81A2688D
:10457000072A40F26A811A7A1209042A40F06581FA
:104580009A6912BA002A00F060815B7C012B40F02E
:104590005C8102F07043B3F1604F00F05681D2B2FB
:1045A000FF2A40F00B8350E1B4F87E0008F11809AF
:1045B00010F00F0340F0A38005EB8909D9F804102F
:1045C00079B11A465046029303F0A6D9029B05EB37
:1045D0008802C2F8843008F14A02C9F8043045F86C
:1045E0002230BBF1000F00F03081E3686269039371
:1045F00005EB88035A66A16B31B105F51C700530D7
:1046000014311022FEF3B8F063699A685868510DAE
:10461000C0F3140E9889DB8849058E44C3F34A130E
:104620003168013302EB000C7344C969CCEB03031E
:10463000CEEB020E896803EB0E021018884234DAC2
:104640005046FBF791F808F1180905EB8909C9F8FC
:104650000400002800F0B2826269806891685368A3
:1046600021F07F4E2EF4600E9289C3F31403C3EB46
:104670000E03C91A9A18FEF37FF061698B684A68C5
:1046800023F07F4323F46003C2F314029A1AD9F88B
:1046900004309868801898609889821A9A8188896D
:1046A00000229881504603F037D9D6F8E015039BD5
:1046B00005EB880259186FF005035B1A3168A148B1
:1046C000C96989685B18C2F8843061680822FEF302
:1046D0003FF06B6810B943F0080301E023F00803D2
:1046E0006B60994861680822FEF332F0AB6810B93C
:1046F00043F0200301E023F02003AB60A5E005EBCD
:104700008901496800293ED0504020F00F0020B9AF
:1047100002F00F02013293420FD00022504603F004
:10472000FBD808F1180205EB82020023536008F160
:10473000200205EB8202536021E0A16B49B105F52F
:104740001C70053014311022FEF302F0002840F0F6
:10475000358208F1200905EB8909A368D9F80420FE
:1047600008F1180C93421DD905EB8C075046796867
:10477000002203F0D1D800237B60C9F8043008F18F
:104780004A0845F828303368D3F888301A6E013269
:104790001A662B69002B00F01182DB685A6D01321A
:1047A0005A650BE28DE8080405EB8C0CDCF804106C
:1047B000304609F104026368CDF808C013F036DF13
:1047C00050466169002203F0A7D8DDF808C0BBF1AC
:1047D000000F3AD1DCF8042008F14A036261CCF8FA
:1047E00004B045F823B09368928903F11801C9F821
:1047F00004B06160A2F11801A16094F8291023604F
:10480000E26021B103F11E011E3A6160A26094F8DA
:104810002A203AB1626884F8228002326260A2687B
:10482000023AA2601A785B7842EA0323A383636B9F
:104830005BB1A36B4BB193F90E2061688A1862607B
:1048400093F90E30A268D31AA360A36B63B11B7AED
:10485000042B04D1304621467AF02ADA04E00B2BEF
:1048600002D120461AF0ACDBBBF1000F40F0C4814E
:10487000626993695B0613D5BB792BB9D4F88010B4
:10488000384618316EF08ED863699B69180640F17E
:104890009581D6F830012946224601F0B5F9ABE101
:1048A00023689888D988ADF81000ADF812101889DF
:1048B0005989ADF81400ADF818109889D989ADF868
:1048C0001A00ADF81C10188A598AADF82000ADF80E
:1048D0002210988A94F82910ADF8240041B1198B60
:1048E000588B9B8BADF82810ADF82A00ADF82C3012
:1048F000A38B13F4807F03F4007304D104A96167D0
:1049000023B108AB05E008A961670BB906AB00E06D
:104910000AAB6168236793683046C3EB010813F064
:104920004DDA6369998988B1072940F247819A680D
:10493000A8F106084244C8EB01089A60A3F80C806D
:10494000E26615E02C1D8900033801000D2940F2B4
:1049500035819A68A8F10E084244C8EB01089A60B4
:10496000A3F80C802389E266190A41EA03239381A4
:10497000A36B6BB11B7A012B0AD0032B08D03046F6
:1049800051462A46234679F0C7DE002800F01681FA
:10499000A36B33B11B7A022B03D1304621467AF048
:1049A00087D997F85C339BB1E36E9B891A0A42EA78
:1049B0000323934A1BB293420AD13046616906220F
:1049C000002315F0BBDD18B13046394649F006D951
:1049D000626FE36E118819805088588091889980A1
:1049E000216F0888D8804888188189885981616931
:1049F00094F822E0C8890EF0070E20F007004EEA76
:104A00000000C8811178C9070BD53168D1F888102A
:104A1000D1F8D0010130C1F8D001F968886D0130BA
:104A2000886597F8591061B195F82410C80608D424
:104A30009989080A40EA0121714809B2814240F08F
:104A4000BD80D6F89811795C79B195F82410C90623
:104A50000BD49B89190A41EA03236A491BB28B4292
:104A600003D026398B4240F0A980BB79EBB992F88C
:104A7000008018F0010818D1D7F81831384693F89B
:104A80007420013283F87420D4F8801018316DF04E
:104A900089DF61695046FFF325F201210346424652
:104AA0003846CDF800806DF0FDDFD6F8D0361B68B3
:104AB000FB58002B35D01B68002B32D0D4F86C800B
:104AC000B8F80C301A0A42EA03234D4A1BB293424B
:104AD00027D197F8A73313B197F8F6330BB35046A5
:104AE0006169424612232BF0C1DB00283BD0B8F8A5
:104AF000103050461A0A42EA0323616908F1120293
:104B00009BB22BF0B3DB00282DD0636BD6F8D00618
:104B1000003318BF0123394642467DF077D900287B
:104B20004CD17B69002B2FD0D4F86C80B8F80C30B6
:104B30001A0A42EA0323324A1BB2934224D1504656
:104B40006169424612232BF091DB60B1B8F8103056
:104B500050461A0A42EA0323616908F112029BB225
:104B60002BF084DB30B93368D3F888305A6E0132C9
:104B70005A6623E0626B7869003218BF0122414611
:104B80002B4643F0B3DAC8B9D5F89431DB070BD51F
:104B900094F8293043B9E36E9B891A0A42EA032349
:104BA000174A1BB2934209D1636994F829200093F4
:104BB00030462946636F26F045DC1DE033685A6BAA
:104BC000AAB161691048CA89D3F88C3002F0070293
:104BD000825C0E48855C50460C3503EBC5056B685E
:104BE000AE6801336B60FFF37DF18019A860504619
:104BF0006169002202F090DE0DB0BDE8F08F00BFC9
:104C00008E88FFFFB488FFFFBAD588006CE188006A
:104C10002DE9F04F4FF0000AAFB0CDF8B0A0CDF8BD
:104C2000B4A0D68A984610939B890446212B0F4640
:104C30001546CDF864A08DF84EA0CDF850A08DF8A3
:104C400057A08DF854A08DF88CA08DF858A0119223
:104C50002B92CDF888A001D803684AE0D8F80890D4
:104C60001046494671F0D2D909F106030890C8F8F8
:104C70002C000B93B9F806301946ADF8483001F016
:104C80000C02184601F0F00301F44071A1F5407EDA
:104C900092081B09DEF1000141EB0E01022A08BF58
:104CA0004FEAD30AADF84A205FFA8AF2ADF84C30E9
:104CB0008DF855108DF85620B5F804E00EF0030E6F
:104CC000BEF1020F04D100B2002801DADB0800E0D7
:104CD0000023D8B28DF85700002914BF28232223BF
:104CE00002B1023300B1043310988089984206D291
:104CF0002368D3F888305A6E01325A667EE399F8F9
:104D00000A3003F001038DF8583009F11E030C93AB
:104D100011B109F124030C9300238DF859304AB1E5
:104D20000C9B5A781B7843EA0222DB0907928DF824
:104D3000593000E0079241463846FFF3D3F010990E
:104D400009908B68384606338B608B89063B8B81D4
:104D50009DF859301BB1FEF365F501463846042233
:104D600002F084DD16F4404F9DF855200CBF4FF043
:104D7000000B4FF0010B00232D9302BBBDF8483010
:104D80000B9913F4407F09D101F1100620460A3136
:104D90005A462DAB78F00CDA2C9005E0D80501D5F9
:104DA0000E1D01E001F10A062D9B23B92046314674
:104DB00048F0F8D92D902D9B003318BF01238DF8B2
:104DC0005C302D9B13F1000A9DF8583018BF4FF04E
:104DD000010A43B90B992046043148F009DA061C50
:104DE00018BF012600E00026D4F804321BB923685E
:104DF00093F82C306BB3236893F83E20002A08BF49
:104E00004FF0000A7EBBBDF84820D20506D49DF8BD
:104E100058201AB1BAF1000F40F0F6829DF85520E3
:104E200012B19DF858203ABB93F82C30002B00F0BB
:104E3000C982BAF1000F04D12046294658F064DE39
:104E4000C0E22D9B9B79002B40F0BC824FF0010A01
:104E500014E09DF858301BB9002E00F0B38202E038
:104E6000002E00F0D1829DF855302BB9BAF1000F19
:104E700000F0A8829A4601E04FF0000A9DF85630F3
:104E80000BB39DF859304BB194F80E32002B00F063
:104E90009982109B9A6942F040029A6107999E4A52
:104EA00001F00703D25C9D498DF84E308A5C07996A
:104EB000149201F0100212118DF854200C9A8DF802
:104EC0008C3002320C92109BD989988911F40052CF
:104ED00018BFB3F850200C999B688218CB1A0E9219
:104EE0004146D21A38460D920693FEF3FBF7069B15
:104EF0000B9AC31A0F93937DD17D43EA0123ADF83A
:104F0000AA30BAF1000F2FD12CAB00930E9B204694
:104F100001932DA92B4618F0ABDE002840F05282F9
:104F200074E22D99002900F04D820B9A20460A3236
:104F30005B4678F07BD82C90002840F06D820B9A6D
:104F40002D9920460A325B4678F072D901462C90A2
:104F500030B92368D3F88830DA6E0132DA6631E28C
:104F6000204677F0D5DF57E2BDF8483013F4407F94
:104F700004D12D9B1B7C002B3AD106E09DF85530C7
:104F80001BB92D9B1B7C002B32D020462D990A3259
:104F90005B4678F04DD92C9018B913E22C9B1B6915
:104FA0002D931EB123689A6A2C9B9A622D9BD3F88D
:104FB00010210792BAF1000F21D19DF85520F2B9C6
:104FC0009DF858201AB1BDF84820D00510D4997921
:104FD000BDF8482011B1D1050AD510E01B7C02F4C0
:104FE0004072002B14BF4FF4007300239A4206D086
:104FF0002368D3F888309A6D01329A65E2E1204641
:10500000294658F081DD002388F8230083462D9837
:1050100088F822308379ABB9BBF1000F12D0594622
:1050200095F91D20334658F0CFDD2946D4F8C42623
:10503000204658F00DDD3246014688F822002D98B2
:1050400058F010DE2C9B93F8922112B9D3F8F4207B
:1050500052B3BBF1000F27D0D3F8F010D3F8EC20F7
:1050600042F821B0D4F88424517911F00100D3F82A
:10507000F01018BF95F91F0003EB8101C1F89C01E6
:105080005279521012F00101D3F8F02018BF95F9AF
:10509000201003EB8202C2F8BC11D3F8F0200132D9
:1050A00002F00702C3F8F0209DF855202D9B0AB1AD
:1050B000DB6D3CE09A792C99002A31D04B6B25931B
:1050C0004B685A061BD59DF85620C2B1BDF8AA20E0
:1050D000100714D191F8D7208AB10A7DD2070ED4D7
:1050E000BDF84820D0040AD59A0308D5149A91F83F
:1050F000C9301341DB0702D520463AF00FD9BDF87D
:10510000483013F4805F2C9B5A6814BF42F400327D
:1051100022F400325A600BE0BAD588006CE18800B6
:105120004A6B25921A7C1AB9DB6DD80700D52593F6
:105130002D988379A3B9037C93B19DF858307BB93E
:10514000BAF1000F0CD1079B83F806A094F80C224B
:10515000D3F8F0309A4203D084F80C3221F010DBFF
:105160009DF85830FBB12D998B79002B40F02A81A6
:105170000B7C43B10B98E23110300622FDF3E8F2CC
:10518000002800F01F810B980430FEF3D9F150B9CC
:105190002D9890F8453033B90B99043148F076D901
:1051A000002840F00F81BDF8AA30089AA8F81C30FA
:1051B0000B9BC8F82C201B7C2C9913F0010F099E27
:1051C0004FF0000707D0D1F854310133C1F8543102
:1051D000F1E9622306E0D1F850310133C1F85031D2
:1051E000F1E96023921943EB0703C1E900239DF81D
:1051F00058309BB999F8003099F801201A4399F872
:10520000023013430AD0D8F82C10D4F85C016A8A13
:1052100078F0C6DB2C9B0899C3F85C1199F9033030
:10522000002B07DA2368D3F88830D3F8A82201329C
:10523000C3F8A82299F8033013F0300F07D0236881
:10524000D3F88830D3F8B0220132C3F8B0229DF8E9
:105250005830002B71D1D8F82C00236810F0407F13
:10526000D3F8886001D1C0B201E070F04DDD16289E
:105270003AD00CD80B2825D004D8022816D0042800
:105280005BD119E00C2823D0122856D126E0302813
:105290003CD004D818282DD024284ED130E06028E6
:1052A00040D06C2844D0482847D135E0D6F8383271
:1052B0000133C6F8383240E0D6F83C320133C6F844
:1052C0003C323AE0D6F840320133C6F8403234E09E
:1052D000D6F844320133C6F844322EE0D6F84832CC
:1052E0000133C6F8483228E0D6F84C320133C6F80C
:1052F0004C3222E0D6F850320133C6F850321CE06E
:10530000D6F854320133C6F8543216E0D6F8583283
:105310000133C6F8583210E0D6F85C320133C6F8D3
:105320005C320AE0D6F860320133C6F8603204E03D
:10533000D6F864320133C6F864329DF858301BB198
:105340002D980BA91AF01ED99DF858302BBBD8F810
:105350002C0010F0407F01D070F0D6DC00F07F0010
:10536000022809D0042807D00B2805D0A0F1160187
:10537000484240EB010000E001200022E98895F955
:105380001C3000920190A888090A800B02902D9889
:1053900003920490204609F058F92C994B685A035F
:1053A0000BD59DF8583043B9BAF1000F05D1D4F8A8
:1053B00038010BAA33F038DE33E020460BAAFEF7A3
:1053C000F5FF2EE023685A6BC2B19DF85820AAB9A8
:1053D00010991548CA89D3F88C3002F00702825C14
:1053E0001248845C38460C3403EBC4046368A56837
:1053F00001336360FEF376F54019A06038461099DA
:10540000002202F089DA0CE0B24637E5BDF84830F8
:1054100013F4407F3FF485AD2D9B002B7FF4C1AD8D
:10542000BCE52FB0BDE8F08FBAD588006CE18800EC
:105430000B68C968DB691A6889B14B78012B0ED1FA
:10544000B2F8BE3023F040031B041B0CA2F8BE30A0
:105450008978890644BF43F04003A2F8BE3000209B
:105460007047F8B591E88800DC6903680D461A6852
:1054700092F8626126B1D3F8600806F073FF064621
:10548000F86DF9F725F958B156B1E86858B1437885
:10549000012B04D00C23A3804FF0FF30F8BDA06196
:1054A0000023A3800020F8BD38B503684C681A6853
:1054B00092F8625125B1D3F8600806F053FF054613
:1054C000E06DF9F705F950B145B9D4F8A00300F043
:1054D0002000002814BF0320002038BD032038BD61
:1054E0002DE9F84391E808020568DC692B680E464F
:1054F00093F86271D4F8008027B1D5F8600806F0FF
:1055000031FF0746D9F85C00F9F7E2F888B187B1B6
:10551000F06888B14278012A05D00C2323844FF02B
:10552000FF30BDE8F8836062D5F86008414607F0B7
:10553000D9FC002323840020BDE8F8832DE9F04F37
:105540001C4692F801909B68D1F85CC089B0002796
:1055500023F4C063B9F1010F80460E461546CDF81D
:1055600010C005970697A36040F23C81D278AB78D3
:1055700043EA0223012B40F03581A9F10203DBB29B
:10558000032B0ED81CF0400F00F02C8104222DF0CC
:10559000F5DC002800F02681402363630423A36325
:1055A00029E12F1D384696490322FDF3D1F08246AA
:1055B000002840F0178140463146EA792DF0DEDCC4
:1055C000002800F00F8104F1380B38465946FFF3EC
:1055D0001DF0A9F10603DBB2012B11D8049B5F0675
:1055E00040F100814046314604222DF0C7DC0028FE
:1055F00000F0F880402363630423A3635746FAE076
:105600006A7A2B7A43EA0223012B40F0EB8005F102
:105610000A0738467A490322FDF39AF0002840F041
:10562000E180404631466A7B2DF0A8DC002800F07E
:10563000D98038465946FEF3E9F7A9F10C03DBB2ED
:10564000012B06D8049B580640F1CC8040236363AD
:10565000CEE0EA7BAB7B43EA0223012B40F0C08023
:1056600005F1100066490322FDF372F0002840F0B6
:10567000B780EB7C012B01D0052B02D1049A510697
:1056800017D4062B02D1049A120612D4D8F800209F
:1056900092F862212AB1082B03D1049A12F4802FC8
:1056A00005E0022B40F09C80049A12F0800F00F07D
:1056B00097805A1FD2B2012A01D9082B0BD1336D22
:1056C0005B0504D4049B13F4922F00F08F80A36831
:1056D00043F48063A360336D5F0503D5A368580569
:1056E00040F1848005F1100004A90022FEF31AF7AE
:1056F000002877D0049BA9F11202D2B2012A636379
:105700008CBF2A7D0022B3F5802F01D151066BD5C5
:10571000D8F87C06316D0DF11F0304F05FFA002804
:1057200064D09DF81F301BB1A36843F40073A360DD
:10573000A9F11407FFB2002F4AD095F801A0A9F1F2
:105740001609C7EB0A0A05EB0A0393F803C003F135
:10575000020B9B785FFA89F943EA0C2C4FEA19197E
:10576000002723E00BEB0713023305931023ADF85A
:105770001C3004F114030093636B3046019306A9B7
:1057800005AA07ABCDF80CC057F09ED901372028E9
:10579000DDF80CC00AD1059A62B1069B53B1012114
:1057A00000914046214638F033D903E0674501D0E7
:1057B0004F45D7D15544EA78AB7853EA022317D046
:1057C000059BBBB1069F002F0CBF3527002712E0B9
:1057D000404621463A463B46009738F019D90AE040
:1057E0002B2708E00C2706E02D2704E01F2702E006
:1057F000002700E03527384609B0BDE8F08F00BF2C
:1058000022380100F8B591E8280007685B681E6837
:105810003B6893F862415CB1D7F8600806F0A2FDDE
:1058200031460446D7F8600806F0A0FD064600E0C1
:105830002646E86DF8F74CFF30B124B1002E14BFB6
:1058400003200020F8BD2046F8BD2DE9F34191E882
:10585000480007685B680C46D3F800803B6893F803
:1058600062315BB1D7F8600806F07CFD4146054621
:10587000D7F8600806F07AFD074601E01F461D468E
:10588000F06DF8F725FFA0B19DB197B1012200217D
:1058900001A8FCF3F5F701A80521FEF3C9F30122E5
:1058A000A369F42001A9FDF30FF52368A2695B68E1
:1058B0001A620020BDE8FC8173B503680C461A68C3
:1058C0004D6892F8626126B1D3F8600806F04AFD8F
:1058D0000646E86DF8F7FCFEB8B11EB9D5F8A0335E
:1058E000980612D50122002101A8FCF3C9F701A8EE
:1058F0000521FEF39DF30122A369F42001A9FDF324
:10590000E3F42368A2695B685A6100207CBD73B52B
:1059100003680C461A684D6892F8626126B1D3F8A4
:10592000600806F01FFD0646E86DF8F7D1FE98B155
:105930001EB9D5F8A0339B060ED50122002101A87F
:10594000FCF39EF701A80521FEF372F3F42001A9F0
:105950000122A369FDF3B8F400207CBD2DE9F347D3
:105960001746027A04460E46D0F80090D1F800801F
:105970000AB1002B6AD0E3199D7A002D67D098F800
:10598000023194F8272003F01C039B08934238BF90
:1059900013463371304630F093DD98F802314FF4FE
:1059A000005203F0030312FA03F3F36098F8023194
:1059B000204603F003030D3386F83D31414607F1DD
:1059C000360A2FF00BD856F82A5045B94FF44170DB
:1059D00001F06CDF0546002839D046F82A00284639
:1059E00000214FF44172FCF34BF702232B7000238C
:1059F000AF7085F8ED30D9F80030C5F8F48093F831
:105A000069318BB1484649F041DC38B1E37C9842BA
:105A100028BF184684F80434E07405E094F8043490
:105A200013B1E37484F80404A27CE37C009294F83C
:105A30002F2048460192D5F8F4103A4632F036DF6E
:105A4000D4F850321A6D01321A6500E01D4628461E
:105A5000BDE8FC872DE9F041D0F8E8220025074693
:105A60000E46A8462B46D2F8B0100432002918BFC3
:105A700098460133182B0D44F5D128F0070830461D
:105A8000184908F10708FDF36BF105BB22E0D7F8D0
:105A9000E83204F12C0253F82220642353433046A9
:105AA000B3FBF5F31049FDF35BF1104B2340002BE2
:105AB00003DA013B63F007030133072B05D14445AB
:105AC00003D030460A49FDF34BF1013400E00024D5
:105AD0004445DCDD30460749FDF342F10020BDE8D6
:105AE000F08100BF225701002C5701000700008001
:105AF000375701001A2D890037B500230193079B02
:105B00000546032B144604D901A806990422FCF388
:105B100033F60E2C2B6806D11B68002093F8D12099
:105B2000089B1A6001E06FF016003EBDF8B5C2692F
:105B3000002307460D461E46D1580433602B0E4401
:105B4000FAD128461149FDF30BF1C6B10024FB69D7
:105B5000284653F82420642353430D49B3FBF6F33E
:105B6000FDF3FEF004F00703072B05D1172C03D03B
:105B700028460849FDF3F4F00134182CE7D12846F3
:105B80000549FDF3EDF00020F8BD00BF5C570100B2
:105B90002C570100375701001A2D8900002070474B
:105BA00010B51C4603699B794BB9880501D5101DBA
:105BB00003E0C90510D502F10A00214608E0CB0533
:105BC00002D502F10A0002E0880505D5101DA11DCD
:105BD0000622FCF3BDF580B9204602990622FCF3AB
:105BE000B7F568B1204603990622FCF3B1F5002809
:105BF0000CBF4FF0FF30002010BD4FF0FF3010BD44
:105C00004FF0FF3010BD00002DE9F04F5D4B07460F
:105C10001868EFB06A9015469A886C69ADF8AC21A7
:105C200053F8060FA2686C909B880491ADF8B431CC
:105C30007B68A98BD3F814B06B6805919B1A9BB253
:105C4000D218A260A289D5F81090D31AA381002699
:105C5000B84664E0642E64D0A368E28903F10E07BD
:105C600012F4005218BFB4F85020BF07A0899989D8
:105C700005D04746FB6E1A6C01321A645BE01218BD
:105C8000DFF808A10F0A92B247EA01270392A18A1E
:105C9000DAF800200E3752F82120BFB21AB13A4A82
:105CA000F91C0A4000E03A460399914205D0474664
:105CB000FB6EDA6B0132DA633DE06AAA00926CAAED
:105CC0000192049805992A68FFF76AFF002832D1EB
:105CD000E3899B0407D5B4F8503023B1A389FF1A98
:105CE000A4F8507000E0A7812246D8F80000594679
:105CF00019F0BCDEE38995F8222023F0070302F0B7
:105D000007021343E38106AB43F82640A28ADAF880
:105D10000030013653F82240039BC3EB0909002CE5
:105D200098D14746B9F1000F01D105AB0FE0FB6EEA
:105D30005A6C01325A6458466969002201F0ECDD60
:105D40001DE053F8042F0021918209F10109B145AA
:105D5000F7D124B158462146002201F0DDDD0024B0
:105D60000BE006AB53F8243095F8292000933868EF
:105D700004999B6825F066DB0134B442F1D16FB021
:105D8000BDE8F08F2B380100FCFF0100E8030000A4
:105D90002DE9F04FB1B0DDF8F480079300230F92A6
:105DA0002F9308F138023A9B0B92D1F808215B88B7
:105DB0000C92079A0E931388814603F0FC03A3F11B
:105DC00020077B4243EB07030C463C9E8569089302
:105DD0002BB13A9B4FF0300B04330A9303E0089A3F
:105DE0004FF0100B0A920021282210A8FCF348F56E
:105DF0001AA800212822FCF343F5D5F86C332BB107
:105E000010A805F55B712822FCF3B6F40C9B0DF18C
:105E1000400A03F138070DF1680C3A46534628460C
:105E20002146CDF800C0CDF818C024F065DAD5F8C9
:105E3000843439469B7824AF00220B986FF0BEDE85
:105E4000384600212422FCF31BF508F14D03DDF850
:105E500018C02593CDF898A0B8F868300DF1B40AB1
:105E6000504600210822CDF89CC028932496FCF3CC
:105E700007F57368CDF800A0C3F300438DF8B43084
:105E800021465A460023D5F894062E9753F03AD867
:105E900004F1DC0300F1060A079A0D938DE808046B
:105EA0002FAB0A32029307465946284604F1E20313
:105EB000099220F08BDE844618B91122A8F86820D8
:105EC000E9E02F9B0022012119705A702A6A12689A
:105ED000022A04D194F92C210AB921221A70216DC9
:105EE00040F237120A4032B194F858201AB11A8899
:105EF00042F010021A8095F8722432B12A6A527D5B
:105F00001AB11A8842F480621A80B8F868202146D3
:105F10005A80B8F820209A802F9B2DAA06338DE84E
:105F20008C002F93D5F894065A460023CDF818C05C
:105F300052F056DFDDF818C0002840F09980009438
:105F400098F81820E368029003900192DA682846D6
:105F50003346614624F01AD8B8F8683023B1304689
:105F6000022176F0A5DB83E02F9B063B2F93B368DD
:105F700098050CD596F8243003F00303032B06D1C3
:105F8000D5F87C06214632465DF0C6DA83E0B8F8E3
:105F900020303146A6F8CC30284676F0B9DF0C9A8E
:105FA000022192F860300E9A3046934238BF134671
:105FB000A6F8FA3076F004DED4F8EC30190309D5EF
:105FC000284621461AF038DD012803D1284621460B
:105FD00046F0F2DE2B689B6AF362089B53B10D9882
:105FE0000A990622FCF3B4F320B148460999E26805
:105FF00036F0A6DF0999E268484636F0C5DC2A6823
:10600000D4F8EC1092F84F2011F4005318BF02237B
:1060100012F0030205D0CA045ABF7268C2F30042EC
:1060200000227F218DE806000B9806F13C0100223A
:106030006FF0F0DE2846314677F058DB606920B11A
:1060400006F11401012201F0D9FFD4F8EC309B04D1
:1060500004D5D5F84C01214660F064DB2B6893F839
:10606000693133B128462146012202F0BDFF00E02C
:10607000BA463B9B3A9A01932F9B00920293484663
:1060800021460F9A079BCDF80CA00496CDF81480FA
:1060900036F054D905E048462146079A434635F084
:1060A00029D931B0BDE8F08F2DE9F04F8569E3B013
:1060B000924698469DF8B421D5F864310C46079273
:1060C0001BB19B79002B40F06A812B6893F82F302D
:1060D000ABB1236D990712D594F8A4307BB100F0D1
:1060E0005FDFD4F8B0103EF0D7DE002800F06C81FE
:1060F0000023C4F8A830C4F8AC3084F8A430A379E5
:106100001BB12379002B00F04A81BAF800B01BF4D0
:10611000804B65D00AF10A03284621461A460693A9
:1061200076F080DF0746002800F03981D0F8D030C3
:10613000002B00F0348198F803909DF8B8314FEAB5
:1061400099190BB3D5F89C3253F82960E6B133693D
:10615000D3B1337AC3B1414603225BA8FCF30CF3FD
:106160005BA806F1140132690330FCF305F33169D1
:106170005BA8033108AA02F0AFDA6C9A08F10400B8
:10618000111F08AA02F0CADA09F11C0954F82930D3
:1061900093B11A696C984146143308F0F5DCC0B924
:1061A0000123009001930290039004902146284619
:1061B0001722069B1AF05ADDD7F8D00001F088DBD1
:1061C0000023C7F8D03003230F2606934FF00109B0
:1061D000D2E06C9A08F10408083A6C920F2601E0AC
:1061E0005E465F46B8F80230B8F8009006932B6818
:1061F00093F8623173B1B9F1030F0BD16C9A079B1D
:1062000000920193D5F8600821465246434674F047
:1062100057D8C4E0069A032A00F2C180BBF1000FF0
:1062200067D1012A40F0CC80B5F8AA0122F014D938
:106230000AF10A0B031C214618BF012328465A46BF
:1062400076F0F4DE014610B1284676F0F1DE2846FD
:1062500021465A4676F0E8DF0746002800F0B28073
:106260004368DA0408D52A6892F83020002A40F002
:10627000A98023F4805343602846394625F0B2DDD7
:10628000B9F1000F03D0B9F1010F2BD112E0B4F92D
:10629000543094F94420384601211BB916B976F0E0
:1062A000B9DC01E076F01EDA97F8243013F0010330
:1062B0001DD118E0B4F95430012B18D038464946A6
:1062C00094F9442076F00EDA00238DE80802029358
:1062D000039304932846214617225B461AF0C6DC36
:1062E0000D2649E00023012200930192EFE7002EE2
:1062F00042D100210C225FA8FCF3C2F2344B0DF511
:10630000927B5F93334B002128225846609361951E
:10631000FCF3B6F2069BADF8346153AE3046002173
:1063200020224A93CDF824914B97FCF3A9F26C9A62
:1063300008F106030193931F00960293D5F8940683
:106340002146B0225FABCDF868B152F003DEBDF854
:1063500034618EB987B197F82430D8070CD5284618
:10636000214604220AF10A0300960196CDF808900E
:10637000039604961AF07ADC069A2046531C019381
:10638000002303930493079B0AF10A01059304F188
:10639000DC023B46CDF800900296FDF76DFC2846E6
:1063A00021460AF10A0276F03DDE68B1A3795BB1BD
:1063B00090F82430D90707D52B689B6A836203E0E5
:1063C0000E26D9E70126D7E763B0BDE8F08F00BFFE
:1063D00011148400151484002DE9F04F9A46836E41
:1063E000ADF5077D81468669CB58D1F80C01919CAB
:1063F0000D460D92DDF8408212930C90002C00F0B7
:10640000AA82002131A86C22FCF33AF29DF84832AE
:106410000D998DF8DC30B4F8CC303391CDF8D0A0A4
:10642000CDF8C4903295CDF8D480369423B9206944
:1064300047F04AD8A4F8CC00B4F8CC20D5F80831FD
:106440000021ADF8E4204CA828221093FCF318F2A8
:106450000D98BAF800200388ADF82C2003F0FC0357
:10646000A3F12000434243EB0003D9B28DF847303B
:1064700093B20A934B010E9394F824300F9103F0DA
:106480000303032B03D1A368990500F13F82D6F8DB
:1064900064311BB19B79002B40F05782336893F82D
:1064A0002F30ABB12B6D9A0712D595F8A4307BB184
:1064B00000F076DDD5F8B0103EF0EEDC002800F0FC
:1064C0004A820023C5F8A830C5F8AC3085F8A4305E
:1064D0000F9820B1B8F1090F40F2378209E0B8F106
:1064E000030F40F23282A8F104010AF1040B099172
:1064F00004E0A8F10A020AF10A0B09920027676377
:10650000A763304621463A4676F0B4D9099BCDF8C8
:10651000F4B0012B3E93CDF8ECB040F316829BF81B
:106520000130099802339842C0F20F8239460C229A
:1065300083A8FCF3A5F1704B394683936F4B282257
:1065400084936AAB184608938596FCF399F156AA92
:106550000DF5E87C6B9260AA6C9260463946202269
:10656000CDF81CC06A94ADF8C871FCF389F1089BA2
:1065700009997B933368DDF81CC093F84F30029182
:1065800003F00303CDF800C0CDF804B08DF8E83176
:106590000E9AD6F89406294683AB52F0DBDCBDF8A0
:1065A000C8210E9208B11746BFE1BDF82C30D4F8CF
:1065B000E000A4F8F83038B141780231FDF322F759
:1065C000D0F1010038BF00200B900B98EB6D8DF8D7
:1065D000E60023B12A6D40F23713134013B92B6D37
:1065E0005B060BD5D4F8E03043B9AB79002B00F053
:1065F0008F81D5F8EC30980440F18A81304656A955
:1066000060AA4CAB1AF0F6DE002840F0858196F8BF
:106610001C259DF844319A4240F07E8194F8243044
:1066200099070BD594F8D73023B130462146012283
:1066300039F0C0D92046FE2176F03AD895F9443099
:10664000002BC0F2718194F82430DA0740F16C819C
:10665000336893F8A9304BB1D6F870012AF04EDDBB
:10666000022803D10A99CB0540F154816D2215A867
:106670000021FCF305F10023DDF830E11A4612E0B9
:1066800086A8C11811F8E41C01F07F016C2909D813
:106690001B48405C30B115AF40B2795432EA200259
:1066A00028BF012201337345EAD16168336A21F0C2
:1066B00007016160587D12F1000C18BF4FF0010C0A
:1066C00018B112B941F0010161605B7D33B10A99E3
:1066D000480503D4636843F0020363600A9A12F02A
:1066E0002002139203D0636843F004036360109B9D
:1066F000986B002314E000BFB1118400CD13840017
:10670000581689001099CA1892F83C20110606D52F
:1067100002F07F0215A98A5C002A00F0FD80013397
:106720008342EFD1336893F84F309A072AD06D999E
:1067300041B34A7830460232CDF81CC054F09CDA9E
:10674000002207460092304621463A460023FBF7D6
:1067500001FCDDF81CC0AFB151A810220130F91CBA
:10676000FCF30AF051AA0023F11891F8011312F872
:10677000010F0840884240F0CF800133102BF3D145
:106780004FF0020C129B9C45C0F0C680EA6D22B10E
:10679000296D40F237130B4013B92B6D5B060BD5F7
:1067A000636B23B1A16B40F237130B4023B92B6D00
:1067B00013F0410F00F0B8800A98C00618D5296D73
:1067C00040F237130B409BB9490601D50B9979B1BB
:1067D00030460D9E00230122009301920293039301
:1067E00004932946172206F10A031AF03FDA9BE0C8
:1067F000E2B12A6D40F237131340BBB1D30715D570
:1068000094F8D630012B11D1636B7BB105F1DC0319
:10681000009305F1E2030193022730462946224600
:1068200004F11403029726F097D87EE0336893F8BA
:1068300030304BB9336A1B68022B05D195F92C31E6
:1068400013B91398002869D0336A1B68022B05D14D
:1068500099F8003013B10A99480561D5304619F00E
:106860007BDDD9F8283098425CD2304629461AF0B0
:10687000E3D8D5F88430984254D2D5F8EC30990456
:1068800008D5D6F84C0121465A46099B60F016DA25
:10689000002849D10E9A4CA9ADF82C213FA82822F6
:1068A000FBF36AF70C99486B08B101F011D80F9A05
:1068B0001AB1AAF1060A08F106089DF847000C9BD8
:1068C00083F83C00404600F0F1DF0C99486308B9BA
:1068D000886306E042465146FBF34EF70C9AC2F835
:1068E000388001238DF8F03104F1140100230622D1
:1068F0007DA8ADF8F231FBF33FF731AB00933046A2
:1069000029467CAA234635F051DD24E01E270CE001
:106910000D270AE0162708E0122706E0132704E0F7
:10692000192702E0112700E00C2731AB03934846FA
:1069300029467CAA0D9BADF82C71CDF800A0CDF8AE
:1069400004800294FFF724FA05E0484629460D9A90
:1069500031AB34F0CFDC0DF5077DBDE8F08F00BF23
:10696000D1F80C0130B5446B4CB1816B39B190F862
:106970003C50002D0CBF04250A25A94203D200215A
:106980001160196030BD251D1560196090F83C003C
:1069900018B106390A34196014601A68043A1A608A
:1069A00030BD0000024B00F00F0053F8200070478C
:1069B000746501002DE9F04FCB88D0F810218BB021
:1069C0009B0605460E460468D0F80C710892D0F874
:1069D00004A11DD5036D9A0712D558070BD501F1F7
:1069E0006F0004217CF0BADC90B906F18300042129
:1069F0007CF0B4DC60B994F8413513F0020F05E087
:106A0000DA0705D594F8413513F0010F40F02B83D8
:106A100020462946728E16233CF0D6D8002840F036
:106A20004083738E204613F4404F0CBF0022012296
:106A30000A3254F822902A46494621F069DFFF289D
:106A4000804600F02E8394F8903243F0040384F8DB
:106A50009032236893F83B303BB1204629464246AA
:106A60005AF000D9002840F01C83236A186961F0AD
:106A7000DFD840454DD0236A186961F0D9D8FDF3BD
:106A800087F383464046FDF383F3834509D1236AA8
:106A9000186961F0CDD808F4605300F46050984252
:106AA00037DC7B68022B0AD1BAF8BE30DB0706D58B
:106AB000BB68182B03D0089A536B042B29D1D4F848
:106AC000580141464CF062DB204628F01FDC7B6811
:106AD000022B08D1B5F954302BB9D4F8D406294685
:106AE000324651F0B5DA2046414626F041DF2368B0
:106AF00093F83B304BB1D5F83C335968D4F8C035E6
:106B0000994202D0204623F0ABD820461FF0ACDEDD
:106B10000FE0D4F8580141464CF042DF48B1D4F8B8
:106B2000580141464CF032DB002120460A4622F053
:106B30000BD8236893F83B3093B1D5F83C335A68AF
:106B4000D4F8C0359A420BD0204628F0DFDBD5F8C8
:106B50003C332046596823F083D820461FF084DE5A
:106B600009F15003C822504631460993FBF304F65D
:106B7000D9F80030AAF83280022B07D199F8158095
:106B8000D8F1010838BF4FF0000801E04FF00008CD
:106B9000F38813F020030DD0236893F84F3013F0DF
:106BA000030307D0D5F8EC3003F48053D3F101038D
:106BB00038BF0023DBB20AF1380B0793FF22B8F18C
:106BC000000F18BF00238DE80C00584659460022DC
:106BD00043466FF01FD9D4F88434584609990122EE
:106BE0009B786EF0EBDF00282ED1B9F80820D9F899
:106BF0000090B8F1000F05D120464146069220F0E2
:106C00003BD9069ABAF8323003F46053B3F5205FEB
:106C100008D0B3F5C05F07D0B3F5805F14BF0A2377
:106C2000142302E0A02300E02823FF210191029019
:106C3000CDF800800393D4F8843458461B79099921
:106C400004934B466FF0AAD8D5F8EC3098040CD5D5
:106C50002946204620F010D9FF2300930190594681
:106C60005846002202236FF0D5D82046594623F01B
:106C7000D9DA96F9342020460032294618BF01227D
:106C800046F0F2DC96F93430E3B9D5F80831012248
:106C900083F86020D4F8440129465BF097D9284650
:106CA00031463BF023DA28460E213DF05BD82946D9
:106CB000204646F051DE204629467A68BB6845F0FA
:106CC00007D8CCE1D5F8EC30990405D5D4F84C01BF
:106CD000294652465FF0BADC20462946324676F015
:106CE000A3DA804638B9204629463A460BB0BDE8BB
:106CF000F04F3BF09D9F079AF2B1DAF86830BAF88E
:106D00006C900C33A9F10C0919464A4620460693AB
:106D100053F0CCDF069B844619464A462046CDF800
:106D200018C053F099DFDDF818C000220346009226
:106D30002046414662460AE04368DA0309D5F388F3
:106D40009B0606D4079B2046009341461A46FBF754
:106D500001F9D8F80430D5F8EC2043F48053C8F892
:106D6000043012F400524FF07F0308F13C0100930D
:106D700005D0079A584601920223002203E0079BA0
:106D80005846019313466FF045D82046414676F0A9
:106D9000ADDC204629463AF0C1DD236893F8623124
:106DA0005BB1EB6D580308D5BAF8BE20D4F8600883
:106DB0004146C2F3801206F095F898F8243013F09B
:106DC0000C0F40F04681B5F954A02368C5F800A126
:106DD00093F86231002B7DD0EB6D190605D5D4F800
:106DE0006008294673F054DB10B9EB6D5A033CD5AB
:106DF00000232946C5F80031D4F8600873F032DA70
:106E000029468246D4F8600873F040DA88B14FF41E
:106E1000802920462946324608238DE800063DF0A9
:106E200019D830B10323C5F80031C5F85C909A46F3
:106E30001BE0D4F86008294673F02ADBA0B14FF0BC
:106E4000800B4FF000092046294632460223CDF838
:106E500000B0CDF804903CF0FDDF28B1C5F80091FA
:106E6000C5F85CB0CA4600E08246D5F80031032B75
:106E70000BD1D4F8DC0629463246EB6D6CF002D813
:106E800018B10023C5F800319A46D5F80031032B1C
:106E900020D1D4F8600805F065FA50B1D4F8600844
:106EA000414605F063FA20B1D4F86008294605F0A0
:106EB0001FF9D4F8600829464246334673F092DA47
:106EC00030B1284608210BB0BDE8F04F3CF04A9F96
:106ED000C5F800A1D7F80490B9F1020F1DD1BAF19D
:106EE000000F1AD1D4F8D4062946324651F0C8D83A
:106EF00098B1D5F80801FCF32FF370B9D4F8D00697
:106F000029463246C5F800917BF00EDAD4F8D40653
:106F10002946324651F016DBCA460C21404675F030
:106F20004FDE7B68022B23D1089A536B093B012B60
:106F30001ED893464FF00009134616E00A2000FBC6
:106F40000930D5F80811623006220693FBF300F4ED
:106F5000069B30B94FF49672ABF86820012283F893
:106F6000502009F101090BF10A0BDA6C9145E5D3C8
:106F70007B68022B33D12B7A002B30D0BAF1020F71
:106F80002DD1B6F8BE30DB0729D5089A536B042BF8
:106F900025D0BB68182B22D0284622F04DDF18B12F
:106FA0002846002127F058D8284618213CF0DADE80
:106FB000D8F80C30D4F8D406D5F808211BB11969DB
:106FC000002908BF00230093B6F862302946C3F3B6
:106FD00040130193434651F013DA064629E0284650
:106FE00008213CF0BFDE4FF001090023CDF800A0DE
:106FF000CDF80490029303930493B6F862303246BE
:10700000C3F3401305932846434608F11401FCF7E7
:1070100033FE2368064693F869311BB12046494682
:1070200048F0D2D8A06839684FF4967200230CF06B
:107030002FDF46B1D4F888041B49B5F82E2133461A
:1070400060F0F8DA0BE0A06839684FF49B723346C1
:1070500003E00022A068396813460CF019DFBB7FFB
:107060000133BB771DE0F388708E23F46663F380F1
:10707000FDF38EF040F480501FFA80F8708EFDF31F
:1070800087F0B6F8BE300E288CBF4FF44040002089
:1070900048EA000823F00A03A6F83280A6F8BE30BA
:1070A000B6E40BB0BDE8F08FA59084002DE9F04F59
:1070B0009A461388D0F80C61A3B003F0FC0309933F
:1070C000B36894460B3BBAF80220012B04468B466A
:1070D000DDF8B0900568D0F80471ADF828201FFAEB
:1070E00082F80BD80CF1100039460622CDF818C0F2
:1070F000FBF32EF3DDF818C0034660B1099A204671
:10710000B2F1100318BF012300930023019306215D
:107110000CF10A0248E0306C20B1069300F0D8DB95
:10712000069B7364484600F0C1DB306428B1C6F8A2
:10713000449051464A46FBF31FF32B6893F84430C2
:107140003BB1D5F86001BAF802104AF037DCAAF872
:107150000200B8F10B0F10D17368012B13D0B36884
:107160000C2B10D000230093214628465A463B465C
:107170003BF0C6D820460C2177E0B8F1000F16D0BE
:10718000B8F11E0F13D07368204613F1FF3318BFF8
:107190000123009397F934303A46D3F1010338BF05
:1071A000002301930121434639F0AEDBC1E02B6897
:1071B0004FF000089B6AA9F10602CBF82C300AF1C7
:1071C00006030793089203930492434628462146F8
:1071D0005822CDF80080CDF80480CDF8088019F051
:1071E00045DD41460C221FA8FBF34AF3524B4146B2
:1071F0001F93524B282220930DAB184606932195DE
:10720000FBF33EF3BDF828200DF15C094146ADF8D3
:10721000382048462022CDF834B0FBF331F3069BEA
:10722000089A1E93079B02920193CDF80090D5F81F
:1072300094062146099A1FAB51F08CDE8046002847
:1072400077D1BDF83890B9F11E0F11D1129B2846A5
:10725000F36421463AF062DBF26CA86831681E32B2
:1072600043460CF015DE204619213CF07BDD60E042
:10727000D4F8EC309B0406D5D5F84C015946079A52
:10728000089B5FF07BDDBAF80420A4F8F62095F89F
:107290007338A5F8582383B192042869C421920C4D
:1072A00044F0C6DA05F50660093039460622FBF3DC
:1072B00063F297F83230A5F870387368204613F1FE
:1072C000FF3318BF0123009397F934303A46D3F1C6
:1072D000010338BF0023019300214B4639F014DB32
:1072E000204659463AF026DAD5F868329C4220D03A
:1072F000E36DF3B9236DD8071BD5E36E591C18D085
:107300001C3354F82320A2B1117A012901D003299A
:107310000FD15089D3798DE8030002F11401029155
:10732000002104910591039728462146126954F0E3
:10733000C3DD23B0BDE8F08FD554840061618400C3
:107340002DE9F04FA5B092460C939DF8B820D0F8E7
:107350000C310D920993BAF80220D0F8043101F1F2
:107360000A07BAF8049004460B910568089238465B
:1073700019460622BAF800B01FFA89F80A93FBF3FF
:10738000E7F100282ED1284621463A4675F04ADE1C
:107390000646002826D0099A9368082B01D00A2BAC
:1073A00020D1726842F4805272602A6892F8622199
:1073B00072B1BBF1030F0BD10C9B0D9A009301929C
:1073C000D5F8600821460B9A534672F079DF92E0B7
:1073D000082B02D1089B022B03E00A2B07D1089A45
:1073E000042A04D0002300932046062180E0B8F14F
:1073F000000F06D0CDF800B0204601213A464346A2
:1074000077E041460C2221A8FBF33AF23B4B414680
:1074100021933B4B282222930FAB184607932395C9
:10742000FBF32EF2089AADF84C900DF1640910921E
:10743000414620224846CDF83CB01196FBF320F29D
:10744000079B0C9A20930AF106030193931F029362
:10745000CDF80090D5F894062146B02221AB51F02A
:1074600079DD002847D1BDF84C30002B3AD1BBF173
:10747000010F37D1089A022A34D10A2120463CF064
:1074800071DCF368129A06F114011BB11869002827
:1074900008BF002303930D9B01204FF0030C4FF016
:1074A000000E8DE8015004920593204633460A9A57
:1074B000FCF7E2FB2146064628463AF02FDA46B1B1
:1074C000D5F888040F49B4F82E21334660F0B2D8BD
:1074D00011E0099AA868116833464FF49B720CF0CA
:1074E000D7DC08E0191CCDF800B0204618BF0121F8
:1074F0003A463DF025D825B0BDE8F08F6D61840097
:1075000071618400A59084002DE9F04187680646EA
:107510007D68B86851F805800C46FAF3D1F2C8F8D6
:107520000400002830D0635900215868E422FBF39E
:10753000A7F1F86854F80580FAF3C2F2C8F8080019
:1075400010B3635900219868E822FBF399F163595D
:107550002949D3F8088033683246C8F80030986863
:1075600000230CF03FDDC8F8680068B16359234977
:10757000D3F8088033682246986800230CF032DD87
:10758000C8F8C00000282FD163599B68FBB1996EE1
:1075900039B1336898680CF00DDD635900229B689F
:1075A0009A6663599B68D3F8C01041B133689868F4
:1075B0000CF000DD635900229B68C3F8C0206359BA
:1075C000F8689968FAF3A2F2635900229A60635945
:1075D000596861B1B868FAF399F2635900225A60A8
:1075E0006FF01A00BDE8F0810020BDE8F0816FF077
:1075F0001A00BDE8F08100BF55BE84009DBC840028
:107600002DE9F04F9FB006468B461446D0F8009007
:107610000493002B00F0DE828368049A5B681146B5
:10762000D35848465D689B681CAA05931BAB36F08F
:1076300043D860B15CB9059C202204F148001B9935
:10764000FBF39AF02022E2804FF0870C0DE0062C2D
:1076500000F2C382DFE814F00700C1026F00C1022C
:107660006C01C102E4014FF0710C049C6346484672
:10767000716804F11402CDF80CC07DF03DDBDDF83B
:107680000CC08046002800F0AC82BBF1030F06D18D
:10769000D5F8D030B3F5802F08BF4FF0000BD8F8E5
:1076A0000840ACF112039BB21B0204F1120A2382C0
:1076B00000215F225046CDF80CC0FBF3E1F04BF007
:1076C00088039BB21A0AE27423752B8B05F11C0701
:1076D0001A0AA37562754846394620221FF048DD14
:1076E00004F11F0039462022FBF346F0DDF80CC000
:1076F000ACF1710C1FFA8CF3BBB11A02A4F86F2025
:10770000023BDD2284F8712084F87230874903221D
:1077100004F17300FBF330F0042384F8763004F1B5
:1077200077001C991022FBF327F00B235F462B6098
:107730004FF0000B5AE2BBF1030F07D1D5F8D07020
:10774000B7F5802F14BF0327002700E05F46D5F868
:10775000D000802802D0B0F5802F04D147F49E5786
:1077600047F0080703E0042802D147F4E477BFB2EA
:10777000D9F8003093F8624154B1F6F7A9FF40B14F
:10778000D9F8600804F0EEFD18B1B5F8D40000E0B7
:107790002046AC88D5F8D0300419A4B2802BADF8BF
:1077A000764002D0B3F5802F25D117F4805323D033
:1077B000B6F8108018F0010808D130463FF03EDDE1
:1077C00030463FF05FDD013000F00B8233687168B6
:1077D000D3F87C065BF062DDB6F87C30BDF876202D
:1077E0002633C31812F007029BB205D0C2F108027B
:1077F0009B189BB200E0002371341B19049C48467F
:10780000716804F114029BB27DF076DA804600289C
:1078100000F0E781846800215F2204F1120A2274DB
:1078200061745046FBF32CF03B0AE37427752B8BF5
:1078300005F11C011A0AA375627504F11F002022CC
:10784000FAF39AF7AA8804F17100A968FAF394F799
:10785000BDF876301A0A42EA0323A4F86F30D9F84B
:10786000003093F86231B3B1D5F8D000F6F730FFAD
:1078700088B1D9F8600804F075FD60B1AB68002BE1
:1078800000F0B381A888D5F8D81050445F30B5F81F
:10789000D420FAF371F7D5F8D030802B02D0B3F5AD
:1078A000802F33D1F80431D521460DF176023046D0
:1078B0003FF074DCBDF876301A0A42EA0323A4F8DC
:1078C0006F30049A936899050FD533682246D3F830
:1078D0007C0671680DF176035BF02CDDBDF8763027
:1078E0001A0A42EA0323A4F86F30A37B30460093C0
:1078F000294652465B463FF0ABDA013006D1D9F853
:1079000004004146002200F007D866E194F86F2099
:1079100094F8703043EA0223228AD3189BB21A0AE1
:1079200042EA032323820C2316E100BF373801000B
:1079300096F87A704BF4607B3F0107F030074BEA12
:107940000707B6F87CC0BFB20023BA0754BF0CF1DA
:10795000710C0CF1790C049C1FFA8CFCADF876309C
:1079600048466346716804F11402CDF80CC07DF0FE
:10797000C3D9DDF80CC08046002800F0328184684D
:107980005F234FF0000B04F1120AACF112022374D2
:10799000594684F811B05046FAF372F73B0AE37483
:1079A0002775B6F87C3006F1BE011A0AA375627518
:1079B00004F11F002022FAF3DFF6102206F18E01F7
:1079C00004F13F00FAF3D8F6082206F1FE0104F1B3
:1079D0004F00FAF3D1F6B6F87C2006F15A0104F113
:1079E0007100ADF87620FAF3C7F6BDF87630304670
:1079F0001A0A42EA0323A4F86F30A37B29460093B6
:107A0000524607F003033FF023DA013040F096803E
:107A10004146D9F804005A46FFF37EF7D846E0E025
:107A2000D5F8D030802B03D0B3F5802F40F0D5802F
:107A30003368AC88D3F87C067168ADF876405BF0AB
:107A40002DDCB6F87C30BDF8762026337134C318AF
:107A500012F00702A4B29BB203D0C2F108029B1835
:107A60009BB2E318049C4846716804F114029BB26F
:107A70007DF042D98046002800F0B38084684FF042
:107A8000000C5F224BF49C5704F1120A84F811C0D9
:107A90006146BFB222745046CDF80CC0FAF3F0F63E
:107AA0003B0AE37427752B8B05F11C011A0AA37599
:107AB000627504F11F002022FAF35EF60DF1780BD7
:107AC000A968AA8804F17100FAF356F63BF8023D62
:107AD00021461A0A42EA0323A4F86F305A46304678
:107AE0003FF05CDBBDF876301A0A42EA0323A4F8C3
:107AF0006F3033687168D3F87C0622465B465BF0D2
:107B000019DCBDF8763030461A0A42EA0323A4F89D
:107B10006F30A37B2946009352463B463FF098D9ED
:107B20000130DDF80CC009D141466246D9F80400A5
:107B3000FFF3F2F6DDF80CC0E04652E094F86F2057
:107B400094F8703043EA0223228AD3189BB21A0AAF
:107B500042EA032323820D232B604FF0010B45E003
:107B6000B3F5802F14BFFE23022300E0022350460A
:107B700005F15C01082200F8053BFAF3FDF517F06A
:107B8000030104D1D5F8D000FDF38EF10146BBF11D
:107B9000000F0CD0204605F18C0207ABFDF394F1E9
:107BA000F0B10AF14D0007A91022FAF3E5F5736868
:107BB0004146DA68484624F093DF059CD9F808006E
:107BC000D4F8C0104FF47A7200230CF061D94FF052
:107BD000010806E0DDF8108003E04FF0000800E047
:107BE000804640461FB0BDE8F08F9B460323E373F9
:107BF000D5F8D030802BB3D1B8E700BF2DE9F04FD6
:107C0000054689B00E46D0F800A01F46002B00F0B4
:107C1000878183685B68FB585C68D3F80880D4F878
:107C2000D000F6F765FD002800F07C81B8F1000F68
:107C300000F07A81BB68580507D4BB6B03F00203E0
:107C4000002B14BF0123022300E00323D4F8D0004B
:107C50000793802805D0B0F5802F02D0042840F08B
:107C60006581337D96F8139043EA092919F00303DF
:107C7000069302D1FDF318F1069004F15C0B01208C
:107C8000082306F117015A46FCF3F0F5834500F08E
:107C90004F8123680C2B00F0B7800D2B00F018816A
:107CA0000B2B40F0458109F4DC73B3F5847F40F081
:107CB0003F8104F13C032022184606F11F01049382
:107CC000FAF35AF5BA68049B12F4806F09D12A6856
:107CD000126892F86221C2B1D4F8D020B2F5802F98
:107CE00013D108F148020092B8F8062069680192A1
:107CF00004F18C020292A28A07F114000392E2318D
:107D000004F11C02FCF346F522E0696807F1140C4B
:107D10006046E23106220493CDF814C0FAF318F558
:107D2000049BDDF814C0002800F0028108F148022D
:107D30000092B8F806206968019204F18C02029260
:107D4000A28A60460392E23104F11C02FCF322F79E
:107D500019F4807F10D0338A1A0A42EA03239BB2B7
:107D60005C2B40F2BF803046069904F18C02FCF394
:107D700077F7002800F0DC80338A1A0A42EA0323EE
:107D80009BB25E2B40F2AE8096F86F1096F8702092
:107D900042EA012202F15F018B42C0F0A380C2B12E
:107DA000E188B4F8DC30CB189A4212D106F17100A8
:107DB000E16806F11209FAF3CBF488B1E388D4F84C
:107DC000E010994409F15F00B4F8DC20FAF3C0F444
:107DD00030B1686807F1140111227DF025D9A7E0C0
:107DE000002384F8CD302B68D8F8C01098680CF0C8
:107DF00075D858460821FDF35DF028460799022200
:107E00003B46FFF7FDFB93E009F4D873B3F5807FA1
:107E100040F08E8019F4807F08D03046069904F136
:107E20008C02FCF31DF7002800F08280002384F808
:107E3000CD302B68D8F8C01098680CF04FD8228A43
:107E400007F11406238B50468DE84400696804F15D
:107E5000AC027DF089D8D4F8D030802B02D0B3F5B5
:107E6000802F02D11023236018E0042B16D10D239C
:107E700023602B8AD90707D428463FF0DFD928464C
:107E80003FF000DA013053D058460821FDF312F0DC
:107E90002846079904223B46FFF7B2FBD4F8D030BE
:107EA000802B04D0B3F5802F01D0042B08D16B6850
:107EB0005046DB687921009332460623FAF7D4FA5C
:107EC000D4F8D030802B27D0B3F5802F30D123E0E9
:107ED00019F4807F15D0338A1A0A42EA03239BB231
:107EE0005C2B07D8DAF80030D3F888305A6E0132AC
:107EF0005A661DE03046069904F18C02FCF3B0F698
:107F0000B0B1002384F8CD302B68D8F8C010986841
:107F10000BF0E4DF1023236028463EF0F3DF07E098
:107F2000184606E0E92004E0404602E0002000E0B8
:107F3000012009B0BDE8F08F2DE9FF470D9C0646F2
:107F400017469A468946002952D0002C52D08368A1
:107F500000685B68E3585D68D3F80880294606F03E
:107F60001DFF09232B60484639463022FBF382F07F
:107F7000736848B1626BDB6DB2F5802F0CBF03F400
:107F8000802303F0800302E0DB6D03F00403C5F8F7
:107F9000D0300C9B3068029321462A464B468DE830
:107FA000800406F018FF30B37369012B02D1B8F8D2
:107FB000060000B3002385F8CD303368D8F8C01030
:107FC00098680BF08BDF0A232B60A3685B0507D44E
:107FD000A16B01F00201002914BF0121022100E080
:107FE0000321304600222346FFF70AFB012002E06E
:107FF000084600E0204604B0BDE8F0872DE9F043D4
:1080000090E86000D6F808318E465B8E174603F480
:1080100040437246A3F5404EDEF1000389B00446AA
:108020003146284643EB0E0375F000D88046002801
:108030007CD047B1E368002B78D120464146FFF75A
:1080400063FA002872D1A3685B6858F803309F6810
:10805000238AD90702D420463FF04CD82B68C4F8B5
:108060000C8093F86231ABB198F8D630032B0BD16A
:10807000D8F83430B3F5802F0CD12846414607F1AB
:10808000480270F01BDC0FE023B9D8F83430B3F5A8
:10809000802F09D0238A9A0708D507F1480004F1F8
:1080A0001A012022FAF368F32023FB80FB88202B9F
:1080B00035D12B684FF00009D3F8E800CDF81890BF
:1080C000CDF81C900590FFF3F1F3074600282DD062
:1080D00005AB8DE8080228465021D8F810203B4611
:1080E000F9F742FED5F81805314606AA07ABFEF7A8
:1080F00037FC07F10C030093059B20460C3B0193D2
:10810000E36801210293069A079B40F0D9D92B68B6
:108110003846D3F8E8300593FFF3DAF306E07069E8
:1081200006F11901327E43463FF054DA09B0BDE84A
:10813000F0834FF0FF30704770B50446D0F88800E8
:1081400000220A21D4F8D8300D0A33F81230CEB20A
:10815000CB189BB2013B46EA032605F0030503F466
:1081600040731D436FEA42636FEA5343A0F8403502
:10817000A0F82065A0F82C55A0F84035D4F8D830E8
:1081800033F8125001324919062A89B2DAD1204651
:1081900098215A8843F04CDBD4F8D83020469A21F5
:1081A0009A8843F045DBD4F8D8302046DA881B881B
:1081B0009C2143EA022292B243F03ADBD4F8D83051
:1081C00020465A891B899E2143EA022292B243F03B
:1081D0002FDB2046BDE8704040F0EE9CF8B5036808
:1081E0008E210446D3F8845442F0E0DC236840003A
:1081F0001B6886B293F8643106F1500106F19407CA
:1082000089B2BFB213B1002385F86D31D5F82031A2
:10821000012B1CD002D3022B30D122E095F8E820AC
:10822000012010FA02F295F8583192B2FF2B03D0D8
:1082300010FA03F31A4392B2204643F0F9DA95F8A4
:10824000E83001229A402046394692B214E0204696
:10825000B5F82A2143F0ECDA20463946B5F82C214E
:108260000AE095F8E83001229A40204692B243F0A5
:10827000DFDA20463946002243F0DADA95F81C218D
:1082800042B94C364FF6FE7120463140BDE8F84009
:1082900043F0CE9AF8BD0000D0F8941010B5083124
:1082A000044641F0F3D803492046BDE8104041F0B0
:1082B000D59800BF6C4F010038B5437C04468B4213
:1082C0000D4606D039B142F005DB38B94FF0FF302A
:1082D00038BD002038BD4FF0FF3038BD002084F895
:1082E0007600657438BD00002DE9F0438BB0129F15
:1082F00098460023032F04460D46139EDDF8509048
:10830000089309930CD9042208A84146FAF334F2E1
:10831000072F05D909A808F104010422FAF32CF269
:108320005A2D089900F0B38032D8212D00F0D0806A
:1083300016D80E2D00F0A78008D8052D5BD00C2D87
:1083400000F09D80042D40F09B817CE0142DC0F056
:108350009781172D40F2A081202D40F09181C5E03A
:108360003F2D00F0F88009D8272D00F0CE803E2D5B
:1083700000F0EC80262D40F08381D4E0522D00F0F7
:108380002A81542D00F02A81442D40F07981E7E0C4
:108390006A2D00F0618116D8642D00F0408109D863
:1083A0005D2D00F08680632D00F01B815C2D40F078
:1083B00067817BE0682D00F0398100F23A81662DFB
:1083C00040F05E812FE1792D00F0528109D8712DA6
:1083D00000F04681782D00F04E81702D40F05081E4
:1083E0005AE17C2DC0F04C817D2D40F255818C2DC1
:1083F00040F0468163E0E06F98E8A000C66916F09F
:1084000004060ED0002335FA03F2D607D9B203D4FE
:1084100001330F2BF7D119462A463B4604F0DADC2C
:108420002CE129463246022304F0CADE29462A46B8
:108430000223E06F04F000DFE06F29463A46022392
:1084400004F0E0DE2DE1B9F10B0F40F31C810021B7
:108450000A460223E06F04F0B3DE00210A46074615
:108460000223E06F04F0CEDE002105460A46E06FED
:10847000022304F0E1DE37607560B060FEE0E06F7B
:1084800004F0B8DE3FE0D4F88000884902E0D4F878
:1084900080008749FBF390F020B100210A46FAF3EF
:1084A00027F630E04FF0FF333360E9E094F81C31F9
:1084B000E3E0003118BF012184F81C11DEE0099AC5
:1084C0004A4500F3E0802046334640F069D845E055
:1084D000072F40F2D8800029C0F2D88002230093F1
:1084E000E06F0122099B04F01DDFC7E0032F40F27B
:1084F000CA800029C0F2CA80022300930022E06FE4
:10850000134604F00FDF3060B8E00B2F40F2BB8061
:108510000029C0F2BB80099B002BACBF6FF0160690
:108520006FF00106BDE0072F40F2AD800029C0F2D8
:10853000AD80099A002AC0F2A98000250095E06F5D
:108540002B4604F0FBDE30602E46AAE0E06F314699
:1085500004F034DE02E0E06F05F006D80646A0E045
:10856000236898680BF046DD0746E06F04F09ADE5A
:1085700010B3E06F04F0B2DE054618B9E06F0121D8
:1085800005F004D83368E06F0093736808360193F0
:108590000023029603934168D4F88820A368FAF375
:1085A000A1F0002814BF4FF0FF3600266DB9E06F30
:1085B000294604F0EBDF08E0E06F04F067DE0028F6
:1085C00014BF6FF01D066FF01606236839469868D1
:1085D0000BF018DD65E0D4F860314EE0D4F864317A
:1085E0004BE03146102204A8FAF3C6F0059D0C3585
:1085F0002846FFF35BF1044600284AD031462A465C
:10860000FAF3BAF0238820461B0B012B04D0FFF3AA
:108610005FF14FF0FF3644E0FFF35AF13CE023688E
:1086200093F8183629E04FF4B06326E0B4F81E3111
:1086300023E089B201292FD80323A4F81E11204674
:10864000009319B120220221134602E002212022C8
:10865000002342F083D811E0204640F08BD952E746
:108660004B1C022B1BD8204649B242F0DDDB75E7DC
:10867000C4F8381102E0D4F838313360002610E035
:108680006FF01D060DE06FF00D060AE06FF00106B9
:1086900007E06FF01A0604E06FF0160601E06FF0D5
:1086A0001C0630460BB0BDE8F08300BFFA6C8900B1
:1086B000026D8900F0B587B004460668D0F888508E
:1086C00000210C2202A8FAF3DBF0002320464FF031
:1086D000FF31704A059342F031D823681B6893F844
:1086E000693113B1204640F08BD8204643F014D8AE
:1086F0004FF40037204640F039DC009704233069FE
:10870000242105AA41F0AADA00210A46E06F04F00C
:1087100081D96149204640F0A1DE2046FFF70CFDDB
:1087200002A9204640F05EDB20468021082243F06B
:108730007FD80A2220465C2143F07AD82046D4F81C
:10874000201140F0EDD9554A2046554941F0F6DF59
:108750004FF00043C5F888314FF00073C5F88C31F5
:108760004FF48043C5F828314FF480336B62012108
:10877000204641F0D9DFE06F04F0F0D8A4F81201F0
:10878000A5F8A80616212046B4F8482043F050D892
:108790002046C021B4F86C2043F04AD82046C221BC
:1087A000B4F86E2043F044D82046182104F1A40206
:1087B0000223009741F09EDA022320461C2104F197
:1087C000A602009741F096DA96F858361BB10023BE
:1087D00086F8583606E000973069242105AA04235C
:1087E00041F088DA20464421B4F8A82043F020D88C
:1087F00020464621B4F8AA2043F01AD8B5F88836A6
:108800001B051B0DA5F888360123A5F89C3600250D
:10881000B5636319586910B1224B5B6898470435FA
:10882000182DF6D11F4D6069AB6D98476B6F60696D
:1088300098472046002142F0BDDC23681B6893F86E
:10884000693113B1204640F00DD8A36F2046598BF3
:108850004FF48072CC3142F0EBDF637C0322009254
:108860001022002B14BF134600232046042141F0A0
:1088700075DF2046AE2142F099D94FF4D86340000D
:10888000C4F82401C4F82831304640F091DC07B028
:10889000F0BD00BF04040004943E0100000002404B
:1088A0000000064010A7880070B5036804461B68E6
:1088B00093F86931002B00F08180836F598B36313A
:1088C00042F074D9236D0646D80777D5636D190633
:1088D00074D4E36F9A69920002D5DA69D00704D59F
:1088E000DB69D90701D45A0768D5E36E9B0065D5CB
:1088F000D4F888304FF49675B3F8B42692B242F0AB
:108900000302A3F8B426D4F88820B2F8B83623F0CE
:10891000C0031B041B0CA2F8B836236DD80719D569
:10892000636D190616D4E36FDB695A0712D5E36E3F
:108930009B000FD5D4F888300121A3F8F016D4F8A5
:108940008830B3F8F22692B2130A03F00F0302F054
:108950003F0213E0D4F888300022A3F8F026D4F8C0
:1089600088300121B3F8F226A3F8F016D4F8883045
:10897000C2F30512B3F8F236C3F30313042A02D18B
:108980000BB1042E02D04FF4FB750AE06420FEF315
:108990007BF4013DC1D1F6E7013D08D00A20FEF38A
:1089A00073F4D4F88830B3F8B626D007F4D4B3F80B
:1089B000B82692B242F0C002A3F8B82670BD38B50E
:1089C0008B7905460C463BB190F88E22002A21D1C6
:1089D00090F88F22002A20D10122627193B12B6876
:1089E00093F8623173B1E36D58030BD5D5F8600885
:1089F00003F0B8FC30B1637923B1D5F860082146A3
:108A000003F076FBA07950B128462146BDE83840F6
:108A100044F0A29F4FF0FF3038BD4FF0FF3038BD1B
:108A200043690BB90223436183690BB91423836142
:108A3000C36913B94FF41673C361836813B94FF454
:108A40007A73836003690BB9034B0361C3680BB985
:108A5000024BC360704700BF00350C00804F12000E
:108A60002DE9FF4703680446D3F80090D9F8103089
:108A70009B6FB3F81AA099F81930002B5AD040F226
:108A8000A47600253146D9F8100042F08FD8B11CE9
:108A90000746D9F8100042F089D86B08023504AABD
:108AA000EDB202EB830347EA00400436062D43F89B
:108AB0000C0CE7D10AF1A40A5146D9F81000019F25
:108AC000039E029D42F072D851468046D9F81000AC
:108AD00042F06CD84BF6FF7202405146D9F81000B4
:108AE00042F0A6DE236A9F4202D2DB43D81900E09F
:108AF000F81A636A9E4202D2DB43991900E0F11A28
:108B0000A36A9D4202D2DB435A1900E0EA1AA36825
:108B1000276298426662A56203D3032384F8383043
:108B20000AE02369994207D2E3689A4204D2C8F363
:108B3000803002E0F52000E0012004B0BDE8F087BD
:108B4000F7B5099D0023032D06461746089C0093A0
:108B500001930BD9042268462146F9F30DF6072D3F
:108B600004D901A8211D0422F9F306F61C2F07D110
:108B7000D6F88030002093F838200A9B1A6001E074
:108B80006FF01600FEBD2DE9F041044616461F4663
:108B90000D46002900F09D8030F0C4D8D4F8A031F3
:108BA000804693F8661093F86C20002940F0888086
:108BB000002A40F08580998842F20E72013989B20C
:108BC00091422DD8206940F2EA3140F0D3DD90B1D6
:108BD00020694FF47B7140F0CDDDD4F8A0319A8844
:108BE00041F64B539A4204D9206940F2ED3140F0EE
:108BF000C1DDC5B200E00546206940F2EB3140F02E
:108C0000B9DD012330B13B70D4F8A031002283F8E4
:108C10006E2033E03870D4F8A02182F86E302DE059
:108C20005A8D910706D5206940F2EE3140F0A2DD61
:108C3000C5B223E012F0010214D0B3F87B10002972
:108C400073D0B3F87920002A6FD00A20414391FBFA
:108C5000F2F2062A69DDB3F87130012B67D0022BDE
:108C60000DD166E032703A70D4F8A021012382F869
:108C70006C30D4F8A02182F86E3000E03DB90023BA
:108C80003370D4F8A031012283F86C201BE0D4F8B3
:108C9000A03193F86D20022A07D9012283F86620BB
:108CA000D4F8A03183F8675002E0002333703B70A2
:108CB000D4F8A03193F86D20013283F86D2002E0E2
:108CC0000AB100233370D4F8A031C3F86880BDE83E
:108CD000F081D0F8A03193F866202AB9DB6E13F04A
:108CE000FF1F13D1BDE8F081022213462FF03EDCB6
:108CF00001232046294602222FF038DCD4F8A03187
:108D000083F86650D4F8A03183F86750D4F8A021D6
:108D1000002382F86C30D4F8A02182F86E30D4F8A9
:108D2000A02182F86D30BDE8F0810625AFE702256D
:108D3000ADE70825ABE770B5036886B00C4605467D
:108D4000002103A80A221E68F9F39AF5BDF80C3039
:108D500043F01003ADF80C3094F8AC30A3B1D4F864
:108D60008830D3F82031D8070ED5204642F0B8D944
:108D7000022200922046BDF80C300021102241F062
:108D8000EDDC204641F064D9012185F83910336AC1
:108D9000186901F0C4FA06B070BDF0B5036887B079
:108DA0000C460746002103A80A221D68F9F368F55E
:108DB000BDF80C3023F01003ADF80C302B699B6F1D
:108DC0005E8B94F8AC30002B3CD0D4F88830D3F8CC
:108DD0002031DB0736D5204642F082D90222BDF889
:108DE0000C30009220460021102241F0B7DC236DA8
:108DF000D80724D5636D190621D4E36F9A699200D0
:108E000002D5DA69D00704D5DB69D90701D45A073E
:108E100015D5E36E9B0012D5D4F88830B3F8B82688
:108E200092B242F04002A3F8B826D4F88820B2F8F3
:108E3000B83623F080031B041B0CA2F8B83620467A
:108E400041F006D9002487F8394006F13601286937
:108E5000224642F0EDDC06F108012869224642F084
:108E6000E7DC06F1F80122462869A43642F0E0DC8E
:108E70003146286941F09ADE4BF6FF7202403146D6
:108E8000286942F0D5DC2B6A97F83910186901F08F
:108E900046FA6B7E43B1286940F2A47122460C2346
:108EA00042F0DAD8204601E06FF00A0007B0F0BDCA
:108EB0007FB551F8383B00221868D0F8683200922C
:108EC0000192029201220391049219469822DC3306
:108ED00017F0CCDE07B000BD38B50446FFF7A0FDA3
:108EE00094F83830032B04D02046FFF7B9FD05462F
:108EF00000E0002594F83830013B032B73D8DFE8FD
:108F000003F00213304C01202146FFF7D1FF012D61
:108F100008D1E36A626901339342E36263D30223B7
:108F200084F83830002351E002202146FFF7C0FFCB
:108F3000012D4FF000030BD1226BA16901328A424F
:108F40002263E3624FD3032284F83820236338BDC1
:108F5000E26A616901328A42E262236343D30122F9
:108F600032E003202146FFF7A3FF94F83930012BAC
:108F700007D120466168FFF710FF00232362636278
:108F8000A362636BE2690133934263632BD30023D3
:108F90006363042384F8383038BD04202146FFF78A
:108FA00087FF94F839301BB920466168FFF7C3FE8C
:108FB000012D4FF000030BD1E26A616901328A4250
:108FC0002363E2620FD3032284F83820E36238BDC2
:108FD000226BA16901328A42E362226303D3012238
:108FE00084F83820236338BDF7B50368044693F846
:108FF0003C20002A40F0AC8093F86931002B00F04F
:10900000A78044F06BDF022840F3A280204644F0A2
:1090100003DF002800F09C80206940F059DA2368C3
:109020000646DA6ED4F86872002A40F091801B7E02
:10903000002B00F08D8094F8D4312BB120461FF026
:1090400067DA002840F08480D4F8A0315A6B527857
:10905000D1070CD4DD795DB1D4F86832D3F814317E
:109060001B695B42AB42CCBF0825002500E0002510
:1090700006F00403002B18BF0825BB7916F0100674
:1090800018BF4FF4007623BBD7F8083193F934307A
:10909000FBB13B7AEBB13B7C23B107F1DC00FAF387
:1090A0005BF2B0B994F88D32012B12D194F88E3264
:1090B00023B1D4F8180535F019D850B9FB6DA3B118
:1090C0003A6D40F2371313407BB197F86030D3B15B
:1090D0000BE094F88D325BB1D4F88C221D4B134019
:1090E000B3F5807F10D13B7C73B13543ADB20BE05B
:1090F00094F88E323BB1D4F8180534F0F7DF00282D
:1091000008BF002500E01D46022120464FF40272F0
:109110002B4600911FF060DC354219D00023D4F8B3
:109120006422D15889B18A797AB90A7A6AB10A7CFB
:109130005AB1D4F8440158F0E9DE0146D4F84401AC
:1091400003B0BDE8F04059F0A9990433202BE6D1D3
:1091500003B0F0BD00FFFF002DE9F84305680446A9
:10916000D5F8A031D0F83480D3F810902B699B6FDC
:109170005E8BFDF315F7A36CA064C31AB3F5617F92
:1091800001D2BDE8F883204645F0BAD984F8300012
:10919000204644F033DF84F83100204645F088D87B
:1091A00094F8453084F85A005BB194F8403084F864
:1091B000303094F8413084F8313094F8423084F8FB
:1091C0005A3098F801305B0721D5E76B284694F9AF
:1091D000311094F9302094F95A30B8475FFA89F980
:1091E0004845074613D02846394645F0A7D8286990
:1091F000026D12F480020AD14EB1012F06F1A401D2
:1092000001D1602301E06022134642F013DA2846C0
:109210000122D5F86812FFF7E7FE98F801309807A9
:1092200015D5A66B94F95A30284694F9311094F963
:109230003020B04794F832300646834207D02846A3
:10924000044932461FF0F8D808B984F83260BDE806
:10925000F88300BF6FB0890073B5046805462046E7
:1092600044F0DADDD4F8A031064693F85E200132EE
:1092700083F85E20236893F86931002B4AD00028D8
:1092800048D0236A1B68022B44D1012803D1204611
:10929000294645F0B5DB6B6B5B78DB0703D52846C9
:1092A000FFF75AFF36E0204645F05CD8D4F8A031ED
:1092B000DA7A72B1D4F86812D1F814110969494206
:1092C000914206DD721E012A1ED95E7320460121DD
:1092D0000EE09A7A7AB1D4F86812D1F814110969BB
:1092E0004942914207DA042E0ED05E7320460421D3
:1092F00045F024D808E0597B31B1204645F01ED80E
:10930000D4F8A03100225A732046D4F86812012202
:10931000FFF76AFE236893F86921002A51D0226A78
:109320001268022A4DD101228DF806208DF80720FF
:109330004EB3042E27D093F8412022B393F8422055
:109340000AB3D4F864210AB19279E2B993F83E30B5
:10935000CBB1D4F8A03142F20E729988013989B2AA
:10936000914203D9598D11F0030105D0013E012E20
:1093700009D82046012100E020460DF107020DF139
:109380000603FFF700FC9DF807109DF80630A1F1D9
:1093900001025142A3F1010041EB0201434243EBC0
:1093A000000302228DF80630204613468DF8071080
:1093B0002FF0DCD820469DF80610022201232FF062
:1093C000D5D8236893F8693123B1236A28461968F0
:1093D00045F00CDFD5F88000FFF77EFD00207CBD56
:1093E0002DE9F04705689A462B68044693F8440037
:1093F0008EB00F461646002838D00DF10C094FF0FC
:109400000008002124224846F9F33AF24146082296
:109410000CA8CDF81080CDF80C80F9F331F242465B
:109420004346D5F8C0063946CDF8349051F0FADC01
:10943000D4F8444180460FE08DE8400101330493A5
:10944000D5F8C00639464FF6FF720CAB059451F0C3
:10945000C9DC50B924684644049B002CECD1039A23
:1094600001209B18CAF8003000E000200EB0BDE8D3
:10947000F08702680146D2F86C31D2F8D80603F5BD
:10948000C67203F5CE7305F077B800000048704748
:10949000C4580100024B542202FB0030704700BF49
:1094A000BC650100004870476466010038B58B78E0
:1094B0001C1DA24230D30A78012A30D1142B34BFAC
:1094C0001A4614224B78022B04D0032B1ED0012BFA
:1094D00028D101E0002315E0002307E0CC1825790E
:1094E00090F8234001332C4380F82340013093420D
:1094F000F4DB0FE0CC18257990F8234001332C40A1
:1095000080F8234001309342F4DB03E0243004313F
:10951000F9F332F1002038BD6FF00D0038BD6FF067
:10952000240038BD002038BD38B5044610468A787E
:10953000151DAB420FD30B78012B0FD1142A28BF76
:10954000142214238270C37004F124010430F9F34F
:1095500013F1002038BD6FF00D0038BD6FF024000E
:1095600038BD982970B504460D46164611D82430EA
:1095700012B1FAF35DF501E0F9F3D6F72C2D0BD11A
:109580000121321CA06818BF01221DF071D90020F2
:1095900070BD4FF0FF3070BD002070BD70B5054646
:1095A0000C464EF067D8064680B190F861309BB902
:1095B000836923B9E420FEF37FF1B06130B1F36930
:1095C00053B9E820FEF378F1F06128B92846214626
:1095D000BDE870404DF04E9E70BD00002DE9F04F8B
:1095E0009A469BB00D46D1F80C31D1F804610028A1
:1095F00000F0318189794468002940F02C81297C70
:10960000002900F028819AF8011002291FD19B68D7
:10961000182B1CD102F10A00D5F808110622F9F323
:1096200097F0A0B90AF1080031460622F9F390F04C
:1096300068B920462946D5F8082173F0F3DC30B12B
:1096400020462946324673F0EDDC074620B9002358
:1096500000932846062138E0BAF80E308BBB002173
:109660000C2217A8F9F30CF17C4B0DF11409179398
:109670007B4B002128220DF13C0848461893199491
:10968000F9F3FEF00023002120224046ADF82430FB
:10969000F9F3F6F00AF110030193249BCDF8008052
:1096A000103B0293D4F8BC062946D02217ABCDF864
:1096B000589051F0D3DB002840F0CD80BDF8243025
:1096C0002BB102220092284601213246C1E0D5F892
:1096D000103193F8F430F3B9D5F818311B7AD3B9B7
:1096E00094F890322846590744BF23F0040384F8C5
:1096F0009032012124F0B0DCD5F81031012283F83A
:10970000F4204FF4FA70FDF3BFF594F8903243F073
:10971000040384F89032B6F83280236AD3F804B098
:1097200008F44043A3F54042D2F1000A4AEB020A92
:10973000003318BF01230A3354F8239008F4605310
:10974000B3F5005F03D14046FAF3A2F5804608F472
:109750006053B3F5C05F27D1236893F84F309B0760
:1097600014D0D4F85801D9F8041049F00FDB0007E1
:109770000CD499F8E530990708D5D9F80030022BB8
:1097800012D1D5F868339B789A070DD54046FAF385
:10979000FFF440F480539BB20E288CBF4FF4404836
:1097A0004FF0000848EA0308236A18695EF040DABF
:1097B00040451CD04146D4F8580149F0E7DC20462A
:1097C00025F0A4DD2046414624F0D2D8236893F842
:1097D0003B304BB1D5F83C335968D4F8C035994289
:1097E00002D0204620F03CDA20461DF03DD820462D
:1097F00006F1380120F016DDD34524D0236A204637
:1098000039465A682B4673F03DDA2368206A93F88C
:109810004F30503013F0030307F13C0108D03B698F
:10982000D3F8EC3003F48053D3F1010338BF0023A5
:109830007F228DE80C00002213466CF0EBDA204604
:10984000394673F053DF0223002100932846324645
:109850000B463AF075DE1BB0BDE8F08FA9B8850065
:109860000DBA85000B89F0B5C48F03F0F00604191A
:10987000360934F81650428FB0F83CE0013634F81F
:109880001670CC688218864487B052190EEBC50E4C
:109890002CB14E69C4EB060C8E69664400E0264686
:1098A0007D1BADB2CDF800E00195C068029008685C
:1098B0000494039005964868194600234FF084DF0E
:1098C00007B0F0BDF0B50C460989C58E01F0F00671
:1098D000878E4519360935F81630C7194FF00C0E2A
:1098E0000EFB037787B0428E0136009735F816508D
:1098F0008218ED1AADB201958068D21802902068E6
:1099000000230390A0690490E069059060684FF01F
:1099100041DE07B0F0BDF0B50C460989C58E01F0F7
:10992000F006878E4519360935F81630C7194FF0FD
:109930000C0E0EFB037785B0428E0136009735F88A
:1099400016508218ED1AADB201958068D2180290B7
:1099500020680023039060684FF0F6DE05B0F0BD8C
:109960002DE9F341B0F81280878AC68A8479804451
:10997000C7198619F4B9254605F00F0336F81310F8
:10998000013336F813208A420ED00C4B521A1819A4
:1099900080884FF00C0E009092B208EB0100E35863
:1099A0000EFB01714FF0CEDF013508340D2DE3D1F0
:1099B000002001E06FF01600BDE8FC81685901004D
:1099C0000378FF2B01D018467047437813B1807895
:1099D000FF3070474FF6FF70704791E80C0009891F
:1099E0005268B02902D11268032A08D090F84206C2
:1099F00030B1D3F86433587810B10230704700208A
:109A0000704706207047036873B50446D0F82454A5
:109A1000D4F81C1498680AF061DA26E0EE690BBBF2
:109A2000D4F8243405F10E029D4208BFC4F8246422
:109A30002068214673F0F6DA024640B10121022384
:109A40008DE80A0020682146002372F053DF236866
:109A50002946586851F088DC94F82034013B84F89A
:109A6000203401E0013BAB6135461DB1AB695A1CA6
:109A7000D4D116E02368D4F824249868D4F81C14B0
:109A80003AB90AF097DAC4F81C5484F8205402B0AA
:109A900070BD42F210722B4602B0BDE870400AF071
:109AA000F799FEE77FB5D0F824040E4615461C460C
:109AB00098B104AB43F8040D0020009301463246F0
:109AC0002B4651F09FDC40B94EF660235C4342F2D6
:109AD0001073B4FBF3F4039B9C6104B070BD0000F1
:109AE0002DE9F0410546D0F80080D0F81441FDF38F
:109AF00057F2D8F82030064618695EF099D8D5F8A4
:109B000008315B8E834259D113F4404F09D1D8F804
:109B1000003093F8693123B1404640F00FD8002857
:109B20004CD0A36C002B53D0E16C721A9A424FDBDD
:109B300094F850301BB122695BB2934248DB94F831
:109B40004430FBB12769EFB1FF1AD8F8C4366FF083
:109B5000C7029742B8BF174613B19F42B8BF1F460E
:109B6000B4F90E30002B03DA1A483246F8F3AEF699
:109B7000002213462846394654F026D8D5F8083135
:109B8000228A5A8594F8453013B3676907B3FF1AE0
:109B9000B4F93A3027EAE777002B04DA0E48E16C93
:109BA0003246F8F393F628463946002254F05AD844
:109BB000D5F80831A48A9C85BDE8F081D5F8083134
:109BC000DA8DE36CD318E3649B1B002BC8BFE664FB
:109BD000BDE8F081AEC58900DFC5890010B5002061
:109BE00012F04004187002D012F0800F15D011F45A
:109BF000007005D012F0800F02D00120187010BD47
:109C0000490501D5130605D530B9D4F1010038BF97
:109C1000002010BD002010BD012010BD2DE9F04F27
:109C2000836B0D46596C044640F2395087B092461A
:109C3000002281428DF8172003D040F28B508142E0
:109C400008D1B4F8522002F44042A2F540414A4201
:109C500042EB01021869039268F072D828B3D4F875
:109C6000E4235AB1D4F8F803012169F07FDE28B962
:109C7000A36BD4F8E413986869F0A8DC94F89430E6
:109C800083B9D4F8F803B4F85210012269F038DE31
:109C9000C4F8E40330B1BAF1000F03D120465EF0FE
:109CA0004FDD46E10023C4F8E433B4F85210A36B4F
:109CB00001F46051B1F5005F986805D0A1F5C0527C
:109CC000514241EB020100E0022169F071DC0646DD
:109CD000002800F02E8135B120462946B4F85220E4
:109CE00033465EF007DDB4F852904846FAF350F27E
:109CF00009F46057A36BB7F5005F986805D0A7F526
:109D0000C053594241EB030100E0022169F050DCED
:109D1000A36B054610B99868314617E0B7F5005FA8
:109D2000986806D0A7F5C058D8F1000141EB0801AA
:109D300000E0022169F03CDC804650B9A36B31465B
:109D4000986869F043DCA36B2946986869F03EDCAB
:109D5000EFE0D4F8E403B8B169F044DCB7F5005F94
:109D600006D0A7F5C05CDCF1000343EB0C0300E078
:109D70000223984208D0A36BD4F8E413986869F0E2
:109D800025DC0023C4F8E433D4F8E433FBB9A36B37
:109D9000B7F5005F986806D0A7F5C05EDEF1000158
:109DA00041EB0E0100E0022169F002DCC4F8E4039B
:109DB00068B9A36B3146986869F008DCA36B294643
:109DC000986869F003DCA36B41469868BEE7D4F855
:109DD000E40369F02DDB20465EF04CD8284694F968
:109DE0007B1069F017DD00230DF117020093204668
:109DF000434649465FF09CDC4046314669F054DBFF
:109E0000404694F9651369F0ADDC4146284669F097
:109E10004BDB94F85810632902D8284669F0B6DC69
:109E2000284669F0DDDB284669F014DC94F86733D6
:109E300007469B0098426FF07F012846B8BFDFB20B
:109E400069F01EDCFFB25FFA80F9A36B84F87E70C4
:109E500084F87F908346186967F072DFB8B1D4F850
:109E6000F803B4F8521069F02DDE01280FD1B4F8D0
:109E7000521000224B46D4F8F80369F0D5DDD4F82F
:109E8000F803B4F8521000223B4669F0BDDD002310
:109E900084F891B084F8963084F88030BAF1000FDD
:109EA00003D02846514669F019DB94F882302846E1
:109EB0000BB1039B23B194F97E1069F0C7DA03E07C
:109EC00094F97F1069F04EDCD4F8E403294669F078
:109ED000D1DAA36B186967F033DF98B1D4F8F803CF
:109EE000B4F8521069F0EEDD012803460AD1D4F827
:109EF000E403A16B00908868B4F85220D4F8F813FA
:109F000069F054DDA36B3146986869F05FDBA36BA1
:109F10002946986869F05ADBA36B4146986869F056
:109F200055DBBAF1000F04D1D4F8543A0BB12046F6
:109F3000984707B0BDE8F08F10B590F86330002B5C
:109F40003CD0DB07C9B22CD5836E8B4223D190F86D
:109F5000253A3BB10023846BE4180133082B84F8C5
:109F60002021F8D1836BD3F828411B1983F82021D5
:109F7000836BD3F82841072C01D0013400E0002482
:109F8000C3F8284190F8253A2BB190F8263A13B13E
:109F9000002380F8253A90F8633023F0010380F81D
:109FA000633090F8633013F0020F07D023F0020300
:109FB00080F86330836B186967F0BADE002010BD4B
:109FC000F8B590F863300446002B3AD1012902D04D
:109FD000022939D100E08266A36B80F863101A6A07
:109FE00094F8D900626618BB94F86C20002A2DD131
:109FF00018698E2167F072DE400087B2062502E004
:10A000000A20FDF341F1A36B07F17406186931468C
:10A0100067F064DE08B1013DF2D1A36B012218693B
:10A02000314667F067DE204601F012F8024600E094
:10A03000A122B4F85210204652B2BDE8F840FFF712
:10A040007BBF6FF01800F8BD6FF00200F8BD10B5CF
:10A0500004465DF0EDDD0221C2B22046BDE81040AD
:10A06000FFF7AEBF30B5026CCB8892F829463CB9F9
:10A07000846B64690A2C03D94C8A14F4807F14D051
:10A08000846B6569272D03D10C8A14F4006F0CD101
:10A090008C88DBB214F0030F01D09D2B05D0232D4B
:10A0A00007D14D8A15F0200F03D001238B770023B1
:10A0B0000AE090F92C031B18E00444BF92F91E2615
:10A0C0009B180022CB778A770B7700234B7730BD24
:10A0D000C369043B082B06D8DFE803F0180509071D
:10A0E00009050B050D00002070471720704704205C
:10A0F00070470720704790F83E03012808D00328D6
:10A1000014BF4FF483704FF48B7070470120704779
:10A110004FF48B707047836B13B51A6A0446013293
:10A120001A6290F86020002A00F0AC80B0F8C822D3
:10A130002AB1D0F8F013A1F83622A1F83A22B4F8E7
:10A14000CC222AB1D4F8F013A1F82822A1F82422B5
:10A15000B4F8CA222AB1D4F8F013A1F82222A1F847
:10A160002622216F40F606220A402AB993F82C31A4
:10A1700013B120465DF0F8DDA36B1A6A1B6EB2FBCB
:10A18000F3F103FB1123A3B920465FF085DC236FB5
:10A1900040F60202A16B1A400032086918BF012282
:10A1A000B4F85210C3F3800367F0D2DD20465FF0AD
:10A1B00081DC226F40F60E231340B3B9A36BD4F8B1
:10A1C0008C21196AD2F89020D3F818318A1A9A4251
:10A1D0000BD394F8522020460121FFF7F1FEA26B29
:10A1E000D4F88C31126AC3F8902094F8633043B1EC
:10A1F000A36B1A6A636ED31A052B02D9002384F865
:10A200006330D4F8F4202AB1A36B196A1B6E8A1A42
:10A210009A420CD3226F40F6020313403BB920460A
:10A220005DF016DE18B1A36B1B6AC4F8F430226F20
:10A2300040F60F2313402BBB20465EF0B5DA2046D4
:10A240005EF054DAD4F88C31D3F8882012B1013A98
:10A25000C3F88820D4F8B43A0BB120469847A36BD2
:10A26000186967F023DD68B1A36B01A918690DF1C6
:10A27000070267F01FDD20469DF80710BDF8042097
:10A280005DF0D4DD00201CBD03460021986B401812
:10A290000131082980F82021F8D19A6B0021C2F8F9
:10A2A0002811D16E032907D1D3F8C410C90703D5EB
:10A2B000126A0832C3F8B8200022991802324FF609
:10A2C000A470202AA1F8040AF7D10020012283F803
:10A2D000240A83F8EC2A7047836B10B59A69044608
:10A2E00092001BD590F8ED2A012A17D1B0F8522020
:10A2F00012F4404F12D1186967F004DD636CB3F8B3
:10A30000B42692B242F00302A3F8B426636CB3F809
:10A31000B82692B242F0C002A3F8B82610BD80F869
:10A32000ED1A704730B5056C044687B028464FF4E7
:10A33000007141F21C1260F047DB002800F09D80A4
:10A340000723039320230593802302930023019086
:10A35000049340F8043B0133802BFAD1204601A935
:10A3600065F0E8DE4FF43073204601A9049365F0F0
:10A37000E1DE206C41F22F1160F04CDB2046012120
:10A3800064F086DC20463E4936225DF0F7D9D5F8E8
:10A39000C434204640F6F4114FF480426BB11346AA
:10A3A0005DF0B4D9B5F85824B5F856342046D31822
:10A3B00040F20C5140F2FF129BB25DF0A7D91E2271
:10A3C000304920465DF0DAD9204661F011D82046A8
:10A3D00063F014DA99210122002320465DF068D948
:10A3E00096210222002320465DF062D9A22101229B
:10A3F000002320465DF05CD9A521402200232046A1
:10A400005DF056D9A6210122002320465DF050D9E7
:10A41000A1210122002320465DF04AD930220023E9
:10A42000204602215DF044D96F2120464FF40052AE
:10A4300000235DF03DD94FF48052134620466F2132
:10A440005DF036D904221346204640F2D7415DF034
:10A450005DD940F2D7414FF470624FF480732046CB
:10A460005DF054D9204662F0DBDB204640F27551A6
:10A470004FF4007200235DF049D907B030BD00BF32
:10A48000BE5A01002A5B0100F0B5072387B0066CB5
:10A49000029320230493012304460D460193304682
:10A4A00005AB4FF4007141F27332009360F08CDA27
:10A4B000002849D0D6F8B865074601460023B342C4
:10A4C0002CBF9E46B64605EBCE0292F803C015F8A7
:10A4D0003EE001334EEA4C5E92F802C052784EEAFA
:10A4E0004C3E4EEA4212802B059241F8042BE6D1F5
:10A4F0008DE809006946C0232046039365F01ADE03
:10A500000023B3422CBF1A46324605EBC202107933
:10A510005179400240EA4140D179013340EA0102D9
:10A52000802B059247F8042BEBD14FF41073204693
:10A530006946039365F0FEDD236C41F29F31C3F859
:10A54000BC55206C60F066DA07B0F0BDF0B5076C62
:10A5500089B0002304460D4638464FF400714FF48D
:10A56000965205930693079360F02EDA064600286C
:10A5700034D04DB9204605A906AA07AB5EF028DB0A
:10A5800003953746002510E097F83336002BF8D0B6
:10A59000B4F9283A0693B4F92A3A0793B4F92C3A55
:10A5A00005934FF430730393EBE705A928460EC9D2
:10A5B00064F0B0DE0135802D47F8040BF5D1072398
:10A5C000029320462023694604930096019565F086
:10A5D000B1DD206C41F2DF2160F01CDA09B0F0BD82
:10A5E0002DE9F047571A7E1C1FFA86F94FEA8903B6
:10A5F0004FF6FC7186B004461940006C41F6DE321D
:10A6000060F0E2D90546002871D010234FF0600AAF
:10A61000DFF8E0808DE8080404AA02232046002128
:10A62000CDF808805EF0CCD8BDF81020BDF812300F
:10A6300092059B059B0D920D43EA8222C2460023A0
:10A6400008E055F8231001F07F61114345F823100D
:10A6500001339BB2BB42F4DD20234FF4A0788DE898
:10A660000801DFF894802A46334620460721CDF8BA
:10A6700008805EF0B3D8206C41F6F23160F0CAD9A0
:10A680004FEA49094FF6FE71206C09EA010141F6D3
:10A69000F53260F099D9054648B310234FF0620CAB
:10A6A0008DE808102046012300210DF11602CDF897
:10A6B00008A05EF085D8002305E0BDF8162025F837
:10A6C000132001339BB2BB42F7DD10234FF4E07E31
:10A6D0008DE80840204607212A463346CDF80880F9
:10A6E0005EF07CD8206C41F6024160F093D906B050
:10A6F000BDE8F087CD2187006149870010B5044689
:10A7000060F098D92046012200234FF430615CF0BC
:10A71000FDDF2046042200234FF430615CF0F6DFB9
:10A720002046082200234FF430615CF0EFDFF02276
:10A73000204613464FF430615CF0E8DF4FF470625E
:10A74000204613464FF430615CF0E0DF20460023E2
:10A750004FF430614FF480525CF0D8DF204606227F
:10A76000042340F607315CF0D1DF2046382208236D
:10A7700040F607315CF0CADF2046002340F607317F
:10A780004FF4E0725CF0C2DF20463022102340F626
:10A790000B315CF0BBDF40222046134640F60B3104
:10A7A0005CF0B4DF204640F60B314FF4F0624FF41A
:10A7B00080635CF0ABDF204640F60B314FF4F04293
:10A7C0004FF400535CF0A2DF94F8FC392046012BD3
:10A7D00014BF4FF480534FF4105340F60C314FF632
:10A7E000FF725CF093DF204640F60C314FF6FF72AB
:10A7F0004FF480535CF08ADF204640F60D314FF66F
:10A80000FF724FF450435CF081DF204640F60E317A
:10A810004FF6FF724FF478435CF078DF2046102348
:10A8200040F60F314FF6FF725CF070DF20464FF4B8
:10A8300031614FF6FF724FF478435CF067DF2046DA
:10A8400040F611314FF6FF724FF47D435CF05EDF4E
:10A8500020460F22002340F612315CF057DF2046DD
:10A86000F022002340F612315CF050DF2046002336
:10A8700040F612314FF470625CF048DF20460F2240
:10A88000002340F613315CF041DF2046F022002324
:10A8900040F613315CF03ADF2046002340F61331D6
:10A8A0004FF470625CF032DF20460F22002340F646
:10A8B00014315CF02BDF2046F022002340F61431E7
:10A8C0005CF024DF204640F614314FF47062002320
:10A8D0005CF01CDF20460F2240F6153100235CF0AF
:10A8E00015DF2046F022002340F615315CF00EDF24
:10A8F0002046002340F615314FF470625CF006DF0D
:10A9000020460322012340F616315CF0FFDE20468C
:10A910000C22002340F616315CF0F8DE204630228F
:10A92000102340F616315CF0F1DE2046C0224023B1
:10A9300040F616315CF0EADE2046002340F6163180
:10A940004FF440725CF0E2DE204640F616314FF4E0
:10A9500040624FF480635CF0D9DE2046032200237E
:10A9600040F617315CF0D2DE20460C2240F617315B
:10A970004FF6FC735CF0CADE2046302240F61731F9
:10A980004FF6F0735CF0C2DE2046C022002340F692
:10A9900017315CF0BBDE204640F617314FF44072B1
:10A9A0004FF47F435CF0B2DE204640F617314FF49F
:10A9B00040624FF47C435CF0A9DE20460122002374
:10A9C00040F606315CF0A2DE1F222046134640F618
:10A9D00005315CF09BDE4FF6FF722046134640F6D1
:10A9E00004315CF093DE4FF6FF722046134640F6CA
:10A9F00008315CF08BDE204640F609314FF6FF72DD
:10AA000047F6FF735CF082DE2046082340F60A31E9
:10AA10004FF6FF725CF07ADE20463F2340F60231AB
:10AA20004FF6FF725CF072DE2046FF2340F60331E2
:10AA30004FF6FF725CF06ADE0F222046134640F6A6
:10AA400001315CF063DEF0222046134640F601310E
:10AA50005CF05CDE0122204613464FF430615CF06E
:10AA600055DEA36B2046D96EBDE810405FF0029A18
:10AA70002DE9F043044689B00F469046006C4FF430
:10AA8000806141F2366299465FF09EDF06460028FB
:10AA90004ED001221346204640F29C41C4F8D070AB
:10AAA0005CF034DE20469DF840105FF041DB282248
:10AAB0002046394661F09CDFB0F5807F054603D91A
:10AAC000206C41F2526131E0204640F2D66103220F
:10AAD00000235CF01BDE08221346204640F2DA61B8
:10AAE0005CF014DE282342468DE8280020463346D9
:10AAF000394665F061D91523039605930026202376
:10AB0000204603A907930495069665F013DB9DF88C
:10AB100044302046019329464FF6FF723346CDF864
:10AB2000009062F0F1DF206C41F266615FF072DF4D
:10AB300009B0BDE8F08300002DE9F04F00218FB08F
:10AB4000076C90F85250ADF83210ADF8341004464E
:10AB5000002109A80C22F7F393F60023ADF8363054
:10AB600097F8153613B197F8161601E097F81416F2
:10AB7000D4F8DC002A465FF0BDDC8046002800F0F7
:10AB80006081204601215FF0D3DAB8F8005045B16A
:10AB90002DB24FF47A726A432046012163F098DEA9
:10ABA0000125B8F8023063B10135EDB21BB24FF4A4
:10ABB0007A725A432046294663F08ADE012D0AD173
:10ABC00000E0DDB1022300930121002301930293F1
:10ABD00020460A4608E00223012100930193002346
:10ABE000029320460A460B4663F014DF20460521F7
:10ABF0004FF486720DF1320361F01CDE00252E4603
:10AC0000A94638F8051029B304200B238DE8090064
:10AC100009B20DAA4FF4FA73204661F07BDBBDF850
:10AC20003420BDF832301C3AD21AB7F9181613B2D4
:10AC300099420FDC0EA9062303FB061338F8051012
:10AC4000013623F8141C23F8122C23F8100CB6B28A
:10AC50004FF001090235042DD3D1022306931023AE
:10AC600008930DF13603049300250123204604A91F
:10AC70000593079562F094DE10238DE82800724B4F
:10AC800002210293204601230DF1360201355DF0C9
:10AC9000A5DD402DF0D10025204629462A462B4629
:10ACA00000950195029563F0B5DEB9F1000F40F013
:10ACB000B180C2E00EAB4FF0060909FB053939F847
:10ACC000148C0135EDB20FFA88FA4FF47A7202FB58
:10ACD0000AF22046294663F0FBDDB7F91A2639F956
:10ACE000123C9A4201DD002006E0B7F91C269A4288
:10ACF00001DD012000E002205FF0F4DB294602467E
:10AD0000204663F039DEBAF1000FB8BFCAF1000A7D
:10AD10004FEA8A0A4FF0000940F271239A450ADD92
:10AD200009F101095FFA89F9AAF59C6AB9F1200FC6
:10AD3000AAF1020AF0D10FFA88F3002BD8BFC9F1AB
:10AD400000095FFA89F94FFA89F34FEA48086FF46E
:10AD50001C7202FB0388002BB8BF5B42022B59DD3B
:10AD60004FF0000A002150465FF058DC0FFA88FBD4
:10AD70008BEAEB73A3EBEB73984244D1012150466D
:10AD80005FF04CDC0221804650465FF047DCBBF1AF
:10AD9000000F82464FFA89F30ADA002BDBBF5FFA15
:10ADA00089FB0BF1400909F1FF3B0BF13F0B09E077
:10ADB000002BDBBF5FFA89FB0BF1400909F1010BA6
:10ADC0000BF1410B4FFA89F3204604A9079362F077
:10ADD000E7DDBDF836302046984404A9ADF836804A
:10ADE00065F0A8D94FFA8BF3204604A9079362F0C7
:10ADF000D7DDBDF8363020469A4404A9ADF836A018
:10AE000065F098D906E00AF1010A5FFA8AFABAF108
:10AE1000060FA7D1B542FFF44DAF4FF00003012E4E
:10AE200000930193029320464FF0050101D1324671
:10AE300001E00122134663F0EDDD204600215FF0C2
:10AE400077D90FB0BDE8F08F614987002DE9F7434E
:10AE5000904608220F461E4640F607011346044658
:10AE6000056CBDF828905CF051DC012213462046A9
:10AE700040F607015CF04ADC4FF4005213462046CE
:10AE800040F646015CF042DC204640F639013A4685
:10AE90005CF06EDC94F86D33204640F635010BB162
:10AEA000802200E020225CF063DC20464FF4046145
:10AEB00000225CF05DDC204640F634017F22334600
:10AEC0005CF024DC20464FF401614FF480434FF4E2
:10AED00040425CF01BDC94F86D33204640F63601AE
:10AEE00013B14FF4807200E040225CF041DC204658
:10AEF00040F646010F2208235CF008DC94F86D63ED
:10AF0000204640F64601F02256B190235CF0FEDB6D
:10AF1000204640F646014FF470624FF4106308E09B
:10AF200033465CF0F3DB204640F646014FF4706296
:10AF300033465CF0EBDB204640F633017F2243468C
:10AF40005CF0E4DB4FEA0923204640F633014FF47E
:10AF5000FE4203F47F435CF0D9DB012620463B49E7
:10AF60006422002300960196FFF782FD4FF4805281
:10AF70001346204640F6A5115CF0C8DB3246334646
:10AF800040F6881120465CF0C1DB4FF49670FCF36C
:10AF90007BF13246204640F637015CF0E9DB44F6AF
:10AFA000216602E00A20FCF36FF1204640F63701EB
:10AFB0005CF0CCDB30B1013EF4D103E00A20FCF3BD
:10AFC00063F101E044F62166204640F637015CF06B
:10AFD000BDDB08B1013EF1D140F6370120465CF0FF
:10AFE000B5DBC10705D594F8153343F0010384F8A8
:10AFF00015330023204640F6A5114FF480525CF033
:10B0000085DB20465FF09CD92046002340F2A661F4
:10B0100041F6FF725CF07ADBD4F88C312046B3F94C
:10B020008C20B5F9043C40F609019A42B4BFB5F84A
:10B03000065CB5F848554FF68072ED0105EA02034B
:10B0400003B0BDE8F0435CF0619B00BFA025260083
:10B05000F0B54F4B91B0044602AA03F120061868E0
:10B060005968154603C50833B3422A46F7D1186814
:10B070009B882860AB80012384F8263AA36B8E213D
:10B08000186966F02BDE400086B2972502E00A20A0
:10B09000FCF3FAF0A36B06F17401186966F01EDE8A
:10B0A00008B1013DF3D1A36B4FF44271186966F00A
:10B0B00015DEA36B074640F20A31186966F00EDE12
:10B0C000A36B05464FF44371186966F007DEA36B66
:10B0D000064640F20E31186966F000DEBE193604ED
:10B0E0002D1876190AD194F8253A4FF67862ADF802
:10B0F0003820002B31D084F8266A2EE04FF4867376
:10B10000ADF83C3006F580760023760A00930FAB4D
:10B11000360201930DAA0EAB20460CA90C965DF0E9
:10B12000BDDFBDF938201B4B9B1A002BB8BF5B421B
:10B13000702B94F8EC2A02D85AB1282B09D94FF673
:10B140007863ADF8383094F8253A13B1002384F8C9
:10B15000263A12B1002384F8EC3A236CBDF938107A
:10B1600093F83536891008467BB14AB212F1560F72
:10B170000BDA12F1690F08DB6FF056039B1A10AA65
:10B1800002EB430313F8380C401840B211B0F0BD85
:10B190001839010078FEFFFF436C2DE9F041D3F828
:10B1A0002031044603F001030D4683F001061BB96C
:10B1B000836B186966F0B4DD2046276C5EF0C2DF51
:10B1C00040F27F41A7F802042046276C5CF0BEDA0B
:10B1D000C005C00D4010A7F80404226F41F60623F5
:10B1E00013402BB944F62062102D08BFFA2200E06C
:10B1F000FA22A36BB821186966F07CDDA36B41F6D7
:10B200000627186966F098DD2046FFF765F8236F7A
:10B210001F407FB9A36B20461B6A0121C4F8D430BC
:10B22000D4F88C815FF00CD9D4F88C31A8F88C005C
:10B23000C3F88870082D01D0E80606D503210A223C
:10B24000204660F0B1D9082D01D0A90604D52046CA
:10B2500064F0D0DC082D01D06A0604D5204662F0E7
:10B2600071DE082D01D0EB0506D5236C93F8173657
:10B2700013B12046FFF760FC204660F0BBDD20469E
:10B28000FFF72AF8082D01D028060BD5256C95F874
:10B29000643523B1204666F0F1DBC5F8540520463D
:10B2A00065F074D820465CF053DB1EB9A36B1869B7
:10B2B00066F036DD20460021FFF748F9236C93F84D
:10B2C000333673B120460121FFF740F9204640F2A2
:10B2D00037614FF440424FF40043BDE8F0415CF069
:10B2E000159ABDE8F081816BD0F8D4300A6A10B5A8
:10B2F0009A42044601D3D31A01E0DB439B18D4F8E9
:10B300002823934200D302BB8A6E93421FD3D4F802
:10B310008C31D3F88830D3B9012120465FF090D822
:10B32000D4F88C21B2F88C3019B28842CCBFC3EB70
:10B330000000C0EB030094F8661300B2884208DAFC
:10B34000A36B9B6EC2F8883001E0012010BD002085
:10B3500010BD012010BD01207047000001290BD154
:10B36000012B09D8013B064902EB830251F8223038
:10B370005A1C03D0C0187047002070470020704747
:10B38000745B0100142303FB010070478369DA68D2
:10B390008A4218BFD960704738B5044625690068ED
:10B3A00035B105F5077115F031DC2846FCF390F254
:10B3B000E06C0025256108B1FCF38AF2E56438BD34
:10B3C000F8B5846905460668E06A08B1FCF380F2C6
:10B3D000E969B068002708F081DD00212846FFF701
:10B3E000D5FF284684F83D70FFF7D6FF304623F09E
:10B3F000F9D827826762A762E7622783F8BD10B594
:10B4000050B1D0F8400238B1072905D83C2404FBDC
:10B4100001018858C3188B5010BD2DE9F0410C462E
:10B4200016460546002831D0D0F84032002B2DD0EA
:10B430003C2202FB013318221F6A3346FFF7DFFF6D
:10B44000284621461C220123FFF7D9FFBE42284689
:10B45000214601D2242214E0B6EB470F01D2282264
:10B460000FE0B6EB870F01D22C220AE0B6EBC70F34
:10B4700001D2302205E0B6EB071F01D2342200E0F2
:10B4800038220123BDE8F041FFF7B9BFBDE8F081E4
:10B4900073B504680325204601214FF48062002320
:10B4A00000951DF099DA002120460A4601230095F7
:10B4B0004DF084DB0026D4F864329D599DB1AB7900
:10B4C0008BB9D5F818315A6C22F001025A641A78F7
:10B4D000012A01D15B7F33B12846002122F0BCDD77
:10B4E000284667F0B1DA0436202EE4D1204602B0B7
:10B4F000BDE8704023F07698F8B5D0F8B055044612
:10B50000AE69F368002B30D0012B30D028460121E2
:10B51000FFF73CFFA068E96908F0E0DC28B12846A5
:10B520000021FFF733FF012700E00746338A83B18C
:10B53000236A18695CF07CDB338A834209D0204699
:10B5400023F0E4DE2046318A22F012DA20461BF096
:10B550008BD9D4F8B005FFF79BFF204624F0CED955
:10B560002846FFF72DFF3846F8BD0120F8BD002022
:10B57000F8BDFFF7C1BF002070472DE9F843DDF8A3
:10B5800020800446D8F800700E46154699460FB93B
:10B590001FE01F463B68A3B1BCB12046F9683246A4
:10B5A000F7F3D6F028B9284679684A46F7F3D0F081
:10B5B00018B17B69002BECD10BE0C8F80070BDE836
:10B5C000F8836FF00100BDE8F8836FF00100BDE87B
:10B5D000F883C8F800706FF01D00BDE8F8831FB550
:10B5E0000C46416B81B104A840F8041D0090194637
:10B5F0001046BDF81C30069AFFF7BFFF30B92CB1DA
:10B60000039B1B68236001E04FF0FF3080B204B061
:10B6100010BD10B50C4699B10B6863B10846F5F33F
:10B62000CFF7E068FCF354F16068FCF351F10023BC
:10B630002360E36063602046BDE81040FCF348B13E
:10B6400010BD2DE9F84F476B04460D4616469B4644
:10B65000DDF828A0BDF82C90002F33D0B1B9AAB9DD
:10B6600030E07DB976B1BAF1000F0BD03046F96801
:10B670005A46F7F36DF028B9504679684A46F7F311
:10B6800067F050B17B691BB9BDE8F88FB84601E09F
:10B69000B8461F46AF42E4D1A7B1636B39469F421B
:10B6A0007B6908BF6363C8F8143023685868FFF7E4
:10B6B000B0FF94F83030013B84F83030636B0BB945
:10B6C00084F83030BDE8F88F10B5044605E04B69CA
:10B6D000636323685868FFF79CFF616B0029F6D10C
:10B6E00084F8301010BD2DE9FF471E460023039358
:10B6F00090F830300446102B88461746DDF830901D
:10B70000BDF8345009D9416B39B14A680B7C0092BD
:10B710000A890192CA68FFF794FF636B0393B8F13B
:10B72000000F65D0002F63D0B9F1000F60D003ABDC
:10B730000093384631464A462B46FFF71EFF8246A5
:10B7400028B9039B41461868F5F31EF755E01E30F3
:10B7500053D11820FCF3B0F0824600284BD020696A
:10B76000F5F3C0F6CAF80000B0B13046FCF3A4F01F
:10B77000CAF80C0018B95046F5F322F70CE0284639
:10B78000FCF39AF0CAF8040050B95046F5F318F7E4
:10B79000DAF80C00FCF39CF05046FCF399F02AE038
:10B7A000636B2BB9012384F83030C4F834A007E070
:10B7B00094F83030013384F83030039BC3F814A080
:10B7C000DAF80C0039463246CDF80CA0F6F3D4F77F
:10B7D000039B49461E7458682A46F6F3CDF7039B2F
:10B7E00041461D811868F5F3C1F64FF0000A04E0E8
:10B7F0006FF0010A01E06FF01A0A504604B0BDE88C
:10B80000F087F8B51E4614460D460CE0FEF7D8F852
:10B81000B04215D07A78931C9C420ED9ED186FF087
:10B8200001039B1AE41854B128462146FF22F7F37E
:10B8300021F407460028E9D102E0002700E027466E
:10B840003846F8BD08B511461A464FF4AE73FFF7F7
:10B85000D8FF58B14378A3F12102D2B2202A04D8EC
:10B86000029A013B1370033008BD002008BD2DE98A
:10B87000F0470468A0B0D0F80480064602200F68A4
:10B880008946F4F761FA002501212A4620238246E1
:10B89000606A1F95F1F3A2F501212A4620231D902D
:10B8A000606AF1F39BF501212A4620231E90606A0D
:10B8B000F1F394F501212A4620231A90606AF1F3EE
:10B8C0008DF5202301212A461B90606AF1F386F54D
:10B8D000143729461C9052460FA808F1E205F6F3EA
:10B8E000CFF7062238462946F6F332F7002817A884
:10B8F00007DD39460622F6F33FF70DF162002946CF
:10B9000006E029460622F6F337F70DF162003946C4
:10B910000622F6F331F717AA01920C22002307AD95
:10B920000FA9029220275246022000930395049704
:10B93000F4F730FB1B98F2F3ABF22A4601213B46A9
:10B940001A98F2F379F2A3691C9861691B9AF1F7CE
:10B95000C8FF1A981C9A0146F1F7F6FF1A981B9A2D
:10B960000146A3690836F1F77AFF304698F8185077
:10B97000F7F332F080B201901FA9204608F11902B6
:10B980002B460096FFF72BFE08B91F9BA3B11A990F
:10B99000D9F8D4201F98F5F349F71DA91EAAD9F8A4
:10B9A000D400F5F32BF61AA8F1F356F61BA8F1F321
:10B9B00053F61CA8F1F350F620B0BDE8F08770B53F
:10B9C000456892B004460026286801A920221196F5
:10B9D0001BF0CEDB2023012101AAD4F8C000F2F332
:10B9E0002BF2286809A920221BF0C2DB686A01211A
:10B9F00032462023F1F3F2F4119000B3012109AA99
:10BA00002023F2F319F26B69D4F8B800D4F8C0100F
:10BA1000119AF1F724FFD4F8DC201199D4F8D4005E
:10BA2000F5F304F7D4F8DC000146F5F3B9F6D4F8E1
:10BA3000DC0004F1C40104F1C802F5F3DFF511A83C
:10BA4000F1F30AF60021202209A8F6F319F701A85C
:10BA500000212022F6F314F712B070BDF0B5C1B08A
:10BA600007AD0C461746114628460222F6F384F627
:10BA700001210DF11E022023D4F8BC00F1F302F6DF
:10BA800001210DF13E022023D4F8CC00F1F3FAF5A8
:10BA900001210DF15E022023D4F8D000F1F3F2F57C
:10BAA00001210DF17E022023D4F8B800F1F3EAF56C
:10BAB00001210DF19E022023D4F8C400F1F3E2F538
:10BAC00001210DF1BE022023D4F8C800F1F3DAF50C
:10BAD00000238DE82800C2222025029238AE04F10E
:10BAE00018012A46022003960495F4F753FAB81C6D
:10BAF00031462A46F6F32CF6D0F1010038BF00207B
:10BB000041B0F0BD30B590F88C318DB004460D6871
:10BB1000002B3FD0D0F8D40008A909AAF5F36EF5A0
:10BB2000202301216A460998F1F3ACF5D4F870316D
:10BB3000E31893F893219DF81F305340D80724D57C
:10BB400001210022EB69686AF1F348F4EB690A907D
:10BB500001210022686AF1F341F401210B900A9A55
:10BB60002869F5F3A9F600230B980A99099AF1F7C9
:10BB7000B8FE08990B9AD4F8D400F5F3D9F50AA8C1
:10BB8000F1F36AF50BA8F1F367F52046FFF717FF0D
:10BB9000002501E04FF0FF35E43404F1A000F1F39B
:10BBA0005BF504F19C00F1F357F504F1A400F1F307
:10BBB00053F504F1AC00F5F303F504F1B0000021F6
:10BBC0002022F6F35DF628460DB030BD2DE9FF4189
:10BBD0000546006832F8066F0C46D0F80080FFF783
:10BBE0003DFF002833D06968A4F864608F7904F1C0
:10BBF00038068FB9D8F8D0063246202376F0ACDC70
:10BC00002368696814338DE888003246D8F8D00676
:10BC1000202376F0B5DB17E01023009323684FF460
:10BC200080271433019308462022314604F108038B
:10BC3000029750F095DE48B92168686814313A4699
:10BC4000D5F88C30FDF72EFF012000E0002004B075
:10BC5000BDE8F0812DE9FF41D688B1F86430054692
:10BC60000068B3420C46D0F800803BD84FF6FF7313
:10BC70009E4237D00632FFF7F1FE002833D06968C4
:10BC8000A4F864608F7904F138068FB9D8F8D0062B
:10BC90003246202376F060DC2368696814338DE82F
:10BCA00088003246D8F8D006202376F069DB17E00A
:10BCB0001023009323684FF4802714330193084620
:10BCC0002022314604F10803029750F049DE48B9BA
:10BCD0002168686814313A46D5F88C30FDF7E2FEE9
:10BCE000012000E0002004B0BDE8F08173B500231E
:10BCF00004460B99006801931646089D41F01CDB31
:10BD0000079B032B04D901A806990422F6F334F506
:10BD10000C3E032E1CD8DFE806F00A0F0204A36ACB
:10BD200008E0019B5A1E272A15D8A3620EE0E36A99
:10BD3000C3F340032B6009E00198E36A18B923F0CC
:10BD40000203E36209E043F00203E362002004E03F
:10BD50006FF0160001E06FF001007CBDF8B5876858
:10BD600005464FF4E0700E46FBF3A6F504460028A6
:10BD700078D000214FF4E072F6F382F5266065601A
:10BD80000023F451686AA4F8AC300121002220237A
:10BD9000F1F324F3C4F8BC00002866D0686A0121DE
:10BDA00000222023F1F31AF3C4F8B80000285CD075
:10BDB000686A012100222023F1F310F3C4F8CC00BB
:10BDC000002852D0686A012100222023F1F306F3F3
:10BDD000C4F8D000002848D0686A0121002220233E
:10BDE000F1F3FCF2C4F8C00000283ED02869F5F356
:10BDF00079F3C4F8D400002837D02869F5F372F33A
:10BE0000C4F8D800002830D02869F5F36BF3C4F8E3
:10BE1000DC0050B31323A4F866302B6817499868E8
:10BE20003246002308F0DED82B68A06614499868D3
:10BE30003246002308F0D6D82B68C4F8B000114968
:10BE400098683246002308F0CDD82B68C4F8B400B7
:10BE50000D4998683246002308F0C4D8C4F8E000C1
:10BE6000002408E06FF01A0401E04FF0FF34284688
:10BE700031466DF0D5DC2046F8BD00BF85D1870086
:10BE800079D187000DD187005DDF8700F8B547685D
:10BE90000646CD590C46DDB1436B0BB1FFF714FCE0
:10BEA000D5F89C1049B13368986808F017D8336802
:10BEB000D5F89C10986808F07DD8D4F8243413B1D4
:10BEC00020464FF02FDA2846FBF302F50023E3511A
:10BED000F8BD00002DE9F041D0F89830D0F890106E
:10BEE000013344688B4225688EB00246C0F8983012
:10BEF00009D1D0F894307BB1D2F89C104FF47A720B
:10BF0000A8685A4304E007D2D2F89C10A868214AD6
:10BF1000002307F0BDDF39E0D5F8D006214675F0E3
:10BF200037DF237A002B31D0D4F80801F7F314F36C
:10BF3000074658BB227E04F1DC080EAE04F119015D
:10BF400006A846F8242DF6F317F421464246284663
:10BF500071F068D804F1E2030193022302460293D0
:10BF6000214643462846CDF8008020F0F5DC3946CE
:10BF7000204639F0C9D92146284640F059DF2846E5
:10BF80001A21324624230097F6F76EFA0EB0BDE868
:10BF9000F08100BF80EE36002DE9F04F0D68ADB0A6
:10BFA00004460121A86922AA2023D5F800B0F1F3A4
:10BFB00069F34FF0080AD4F8683194F86C11E2186C
:10BFC00004F1E40682F8E31006F18C020C210DF175
:10BFD0006809019206F190003246CDF80090F9F31D
:10BFE00043F2D4F8701140480591F6F3F5F422AA13
:10BFF00003464FF02008009206AF05993A4A48469A
:10C00000CDF804800297CDF80C80F9F307F20121F6
:10C010003A464346D4F88801F1F30EF758466EF0DD
:10C0200017DAD4F88801A969F1F39CF2002836DA0E
:10C03000D4F88431CDF808B000932C4BD4F8881193
:10C0400001932869D4F89021D4F88031F5F3E8F20F
:10C0500028BB94F88C3113BB2869D4F89011F5F300
:10C06000C7F4E0B1012384F88C314946D4F870213B
:10C0700006F1B000F6F380F3D4F890012AA92BAAB8
:10C08000F5F3BCF22A992B9AD4F8D400F5F350F3C7
:10C09000D4F8682128683146013A1BF069D894F831
:10C0A0006C310133DBB284F86C31AA6A934207D851
:10C0B0000AF1FF3A5FFA8AFABAF1000F7FF47BAF18
:10C0C0000021502206A8F6F3DBF3002120221AA853
:10C0D000F6F3D6F394F86C01AB6A984234BF0020B3
:10C0E00001202DB0BDE8F08F62E6890075EA870077
:10C0F0002DE9F04F4368CFB0CB58044603F108094F
:10C1000048468846F6F368F407460220F3F71CFE1B
:10C1100000234EA941F8043DBBB208F11902079370
:10C120000692079A8346019298F818302046069A9C
:10C13000CDF80090FFF753FA18B94D9B002B40F053
:10C140000A81012100222023606AF1F347F10121D5
:10C15000002220234290606AF1F340F10121002285
:10C1600020234390606AF1F339F10121002220235A
:10C170004490606AF1F332F10121002220234590BE
:10C18000606AF1F32BF10121002220234690606ABE
:10C19000F1F324F101210022E3694790606AF1F391
:10C1A0001DF10521024649902069F5F385F3E36905
:10C1B00001210022606AF1F311F104210246489046
:10C1C0002069F5F379F32069F5F38CF14A90206941
:10C1D000F5F388F14B902069F5F384F108AD002167
:10C1E00080224C902846F6F34BF33A4628464946BF
:10C1F000F6F3C2F2012100223023606AF1F3EEF07F
:10C200000121002230234090606AF1F3E7F000261C
:10C2100033460DF1E00A419098F81820019502206C
:10C2200028AD069902970096CDF80CA0CDF810B075
:10C23000F3F7B0FE302231462846F6F321F34748A3
:10C24000F6F3CAF3454B3027009301905146022084
:10C250005A46334602950397F3F7BCFE01213B464D
:10C260002A464098F1F3E8F54098A2690146F1F7B3
:10C270006BFB429B48990093439B499A01934098DA
:10C28000A369F1F779FF4299439A4B98F5F350F27D
:10C2900031463A462846F6F3F3F23148F6F39CF37A
:10C2A0002F4B0190009351465A4633460220029587
:10C2B0000397F3F78FFE3B4601212A464198F1F39D
:10C2C000BBF54198A2690146F1F73EFB449B4899B2
:10C2D0000093459B499A01934198A369F1F74CFF5C
:10C2E0004499459A4C98F5F323F24C994A9A4B9805
:10C2F000F5F3A2F0079A98F8183001924A99069A35
:10C300002046CDF80090FFF7EEF946A947AA4A98D3
:10C31000F5F374F142A8F1F39FF143A8F1F39CF116
:10C3200044A8F1F399F145A8F1F396F148A8F1F387
:10C3300093F149A8F1F390F140A8F1F38DF141A8F0
:10C34000F1F38AF14BA8F5F33BF14CA8F5F338F182
:10C350004AA8F5F335F14FB0BDE8F08FB85B0100A6
:10C36000D25B0100C06A00F00100704721B1836810
:10C37000CB5893F8BC017047084670472DE9FF4140
:10C38000476804460023D0F8008038460E46A2F1E4
:10C3900068050393FFF7E6FF90B138464146FFF783
:10C3A000E5FF68B103AB009321462B46386806F1E0
:10C3B0006002FFF747FA039D014610B99DB100E006
:10C3C0003146A5F12003202B0DD8B4F8AC309D42A6
:10C3D00009D104F16C002A46F6F3BAF1002814BF23
:10C3E0000520002000E0052004B0BDE8F081000039
:10C3F0002DE9F0419846B8B00023359336937F4B32
:10C4000007460C4630AE03F1100E186859683546E1
:10C4100003C5083373452E46F7D13D68012120231B
:10C4200002F10806686A0022F0F3D8F7359028690F
:10C43000F5F358F0B8F1680F369015D97B689B7901
:10C44000002B00F0B9802846FFF78CFF20B128466A
:10C450002168FFF78BFF48B9A8F168081FFA88F830
:10C46000A4F8AC80464401E040F0A880D4F8BC00B9
:10C47000012132462023F1F3DFF4D4F8BC00F1F3BC
:10C48000F9F2002840F09C80D4F8BC006969F1F30F
:10C4900069F0002880F29480012106F12002202317
:10C4A000D4F8CC00F1F3C8F40121D4F8D00006F19F
:10C4B00040022023F1F3C0F4D4F8BC00D4F8B81043
:10C4C000F1F350F070B9D4F8CC00D4F8C410F1F303
:10C4D00049F038B9D4F8D000D4F8C810F1F342F0DC
:10C4E00000286FD0D4F8D800D4F8CC10D4F8D020DD
:10C4F000F5F31EF1002867D0D4F8BC10D4F8D400AE
:10C50000369AF5F393F13698D4F8D8100246F4F33E
:10C5100093F73698D4F8C010024620AEF5F386F1B2
:10C52000369834A90022F5F369F032462023012120
:10C530003498F1F3A7F00021202228A8F6F3A0F107
:10C54000202137AB324618AF019328A80B4600973D
:10C55000F8F38AF7D4F8B810D4F8BC206B69359892
:10C56000F1F77DF92023324601213598F1F38AF065
:10C570003146102204F10800F6F3FEF030A8F6F37D
:10C580002BF22025402203460096039204AE294652
:10C5900030AA384601950296F8F340F704F11800E6
:10C5A00031462A46F6F3E8F004F138000CA92A4691
:10C5B000F6F3E2F0002408E0FF2406E0042404E09F
:10C5C000032402E0012400E0022435A8F1F344F042
:10C5D00036A8F4F3F5F70021202218A8F6F350F15D
:10C5E0000021502204A8F6F34BF120A800212022BC
:10C5F000F6F346F1204638B0BDE8F081FEE589004B
:10C600002DE9F04F1D46836889B0EF584368804696
:10C61000CB580E460793184691463946129A139BFB
:10C62000FFF7E6FE0328044601D1009005E002284A
:10C6300001D0042816D10323009301230193029310
:10C64000002303930493D6F808313046B3F86230E0
:10C6500005F11401C3F3401305934A462B46F7F73F
:10C660000BFB65E0012862D0002861D1B7F8623089
:10C6700040460133A7F86230FFF774FE40B14046F0
:10C680002946FFF773FE002814BF7E20002000E03B
:10C69000204601234FF0000A4FF0030B0193D6F818
:10C6A0000831CDF800B00290CDF80CA0CDF810A064
:10C6B000B3F8623005F1140CC3F3401361460593DF
:10C6C0004A462B463046CDF818C0F7F7D5FACDF8D4
:10C6D00000B0D6F808314FF0020BCDF804B0CDF819
:10C6E00008A0CDF80CA0CDF810A0B3F86230DDF8AA
:10C6F00018C0C3F34013614605934A462B463046A3
:10C70000F7F7BAFAD9F80030B96EC7F85930B9F866
:10C710000430A7F85D30D8F800309868079BD3F84C
:10C720008820534607F0B4DB87F858B000E0FF24B8
:10C73000204609B0BDE8F08F2DE9F04FD0F804A0F5
:10C7400087B09AF8063005460C4693460768D1F83C
:10C75000009043B390F8A93013B1013B80F8A930A1
:10C76000D4F8B43138460093D4F8B8315146019327
:10C770005A464B46FFF744FF0646D4F8B40168B169
:10C780000021D4F8B821F6F37BF0D4F8B401FBF320
:10C790009FF00023C4F8B431C4F8B831002E14BFA0
:10C7A000022000202DE03846FFF7DCFD38B1384686
:10C7B0004946FFF7DBFD002814BF7E20002003233D
:10C7C0004FF001088DE808010026029003960496B8
:10C7D000DAF8083109F11401B3F862305A46C3F3AC
:10C7E0004013059350464B46F7F746FA3B68A16E57
:10C7F0009868D5F88820334607F04ADB84F85880DB
:10C80000304607B0BDE8F08F052B10B503D1BDE869
:10C810001040FFF791BF43689B792BB190F8A93086
:10C8200013B1013B80F8A930022010BD2DE9F04181
:10C830009846436805469B790C461646069F8BB181
:10C8400090F8A930013380F8A9303846FBF334F072
:10C85000C4F8B401002834D041463A46F5F38CF7C9
:10C86000C4F8B8710023A4F86030A4F86230A4F8CA
:10C8700064303368C4F85930B388A4F85D30286850
:10C88000FFF770FD90B128682168FFF76FFD68B170
:10C8900021462846FEF7EBFF2046FFF790F8284692
:10C8A00021463246BDE8F041FFF746BF2046294603
:10C8B0006CF04EDD20B9042384F85830BDE8F081D7
:10C8C0000220BDE8F0812DE9F04387B015460F9AAC
:10C8D0000646012A0C461F46DDF83880D0F804C011
:10C8E000D1F8009059D19B88072D8CBFFA88FF2280
:10C8F0000BB17E2B59D100217E2B84F8BC1103D1C2
:10C90000012384F8BC3104E01BB96368DB6A980733
:10C910004BD5132A16D0032101224D238DE80E009A
:10C92000002303930493DCF808316046B3F86230C7
:10C9300009F11401C3F34013059342464B46F7F740
:10C940009BF932E096F8A80007F1080196F8A99043
:10C9500040B9012386F8A830B9F1000F28D1682D1D
:10C960000AD904E0B9F1000F12D1682D0AD9204686
:10C970002A466DF00FDAD8B90E9530462146424668
:10C980003B460DE0304621466DF042D848460FE068
:10C99000304621466DF03CD809E042B90E9542463A
:10C9A00007B0BDE8F043FFF741BF022000E00020E0
:10C9B00007B0BDE8F0832DE9FF4105680C46A3F1FF
:10C9C0000807D1F80080A4F8AC7000212846039134
:10C9D00002F10806FFF7C6FCA0B128464146FFF762
:10C9E000C5FC78B103AB009332463B46286821462C
:10C9F000FEF728FFBDF80C300646A4F8AC3018B995
:10CA000013B90FE0A4F8AC70B4F8AC20A2F1200385
:10CA10009BB2202B06D804F16C003146F5F3ACF63E
:10CA2000002001E04FF0FF3004B0BDE8F0812DE9B7
:10CA3000F04F90E8C00089B00792139A8046012A0F
:10CA40000C469A46DDF848B00D6840F0AC8033687B
:10CA5000896E986807F042DA04F16C0300214022E5
:10CA600018460693F5F30CF70021A4F8AC100799CB
:10CA7000BAF8042007298CBFBAF80610FF214C2A07
:10CA8000069B3CD14FF00009184649464022A4F8C5
:10CA90006090F5F3F5F6A4F8AC9040462146524676
:10CAA000079BFFF788FF3046FFF75CFC78B1304604
:10CAB0002946FFF75BFC50B1032201234FF07E0CA7
:10CAC0008DE80C10CDF80C90CDF8109008E0032301
:10CAD0004FF0010E8DE80840002302930393049366
:10CAE000D7F808313846B3F8623005F11401C3F3C2
:10CAF000401305935A462B46F7F7BEF849E04D2AF6
:10CB000004D1B4F866308B4218D042E00AB17E2AD4
:10CB10003FD113290ED1079A3046019239465A4621
:10CB20002B46CDF800A06CF0D5DF002814BF022002
:10CB3000002076E0B4F86030052B01D900233BE0FB
:10CB4000032201234FF04D098DE80C024FF000093C
:10CB5000CDF80C90CDF81090D7F8083105F11401FC
:10CB6000B3F862305A46C3F34013059338462B4658
:10CB7000F7F782F8B4F86030A16E0133A4F86030A2
:10CB80003368D8F8882098684B4607F081D9484622
:10CB900047E03368A16E9868D8F88820002307F032
:10CBA00077D900203DE0931E012B4FF0000337D8CA
:10CBB000B1F86010052903D984F85830022030E01C
:10CBC000032A09D132680131A4F860109068A16E7F
:10CBD000D8F8882007F05CD93046FFF7C3FB38B19E
:10CBE00030462946FFF7C2FB002814BF7E200020F4
:10CBF000032301248DE81800002402900394049478
:10CC0000D7F808313846B3F8623005F11401C3F3A0
:10CC1000401305935A462B46F7F72EF8204600E0BE
:10CC2000184609B0BDE8F08F2DE9F3470B6882681C
:10CC30005B680646D3F808A0D3F80490B3F81080D8
:10CC40001B680D46032B5AF80240DAF810701DD10C
:10CC5000FFF788FBD0B130465146FFF787FBA8B1FC
:10CC6000B4F8AC3093B1B9F1010F0FD1B8F14C0F5A
:10CC700001D0BA7952B9AA69FF2000925D2104F16E
:10CC80006C02DBB2F1F70EFD002001E06FF0160040
:10CC9000BDE8FC872DE9F8430B6882685B680446B1
:10CCA000D3F808905F681E8A1B6859F80280032B2E
:10CCB000D9F8105013D1FFF755FBA0B120464946D3
:10CCC000FFF754FB78B1B8F8AC0060B1012F06D182
:10CCD0004C2E01D0AB792BB90330BDE8F88300208E
:10CCE000BDE8F8830020BDE8F8832DE9F04F0B681C
:10CCF00082685B68B9B0D3F808805E681F8A1B68D9
:10CD00008146032B58F80240D8F810A08D69D1F85D
:10CD10001CB040F09F80012E48D137B1A7F14C03E1
:10CD20009BB2012B01D97E2F0FD1B4F8663038A900
:10CD3000284621F8043D0222F5F31EF502350FB115
:10CD40007E2F02D19AF806300BB14C2F13D14846F2
:10CD5000FFF708FB20B148464146FFF707FB50B9F3
:10CD6000B4F8AC203AB1284604F16C01F5F304F5AF
:10CD7000B4F8AC30ED180FB17E2F6ED101212A46E8
:10CD80002023D4F8B800F0F37DF4012105F120024E
:10CD90002023D4F8C400F0F375F4D4F8C8000121BE
:10CDA00005F140022023F0F36DF456E0022E54D139
:10CDB000B4F8623038A921F8023D28463246F5F32E
:10CDC000DBF4BDF8DE3038AF27F8C83D01210DF1A6
:10CDD0001A022023D4F8B800F0F354F401210DF125
:10CDE0003A022023D4F8C400F0F34CF401210DF1F1
:10CDF0005A022023D4F8C800F0F344F401210DF1C5
:10CE00007A022023D4F8BC00F0F33CF401210DF1A8
:10CE10009A022023D4F8CC00F0F334F401210DF170
:10CE2000BA022023D4F8D000F0F32CF44FF000081D
:10CE3000C22302930235304604F1180120224346F2
:10CE4000CDF8008001970395CDF810B0F3F7A2F864
:10CE5000404603E06FF0160000E0002039B0BDE866
:10CE6000F08FF8B50B6804465A6883689668516875
:10CE7000F558138A12683769032A2DD1012926D162
:10CE80000BB17E2B12D1BB796BB92046FFF76AFA42
:10CE900020B120463146FFF769FA20B9B5F8AC0059
:10CEA00008B1023000E002206030F8BD4D2B15D0F3
:10CEB0004C2B11D1FFF756FA20B120463146FFF72F
:10CEC00055FA58B9B5F8AC0050B10230F8BD022996
:10CED0000CBF22200020F8BD0020F8BD0220F8BDC4
:10CEE0000220F8BD19B18368CB5883F8BC21704784
:10CEF00070B50C680D460646102208460021F5F371
:10CF0000BFF42C6020460021F268F5F3B9F404F573
:10CF10002473C4F8EC3004F52C732560C4F8243174
:10CF200070BD2DE9F0470D4698462B68BDF820608E
:10CF3000099C0768896B95F82CC073B193F8009031
:10CF400093F801A049EA0A29A5F81C9093F81690D5
:10CF5000DB7D49EA0323A5F87E303B68B5F81C90D9
:10CF600093F8D130002B5AD197F92735B3F1FF3F11
:10CF700003D190F8A43313B151E0012B4FD0C9F382
:10CF80008027B5F87E9019F00F0901D127B987E005
:10CF900027B94FF0010904E0012702E04FF0000932
:10CFA0004F460123002204F5227004F5237176F028
:10CFB00017DAD4F88832984505D1D4F88C32F31AB0
:10CFC00018BF012300E001233FB933B1C4F88872D0
:10CFD000C4F88C72A4F886725CE0B9F1000F08D036
:10CFE0000020C4F88802C4F88C02A4F88602BDE8C8
:10CFF000F087B5F87E50C4F88882C4F88C62A4F833
:10D0000086524846BDE8F08706D18F88B74294BF64
:10D010000027012700E00127F8B2BDE8F087BCF146
:10D02000000F13D04B6B03EBC20153F8323098451D
:10D0300006D307D18888B04294BF0026012602E0BB
:10D04000012600E00026F0B2BDE8F087D1F8E0301C
:10D0500052019A18136998451CD302D1938AB3429E
:10D060001BD89369984506D307D1908BB04234BF43
:10D070000020012002E0012000E0002070B106F055
:10D080007F06F308D05C06F00706304100F001008F
:10D09000BDE8F0870120BDE8F0870120BDE8F087FA
:10D0A0004B6B03EBC20153F832309845ACD2B2E778
:10D0B0002DE9F04F1C4693F860B05F68D368ADF57A
:10D0C000117D064605919146156933B11B7A0B2BEC
:10D0D00003D13B7803F0010301E0FB789B09E36394
:10D0E00094F82C304946009330462A46E36B4FF0C3
:10D0F00023DB0146A06320B12A6D40F237131340B1
:10D100002BB9304621464A4671F002DAE2E090F946
:10D110000E2090F90F30D318A2689A42C0F0DA803E
:10D12000A269138A13F0080F0DD0007A0B280AD1D8
:10D1300096F8DC0538B18879032804D823F0080371
:10D140001B041B0C13820B7A042B59D00B2B00F001
:10D15000AE80022B40F0C080BB7897F800A097F813
:10D16000068043EA0A2A7B794FEA084848EA0328FE
:10D170003B7948EA0308FB79A76E48EA036817F091
:10D18000010740F0AC80284621465A464346CDF878
:10D1900000A0CDF80490FFF7C4FE002800F09F80A7
:10D1A000AB79002B40F067823368D3F88830D3F82E
:10D1B000DC210132C3F8DC2194F82C2022B1D3F811
:10D1C000B4220132C3F8B422D3F8E8210132C3F803
:10D1D000E821D5F8183193F834301BB128460021E6
:10D1E00065F0E0DB94F82C70002F00F04482336887
:10D1F000D3F88830D3F8C0220132C3F8C02269E0E6
:10D200003B7897F801A097F8068043EA0A2AFB7951
:10D210004FEA084848EA03683B7948EA03087B7903
:10D2200048EA03282B7C13B9EB6DDB0757D4A76EB4
:10D2300017F0010753D1284621465A464346CDF8F8
:10D2400000A0CDF80490FFF76CFE002847D0AB7922
:10D25000002B40F010823368D3F88830D3F8DC21FB
:10D260000132C3F8DC2194F82C2022B1D3F8B42287
:10D270000132C3F8B422D3F8F0210132C3F8F0210F
:10D28000D5F8183193F834301BB12846002165F0E9
:10D2900089DB94F82C70002F00F0ED813368D3F80F
:10D2A0008830D3F8C8220132C3F8C82212E002370E
:10D2B000C83110223846F5F383F500280CDA8D4882
:10D2C00039461022F5F3ECF6A16B8B48C8311022D9
:10D2D000F5F3E6F60027CEE14FF00008C24696F8D7
:10D2E000B03293B92B6D1F070FD4A06B037A022BBA
:10D2F00002D1F6F331F140B963699B69980004D417
:10D30000A3691B8A190700F1FB8063699B695A06B0
:10D31000E0D4A3691A8A42F008021A82A16B0B7A40
:10D32000013B0A2B00F2CE80DFE813F035000B0042
:10D3300035006C00CC00CC00CC00CC00CC00CC0084
:10D34000AE000846F6F308F108B12B7C4BB1A36B95
:10D35000D3F88820904504D80FD093F88C205A45F4
:10D360000BD0A16B226804F14007384614310A3211
:10D37000434601F0C3D9E76501E06433E365A16B7F
:10D3800004F14A0738461431E26D534601F080DA61
:10D390003846102110E06168032284A8F5F3ECF10F
:10D3A000A36B84A803F114011A690330F5F3E4F1C7
:10D3B000A36B84A81969033107AAFBF38DF1A36B52
:10D3C000606893F90E30A168C018C91A07AAFBF368
:10D3D000A5F1A36B606893F90E30A168C018C91A53
:10D3E0004FF0FF32F6F3F4F0444BA2699842138AEF
:10D3F00004D123F010031B041B0C01E043F01003C5
:10D4000013827DE06368DF7817F020071FD00A6978
:10D4100048A81431D200FBF303F6002321686269A7
:10D42000484670F0A5DC0027A36B019000971969AE
:10D4300048A82368E268EEF3C7F3831C05D1A3690B
:10D440001A8A42F010021A825AE0013058D1336829
:10D45000D3F88830D3F8DC210132C3F8DC21D3F8CB
:10D46000F4210132C3F8F42194F82C20002A00F0B2
:10D47000FF80D3F8B4220132C3F8B422D3F8CC220F
:10D480000132C3F8CC22F6E001F11400E268243145
:10D49000236800F0F9DF00287FF41CAFA26BD2F8FC
:10D4A000D8300133C2F8D83033F07C4328D1F2228F
:10D4B0000192D6F89401294609F11402009376F0FE
:10D4C0005DDE1DE0AF79002F7FF404AF3368D3F841
:10D4D0008830D3F8DC210132C3F8DC2194F82C2009
:10D4E000002A00F0C580D3F8B4220132C3F8B42278
:10D4F000C1E000BFA2ED8900A8ED8900E320BBDEFA
:10D50000A36B616893F90E208A18626093F90E107C
:10D5100093F90F208A18A1688A1AA26093F90E1055
:10D5200093F90F208A1821698A1A2261A269128A46
:10D5300002F01802182A64D1AB79002B7FF4CAAE2E
:10D5400095F9442000930193029330463123D5F896
:10D55000081170F0A7DA3368D3F88830D3F8DC21EB
:10D560000132C3F8DC21D3F8EC210132C3F8EC21FD
:10D57000D3F8F4210132C3F8F42194F82C2072B1CD
:10D58000D3F8B4220132C3F8B422D3F8C422013252
:10D59000C3F8C422D3F8CC220132C3F8CC22A26B48
:10D5A000127A022A05D0032A12D0012A7FF492AE01
:10D5B0000EE0D3F808220132C3F8082294F82C7048
:10D5C000002F58D0D3F8E0220132C3F8E02281E6E0
:10D5D000D3F800220132C3F80022D3F8FC21013233
:10D5E000C3F8FC2194F82C70002F44D0D3F8D82233
:10D5F0000132C3F8D822D3F8D4220132C3F8D4229E
:10D6000068E661698A89E26094F82D209AB993F9F5
:10D610000F20059892B2FAF329F16369DA89900430
:10D6200002D5B3F850308BB9A36BE26893F90F3091
:10D63000D31AE3600AE00598F6F3F4F0A36B014611
:10D6400093F90F20059892B2FAF310F1A36BC4F886
:10D650006480A4F862A01B7A042B01D0022B09D1AC
:10D66000A36ED90706D43046214670F09DDF01E055
:10D67000174600E0012738460DF5117DBDE8F08F13
:10D680002DE9F341099F00230D9904469046089E19
:10D690000A9D009301933FF04FDE032F0BD9042224
:10D6A00068463146F5F368F0072F04D901A8311D0B
:10D6B0000422F5F361F0A8F14C08B8F1050F2AD85F
:10D6C000DFE808F00A03160F231BD4F88434BDF8F2
:10D6D0000020A3F8922016E0D4F88434B3F89230F6
:10D6E00017E0D4F88434BDF80020A3F896200AE0AF
:10D6F000D4F88434B3F896300BE0D4F88434BDF811
:10D700000020A3F89E20002007E0D4F88434B3F86A
:10D710009E302B60F7E76FF01600BDE8FC81D0F873
:10D7200084242DE9F843B2F8928004464145D4BFE1
:10D7300000200120B2F84A50B2F89690B2F89460F6
:10D74000B2F898C010B1C8EB010701E0C1EB0807BF
:10D75000B2F89030BFB2002B75D0BCF1010FADB262
:10D76000334607D1002851D02BB203FB08F393FBBB
:10D77000F1F346E0BCF1020F2BD131B2B8B10FFA90
:10D7800089F3994203D10423A2F8983062E0132F61
:10D7900002D9A6F1140339E0092F02D9A6F10A0330
:10D7A00034E0042F01D9731F30E0B31E2EE00FFACE
:10D7B00085F841451DD0132F02D906F1140325E049
:10D7C000092F02D906F10A0320E0052F1CD9731D89
:10D7D0001CE0BCF1040F39D133B238B10FFA89F132
:10D7E0008B4237D0052F38D9731F0AE029B28B42FC
:10D7F00004D10123A2F89830BDE8F883052F2DD974
:10D80000731D4FF0020C01E04FF0040C1BB229B263
:10D810008B4204DC0FFA89F5AB42A8BF1D46236892
:10D82000A2F89450A2F898C02DB2294601222046B1
:10D830001B7E72F0B1DC23682046294600221B7E45
:10D8400072F0AADC06E01846BDE8F8834FF0FF301E
:10D85000BDE8F8830020BDE8F8830020BDE8F88328
:10D86000D0F8843413B5B3F8902004466AB1036A43
:10D870000DF1060118695BF0BFD980B12046BDF9F2
:10D8800006100122FFF74BFF09E06421012372F02B
:10D8900083DC012220466421134672F07DDC1CBD2E
:10D8A00008B5036AD3F8D80079B143784A789A4228
:10D8B00008D102300231F4F34BF7D0F1010038BF48
:10D8C000002000E00020C0B208BD084608BD2DE9D8
:10D8D000FF4799464369D0F8208082461B6804467A
:10D8E000174602695AF8180B0E464146D55801F002
:10D8F00055FA2169206852466FF096DC0123C8F87A
:10D9000000302B680146023B012B03D82369DB6DF5
:10D91000C8F8D0300C9B20680293424633468DE80D
:10D92000800201F058FA48B12B68022B05D1636AD6
:10D93000D888003018BF012000E0012004B0BDE805
:10D94000F0872DE9F04FC368044600F1180799B03D
:10D950001646056A8A46006821693A4603936FF0C5
:10D9600063DC013E0290062E00F23881DFE816F0FB
:10D9700007003601BC003601DB003601FF00EE680F
:10D98000002E00F02C81D5F8D03013F4804B0CD051
:10D9900023682169D3F8D4060368CB581B781BB1E0
:10D9A0004AF04ADB834600E09B46636893F86231A5
:10D9B000A3B1D5F8D000F0F78BFE88B12368D3F877
:10D9C0006008FEF7CFFC58B123680299D3F86008CD
:10D9D000FEF7CCFC20B1B5F8DC8002E0984600E010
:10D9E0008046B5F806C02068DC44C4441FFA8CFCAD
:10D9F0000CF1710321693A469BB2CDF804C077F06F
:10DA00007BD9DDF804C00646002800F0E8800CF160
:10DA10005F0CD0F808901FFA8CFC4FEA1C2343EAF5
:10DA20000C2C09F11207A9F810C000215F2238461A
:10DA3000F4F326F74AF484731A0A89F8132089F854
:10DA400014302B8B05F13C011A0A89F8152089F84E
:10DA50001630202209F11F00F4F38EF6EA8809F14E
:10DA600071009344D8441FFA88F84FEA182343EA18
:10DA70000828A9F86F80E968F4F37EF6636893F8E4
:10DA80006231F3B1D5F8D000F0F722FEC8B12368B7
:10DA9000D3F86008FEF766FC98B123680299D3F8C2
:10DAA0006008FEF763FC60B1EB68002B00F09B8020
:10DAB000E888D5F8E01038185F30B5F8DC20F4F3CA
:10DAC0005BF6D5F8D030580440F18D802368216989
:10DAD000D3F8D4060368CB581B78002B00F0838062
:10DAE0003A464AF0FFD97EE0206821693A46712320
:10DAF00077F002D90646002871D0D0F808905F224E
:10DB0000002109F1120789F8112089F81010384610
:10DB1000F4F3B6F64AF480731A0A89F8132089F8E8
:10DB200014302B8B1DE0206821693A46712377F071
:10DB3000E3D80646002852D0D0F808905F22002192
:10DB400009F1120789F8112089F810103846F4F30A
:10DB500097F64AF440731A0A89F8132089F81430AA
:10DB6000EB8A1A0A89F8152089F816303BE02068FC
:10DB700021693A46712377F0BFD8064678B3D0F8CA
:10DB8000089000215F2209F1120789F8101089F826
:10DB900011203846F4F374F64FEA1A2389F813304B
:10DBA00089F814A01FE0D5F8D000F7F37DF1014605
:10DBB000484605F18C0204ABF7F386F1044630B910
:10DBC000314603982246F9F3A7F6264607E007F107
:10DBD0004D0004A91022F4F3CFF500E000263046F2
:10DBE00019B0BDE8F08F032389F80F30D5F8D000C5
:10DBF000F6F354F505F15C0400280CBFFE23022364
:10DC00003846082200F8053B2146F4F3B5F5082113
:10DC10002046F7F34FF11AF00301C9D1C3E72DE90C
:10DC2000F04F91F813800B7D8BB043EA082818F071
:10DC3000030904460E4606924769056ACDF820801E
:10DC400005D1D5F8D000F7F32FF1844600E0CC469B
:10DC500005F15C0A06F1170B0120082359465246CC
:10DC6000CDF810C0F6F302F68245DDF810C000F0E2
:10DC7000F78318F48071079110D0338A1A0A42EAA8
:10DC800003239BB25C2B40F2EB833046614605F1E7
:10DC90008C02F6F3E5F7002800F0E283338A1A0AD3
:10DCA00042EA03239BB25E2B40F2DA8396F86F10B0
:10DCB00096F8702042EA01225F329342C0F0D0838E
:10DCC00006F112020992594608225046F4F354F51F
:10DCD00005F1640059460822F4F34EF5D5F8D0005A
:10DCE000F6F3DCF4002868D018F4805F65D096F86D
:10DCF0006F2096F8703043EA0223B3F5807F0BDD86
:10DD000038462169012274F065DC206904F11801AC
:10DD1000012277F089D9E7E24FF48070F9F3C6F574
:10DD2000824630B938462169012274F053DCD1466D
:10DD300098E32020F9F3BAF5834630B95046F9F359
:10DD4000C7F538462169012208E34FF48170F9F3E1
:10DD5000ADF5059068B95046F9F3BAF55846F9F3B0
:10DD6000B7F538462169012274F034DCDDF81490EF
:10DD700078E3B9F1000F04D1D5F8D000F7F394F0AF
:10DD80008146059B494605F19C02029309980023B0
:10DD90008DE8000CF6F394F781465046F9F398F5B8
:10DDA0005846F9F395F50598F9F392F5B9F1000F96
:10DDB00003D138462169012220E396F815A0B37DEE
:10DDC000D5F8D00043EA0A2AF6F38AF410B918F01D
:10DDD000080326D0BAF10D0F0BD003D8BAF1050F06
:10DDE00015D10DE0BAF1100F17D0BAF1200F0ED1F6
:10DDF00011E018F0080F13D038462169022271E2B1
:10DE000018F0080F0FD03846216903226AE238461D
:10DE10002169042266E2022106E00422059204E060
:10DE20000323059301E00121059118F0080900F092
:10DE300026822B8A059A934203D03846216905220F
:10DE400050E2079B002B40F0C78003232B60D5F8DE
:10DE5000D0305A0606D4626892F86221002A37D080
:10DE6000580335D513F4804932D196F86F1096F8DF
:10DE70007030042206F1710043EA0121F6F3F8F74D
:10DE80000246002833D04378132B03D83846216943
:10DE90000422B3E2636A2169483300934FF02009FA
:10DEA0002046063201F1DC03CDF8049073F054D81B
:10DEB0008246E0B9636AA3F8069094F80834B3B1D7
:10DEC000A068D4F8041406F009D884F808A40EE079
:10DED00019060CD5616AB1F8E42042B101F148009D
:10DEE000C431F4F349F4636AB3F8E410D980636A87
:10DEF000DB882BB920463146069A72F0DFDFAFE2AD
:10DF000005F11C0906F11F012022484605F13C06D7
:10DF1000F4F332F420222068314619F029D9D5F8DB
:10DF2000D0305A040AD522682169D2F8D406026892
:10DF30008A58127812B149F0FFDF3BE021690A6D7F
:10DF4000100508D413F4922F05D1D1F8083193F8B5
:10DF500083309A0612D5636A04F1180003F148026F
:10DF60000092DB88E231019305F18C030293AB8AC6
:10DF70004A4603933346F6F30DF41BE004F1180A06
:10DF80005046E2310622F4F3E3F3002800F0688201
:10DF9000636A216903F148020092DB8850460193CD
:10DFA00005F18C030293AB8AE23103934A46334670
:10DFB000F6F3F0F540F63B623846216908EA0202C2
:10DFC000012374F04BDB08B1042356E13846216984
:10DFD0000D2274F0FFDA43E2069A4AB997F81690D8
:10DFE000B9F1000F0CBF4FF400794FF0000901E0C8
:10DFF0004FF00009D5F8D000F6F350F341F2C833E2
:10E00000002808BF4FF4E47303EA080218BF4FF07A
:10E0100000099A4240F0248219EA080F40F0208259
:10E020002B68033B042B00F21B822946052341F891
:10E030001C3B06F11F002022F4F38AF3002840F075
:10E040000F8296F86FA096F87030D5F8D00043EAAA
:10E050000A2AF6F323F300283FD006F1710B584645
:10E0600051463022F5F306F08146C8B1D5F8D030DC
:10E0700042785B0440F1FA8123682169D3F8D436F1
:10E080001B68CB581B78002B00F0F081123A92B23B
:10E09000ECE1A86809F102010230F4F359F318B178
:10E0A00038462169072215E00AEB0B0199F8012097
:10E0B000C9EB010189B2901C81421CDD6FF00103A4
:10E0C0009B1A4844C9183022F4F3D4F798B1216957
:10E0D0003846062274F07EDA09E0AB88534506D153
:10E0E000A86806F171015246F4F332F318B12069C1
:10E0F00004F1180142E0D5F8D000F6F3CFF278B180
:10E1000006F171005146F6F3A7F648B93846216981
:10E11000092274F05FDA206904F1180101222EE06F
:10E120002068036893F8623163B304F11809216928
:10E130004A466FF079D88346D5F8D000F0F7C8FA90
:10E1400000B32368D3F86008FEF70CF9D0B1BBF137
:10E15000000F17D023685946D3F86008FEF706F978
:10E1600080B1514606F17100F422F4F383F70146C1
:10E170002046FFF795FB28B920694946112276F021
:10E1800053DF6DE140F20B223846216908EA0202B2
:10E19000032374F063DA814628B1062318F040099E
:10E1A0002B6004D116E0384621690D2226E12A8A27
:10E1B00004F1180B2B8B20688DE80408216905F108
:10E1C000AC0276F0D1DED5F8D000F6F367F2002885
:10E1D00034D003E03846216908220FE1514606F1A8
:10E1E0007100F6F339F642788046063A92B2EA8236
:10E1F000837905F16C0903F0030385F8CC3008F14D
:10E2000008014846F4F3B8F295F8CC200599EB8A5A
:10E21000009206F14F020191029298F806202169BE
:10E2200002F00402039220684A4676F021DE236859
:10E230002169D3F87C06324654F0ECDED5F8D000E4
:10E24000F6F32CF2C0B108232B6038462169002276
:10E2500074F0C0D923695A46DB682068009379219D
:10E260000623F4F701F923682269D3F8D4361B6832
:10E27000D35800221A70F3E006232B60F0E02B68DD
:10E28000052B40F2ED80236A05995A8A8A4208D00C
:10E29000D3F8D000F6F324F218B1384621690A22E7
:10E2A000ACE008F46073B3F5607F40F0D9800723D9
:10E2B0002B60D5F8D000F6F3F1F18146002841D06B
:10E2C00018F4805F0BD096F86F1096F8703006F156
:10E2D000710043EA0121F6F3BFF5814638B921699F
:10E2E00038460B2274F076D94FF00009BAE0427834
:10E2F00005F16C0A063A92B2EA82837909F10801C3
:10E3000003F0030385F8CC305046F4F335F295F86A
:10E31000CC20EB8A00926A8A2169019206F14F02B1
:10E32000029299F80620206802F0040203925246F5
:10E3300076F09EDD23682169D3F87C06324654F0DE
:10E3400069DE70E0BAF1200F55D84FF48070F9F310
:10E35000ADF2834630B9216938460C2274F03AD9BF
:10E36000D9467FE02020F9F3A1F2069050B9584633
:10E37000F9F3AEF2384621690C2274F02BD9DDF89E
:10E3800018906FE04FF48170F9F390F2844680B9F1
:10E390005846CDF810C0F9F39BF20698F9F398F2BD
:10E3A000384621690C2274F015D9DDF810C0E14619
:10E3B00058E0069B05F16C020792414605F19C026C
:10E3C00001930290079B0998CDF810C0CDF800B0DA
:10E3D000F6F370F481465846F9F37AF20698F9F3A9
:10E3E00077F2DDF810C06046F9F372F2A5F816A0D6
:10E3F000B9F1000F05D1216938460C2274F0EAD832
:10E4000030E0089A08F030031B110599009302F0E0
:10E41000400301914F36039320682169079A5346C0
:10E42000029676F025DD3846216908F00B020523B7
:10E4300074F014D928B108232B60384621690022D2
:10E4400002E0216938460D2274F0C4D8236920689F
:10E45000DB687921009304F118020623F4F704F82D
:10E460004FF0010948460BB0BDE8F08FA988931C16
:10E4700099427FF415AE0CE62DE9FF4790E81002B3
:10E480008E7905460F46002E63D140F21440F9F311
:10E490000DF2804600285FD03851314640F21442D8
:10E4A000F4F3EEF1AB8AD9F8D02608EB030448F870
:10E4B00003902B694FF0010AE360EB686261A3608F
:10E4C000AB6827616360E420C8F8006088F804A0A6
:10E4D000C4F8FC63F9F3EAF12062002841D0314628
:10E4E000E422F4F3CDF1E820F9F3E0F160620028D2
:10E4F00037D03146E822F4F3C3F1D4F82480E86839
:10E50000C8F8009019492246334605F06BDDC8F87B
:10E510006800002825D0E86815492246334605F0F2
:10E5200061DD6063E8B1E86812492246334605F0D0
:10E5300059DDC4F80404A0B1236A286A0193636A10
:10E540006946009702938DF80CA0F3F313F430465C
:10E5500004E06FF0060001E04FF0FF3004B0BDE8CA
:10E56000F0872846394672F099DBF5E7E1578800D5
:10E57000E9588800C958880038B51D4690B103682D
:10E58000848ACB5873B11C19114604F13000102253
:10E59000F4F3F2F004F1400029462022BDE83840AF
:10E5A000F4F3EAB038BDD0F88404F0B503F15605B1
:10E5B000A83300EB430300EB8505B3F90A60AF68AD
:10E5C00090F8E940BE1B7618AE6026415E81B0F936
:10E5D0005E31D0F86811CB1A9B18C0F8683123411E
:10E5E000A0F85E31F0BD10B50A7AD0F884342AB3B1
:10E5F00090F82922D1F808012AB190F860009042E1
:10E6000028BF024601E090F86020D1F81801047894
:10E6100064B1007AD1F8081118B1C98D4A430021BC
:10E6200001E0CA8D012183F8291105E0012283F858
:10E630002921D1F80821D28D0A3203E083F829215B
:10E640004FF49B72C3F8242110BD2DE9F04F8BB01D
:10E65000D0F884449A469DF85C30904608939DF823
:10E660005420B4F8C63007920393189A94F8E9300E
:10E670000F4609920593B4F8F020D4F8D81094F816
:10E680001C3106469DF950B09DF8585004920691F1
:10E69000002B00F0AB81036893F8693123B13BF0A4
:10E6A0004DDA002800F0A281336893F864312BB171
:10E6B00094F86D3113B1002384F86D3194F828314A
:10E6C0003BB1B068D4F8301105F008DC002384F8C1
:10E6D00028318E2130693CF069DA43004E334FF621
:10E6E000FE71194030693CF061DA94F85831814686
:10E6F000FF2B08D094F8E830012212FA03F300EA65
:10E7000003091FFA89F994F8AF30AB4213D0002304
:10E7100005F1320204EB8202E91A93604A4242EBAD
:10E720000102323204EB820284F8AF50C4F8CC30DC
:10E73000C4F8C8309360BAF1000F00F05781079A0F
:10E74000C2B9022F40F35281C7EB0A01B4F9F2209B
:10E7500009B204EB45039142A8BF0A46A3F8EA2098
:10E76000D6F884345B79012B2AD9C8EB0B03A4F8C3
:10E77000EE3025E0049F04EB45023BB2B2F9EA70AB
:10E78000C7EB0A07FF1A022F03DD1C2FA8BF1C27A7
:10E7900000E00327D6F884245279012A10D9B4F96D
:10E7A000EE80C8EB0B08C3EB0808B8F1020F05DDDB
:10E7B000B8F11C0FA8BF4FF01C0801E04FF0030890
:10E7C000D6F868329B792BB9089A1AB13046099964
:10E7D000FFF709FF05F1320204EB8202936830462D
:10E7E00001339360C4F8CC30D4F83831514601334A
:10E7F000C4F8383105F14E0304EB83035A68013243
:10E800005A605A462B46FFF7CEFED4F8E030D4F8D3
:10E81000E420934203D9039B1BB2049307E0D4F88E
:10E82000DC00013301210690C4F8E0300491059822
:10E83000012212FA00F3D4F8CC1099422DD3D5F16D
:10E84000010B38BF4FF0000B0BF1A80C04EB4C0C84
:10E8500004EB4500B0F85A01BCF80AC0C0EB0C0C40
:10E860000FFA8CFC94F86C018CEAEC7AAAEBEC7A47
:10E870008245ACBF00210121844503910EDB94F851
:10E88000E8000BFA00F1894509D005F13C0104EBE1
:10E89000810148688018486001E00392002205F178
:10E8A000540B05F12C0004EB800004EB4B01B1F993
:10E8B0000AC0D0F808A0CCEB0A0C67448760059822
:10E8C00007414F81D4F8C000B4F9B610059F411A32
:10E8D0004144C4F8C0103941A4F8B61004EB8501D6
:10E8E000D1F8D010B4F9C400994204EB4B01B1F94E
:10E8F0000A1028BF84F8B150884244DBD4F8CC0019
:10E90000069FB8420CD9D5F1010194F8E82038BF30
:10E91000002111FA02F291452FD005F13C0225E0C9
:10E92000039F4FB394F844713DB1B4F9B2C07FB2C4
:10E93000C1EB0C0107EBC10106E0B4F9B4C07FB232
:10E94000C1EB0C01C900C91B049FB1EBC70F13DB5E
:10E95000984211D3D5F1010194F8E82038BF002185
:10E9600011FA02F2914508D005F13E0204EB820251
:10E9700051680131516000E02AB10120002D14BF1F
:10E980000321022106E0002D0CBF2846002014BF01
:10E990000221032194F8AF2084F8492194F81D2125
:10E9A0005AB1D6F8682292793AB938B130690B4633
:10E9B000009201923DF0C6D804E018B9D4F8CC20FA
:10E9C0009A4213D294F81D3183B1D6F868329B79FC
:10E9D00063B9012284F82821B068D4F83011D4F842
:10E9E00024210BB0BDE8F04F05F0529A0BB0BDE802
:10E9F000F08F2DE9FF41D0F88454064695F81C317C
:10EA00000C4695F8E970002B00F08180036993F8BB
:10EA10000A31002B7BD0036893F8693153B13BF086
:10EA20008DD8034630B9B068D5F83411142205F0FA
:10EA30002FDA6CE0336893F8643133B195F86D31B7
:10EA40001BB1002385F86D3161E0D6F83C33022B11
:10EA50000AD0D5F8E020D5F8E4309A4294BF4FF0C0
:10EA600000084FF0010801E04FF0000895F81D3153
:10EA7000002B4CD0D6F868329B79002B47D1336AF3
:10EA80000DF10F0118695AF00BDD9DF80F3085F874
:10EA9000AF30002B14BF03210221B8F1000F25D0A5
:10EAA00003F1020E05EB8E0E05EB4302DEF8B0C05B
:10EAB000B2F9B200C0EB0C00CEF8B000384103F15F
:10EAC0002C0EA2F8B20003F1540205EB8E0E05EBFA
:10EAD0004202B2F9B200DEF8B0C0C0EB0C007838E8
:10EAE00050FA07F7CEF8B000A2F8B27085F84931B5
:10EAF000002201238DE80C0030690B463DF022D83E
:10EB00009DF80F3054F82320013244F82320BDE84B
:10EB1000FF8110B5D0F8844494F81C3123B104F57A
:10EB20008671FFF766FF002384F8283110BD70B5A9
:10EB3000D0F88444054694F81C3103B3D4F8CC20B3
:10EB4000D4F8C8309A4203D104F58A71FFF751FF17
:10EB5000D4F8CC30C4F8C83094F81D317BB1D5F866
:10EB600068329B795BB994F8292142B1A868D4F83E
:10EB700034114FF4FA72BDE8704005F0899970BD08
:10EB800038B5D0F884440546D4F83411806805F0CF
:10EB9000A5D9D4F8CC20D4F8C8309A4204D128465C
:10EBA00004F58A71FFF725FFD4F8CC30C4F8C830DB
:10EBB00038BDD0F8843400224FF6A271C3F8B820D3
:10EBC000C3F8BC20C3F8C020A3F8B220A3F8B42037
:10EBD000A3F8B620C3F86021C3F86421C3F8682104
:10EBE000A3F85A21A3F85C21A3F85E21A3F8EA1048
:10EBF000A3F8EC10A3F8EE10C3F8CC20C3F8D02093
:10EC0000C3F8D420C3F83821C3F83C21C3F840210D
:10EC1000C3F8E020C3F8F420C3F8F820C3F8FC20C0
:10EC2000C3F80021C3F80421C3F80821C3F80C215C
:10EC3000C3F81021C3F81421C3F8182183F829213F
:10EC40007047D0F88434D3F8CC208A60D3F83821C8
:10EC50008A6493F81D2112B193F8AF2001E093F874
:10EC6000AC204A6093F81D210A6093F848214A6558
:10EC70004A688A65D3F8D0200A64D3F8D4204A645D
:10EC8000D3F83C21CA64D3F840210A65B3F9B22015
:10EC9000CA60B3F9B4200A61B3F9B6204A61D3F867
:10ECA000F4208A61D3F8F820CA61D3F8FC200A6204
:10ECB000D3F800214A62D3F804218A62D3F80821EC
:10ECC000CA62D3F80C210A63D3F810214A63D3F83F
:10ECD00014218A63D3F81821CA63D3F84C21CA657A
:10ECE000D3F85021D3F854310A664B667047F7B514
:10ECF000D0F88444D4F84C518D4207D1D4F8505107
:10ED0000954203D1D4F854219A423CD001F00F052A
:10ED1000042D3AD8022D38D003F00302022A34D051
:10ED20001F0907F00307022F2FD00A0902F00F0274
:10ED3000042A2AD8022A28D09E0806F00306022EAA
:10ED400023D09E0906F00306022E1ED0C4F85431CB
:10ED5000036AC4F84C111B68C4F85011022B04BF9D
:10ED60003E462A46042A14BF1146314684F8AD10A7
:10ED7000D0F88434012283F8461100920192006990
:10ED80000B463CF0DFDE002001E06FF01C00FEBD12
:10ED900070470000004870479466010010B50C46AB
:10EDA000C1B1886808B1F8F393F5E06808B1F8F3E9
:10EDB0008FF5D4F8D80008B1F8F38AF5D4F8E0005C
:10EDC00008B1F8F385F520460021E422BDE81040A3
:10EDD000F3F356B510BD2DE9F74F0546D2F8D00034
:10EDE000019114469846DDF830B0DDF83490DDF836
:10EDF00038A0F5F353F428B1404659463022F4F3D5
:10EE000039F103E040465946F5F3E0F206460028A2
:10EE100000F0D880D4F8D000F5F340F428B148468B
:10EE200051463022F4F326F103E048465146F5F30B
:10EE3000CDF20746002800F0C6802B6893F86231B7
:10EE4000002B4FD0D4F8D000EFF742FC002849D077
:10EE5000D5F86008FDF786FA10B3D5F868329B79CB
:10EE60002BB9D5F860080199FDF780FAC0B1484682
:10EE70005146F422F4F3FEF08146002800F0A2800F
:10EE800040780230A4F8D400F8F310F5C4F8D800A4
:10EE9000002800F097804946B4F8D420F3F36CF4CE
:10EEA000D5F86008FDF75EFAE0B1D5F86008019981
:10EEB000FDF75CFAB0B140465946F422F4F3DAF0BB
:10EEC000054600287ED040780230A4F8DC00F8F334
:10EED000EDF4C4F8E000002874D02946B4F8DC2032
:10EEE000F3F34AF4022323826382D4F8D000F5F3CB
:10EEF000D5F310B1042323826382D4F8D000F5F354
:10EF0000CDF350B106F10A0004F110010022F5F32F
:10EF1000A7F4002856D0002513E073780A2B0FDDE4
:10EF2000D4F8D05006F10E00A5F10802554245EB89
:10EF3000020504F110012A46F5F3B6F608B941E0DE
:10EF400005462046218A2A4676F088D8002839D0FE
:10EF5000D4F8D000F5F3A2F330B1301D04F1120162
:10EF60000122F5F37DF413E07378092B11DD06F12E
:10EF7000080045B9F27A012A06D0A2F105035A42E7
:10EF800042EB030200E0012204F11201F5F38CF6DA
:10EF9000C0B178780230A080F8F388F4A06088B11E
:10EFA0003946A288F3F3E8F370780230E080F8F392
:10EFB0007DF40746E06030B13146E288F3F3DCF3DC
:10EFC000012700E007463846BDE8FE8F0132010305
:10EFD000323D00904C3300AAAA0300000088B40020
:10EFE0000100000001010000010050F2010000508A
:10EFF000F20000409600000FAC00000FAC0600AA23
:10F00000AA03000000AAAA030000F8000FAC000544
:10F010000400C9BF05F000CEBF00000001010000E0
:10F0200001011C7040002D02F0000A012800280197
:10F030003801480158015501500150036666E2014C
:10F040006666E3016666E4016666E5016666E601FA
:10F050006666E7016666E8016666E9016666EA01DA
:10F060006666EB016666EC016666ED016666EE01BA
:10F07000CDCCF0010A00050008004006080005009C
:10F0800008000800770008008A0008000100050059
:10F0900001000A0001000500400610091E091F09B1
:10F0A00024092509260920092109270928092909F0
:10F0B0002209230930093109320912090F0900090F
:10F0C00001090609070908090209030909090A09CA
:10F0D0000B09040905090C090D090E09110965023E
:10F0E00034028400740056006502340204000400F7
:10F0F00004000300030003000300020001000100FC
:10F1000000000000FFFFFFFFFFFFFFFFFFFFFFFF0B
:10F11000FFFF0000372E39352E34392028323237A0
:10F120003162623620435929007265636C61696DF2
:10F130002073656374696F6E2025733A205265747D
:10F1400075726E656420256420627974657320741D
:10F150006F2074686520686561700A004D656D6F89
:10F1600072792075736167653A0A0009546578748D
:10F170003A20256C6428256C644B292C204461744A
:10F18000613A20256C6428256C644B292C2042733D
:10F19000733A20256C6428256C644B292C20537409
:10F1A00061636B3A2025644B0A00094172656E6108
:10F1B00020746F74616C3A2025642825644B292CD7
:10F1C00020467265653A2025642825644B292C2049
:10F1D000496E207573653A2025642825644B292CD7
:10F1E0002048574D3A2025642825644B290A0009F8
:10F1F000496E20757365202B206F76657268656196
:10F20000643A2025642825644B292C204D61782000
:10F210006D656D6F727920696E207573653A202572
:10F220006C6428256C644B290A00094D616C6C6F75
:10F2300063206661696C75726520636F756E743AE0
:10F240002025640A0009537461636B20626F747433
:10F250006F6D20686173206265656E206F766572E0
:10F260007772697474656E0A0009537461636B2068
:10F27000626F74746F6D3A20307825702C206C7733
:10F280006D3A20307825702C20637572723A2030E8
:10F290007825702C20746F703A20307825700A0021
:10F2A000094672656520737461636B3A2030782576
:10F2B0007828256429206C776D3A203078257828C5
:10F2C0002564290A0009496E7573652073746163AA
:10F2D0006B3A2030782578282564292068776D3AA4
:10F2E0002030782578282564290A0009496E207580
:10F2F000736520706F6F6C202564282564293A207F
:10F3000025642825644B292C20772F6F683A202507
:10F31000642825644B290A0009496E20757365200D
:10F320002D20706F6F6C3A2025642825644B292CA2
:10F3300020772F6F683A2025642825644B290A001E
:10F3400009506B74496420546F74616C3A202564D1
:10F350002C20467265653A2025642C204661696C34
:10F3600065643A2025640A006D77006D6400554E8F
:10F37000494D504C3A2072613D25700A005443417A
:10F380004D3A20256420757365643A202564206514
:10F3900078636565643A25640A000A465749442043
:10F3A00030312D25780A666C6167732025780A0054
:10F3B0000A54524150202578282578293A20706334
:10F3C0002025782C206C722025782C207370202525
:10F3D000782C20637073722025782C2073707372E0
:10F3E0002025780A00202072302025782C207231C8
:10F3F0002025782C2072322025782C20723320256D
:10F40000782C2072342025782C2072352025782CF9
:10F410002072362025780A00202072372025782C8B
:10F420002072382025782C2072392025782C2072E3
:10F4300031302025782C207231312025782C207213
:10F4400031322025780A000A20202073702B3020CA
:10F450002530387820253038782025303878202518
:10F460003038780A00202073702B31302025303856
:10F4700078202530387820253038782025303878A5
:10F480000A0A0073702B257820253038780A006826
:10F490006E6461726D5F61726D7220616464723A54
:10F4A00020307825782C206372345F6964783A20A4
:10F4B00025640A0062757373746174730053535743
:10F4C000553A207072696D6520646F6573206E6FA8
:10F4D0007420686176652070203D2033206D6F6454
:10F4E00020340000010000000001000020010000A5
:10F4F000A1418000B9538000212C80007957800001
:10F500006D3D8000609D8800A09E8800549F88000B
:10F510008C9B8800409C8800FDFFFFFFD89A8800E4
:10F52000020000008001000030010000DD41800089
:10F53000E5538000492C8000AD578000993D800044
:10F54000749D8800C09E8800749F8800AC9B8800D2
:10F55000609C8800FDFFFFFFF89A8800040000000F
:10F56000FF00000020080000253E8000B15180000F
:10F57000ED2B800035578000253D8000549D88008C
:10F58000809E8800349F88006C9B8800209C8800A7
:10F59000066D0700B89A8800030000000902000009
:10F5A00044010000F941800001548000892C800052
:10F5B000F5578000ED3D8000889D8800F09E880012
:10F5C000A49F8800DC9B8800909C8800FDFFFFFFC3
:10F5D000289B8800706125643D307825257800706F
:10F5E0006425643D30782525780070646825643D85
:10F5F00030782525780070646C25643D30782525A9
:10F60000780067637225643D3078252578002530C1
:10F6100032582530325825303258253032582D2571
:10F62000303258253032582D253032582530325856
:10F630002D25303258253032582D2530325825307E
:10F64000325825303258253032582530325825303E
:10F65000325800556E646566696E65642065727225
:10F660006F722025640000006001040005000103A2
:10F6700064010400000027002401040004000000CD
:10F6800028010400000000002C010400000000001C
:10F690003001040000000000340104000A0470007E
:10F6A00034010400EFBED40034010400050000FF63
:10F6B0003401040001FF02FF3001040018000000C3
:10F6C000340104000A04E00034010400EFBE4800E5
:10F6D00034010400050000FF3401040001FF02FFB3
:10F6E000340104000010180134010400020300106A
:10F6F0003401040018F1F2F334010400BBCC000023
:10F700003001040038000000340104000000000053
:10F710003001040058000000340104000000000023
:10F720003001040038000000340104000F200007FD
:10F730003401040000009400340104000000009033
:10F740003401040074757677340104000000000071
:10F75000340104000000050034010400FFFFFFFF36
:10F760003001040068030000340104006E8433009B
:10F7700034010400DCBA500034010400D40000ABB2
:10F7800034010400BADABADA34010400001018F1C6
:10F7900034010400F2F300103401040018F1F2F314
:10F7A00034010400100000003401040000000000D7
:10F7B0003401040000000A00340104000100000EBE
:10F7C000340104004252434D340104005F54455358
:10F7D00034010400545F53533401040049440104CC
:10F7E0003401040082848B96340104000301010675
:10F7F0003401040002000000300104006800000031
:10F80000340104000A04280234010400DCBA800038
:10F81000340104000000FFFF34010400FFFFFFFF7C
:10F8200034010400001018F134010400F2F3001058
:10F830003401040018F1F2F334010400D0AF0000E9
:10F840003401040000000000340104000000000145
:10F85000340104000200000E340104004252434D02
:10F86000340104005F54455334010400545F535382
:10F8700034010400494401043401040082848B965D
:10F8800034010400030101063401040002010000F8
:10F890003001040068060000340104000A04280254
:10F8A00034010400DCBA8000340104000000FFFFD2
:10F8B00034010400FFFFFFFF34010400001018F1C1
:10F8C00034010400F2F300103401040018F1F2F3E3
:10F8D00034010400D0AF0000340104000000000037
:10F8E0003401040000000001340104000200000E95
:10F8F000340104004252434D340104005F54455327
:10F9000034010400545F535334010400494401049A
:10F910003401040082848B96340104000301010643
:10F920003401040002010000000104000000000195
:10F930009004020000000000A0040200F1F30000A7
:10F94000B0040200EFFD0000A8040200FFFF000069
:10F95000A804020000000000A20402000100000050
:10F96000B2040200FBFF0000AA040200FFFF000037
:10F97000AA04020000000000A4040200CF1A000044
:10F98000AC04020000000000BC0402000000000003
:10F99000A6040200D7020000B6040200FFFD00002A
:10F9A000AE040200FFFF0000060402000100000098
:10F9B00006040200000000000C0402001800000011
:10F9C000060402000000000048040200000C0000D1
:10F9D00002040200200600000205020000000000F0
:10F9E00000050200004000000205020004000000C3
:10F9F00000050200004000000205020008000000AF
:10FA00000005020000400000020502000C0000009A
:10FA1000000502000040000002050200C0000000D6
:10FA200080050200FFFF000082050200FFFF0000CA
:10FA300084050200FFFF000086050200FFFF0000B2
:10FA400088050200FFFF00008A050200FFFF00009A
:10FA50008C050200FFFF00008E050200FFFF000082
:10FA600090050200FFFF000092050200FFFF00006A
:10FA700094050200FFFF000096050200FFFF000052
:10FA800098050200FFFF00009A050200FFFF00003A
:10FA90009E050200FFFF0000A0050200FFFF00001E
:10FAA0009C050200F0FF00004005020000800000FD
:10FAB00020050200060F0000400502000080000043
:10FAC00040050200008100002005020000FF000048
:10FAD0002C05020001010000400502000081000029
:10FAE0004005020000820000200502001E280000E0
:10FAF0002C0502000000000040050200008200000A
:10FB000040050200008300002005020029310000AA
:10FB10004005020000830000400502000084000050
:10FB200020050200323F0000400502000084000072
:10FB30004005020000850000200502004041000051
:10FB400040050200008500001206020001000000CE
:10FB50002E060200CDCC0000300602000C00000092
:10FB60000006020004800000960602000800000063
:10FB70009A060200E400000088060200000000006F
:10FB80009C0602000200000088060200001000002F
:10FB90009C0602000200000088060200002000000F
:10FBA0009C060200020000008806020000300000EF
:10FBB0009C06020002000000880602000B0F0000F5
:10FBC0009E06020007000000100502000B00000066
:10FBD00050040200014E0000520402005B010000CC
:10FBE000E40402009000000004040200B4000000DD
:10FBF00054050200FFAF0000FE04020000000000F8
:10FC00005E05020000100000600104000400010312
:10FC1000640104000000000064010400B40000005E
:10FC20006401040047004700640104000000640010
:10FC30006401040030094000600104000D0001036C
:10FC40006401040002000200640104000100C0001D
:10FC50006401040005000000640104000000C0000D
:10FC60006401040064006400640104000E004700A5
:10FC70006401040000050000600104001500010398
:10FC80006401040040003C08640104000000070017
:10FC9000640104000A000000600104001A0001036E
:10FCA0006401040000C00000600104001D000103A5
:10FCB0006401040010270000600104001F0001031C
:10FCC0006401040000001C0C6401040006001027FD
:10FCD00060010400250001036401040000003200FB
:10FCE00060010400280001036401040000004C0AC4
:10FCF0006401040000003F0164010400FFFF0004F0
:10FD00006401040046041E07640104000200EC09BB
:10FD1000600104002E000103640104000000008063
:10FD20006001040092010103640104006404000006
:10FD30006401040000004000640104009607000014
:10FD40006001040097010103640104001A08000027
:10FD500060010400BF01010364010400000005000C
:10FD600060010400080401036401040007020000AC
:10FD7000600104001004010364010400000001009C
:10FD8000600104001C0C010064010200FFFF000080
:10FD9000600104001D0C010064010200FFFF00006F
:10FDA000600104001A000103640104000000200C3B
:10FDB0006001040023000103640104000000A607A1
:10FDC000640104000000A20A60010400260001038F
:10FDD000640104000A0E0B09640104000E02000015
:10FDE0006001040032000103640104000000900B74
:10FDF000640104000000A0046401040000007C060B
:10FE00006001040058000103640104004252434DA4
:10FE1000640104005F54455364010400545F53536C
:10FE20006401040049440000600104006000010313
:10FE30006401040039000000640104005000000067
:10FE400064010400C00000006001040070000103B0
:10FE500064010400BE03BE0364010400BE03BE03CC
:10FE600064010400BE03BE0364010400BE03BE03BC
:10FE7000640104000004EA0364010400D403BE0327
:10FE8000640104000B04F50364010400DF03C903EB
:10FE900064010400BE03BE0364010400BE03BE038C
:10FEA00064010400BE03BE0364010400BE03BE037C
:10FEB000640104000004EA0364010400D403BE03E7
:10FEC000640104000B04F50364010400DF03C903AB
:10FED00064010400160416046401040016041604E8
:10FEE00064010400220416046401040016042E04B4
:10FEF00064010400160416046401040016041604C8
:10FF00006401040016041604640104003A04160493
:10FF100064010400160416046401040016041604A7
:10FF200064010400220416046401040016042E0473
:10FF30006401040016041604640104001604160487
:10FF40006401040016041604640104003A04160453
:10FF50006401040000001F0064010400FF031F008F
:10FF600064010400020000006401040002000000BB
:10FF700060010400980001036401040000001F00F8
:10FF800064010400FF031F0064010400010000007D
:10FF9000640104000100000060010400A0000103EE
:10FFA0006401040000001F0064010400FF031F003F
:10FFB000640104000100000064010400010000006D
:10FFC00060010400A80001036401040000001F0098
:10FFD00064010400FF031F0064010400010000002D
:10FFE000640104000100000060010400C00001037E
:10FFF00064010400372437246401040037243724C3
:020000041002E8
:1000000060010400BA010103640104000100070259
:1000100064010400070207036401040007000000F4
:1000200060010400DF010103640104002000CB0132
:100030006401040000005400640104000000AB08E7
:100040006401040000001004640104008400020044
:10005000640104000000140064010400CF010200E8
:10006000640104004400000064010400AF080200C1
:100070006401040010046400640104000202000032
:10008000640104001000CA016401040002003C0085
:10009000640104000000AA086401040002001004C6
:1000A0006401040054000208640104000000080018
:1000B00064010400CE01000064010400340000006B
:1000C00064010400AE080000640104001004440050
:1000D00064010400020A0000640104000800C90170
:1000E0006401040002003000640104000000A9085B
:1000F0006401040002001004640104003C000210CA
:10010000640104000000040064010400CD0100004B
:10011000640104002C00000064010400AD0800002C
:1001200064010400100434006401040002120000A1
:10013000640104000400C8016401040000002C00F4
:10014000640104000000A808640104000000100419
:100150006401040030000219640104000000000082
:1001600064010400CC010200640104002C000000C2
:1001700064010400AC0802006401040010043000B3
:1001800064010400021A000064010400C0000A04B3
:100190006401040070000000640104003A010A04D4
:1001A0006401040028022CC064010400F2020A0465
:1001B00064010400000000016401040060001404F4
:1001C000640104003800000064010400020114040A
:1001D0006401040014012CC064010400DE01140455
:1001E0006401040000008000640104002200370460
:1001F000640104001500000064010400DF003704FE
:100200006401040065002CC0640104002E01370461
:100210006401040000002F006401040011006E84DA
:10022000640104000B00000064010400D4006E842B
:100230006401040033002CC064010400FC006E84DF
:1002400064010400000018006401040002008A9D9B
:1002500064010400FB00020864010400C54EFA00BA
:1002600064010400020A833464010400FE000210E9
:10027000640104006227F900640104000212421ABA
:1002800064010400FD00021964010400B113F800C8
:1002900064010400021A811164010400FC00021CC4
:1002A00064010400C10FFC00640104000000C10FE0
:1002B00064010400FC00000064010400C10FFC00A4
:1002C000600104005002010364010400000000000A
:1002D00064010400010071146401040004020000C0
:1002E00060010400540201036401040001000000E5
:1002F00064010400010071146401040004020000A0
:1003000060010400580201036401040002000000BF
:10031000640104000100711464010400040200007F
:10032000600104005C02010364010400030000009A
:10033000640104000100711464010400040200005F
:100340006001040060020103640104000000010078
:10035000600104006C02010364010400200000003D
:1003600060010400120401036401040000000C0099
:10037000600104005005010364010400180000003E
:1003800064010400983A983A64010400A60E6400DF
:10039000640104000000F401640104000400000092
:1003A00064010400C8AFA86164010400204E1E006F
:1003B0006401040000000300640104000300000065
:1003C0006401040050C30000600104005B050103E8
:1003D000640104000000140564010400E20400004C
:1003E000600104005F05010364010400204E000069
:1003F0006401040000000F0064010400F401030024
:10040000600104006505010364010400000013009D
:1004100064010400000003006401040001000700FF
:1004200064010400C8AF00006401040088130000E8
:10043000640104002C17DF40600104006C05010317
:100440006401040000002C01640104000000A00FFE
:10045000600104006F050103640104000000020054
:100460006401040000002C0164010400C0000000CD
:1004700064010400C0440000640104006400000042
:1004800064010400DC05401F640104000000460014
:1004900064010400500050006401040002000000E8
:1004A00064010400F50A0000600104007A050103FC
:1004B000640104002010409C64010400204E0000F0
:1004C00064010400B80B0000600104007E05010314
:1004D000640104000000204E6401040000000500D7
:1004E00064010400DC053F006401040071020000A7
:1004F00064010400307500006001040086050103FA
:1005000064010400C409A00F60010400890501030F
:10051000640104000000D007600104008B050103A2
:1005200064010400204E204E600104008E0501038A
:1005300064010400200080406401040000000A00FF
:1005400064010400E803E81C64010400384A000068
:1005500060010400930501036401040000006400CD
:10056000600104009F05010364010400020094027D
:1005700060010400A105010364010400E100000022
:1005800060010400A405010364010400307500004B
:1005900060010400A705010364010400DC050000FC
:1005A00064010400581B000060010400AF05010352
:1005B0006401040000000F0064010400C800000092
:1005C00060010400B20501036401040000000200A0
:1005D000640104000000640060010400BB05010325
:1005E00064010400A861701760010400C4050103E0
:1005F00064010400BE00000060010400380C01002A
:100600006401020000000000600104000300020019
:10061000640104001F0000006001040004000200E7
:1006200064010400FF0300006001040005000200F3
:10063000640104001F0000006001040006000200C5
:1006400064010400070000006001040007000200CC
:1006500064010400040000006001040008000200BE
:1006600064010400FFFF00006001040009000200B3
:100670006401040000000000600104000A000200A0
:100680006401040000000000600104000B0002008F
:100690006401040000000000600104000C0002007E
:1006A0006401040000000000600104000D0002006D
:1006B0006401040000000000600104000E0002005C
:1006C0006401040000000000600104000F0002004B
:1006D000640104000000000060010400100002003A
:1006E000640104001F00000060010400110002000A
:1006F0006401040000000000600104001200020018
:100700006401040000000000600104001300020006
:1007100064010400000000006001040015000200F4
:1007200064010400000000006001040016000200E3
:100730006401040000000000FFFF00000000000052
:1007400086060200D0090000800602003E3E00003E
:10075000820602003E020000000702003C0000008A
:100760008406020012020000600104000300010080
:1007700064010200C00000006001040003000100E9
:10078000660102000A00000060010400040001008C
:100790006401020014000000600104000700010071
:1007A00064010200830100006001040025000100D3
:1007B00064010200F401000060010400C5050100AD
:1007C000660102002B04000060010400C605010060
:1007D000640102000001000060010400E101010069
:1007E000640102003C00000060010400E601010019
:1007F000660102003400000060010400EC01010009
:10080000640102003000000060010400F1010100F9
:10081000660102002C00000060010400F7010100E5
:10082000640102002C00000060010400FC010100D2
:1008300066010200280000006001040002020100BD
:1008400064010200280000006001040007020100AA
:100850006601020028000000FFFF00000000000009
:10086000ED9F8000C1AD8000DDAE8000F9AB80005F
:10087000B5B0800065AF8000C9B08000DDB08000F9
:1008800071AD800085AD800009AC800005B18000AD
:10089000FDAA8000A1B0800065AE800035AA80006E
:1008A00081A18000C5A1800031A880008DA88000B2
:1008B00019A8800079AF8000B1A68000ADAB8000A0
:1008C0008DAB8000E5AB80008DA380007DAB800008
:1008D00079A28000F5A3800045A7800045A0800094
:1008E00039A1800065A3800039A0800055A0800058
:1008F0002D9F8000399F8000000000000000000054
:100900000000000075A3800061A8800039A8800065
:1009100071A2800095A78000219F8000199F800010
:10092000B9A0800085A08000E59E8000280000001E
:100930000F00000004010000080700000007070086
:10094000000704000000040400000400000000018F
:100950000100000000000000030300000000000090
:100960000000000000000000B108000000000000CE
:100970000404040404010400E20400080A00000066
:100980006A100000000000000000000031060000B6
:10099000DDC88D000404040404010400E20400081E
:1009A0000A0000006A1000000000000000000000C3
:1009B000310400008C2EBA00040404040401040075
:1009C000E20400080A0000006A10000000000000B5
:1009D00018180000000000000006060000000000DB
:1009E0000000000000000000311900000000A0001D
:1009F0000C0C0C0C0A030400E20400080A000000BE
:100A00006A1000000000000000000000B1120000A9
:100A1000277662000C0C0C0C0A030400E2040008A8
:100A20000A0000006A100000000000000000000042
:100A3000B10C00001443FD000C0C0C0C0A03040064
:100A4000E20400080A0000006A100000E02E010124
:100A50000150000000000000C832020101490000FE
:100A6000899DD8004038030101420000AAAAAA00CB
:100A7000003C0401013E000000008000483F0501E9
:100A8000013B0000D05E4200A04106010139000098
:100A900049922400004B07010132000000000000D1
:100AA000584D080101300000071F7C00204E09014D
:100AB0000130000000000000C05D0A0101280000B4
:100AC00000000000A8610B010126000066666600B8
:100AD00090650C0101240000C44EEC0030750D013E
:100AE000012000000000000040830E01011C0000F6
:100AF0002449920018920F0201330000F93E56007B
:100B0000009610020132000000000000409C11021B
:100B1000013000000000000080BB1202012800002C
:100B20000000000020CB130201240000C44EEC00A2
:100B3000000000000000000000000000626F617211
:100B400064666C616773330073707572636F6E6691
:100B5000696700000000000000000000B1190000FB
:100B6000ABAA0A000B0C0C0C0A030400E2040008F8
:100B70000A0000006A1000000000000000000000F1
:100B8000B1120000143BB1000B0C0C0C0A03040062
:100B9000E20400080A0000006A10000000000000E3
:100BA00000000000310D00007A0534000B0C0C0C25
:100BB0000A030400E20400080A0000006A100000B2
:100BC0000000000012100000000000000000000003
:100BD00000000000B1190000000040000C0C0C0CDB
:100BE0000A030400E20400080A0000006A10000082
:100BF0000000000000000000B1120000FF88D800D3
:100C00000C0C0C0C0A030400E20400080A000000AB
:100C10006A1000000000000000000000B10D00009C
:100C2000F0FF4E000C0C0C0C0A030400E204000858
:100C30000A0000006A10000006000000BC0100006D
:100C4000C5420000314200008945000078000000E4
:100C500001000000394000003F400000414000001A
:100C60008000000068000000FB440000F744000022
:100C7000D144000067E6096A85AE67BB72F36E3C3B
:100C80003AF54FA57F520E518C68059BABD9831F57
:100C900019CDE05B982F8A4291443771CFFBC0B5E4
:100CA000A5DBB5E95BC25639F111F159A4823F9237
:100CB000D55E1CAB98AA07D8015B8312BE85312490
:100CC000C37D0C55745DBE72FEB1DE80A706DC9B51
:100CD00074F19BC1C1699BE48647BEEFC69DC10FFD
:100CE000CCA10C246F2CE92DAA84744ADCA9B05C39
:100CF000DA88F97652513E986DC631A8C82703B0FC
:100D0000C77F59BFF30BE0C64791A7D55163CA0609
:100D100067292914850AB72738211B2EFC6D2C4D15
:100D2000130D385354730A65BB0A6A762EC9C28103
:100D3000852C7292A1E8BFA24B661AA8708B4BC299
:100D4000A3516CC719E892D1240699D685350EF4C3
:100D500070A06A1016C1A419086C371E4C7748277A
:100D6000B5BCB034B30C1C394AAAD84E4FCA9C5BF0
:100D7000F36F2E68EE828F746F63A5781478C88441
:100D80000802C78CFAFFBE90EB6C50A4F7A3F9BE23
:100D9000F27871C60123456789ABCDEFFEDCBA98C6
:100DA00076543210F0E1D2C3142030401C2010776A
:100DB0006C2564002530347800776C25643A202552
:100DC000732025732076657273696F6E20257320FA
:100DD000465749442030312D25780A004E6F762041
:100DE000323920323032310032323A34393A303905
:100DF00000617020007374612000776D65200038F9
:100E000030322E31316420003830322E31316820BA
:100E100000726D20006361632000616D7064752055
:100E200000616D7064755F74782000616D70647529
:100E30005F72782000616D73647572782000616D57
:100E400073647574782000726164696F5F70777283
:100E500073617665200070327020006D6368616E8A
:100E60002000646672747320007478707772636116
:100E70006368652000737462632D74782000737456
:100E800062632D72782D3173732000776E6D2000B0
:100E90006273737472616E7320006D6670200073EC
:100EA000616520006964617574682000746B6F204F
:100EB00000776C63006770696F6F757400000000E5
:100EC000E156010002000080080000003D6F89002B
:100ED000E20000000100000000000000000000002F
:100EE00000000000020000000000313164003131D8
:100EF0006800313175005458204D435320203A008A
:100F000020202564282564252529000A202020206A
:100F1000202020203A000000A187890007008000DF
:100F200001000000000000000000000000000000C0
:100F30005258204D435320203A0061707073006175
:100F40005F77706100615F777061690025733A2097
:100F5000686F73745F656E61622025640A00627356
:100F60007363666700627463006274635F646F73C7
:100F70005F73746174757300955701000E00000073
:100F8000070000000000000000000000000000005A
:100F9000636D005F5F004B5200000000BC58010011
:100FA000E0ED88000000000000000000B0580100E3
:100FB00000000000AA580100A45801000000000031
:100FC00000000000805801002C59010088580100E1
:100FD0007FB20000000000000000000000000000E0
:100FE0000000000000000000000000000000000001
:100FF0000000000000000000000000009058010008
:1010000000000000000000000000000000000000E0
:1010100000000000000000000000000000000000D0
:1010200000000000000000000000000000000000C0
:1010300000000000000000000000000000000000B0
:1010400000000000000000000000000000000000A0
:101050000000000001000000B15801000000000085
:1010600000000000323032312D31312D3239203242
:10107000323A34323A3434000000FF0000000000FD
:10108000FF00000000236E000000FFFFF0000000E2
:101090000000000000000000434C4D20444154413A
:1010A00000000C000200392E31302E3339000000D0
:1010B00000000000000000000000312E32392E3404
:1010C00000000000C4580100C8570100436C6D497E
:1010D0006D706F72743A20312E33362E330000005B
:1010E0000000000000000000000042726F616463B5
:1010F0006F6D2D302E300000000000000000000059
:101100000000000000000000636E747279006475D6
:101110006D705F696E666F00138589000000004086
:1011200008000000000000000000000000000000B7
:101130006576656E7471006662740000115A010074
:1011400016000000775A0100180000008F5A0100B5
:101150001B000000275A01001C0000009CEF8800C3
:101160000E000000DA59010033000000DA590100D6
:1011700033000000435A010034000000435A0100CC
:1011800034000000435A0100340000009BEF880047
:1011900001000000D05901000A0000009AEF880009
:1011A0000100000003103036373839F4FFDD00014C
:1011B0000203040607080920252829232A32300BB8
:1011C0000C424746333F4043363A3C3B2D3D484A6C
:1011D0007F596145626B6C6F70BFC0C3C4C744F474
:1011E000DD69656D000001322124302E46363B2D2D
:1011F000487F595E6BBFC74485F4DD01320C354131
:1012000046303637393A382D3D484A7F5A5F586460
:101210006EBFC0C744F4DD000102030406050708E1
:101220000920252829232A32300B0C2E333F404336
:10123000424746363A3C3B2D3D484A7F5659456B1E
:101240006C6F70BFC0C3C4C744F4DD01320C3541BC
:101250004636373A382D3D484A7F5A5F6EBFC0C781
:1012600044F4DD0001322124302E463637393B2D3F
:10127000487F595E57636BBFC744859CF4DD696541
:1012800072006C71004449524543542D00706879D6
:101290000000A40400400000A40400800080D004EA
:1012A00020000000A404FF010000A40400040004C6
:1012B000A504FF032C01A50400E000A0A504001C68
:1012C00000000D04FF0340000D0400700040A20464
:1012D000FF034000A20400700040A804FF000100CA
:1012E000D004C07F00000C05FF010000A6040080B0
:1012F0000080A604FF01FF009A04FF01FF00F4092B
:1013000000800080F40900380020F409FF03370052
:101310009904FF0378009F0400C000409F04FF036E
:101320009001D70408000800D70400700020AC0921
:101330003C001400F80904000400706B745F6669D7
:101340006C746572000000000C000000FFFFFFFFDE
:10135000FFFFFFFFFFFFFFFF70726F745F6700709A
:10136000726F745F6E000000EC5B0100070000000C
:1013700007000000FD5B0100060000000100000006
:101380000000000000000000000000005341452064
:101390004861736820746F20456C656D656E7420BC
:1013A00075312050310053414520486173682074E5
:1013B0006F20456C656D656E74207532205032006B
:1013C0007361655F6D61785F7077655F6C6F6F707B
:1013D000007361655F7077655F686E705F656E61F1
:1013E000626C6500405C01002700000007000000FF
:1013F000585C010028000000070000006E5C01003E
:1014000026000000070000000000000000000000AF
:10141000000000007374665F74656D705F6D696EC7
:101420005F647574795F6379636C65007374665F7C
:1014300074656D705F6D6F6E69746F725F74696DE6
:1014400065007374665F74656D705F746872657350
:101450006800696473757000747063007478630069
:1014600077617069000000000000000000000000CB
:1014700000000000600A000080380100736470639F
:101480006D6465760000000000000000005D010052
:10149000000000000000000000000000000000004C
:1014A0000000000000000000C5DF800045F680005D
:1014B00059F68000C9DF8000BDDF800089DF800031
:1014C00051DD80000000000055F6800000000000A3
:1014D00000000000C57C0100A17C01008B7C0100A4
:1014E000E1F6800000000000A5F68000F9F680001B
:1014F000C1F68000EDF68000000000000000000052
:10150000000000001588010069880100000000004B
:1015100011880100258C0100F5890100598901001D
:1015200000000000000000000000000000000000BB
:1015300000000000C5890100000000001D1E1C0BFA
:1015400080BA8C0100C20100F2000000810000009E
:1015500010000000C0AD3A0200C20100EC00000023
:101560008100000022000000776C000000000000F5
:101570000000000000000000C05D0100000000004D
:10158000000000000000000000000000000000005B
:101590000000000035E201001D8E8100E989810014
:1015A000298F810000000000B58C81000000000040
:1015B000FD8D810000000000000000000000000020
:1015C000000000000100030003000600000003000B
:1015D000030003000E000D000E000E000E000200BE
:1015E00009000C000A0008000D00010009000C00B1
:1015F0000A0008000D00010009000C000A000800A4
:101600000D00010009000C000A0008000D00010097
:101610000A000D000B0009000E0002000A000D0078
:101620000B0009000E0002000900390016000E0030
:101630000E0005000900390016000E000E0005001E
:101640000A000D000B0009000E0004000A000D0046
:101650000B0009000E0002000A000D000B0009003B
:101660000E0002001400BF00C000150011000500AC
:101670001400BF00C0001500110005001400BF00D9
:10168000C0001500110005001400BF00C0001500C7
:10169000110005001400BF00C00015001100050076
:1016A0000900390016000E000E000500090039007F
:1016B00016000E000E0005001400BF00C00015004B
:1016C000110005000900390016000E000E0005008B
:1016D0000900390016000E000E0005009600DE001D
:1016E000DF001500110005001400BF00C000150048
:1016F000110005000900390016000E000E0005005B
:101700000900390016000E000E00050009006100F6
:1017100016000E000E0005000900390016000E002C
:101720000E0005000C00B6001900110011000800A1
:101730000900390016000E000E0005000900B60071
:1017400019001100110008000900B600190011006D
:10175000110008000900B60019001100110008006E
:101760000900390016000E000E0005000900B60041
:1017700019001100110008000800370016000E00C3
:101780000E0005000900B600190011001100080044
:101790000000000000000000000000000000000049
:1017A0000000000000000000000000000000000039
:1017B0000000000000000000000000000000000029
:1017C0000000000000000000000000000000000019
:1017D0000000000000000000000000000000000009
:1017E00000000000000000000000000000000000F9
:1017F00000000000000000000000000000000000E9
:1018000000000000000000000000000000000000D8
:1018100000000000000000000000000000000000C8
:1018200000000000000000000000000000000000B8
:1018300000000000000000000000000000000000A8
:101840000000000000000000000000000000000098
:101850000000000000000000000000000000000088
:101860000000000000000000000000000000000078
:101870000000000000000000000000000000000068
:101880000000000000000000000000000000000058
:101890000000000000000000000000000000000048
:1018A0000000000000000000000000000000000038
:1018B0000000000000000000000000000000000028
:1018C0000000000000000000000000000000000018
:1018D0000000000000000000000000000000000008
:1018E00000000000000000000000000000000000F8
:1018F00000000000000000000000000000000000E8
:1019000000000000000000000000000000000000D7
:1019100000000000000000000000000000000000C7
:1019200000000000000000000000000000000000B7
:1019300000000000000000000000000000000000A7
:101940000000000000000000000000000000000097
:101950000000000000000000000000000000000087
:101960000000000000000000000000000000000077
:101970000000000000000000000000000000000067
:101980000000000000000000000000000000000057
:101990000000000000000000000000000000000047
:1019A0000000000000000000000000000000000037
:1019B0000000000000000000000000000000000027
:1019C0000000000000000000000000000000000017
:1019D0000000000000000000000000000000000007
:1019E00000000000000000000000000000000000F7
:1019F00000000000000000000000000000000000E7
:101A000000000000000000000000000000000000D6
:101A100000000000000000000000000000000000C6
:101A200000000000000000000000000000000000B6
:101A300000000000000000000000000000000000A6
:101A40000000000000000000000000000000000096
:101A50000000000000000000000000000000000086
:101A60000000000000000000000000000000000076
:101A70000000000000000000000000000000000066
:101A80000000000000000000000000000000000056
:101A90000000000000000000000000000000000046
:101AA0000000000000000000000000000000000036
:101AB0000000000000000000000000000000000026
:101AC0000000000000000000000000000000000016
:101AD0000000000000000000000000000000000006
:101AE00000000000000000000000000000000000F6
:101AF00000000000000000000000000000000000E6
:101B000000000000000000000000000000000000D5
:101B100000000000000000000000000000000000C5
:101B200000000000000000000000000000000000B5
:101B300000000000000000000000000000000000A5
:101B40000000000000000000000000000000000095
:101B50000000000000000000000000000000000085
:101B60000000000000000000000000000000000075
:101B70000000000000000000000000000000000065
:101B80000000000000000000000000000000000055
:101B90000000000000000000000000000000000045
:101BA0000000000000000000000000000000000035
:101BB0000000000000000000000000000000000025
:101BC0000000000000000000000000000000000015
:101BD0000000000000000000000000000000000005
:101BE00000000000000000000000000000000000F5
:101BF00000000000000000000000000000000000E5
:101C000000000000000000000000000000000000D4
:101C100000000000000000000000000000000000C4
:101C200000000000000000000000000000000000B4
:101C300000000000000000000000000000000000A4
:101C40000000000000000000000000000000000094
:101C50000000000000000000000000000000000084
:101C60000000000000000000000000000000000074
:101C70000000000000000000000000000000000064
:101C80000000000000000000000000000000000054
:101C90000000000000000000000000000000000044
:101CA0000000000000000000000000000000000034
:101CB0000000000000000000000000000000000024
:101CC0000000000000000000000000000000000014
:101CD0000000000000000000000000000000000004
:101CE00000000000000000000000000000000000F4
:101CF00000000000000000000000000000000000E4
:101D000000000000000000000000000000000000D3
:101D100000000000000000000000000000000000C3
:101D200000000000000000000000000000000000B3
:101D300000000000000000000000000000000000A3
:101D40000000000000000000000000000000000093
:101D50000000000000000000000000000000000083
:101D60000000000000000000000000000000000073
:101D70000000000000000000000000000000000063
:101D80000000000000000000000000000000000053
:101D90000000000000000000000000000000000043
:101DA0000000000000000000000000000000000033
:101DB0000000000000000000000000000000000023
:101DC0000000000000000000000000000000000013
:101DD0000000000000000000000000000000000003
:101DE00000000000000000000000000000000000F3
:101DF00000000000000000000000000000000000E3
:101E000000000000000000000000000000000000D2
:101E100000000000000000000000000000000000C2
:101E200000000000000000000000000000000000B2
:101E300000000000000000000000000000000000A2
:101E40000000000000000000000000000000000092
:101E50000000000000000000000000000000000082
:101E60000000000000000000000000000000000072
:101E70002DE9F84305468846FBF33EF2002128464B
:101E8000FBF382F3044628466E69AF69F3F3F0F37F
:101E90000A2E814616D90F2E16D02846FAF31EF5C3
:101EA000142E054603D9A36823F00803A360A36892
:101EB000142E43F00103A36014D9A36843F0080370
:101EC000A3600FE0022E0FD92846FAF375F5D4F877
:101ED000A430054623F0FF0343F00203C4F8A43006
:101EE000022303E0012301E0104D3023A268D20752
:101EF00007D407F01802082A0CBFB5FBF3F54FF41E
:101F0000E11507F0030700260BE004F54073B8F174
:101F1000000F05D03002181849462A460023C04752
:101F20000136BE42F1DBBDE8F88300BF00C63E05C6
:101F30002DE9F8431646984604460D46FAF374F523
:101F4000002107462046FBF31FF30022814613467B
:101F5000134988184068B0B90C225343CA18CE50B0
:101F60005560C2F808802046FBF3C6F1D9F824304A
:101F70000C4D1E432E602046FBF3BEF12B6801255D
:101F8000C9F8243004E001330C32052BE0D10025E0
:101F900020463946FBF3F8F22846BDE8F88300BF37
:101FA000BC5F0100E403000038B5124C0021482258
:101FB0002046F0F365F4104A012384E80C00002564
:101FC0000E491F2204F10C00F0F332F584F82B5077
:101FD000F5F31CF34FF40023A3634FF40003E36312
:101FE000074B20632364074B6563DB696564A3606B
:101FF00038BD00BF18600100444542474039010028
:102000001C2B0900706001004369142B01DDFAF3F9
:1020100017B57047436910B50A2B04460ADD064917
:1020200001220346FFF784FF20460121BDE810404E
:1020300007F096BA10BD00BF89160000C36910B53D
:10204000590704460CD5074B00221968FBF3B4F07E
:102050000549204610222346BDE81040FFF768BF1F
:1020600010BD00BF2C040000FDB18000134B13B560
:102070001360134601E0114C1C600433ADF17C0485
:10208000A342F8D3C41C24F003040D4B091B0D48D4
:102090001960002303600C48083903600B4884E88A
:1020A0000A0003600A4802600A4802F50052026012
:1020B000094A1360EAF7C6FE44601CBD4B41545305
:1020C000F403000014040000480400000460010050
:1020D0006860010010600100F003000008B50021F5
:1020E0001420EAF7BDFE054B002118601422F0F31E
:1020F000C7F3BDE80840F5F301B100BF30040000AC
:102100002DE9F0474D1C2946824605F0A1FB134CF2
:10211000206000B34FEA850948460021EAF7A0FE97
:102120000F4F804638600F4E68B14A460021F0F3E9
:10213000A7F320680021F0F33FF73B6800221A6004
:102140003560BDE8F0875046216805F0D5FBC6F83C
:102150000080C4F80080BDE8F08700BFF8030000ED
:10216000E803000004040000F0B5184F85B00F210B
:10217000386805F0C3FA0F2803903E4624D1842026
:102180000021EAF76DFE124C2060D0B100218422BC
:10219000F0F376F30025012304AA42F8043D0095EC
:1021A0000195386821684FF4F06305F0D5FA0130E5
:1021B000206803D03221ECF751FA05E0EAF7D8FEA7
:1021C0002560306805F0B8FA05B0F0BD2C040000B9
:1021D00044040000B1F5E06F73B504460E461546A1
:1021E00006D103690091002101911E680A460CE0A6
:1021F0000D4B00221868FBF3B9F1014680B1236949
:102200000022009601921E6820462B46B04738B146
:10221000064BA0611A68656122621C60002001E023
:102220004FF0FF307CBD00BF00040000F85F0100EC
:102230002DE9F84310200C46002191469846EAF714
:102240000FFE054620B3144E3068FAF3EDF3099BF8
:10225000074623B9306821464A46FBF387F13068C8
:10226000FAF35CF501238340089AEB60AA600B4AFD
:10227000C5F8048011681560094A29601168306842
:102280000B4313603946FBF37FF10020BDE8F88370
:102290006FF01A00BDE8F883000400003C04000061
:1022A0001004000013B500210446FBF36DF1174B39
:1022B0001860174B00F5706018606369222B12DDFF
:1022C000E36958060FD540F6270100222046FAF3AD
:1022D00011F501462046FBF357F10E4B0021186023
:1022E0002046FBF351F100204FF4006102460A4BF7
:1022F00000900190FFF79CFF28B1012002B0BDE8DB
:102300001040F4F377B602B010BD00BF2404000003
:102310009460010034040000E9B1800073B5374BCC
:10232000374C0193374B0021202220461D68266937
:10233000F0F3A6F201232360334B26611B68E361AF
:1023400045F8044C00F048FCADF5FE513C390A4616
:102350002E48FFF78BFEF4F33DF3F4F3A5F700F0FE
:1023600073F8FFF721FE002006F0D4FD284D294C1C
:10237000286007F00FFA2060FFF794FFFFF7AEFE2A
:10238000206800F029FB206806F0E8FD224B206859
:102390001A6802F580321A60204B1A6802F5803202
:1023A0001A601F4B1A6802F580321A6000F0C0F8FC
:1023B00000221C481C49F5F3E7F002221B481C4987
:1023C000F5F3E2F000221B481B49F5F3DDF0002293
:1023D0001A491B48F5F3D8F02068FFF715FE20686E
:1023E000FFF718FE2068FFF729FE286840F28F11DA
:1023F000FFF786FEFFF7B8FE20687CBDADDEADDEE0
:1024000070600100945C0100906001008C6A030020
:102410002C04000000040000F40300001404000079
:10242000046001008DDA8900891900001385890094
:1024300041B48000943B010091B680001DB2800041
:10244000973B01007047000070B5174D2C682CBBFE
:10245000B0202146EAF704FD286010B32146B022DF
:10246000F0F30EF24FF4806021462E68EAF7F8FC94
:10247000B060286886681EB9EAF77AFD2E600DE024
:102480004FF48062C26021463046F0F3F9F12B68C8
:10249000064A20461360064A536170BD4FF0FF3074
:1024A00070BD4FF0FF3070BDA86001005004000007
:1024B0007060010070B5184C0546236833B9174E9B
:1024C00033680BB9FFF7C0FF33682360206808B397
:1024D00000230360C0F89C304360012380F8A430DF
:1024E0006B6C0E3B012B03D928460D49FFF7C0FC4E
:1024F0000C4B9A6812B12268C2F89C302068012304
:10250000C0F89C30F5F31EF0074808492268F5F33F
:102510003BF0206870BD00BF50040000A8600100BF
:10252000716C010098600100242B870011BE8000AF
:1025300010B50023044610220A49FFF7F9FC0021D8
:102540002046FAF365F7002220464FF4A051EDF73C
:102550006DFF054B002220469A60BDE81040FFF752
:10256000A9BF00BFE5BC80009860010038B50446F3
:102570000D4651B11020F5F39FF1044B186020B1C6
:1025800080E830004FF4F063836038BDAC60010038
:10259000134B02461B68006810B500F47041DC1E46
:1025A000090B042C08D800F47060000A0E300123D7
:1025B00013FA00F0484310BD072B0CD8002010BDC3
:1025C00043F480741461146C013304F07F0401340B
:1025D0006403001901E0002318468B42F0D110BDBE
:1025E0005014000003684068181823F007030833EC
:1025F00098428CBF0020012070470000044B054A20
:10260000186890421ABF00F108021A600020704753
:10261000A05C0100001000002DE9F34190E84800A3
:1026200023F00704083413F0070202D19D19AC42CD
:102630004AD035468068002203E0875C0DF80270BE
:102640000132B242F9D19E18A64204D900293DD0E8
:10265000361B951B00E0002623F00707C7EB030C91
:10266000002204E012F8078000F80280013262457F
:10267000F8D18218002003E01DF8007017540130D3
:10268000A842F9D15B195219E71A002004E013F8A7
:1026900000C002F800C00130B842F8D1002E18DDA9
:1026A00000AB5D190023EA5CCA540133B342FAD18E
:1026B000C918E4180022C3F1080302E0A05C8854A2
:1026C00001329A42FAD104E0104603E04FF0FF30A5
:1026D00000E00020BDE8FC812DE9F0471C4B1D4CBB
:1026E0000026C4EB03081C4B4FEAA80803FB08F8BC
:1026F000474629E02368D4F808A023F007090025FD
:102700001AF8052015F809309A4202D00120F4F396
:1027100071F40135082DF3D12046FFF763FF88B926
:102720000E4B054603EBC70A013705EB09031AF800
:1027300005201B7A9A4202D00120F4F35BF40135A4
:10274000082DF2D101360C344645D3DBBDE8F087C5
:102750009013000000100000ABAAAAAA0008000015
:10276000144B2DE9F0471B68134D9B68134F03F082
:102770000F097F1B0123124A03FA09F9BB1002FB60
:1027800003F80026444606E02846FFF72BFF00B971
:10279000013401360C354645F6DB2246BB104FF0BE
:1027A000553404FB032307484946BDE8F047F0F3DE
:1027B0008DB000BF4C14000000100000901300000A
:1027C000ABAAAAAAA93B010041F4003138B5426383
:1027D00004460163652502E00A20F4F355F5236BF6
:1027E000002B01DB013DF7D138BD836A43F0004384
:1027F00083627047836A23F0004383627047F8B5B1
:102800008668054601240F4606F00F06FFF7F2FF23
:1028100014FA06F6AC62EF62002405E0A1B2284685
:102820000022FFF7D1FF0134B442F7DBF8BD00000E
:102830002DE9F041FFF7E2FE194E1A4BDFF87080E8
:10284000194FF61A194BC8EB0707002814BF0546A5
:102850001D4604465D1BFFF783FF47B1002140463C
:102860003A46F0F30DF040463946F4F383F146B1B1
:1028700000210C483246F0F303F00A483146F4F3E5
:1028800079F155B1002120462A46EFF3F9F72046A9
:102890002946BDE8F041F4F36DB1BDE8F08100BF19
:1028A000901300000010000000080000001000005D
:1028B000C5040000424B2DE9F74F1D6841492846E9
:1028C000FFF79DFF404A414BA968D31A404A9B102D
:1028D0005A43019271D0012001F00F0110FA01F169
:1028E0008A4201DDF4F386F32846FFF751FE394BA7
:1028F000A0F1040B1A6899460E2A01D8861000E050
:1029000001264FF00008314C4CE06368013B072B77
:1029100001D8A36813B90120F4F36CF32046FFF744
:1029200061FE38B9FFF76AFE074620B90120F4F3CB
:1029300061F300E0002720463946FFF76DFE10B135
:102940000120F4F357F3DFF87CA0A1682268D9F8DE
:102950000030CAEB010122F00702C9100E2B96BF0E
:1029600002EA0B02324346EA920289B22846FFF796
:102970002BFFA7B12268D9F8003022F00702CAEB7A
:1029800007010832C9100E2B98BF02EA0B0289B268
:102990008CBF324346EA92022846FFF715FF08F142
:1029A00001080C34019B9845AFDB2846FFF71DFF5B
:1029B00003B0BDE8F04FFFF78FBE03B0BDE8F08F66
:1029C0004C140000000800009013000000100000EC
:1029D000ABAAAAAA501400002DE9F7430446FAF363
:1029E0008BF4204600F008FA6B48EAF71DF9204600
:1029F000F2F334F600F578704FF47A730730674FCE
:102A0000B0FBF3F038602046F2F328F6644B654AD9
:102A1000C3186169B3FBF2F3634A22291360634E62
:102A2000634D04DDE369580601D5336800E02B6887
:102A300003F5C2630433D3F800E030682B68222921
:102A400005DDE269520602D500F5C26201E003F538
:102A5000C262043212689645F1D0222905DDE2698E
:102A6000520602D500F5C26301E003F5C2630433E8
:102A7000D3F80080EAF7B8F83168814660692A68BF
:102A80001025222805DDE3695B0602D501F5C26346
:102A900001E002F5C26304331B689845F1D0222897
:102AA00005DDE3695E0602D501F5C26301E002F5CA
:102AB000C2630433013DD3F80080E2D1EAF794F811
:102AC0003A68C9EB0006B2FA82F39A40191FB2FBCA
:102AD000F6F2384B01321A604FF47A73A2FB0323EB
:102AE0003548CA400160C1F1200113FA01F0801895
:102AF000ECF742FB396804230FE0B5FA85F2B6FA29
:102B000086F0013A8242A8BF0246964095409B1843
:102B1000B6FBF1F201FB1266551915F0404FECD0EF
:102B2000264A1360264B40F2FF321D60236A002BB9
:102B3000244BC8BF6FF07F421A606369222B0CDD03
:102B4000E369580609D5002040F6270102461E4BCE
:102B500000900190FFF76CFB05E020461A49202207
:102B60000023FFF7E5F900201849F0F301F5184DAF
:102B7000286078B10120F4F36DF220462D68F2F35D
:102B80006DF5B5FBF0F04FF47A754543114BA5F5A3
:102B9000FA651D60BDE8FE83E91E0000A45C01002B
:102BA0003F420F0040420F00B40300003404000015
:102BB00024040000A8030000AC030000A4030000EC
:102BC000A0030000B003000019B980008C8502004A
:102BD00084040000800400000D4B00211A6842F0BC
:102BE00010021A601A6822F400721A60094A136807
:102BF00043F0807343F480331360074B07221A605D
:102C000043F8041C59685A60044B20221A6070472C
:102C100014ED00E0FCED00E0241000E000E400E032
:102C200070B504460E46FAF367F32046F9F3FCF656
:102C30000546EAF75BFD40F62A0102462046FAF314
:102C400095F48269436926B142F0004243F00043A3
:102C500003E022F0004223F00043826129464361F1
:102C60002046BDE87040FAF38FB42DE9F8430446DE
:102C70001E4690460D46FAF33FF32046F9F3D4F68C
:102C80004146324607462046FAF370F42046FAF3EE
:102C900045F00646EAF72AFD40F62A01024620469C
:102CA000FAF364F44FF00108814685B108FA06F59D
:102CB000836933EA050502D14046E9F787FF01360B
:102CC0000120B040E9F774FFC9F818500EE0701CFD
:102CD00008FA06F608FA00F0E9F778FF4046E9F747
:102CE00067FFD9F818301E43C9F8186020463946E6
:102CF000BDE8F843FAF348B4034630B1002000E0E1
:102D00001046421C5B08FBD1704770470346032BFB
:102D100010B510460C461DD8FAB1022B0BD0032B70
:102D200014D0012B03D0FFF7E7FF0D4B06E0FFF7B0
:102D3000E3FF0C4B02E0FFF7DFFF0B4B186043F89B
:102D4000044C5A6804225A60002010BDFFF7D4FFDB
:102D5000064BF3E76FF0010010BD6FF0010010BDEE
:102D6000241000E0341000E0441000E0541000E0B3
:102D700050B1431E034207D0002300E013465A1C03
:102D80004008FBD1012098407047000070B5EAF779
:102D9000E3F90446EAF7DAF9164E241826F4FE465B
:102DA00026F0FF0606F50046A41B1ED00125B4F54B
:102DB000004F0FD3284631464FF40042FFF7A6FFDD
:102DC000B0B90135EDB2042DA4F5004406F5004676
:102DD000EDD170BD20465CB1FFF7CAFF3146024617
:102DE0002846BDE87040FFF791BF4FF0FF3070BD3F
:102DF00070BD00BF8C6A03002DE9F8430446FAF366
:102E00007BF2204640F60E010022FAF3AFF30546AE
:102E1000002838D02046FAF36BF2014618B9204654
:102E20000A46F9F3F5F520462F68D5F80080F9F346
:102E300003F60428064605D825D108F4E028B8F59D
:102E4000403F20D100205049F0F392F3D8B907F069
:102E5000F0073F090FE0013F072E2F6108D90C2E24
:102E600006D02B6C03F44063B3F5406F00D010B173
:102E7000464B01206B61002FEDD1D5F8E83123F0EE
:102E80001003C5F8E831EAF731FC40F62A010246A2
:102E90002046FAF36BF33E4D06462860EAF726FC1F
:102EA000314602463B48EFF311F52046F9F3C4F5ED
:102EB000394B18602B681A6842F080721A601A68E1
:102EC00042F002021A600022C3F8E0216269272A58
:102ED00005DDD3F8E02142F04002C3F8E02140F2E2
:102EE000DD5602E00A20F4F3CFF12B68D3F8E0318D
:102EF0009B0301D4013EF5D100210B4620464FF43F
:102F00000062FFF7B2FE00210B46204640F6120297
:102F1000FFF7ABFE00210B46204640F62902FFF7E3
:102F2000A4FE20460121FFF77BFE00201B49F0F3A1
:102F30001FF300B32046F9F377F50646EAF7D6FB10
:102F400040F62A0102462046FAF310F3D0F8149016
:102F50000746D0F898802046F9F366F501238340B0
:102F600043EA09037B6148F00103C7F89830204623
:102F70003146FAF309F32B681A6A42F003021A6227
:102F8000BDE8F843FFF702BF97850200FF7F0121EC
:102F9000B0600100BB3C0100B8600100A2850200E6
:102FA0000721C0F8A4114021C0F8A8114FF4F06126
:102FB000C0F8C8111821C0F8CC1108210122C0F8AE
:102FC000D01106210A23C0F89C21C0F8B021C0F816
:102FD000DC11C8221C21C0F89831C0F8B42120238C
:102FE0001022C0F8E0110C21C0F8A031C0F8BC31AB
:102FF000C0F8C031C0F8C421C0F8D431C0F8E41121
:103000000323C0F8E8210421C0F8F0210022C0F811
:10301000D831C0F8EC11C0F8F421C0F8FC21C0F898
:103020000032704741F2E443984206D144F2F43052
:103030000B1A584240EB0300704700207047D0F84D
:103040001C1238B5044659B1806804F0D0FB05461F
:10305000D4F81C02F4F33CF40023C4F81C3200E062
:103060000D46284638BD7FB50446062384200393C9
:10307000F4F31CF4C4F81C02B8B100218422EFF36D
:10308000FFF300251C23A068D4F81C1203AA0095A6
:10309000019504F061FB0646013008D1D4F81C020A
:1030A000F4F316F4C4F81C5201E04FF0FF3630463A
:1030B00004B070BD2DE9F04104460D461646984611
:1030C00040F2E93702E00A20F4F3DEF063691A6D9A
:1030D000002A04DA013FF6D13846BDE8F081069AAD
:1030E00046443602B2F1807F46F0004603D12A788A
:1030F00042F08072B6181E6540F2E93602E00A20FE
:10310000F4F3C2F063691B6D002B03DB2B7001200D
:10311000BDE8F081013EF2D13046BDE8F08100000B
:103120002DE9F0438BB01D46DDF848909F4B0846D3
:10313000C3F8009011461746FFF774FF002800F00F
:1031400030814FF40B70F4F3B1F30446002800F023
:10315000298100214FF40B72EFF392F3A560C4F8BC
:1031600014902046FFF71CFF914B1E68C4F81862AC
:103170001EB13678003618BF012604F128084046F3
:1031800002214122F0F382F4002300930193029381
:10319000384629464A46139B06F024FBE060002887
:1031A00000F0FA80F9F338F42060E068F9F344F4B1
:1031B0006769804A7B68804903F0010383F001035B
:1031C000D4F800C0002B18BF114684F87A3140F6BD
:1031D00029039C456060D4F808E0E26807F50073B5
:1031E00003D110B107F5087701E007F504770097E0
:1031F000D4F8BC010190D4F8C0010290D4F8C80101
:1032000003904FF0FF300490D4F8C40105900820DB
:10321000069000200790704604F04EFC6062002883
:1032200000F0BA80D4F81812644FB9B10B78ABB182
:10323000D7F8B030984762492246D4F81802F0F324
:103240002DF3D4F818025F49224604F0F1FA2EB1AA
:103250002046FFF708FF002840F09E8002210A4622
:10326000D7F8B830606A984720460021E2682B46BC
:1032700000F06EF92061002800F08E8000210B46DE
:103280002046514AF3F336F50023C4F8940184F83C
:103290007D314E48F5F304F010B3EFF347F5012309
:1032A00083404B48C4F88431F4F3FAF710B1EFF3DC
:1032B0003DF508B1D4F88401C4F8880145490020DF
:1032C000F0F356F1030CA4F88C31A4F88E013BB155
:1032D00000212046404A0B46F3F30CF5C4F8900158
:1032E00000203E49F0F344F1012808BF84F822028F
:1032F0002046F6F391F4002835D000200125C4F8CB
:10330000A40184F82A523649F0F332F120B184F84E
:1033100005523448EFF3DAF200203349F0F328F194
:10332000C0B28DF8260068B100F00F004FF0807336
:103330000AA901F8020D4FF44072009320460F23B2
:10334000FFF7B8FE0AA9082301F8013D63690022CE
:103350001D6F1A674FF0807300932046F023FFF72C
:10336000A9FE63691D67214922462148F4F30CF147
:103370002048F3F3ABF7204B04F58472511C1A601C
:103380000332DA60D4F8F020596004F58571996051
:10339000C3F810805A6105E02046F4F399F2002446
:1033A00000E0044620460BB0BDE8F083880400002E
:1033B00044040000B9850200CB85020010A78800F4
:1033C00051E78000CDE7800091F08000E0850200A9
:1033D0000A86020002860200EDE68000D585020022
:1033E000C1850200E9850200AD85020095E68000F6
:1033F000E03C0100F9E28000BC60010038B5002526
:10340000044680F87951006900F0DEF82046F6F3B2
:10341000F5F5E0682946F9F3F9F2D4F8940128B1FA
:10342000F3F3ECF3D4F89401F3F312F4D4F890012D
:1034300028B1F3F3E3F3D4F89001F3F309F4E0686F
:1034400005F078FFD4F81C3223B11B7813B1204665
:10345000FFF7F5FD2046BDE83840F4F339B210B56A
:103460008469A068FFF7CAFFE06805F061FD0020ED
:1034700010BD000010B584690021342204F11C0045
:10348000EFF3FEF1034BA06863622462F6F32AF3C4
:10349000002010BD91F680002DE9F347274D994695
:1034A0002B680646072B0F46924640DC05F032FD9E
:1034B00080465020F4F3FAF1044600283AD0002167
:1034C0005022EFF3DDF12B68A4F8149084E8480053
:1034D0002761C4F80C80204641F2E4414A46434645
:1034E0008DE88004FFF71CFEA06010B300200A994D
:1034F0000B9A134B8DE84004FEF79AFE074618B16D
:10350000A068FFF77BFF12E0A068F6F367F12B6875
:10351000A0610F210B4A3046EFF318F2F7730A4807
:103520003146EFF3D3F12B6801332B6002E0002426
:1035300000E004462046BDE8FC8700BFD4600100DF
:10354000C1F680003386020013860200F4F3C0B196
:103550002DE9F0411B4F98463B780546072B144652
:1035600026D85420F4F3A2F1064610B300215422C9
:10357000EFF386F13B78002286F8443001333B704C
:103580000123B46086E82001A6F84C20A6F850205C
:10359000A6F84E20A6F85220B3640420F4F386F176
:1035A0000446306440B100210422EFF369F100E0E9
:1035B00000263046BDE8F0813046F4F389F1264616
:1035C000F7E700BFD8600100C26B1AB10023536255
:1035D000826B5362C068FFF7B9BF0000054A064B13
:1035E000D17E1970117F5970517F9970927FDA7076
:1035F000704700BF8C6A0300906001002DE9F04F16
:103600008FB0E9F7A9FD474E474D33680490059305
:103610002B68B3F5805F00F28180444F44493868DD
:10362000EFF3A6F701287AD02B68DFF81C910393FB
:10363000D9F8003000240693DFF810812368DFF802
:1036400010A10793D8F80030DFF808B10893DAF832
:103650000030384A0993DBF80030D7F800C00A93ED
:10366000354B126819680C920B913449301D09686A
:10367000039A0D916146CDF808C00193EFF37CF0F9
:1036800021462A683868EFF3FBF02D4A019BCAF8FF
:1036900000202849294A04981C6014600C604FF0EF
:1036A000FF32311A3C60C9F800402C60C8F8004075
:1036B000CBF80040EFF38CF70599019BCA43904289
:1036C000DDF808C029D1039A06992A60C9F80010CC
:1036D00021681C4AC7F800C01160079A0899226047
:1036E000099AC8F80010CAF800200A990B9ACBF87A
:1036F00000101A600F490C9B039A0B600D9B0F4939
:1037000060460B60311DEFF337F02A68301D21460B
:103710000FB0BDE8F04FEFF3B3B0FEE7FEE70FB038
:10372000BDE8F08F8C6A03009C5C0100985C01008E
:10373000828602004C14000048140000501400005F
:10374000DDBAADBB38140000945C010044140000E5
:10375000341400004014000070470000774B2DE93E
:10376000F04F1B6891B0043B012B03D8744B1868D1
:10377000FFF7F2FFFEF7D2FD00210446F9F334F71C
:1037800020460021F9F300F7054658B12046F9F329
:10379000B3F52B6A002B05DA2046F9F3ADF54FF0AF
:1037A00000432B62E9F7CBFF2046F9F3CBF00EA9DB
:1037B0000822EFF3F1F202462046D4F840B00B9213
:1037C000F9F38CF082462046F9F388F081462046D2
:1037D000F9F384F080462046F9F3EEF007462046E0
:1037E000F9F3EAF006462046F9F3E6F005462046EE
:1037F000F1F334F7014620460C91F1F32FF784469C
:103800002046CDF834C0F1F329F70B9A0C99DDF876
:1038100034C0029208F542484A4A05F5424500F58F
:1038200042400AF5424A09F5424908F5A87807F5E9
:10383000424706F5424605F5A87501F542410CF5EB
:10384000424C00F5A870B8FBF2F8B5FBF2F50CF5A8
:10385000A87CB0FBF2F00AF5A87A09F5A87907F57B
:10386000A87706F5A87601F5A871B1FBF2F1DFF8AB
:10387000F8E0BAFBF2FA02FB1899B7FBF2F702FB89
:10388000156602FB10C2CDF804E0DFF8E0E02E4B35
:10389000B2FBFEF2B9FBFEF9B6FBFEF60891099207
:1038A0002A492B4A2B480093CDF80CB0CDF810A034
:1038B000CDF8149006970796EFF308F0264840F6E7
:1038C0000D0144F2F432FEF785FC38B1224840F68F
:1038D000290144F2F432FEF77DFC20B91F4A204B47
:1038E0001D4D1A6000E00025204605F01BFE44F245
:1038F00018334FF6FF72904214BF02461A4640F644
:1039000012011848FEF766FC1649002818BF00216E
:103910004DB141B1124B28461B685B6898472B6933
:1039200028465B6898472046F9F3E6F42946FEF7F7
:103930001DFE204611B0BDE8F08F00BF50140000FE
:103940004C14000040420F007D8602003F860200BA
:103950007E86020044860200A85C0100D45C01005F
:103960008C040000945D010040390100A086010034
:10397000084670472DE9F04FD1F8FC3091B00B9319
:1039800003F560630446099371E10E22002320468B
:103990000BA9E8F3DBF50F280746204602D1E8F330
:1039A00073F56CE100220BA91346E8F3CFF510F094
:1039B0000E0F40F061818B4E3A0D3E4040F23B438A
:1039C000360A00F4F8789A4208924FEA181804D19F
:1039D00040F6FF739E4200F04A8100F478534FEAAC
:1039E000532B002B00F0438100F4F82A00F47803F5
:1039F000DB0C4FEA9A3A13EB0A02079325D140F207
:103A000067339E4214D10CAB01930DAB02930EAB06
:103A100003930FAB049320460BA913460092E8F3DF
:103A200035F5002800F023810C9BC4F858331EE1C3
:103A300040F2DC539E4208D040F20B539E4204D029
:103A400040F627039E4240F01281D4F8D050314610
:103A500005F1B60344F8237005F1C60344F82300CA
:103A60002046FFF785FF04EB8503C3F8D400002749
:103A70000BE0012220460BA91346E8F367F500F09E
:103A80000E00022840F0F88001374745F1D10CAB19
:103A900001930DAB02930EAB002703930FAB04937E
:103AA00020460BA93A463B460097E8F3EFF420B1D5
:103AB000B94627E04FF0010900E08146402300931A
:103AC0000CAB01930DAB02930EAB039300220FAB33
:103AD000049320460BA91346E8F3D8F40028E9D153
:103AE000B9F1010F0ED00D9B002B40F0C5800F9B4C
:103AF000002B40F0C1800E9AB2F5805F40F0BC8090
:103B00009946DBE70C9A04EB8503C3F814210E9A5F
:103B10000127C3F8D4210CAB01930DAB02930EAB7C
:103B200003930FAB0022049320460BA93B4600925F
:103B3000E8F3ACF460B1012F0AD10E9BB3F5805FBE
:103B400006D10C9904EB8502C2F89411C2F8143224
:103B500001370028DFD137464FF001082E4617E025
:103B60000025002300930CAB01930DAB02930EAB29
:103B700003930FAB049320460BA942462B46E8F370
:103B800085F408B10135ECE7002D75D008F1010886
:103B9000D845E5D135463E4600271FE0C0230093B7
:103BA0000CAB01930DAB02930EAB03930FAB0493DD
:103BB00020460BA93A460023E8F368F400285BD0BE
:103BC0000F9B002B58D10E9BB3F5805F54D127B9C2
:103BD0000C9A05F1A60344F8232001375745DDD19F
:103BE000002739E000FF0F00802300930CAB019306
:103BF0000DAB02930EAB03930FABBBF1010F0CBFE8
:103C00003A467A1C0493204600230BA9E8F33EF4BD
:103C1000089A40F23B439A420DD140F235139E423E
:103C200009D1D4F870330C9904EB83020133C2F844
:103C30007413C4F87033F8B10F9BEBB90E9BB3F556
:103C4000805F19D1BAF1000F05D127B90C9A05F19F
:103C5000A60344F823200137079B9F42C4D1B9F142
:103C6000000F04D1D4F8D0300133C4F8D0300B9B0E
:103C7000099A9342FFF489AE0023C4F8D03011B002
:103C8000BDE8F08F10B5D0F87023002306E0D0F81F
:103C900070134FF44C74C1F800490133043093425F
:103CA000F5D110BD2DE9F843002704461546994685
:103CB0000E46B84609E0304600210422EEF3E0F556
:103CC0000137C6F80080B04676194F45F3DBC4F8DB
:103CD0000080BDE8F88370B50D460446D8B1D1B177
:103CE0000E68C6B1B389CBB9738A03F00303012B05
:103CF00003D1F06908B1F3F3EBF5738A201D23F0CB
:103D0000040373823146EDF361F723890020013B00
:103D10002381286070BD6FF0010070BD6FF00F004F
:103D200070BD2DE9F74F0C9F019116469A46DDF8BC
:103D300034B0BDF838900546002857D00F9B002BB3
:103D400054D0002952D0002A50D0BBF1000F4DD0E2
:103D50009BF80030002B49D000F104084046EDF3F9
:103D600041F70446002844D0B9F1010F0BD157B9EF
:103D700006FB0AF0F3F39AF5074638B940462146A8
:103D8000EDF324F735E04FF0000800E08046002115
:103D900024222046EEF374F5019B0822A360638A77
:103DA000204623F0030349EA030343F0040363823C
:103DB0005946EEF33DF60023B9F1010FE3710CD142
:103DC000A4F814A0C4F81C80A66104F120003946B0
:103DD00032465346FFF766FF01E0EB6863612B89CB
:103DE000002001332B810F9B1C6004E06FF0010069
:103DF00001E06FF01A00BDE8FE8F2DE9F843074699
:103E00000E461546002A2DD000282BD0002929DD8A
:103E10001020F3F34BF5044640B300211022EEF3DB
:103E20002FF5E760242707FB06F966814846F3F380
:103E30003DF5804630B92046F3F34AF56FF01A009D
:103E4000BDE8F88300214A46EEF31AF5204640F813
:103E5000048B41463A463346FFF724FF2C6000208E
:103E6000BDE8F8836FF00100BDE8F8836FF01A0039
:103E7000BDE8F88370B5064660B1046854B1258981
:103E80005DB92068F3F324F52046F3F321F535609E
:103E9000284670BD6FF0010070BD6FF00F0070BD5F
:103EA000FFF719BF1FB50024019203930A4623466A
:103EB00000940294FFF735FF04B010BDFFF70BBF6D
:103EC00051B1032902D80423136003E0033121F028
:103ED00003011160002070476FF0010070472DE969
:103EE000F04186B005460C461E46DDF83080174688
:103EF00012B31BB1B8F1000F03D11DE0B8F1000FF0
:103F00001AD12846214605AAFFF7DAFFB0B92EB12B
:103F1000059B7B4398450FD3B3070DD10D9B2846D6
:103F20000193012302930E9B21460393059A3B467E
:103F30000096FFF7F6FE01E06FF0010006B0BDE865
:103F4000F08110B5044690B1C36823B1406804F114
:103F50000C01FFF7A5FFA36823B1606804F1080115
:103F6000FFF79EFF2046BDE81040F3F3B1B410BD4B
:103F70002DE9FF41074610200D4616469846F3F3FB
:103F800095F40446F8B100211022EEF379F4124AB8
:103F900027606560019204F108020023029228461E
:103FA0000C2132460093FFF79AFF034658B90B4A9B
:103FB0000090019204F10C02029228460C21424624
:103FC000FFF78DFF18B12046FFF7BBFF0024204606
:103FD00004B0BDE8F08100BF908602008886020030
:103FE000FFF7AFBF80697047008A4000704700004C
:103FF000808ACB69B2FBF0F300FB1322D2B242F00D
:1040000000421B0642EA13438B61002300E00133A8
:104010008869094A002802DA9342F8D106E09342FF
:1040200004D0C30005D4C0F3407070474FF6FF7052
:1040300070474FF6FF7070478096980010B58468FF
:10404000002364694B61302CC4BFD1F8F43003F411
:104050007E03C1F8F430BDE81040FFF7C9BF2DE979
:10406000F041002480460F46160125464046394659
:10407000AA19FFF7E3FF4FF6FF73984206D0A84056
:1040800001350443102DA4B2F0D100E004462046CF
:10409000BDE8F081BF230B80FF23138070470139F7
:1040A00006291DD8DFE801F0040A1C1C101C1700AB
:1040B0002023438240238382802310E040234382D5
:1040C00083824FF480730AE060234382402383821B
:1040D0004FF4C07303E010234382402383820382A2
:1040E0000020704701390A2919D8DFE801F00608D5
:1040F0000A0C0E1810181818130040230CE0602347
:104100000AE0802308E0A02306E0C02304E04FF487
:10411000807301E04FF4C073438220238382838A3B
:10412000428A53431B110382002070476FF0160030
:10413000704770B50446058A8068F8F375F400216D
:104140000646A068F9F320F2A2685369222B05DD28
:10415000C36C9B059B0D0733DB08A38510463146D6
:10416000F9F312F2A38D6D00E81A023870BD70B534
:10417000044680680D461646F9F394F030B12046A7
:1041800029463246BDE87040FFF769BF06F58066F4
:1041900035F8160080B270BDF8B504468068164642
:1041A0000F46F8F341F400210546A068F9F3ECF15D
:1041B0003A4601462046FFF7DAFF29463080A068DC
:1041C000F9F3E2F10020F8BD01392DE9F84F04467A
:1041D00091461E460E2971D8DFE801F008187028B4
:1041E000707070347070707070703B0090F82E209A
:1041F000838B0AB1C58C00E0C58BED1AA369D90584
:104200002ED53368AB4233D3A78B36E090F82E20FF
:10421000038C0AB1C58C00E0458CED1AA3699A05A0
:104220001ED53368AB4223D3278C26E083694FF039
:10423000020513F4806F13D03368012B18D9876AF5
:1042400002371AE0878CC58C8369ED1B13F4006F6D
:1042500005E0878BC58C8369ED1B13F4407F04D187
:1042600035606FF01D00BDE8F88F3368AB4204D2B3
:1042700035606FF00D00BDE8F88FA068F8F3D4F357
:1042800000218346A068F9F37FF14FF000088246D1
:1042900009E008EB070220465146FFF768FF08F1E6
:1042A000010829F8020BA845F3D1A0685946F9F393
:1042B0006BF1C6F800800020BDE8F88F6FF00100B8
:1042C000BDE8F88F73B50023ADF80430ADF80630C3
:1042D000836804465B690D46272B05DDCB691B050A
:1042E0001B0D1B11043B06E01B2B06D84FF49262FA
:1042F0009A4002D50C2383620EE0242B01D0272B99
:1043000004D1238A7F2B05D80C2304E0172B01D07E
:10431000182B01DD1423A362EB6903F4E023B3F54A
:10432000803F0ED04FF00443AB61002300E0013327
:10433000AA69002A2E4A02DA9342F8D157E0934242
:1043400055D02B69A26AA361033220462946FFF7A4
:104350000EFF284BA269000903401343A36103F435
:1043600040730022B3F5407F84F82E2002D1012350
:1043700084F82E30A36A0DF106020433A383238A46
:104380002046E383E38401A9FFF784FEBDF80620FD
:10439000BDF80430D61AB6B216B1E3836384A284A2
:1043A000A369DB050AD520462946A26AFFF7DFFE8E
:1043B000000980B200B1E083E38B00E0A38B23848B
:1043C000AEB92046FFF7B5FEA36900EBD0704010F0
:1043D0006084980509D5A26A204629460132FFF774
:1043E000C6FE00096084A08401E0238CA3847CBD08
:1043F0008096980000FFFF00F8B543690546152B2D
:1044000001D0162B3CDD2846F8F340F7064600287D
:1044100036D12846F8F33CF7002833D02846F8F385
:1044200003F3314607462846F9F3AEF00646EAF7AD
:10443000FDF86B690446302B04DDF16901F470412D
:10444000090B03E0A96901F46011C90C91B1F3698A
:1044500003F4E0231B0C012B03D12046FFF742FE9F
:1044600003E013B92046FFF71AFE20463146FFF756
:1044700029FF00E00C4628463946F9F385F002E0B2
:10448000002400E004462046F8BD08B54368DB6818
:10449000984708BD08B543681B68984708BD73B5C1
:1044A000002604460196EAF7C1F84C22314605463B
:1044B000EEF3E6F16369152B2B6001D0162B02D9C0
:1044C000EAF7B8F868606B68D3B1AC602046F8F3DF
:1044D00013F7E8602046F8F3DBF6064620B92046DD
:1044E000012101AAF8F30AF76B6820461B69984777
:1044F000054636B92046314601AAF8F3FFF600E03A
:104500001D4628467CBD2DE9F74399460023044605
:104510000F4690460193F8F3BBF6054620B92046B6
:10452000012101AAF8F3EAF62046F8F3B1F678B1D2
:104530002046F8F3ABF658B92046FFF7B0FF50B16C
:10454000436839465E6942464B46B047064604E03A
:104550006FF0180601E04FF0FF3625B920462946D6
:1045600001AAF8F3CBF63046BDE8FE8382604160D5
:10457000016070472DE9F041541A012C0F461E4688
:10458000069D0EDD2046F3F391F1804670B1394669
:104590002246EEF3F1F0C6F8008000202C60BDE862
:1045A000F081002018602860BDE8F0816FF01A00EB
:1045B000BDE8F0810EB4F3B581680446012945D900
:1045C00008AB4068079A0193EEF3A8F2431C064635
:1045D00003D0A368023B984202DD0020A06036E0D1
:1045E00060683D21EEF3CAF140B367682568C71BD8
:1045F00021E028463A46EEF3ABF0B0B9EB5D3D2B37
:1046000013D12846EEF3E8F16268471C731CDB1BEC
:10461000521BE919D2182846EEF30EF16368DB1B32
:104620006360A368DF19A76008E02B4613F8012B2D
:104630001D46002AFAD161688D42DAD3A368701C46
:104640001B1AA36063681B18636000E00020BDE8CC
:10465000FC4003B0704700002DE9F04FBBB01A904A
:1046600019911B921893002B02F01C874FF4805075
:10467000F3F31CF11290002802F0148737A8129966
:104680004FF48052FFF772FF00214FF480521298CE
:10469000EEF3F6F0189A1168D9B10B78CBB1449AC1
:1046A0001368022B03D814E0013A026000E044983A
:1046B00002688B1813F8014C1CB913F8023C002B4C
:1046C000F2D01298EEF358F04499389A0B68D31848
:1046D000389300238DF89C304FF0FF3215931393DD
:1046E00001231192169302F0A8BE1999012251F8E4
:1046F000046B0023199117921493179949B1F25C36
:104700005F1C1092013AD2B2FD2A0FD8F55D9F1CB2
:104710000DE0F15C4A1ED2B2FD2A109103D880222E
:104720000D46109200E0179D5F1C00E000257B19EC
:10473000B3F5607F82F27E86109B202B28D005D8AF
:10474000152B0BD01B2B42F0708664E010992229A8
:1047500035D030D3802942F0688667E0F3195A7863
:10476000F35D1202D318072B12DDBC1C341922464C
:10477000E14937A8FFF71EFF2046EEF32DF1FA1CA2
:104780001218DE4937A8B218FFF714FF02F04DBE29
:10479000F4196278F35D1202D21837A8D849FFF7EE
:1047A00009FFE378A2781B0237A8D6499A18FFF7C9
:1047B00001FF02F03ABEF25D149202F036BE149B85
:1047C0000C2B02F02D869DF89C30002B42F02D869C
:1047D000F35D042B42F0298607F1020806EB08047A
:1047E0002046EEF3B9F6002842F01F8616F808308E
:1047F000DB0702F11A8627A92046EEF325F311996B
:10480000013142F01286F3199A79DB791202D3183A
:10481000119302F00ABEF319DA799B7937A8BA49E5
:1048200043EA0222FFF7C6FE02F0FFBDF35DF41972
:104830008F2B02F2FA8501A252F823F0399301007E
:104840006B9301005594010015990100F19A010044
:10485000D598010053980100719801007B940100E4
:10486000199B01008D9B0100B59B0100C99B0100B4
:1048700057BC01003B9A0100BB980100F79701006B
:10488000619C0100A19C01004B930100E19C01008F
:10489000EF9C0100119D01001F9D01001793010075
:1048A000D992010057BC0100FD9401002D9D01002B
:1048B0001195010057BC010057BC010057BC010015
:1048C000439D0100879D01009B9D0100BD9E01004D
:1048D00081A0010057BC010057BC010025A20100C6
:1048E000C9920100B9920100A99201009FA30100A1
:1048F000B3A30100C7A30100DBA3010057BC010063
:10490000E99B0100EF94010057BC010057BC010076
:10491000ED930100A7A60100EFA301006B9D01002C
:10492000799D0100B5A601001DB4010057BC01002E
:1049300057BC010057BC010057BC01001D95010088
:1049400047A4010071A40100B3A40100F1A4010077
:104950002FA501006DA50100ABA50100E9A501008F
:10496000FDA5010057BC0100C595010057BC010021
:1049700057BC010057BC0100D797010031950100D9
:1049800057BC010057BC010057BC010057BC0100D7
:1049900071B4010057BC01000B9801002BA7010066
:1049A000FBA7010051A901003BAA010025AB0100B2
:1049B0005FAB0100E7AB010035AC010043AD010086
:1049C000CDAE010079AF010025B001008FB4010028
:1049D0007B9601003B97010071B00100ADB1010071
:1049E000B9B20100C5B30100D5B40100AFB60100F2
:1049F000E7B4010005B5010023B5010041B5010090
:104A000053B5010065B5010077B5010089B5010016
:104A1000F3B50100FFB501000BB601002FBC01008A
:104A200057BC010057BC010057BC010057BC010036
:104A300057BC010057BC010057BC010057BC010026
:104A400057BC010011A6010085A6010057BC01005A
:104A500057BC010001B7010069B70100EFB70100C1
:104A600075B80100A1B90100B3B90100BFB90100D7
:104A7000E9B90100E1BA0100D9BB01004FEA950A8A
:104A80005FFA8AFA4FF0000801F03CB84FEA550986
:104A90005FFA89F94FF0000801F005B84FEA5509AF
:104AA0005FFA89F94FF0000800F0EBBF07F1010849
:104AB00006EB08042046EEF34FF5002842F0B584DB
:104AC00016F80830D80702F1B084204627A9EEF383
:104AD000BBF1119B013342F0A884F3195A799B79F9
:104AE0001202D318119302F0A0BCA37862781B02C3
:104AF0009A18119202F099BCDE9302000589020017
:104B0000378F0200748A020043920200647837A84B
:104B1000A54922461694FFF74DFD02F086BCE378C6
:104B200022791B0443EA0263627837A81343A27810
:104B30009E4943EA0222FFF73DFD02F076BCA278CF
:104B400063781202D2189A4937A8FFF733FD227909
:104B5000E378120237A89749D218FFF72BFD062DEC
:104B600042F26384A2796379120237A89249D2187B
:104B7000FFF720FD082D42F25884237AE2791B02C8
:104B800037A88E499A18FFF715FD0A2D42F24D8479
:104B900007F10A0807F1090416F80820335D12022C
:104BA000D21837A88649FFF705FD16F80830325DA0
:104BB0001B0237A883499A18FFF7FCFC02F035BCAA
:104BC000814B0622B5FBF2F21A704FF000089946AD
:104BD00024E0434610217D4A1DA8EDF3B7F6434675
:104BE00010217B4A2FA8EDF3B1F66378A2781DA9B6
:104BF00043EA022237A8FFF7DDFC6379A2791B04A0
:104C000043EA0263E27837A8134322792FA943EAE3
:104C10000222FFF7CFFC08F10108063499F80030B2
:104C20009845D6DB02F001BC022D06D137A86949B0
:104C30006278FFF7BFFC02F0F8BBA37862781B0232
:104C400037A864499A18FFF7B5FC02F0EEBBA278CA
:104C500063781202042D1A4405D92379E1781B06E2
:104C600009045B181A4337A85B49FFF7A3FC062D1C
:104C700042F2DB83F3199A7959791202082D0A441A
:104C800005D9197ADB7909061B04C9180A4337A824
:104C90005249FFF78FFC0A2D42F2C783F3199A7A23
:104CA000597A12020C2D0A4405D9197BDB7A0906C0
:104CB0001B04C9180A4337A84949FFF77BFC02F0D7
:104CC000B4BB37A847496278FFF774FC02F0ADBB6C
:104CD000A37862781B0237A83A499A18FFF76AFC52
:104CE00002F0A3BB01350021EDB2179102F09DBB8C
:104CF000A378627837A83C4942EA0322FFF75AFCBE
:104D000002F093BB94F803A023794FEA0A4A4AEAD7
:104D1000036A6378B5F1050B4AEA030A48BFA5F1B7
:104D2000020BA3784FEAAB0B4AEA032A5FFA8BFB2C
:104D30004FF0000824E043441021244A2FA8EDF34B
:104D400005F699F8003010214344214A1DA8EDF3DF
:104D5000FDF552462FA937A8FFF72CFCE3782279FE
:104D60001B0443EA0263627837A81343A2781DA9A3
:104D700043EA0222FFF71EFC0AF1040A08F10108C7
:104D8000DFF844900434D84599F80030D3DB9B44D5
:104D900089F800B002F049BB0B4BEA081A704FF0DB
:104DA000000899464DE000BF2C94020034900200A8
:104DB000628D02005A9402008E8A02008D870200E2
:104DC00088900200FF8F020028610100003E010070
:104DD0000B3E01001F930200D98D0200238A0200BE
:104DE000348A0200298B0200AF8D02004346102155
:104DF000B14A1DA8EDF3AAF543461021AF4A2FA8EA
:104E0000EDF3A4F5E37822791B0443EA02636278A8
:104E10001DA91343A27837A843EA0222FFF7CAFB71
:104E2000E379227A1B0443EA0263627937A81343C9
:104E3000A2792FA943EA0222FFF7BCFB08F101087F
:104E4000083499F800309845D0DB02F0EEBA94F8B7
:104E500003A023794FEA0A4A4AEA036A6378B5F164
:104E6000050B4AEA030A48BF05F1020BA3784FEA93
:104E7000EB0B4AEA032A5FFA8BFB4FF000083BE09A
:104E8000434410218C4A2FA8EDF360F599F80030C7
:104E9000102143448A4A1DA8EDF358F599F80030D3
:104EA00010214344874A33A8EDF350F552462FA909
:104EB00037A8FFF77FFBE379227A1B0443EA0263FA
:104EC000627933A91343A27937A843EA0222FFF794
:104ED00071FBE37A227B1B0443EA0263627A37A800
:104EE0001343A27A1DA943EA0222FFF763FB0AF1EA
:104EF000080A08F101080834DFF8CC91D84599F880
:104F00000030BDDB9B4489F800B002F08EBA6E4BD6
:104F10000C22B5FBF2F21A704FF0000899463EE001
:104F200043461021644A33A8EDF310F5434610219F
:104F3000634A1DA8EDF30AF543461021614A2FA8E4
:104F4000EDF304F5E37822791B0443EA0263627807
:104F500033A91343A27837A843EA0222FFF72AFBBA
:104F6000E379227A1B0443EA026362792FA913438F
:104F7000A27937A843EA0222FFF71CFBE37A227BDF
:104F80001B0443EA0263627A37A81343A27A1DA97D
:104F900043EA0222FFF70EFB08F101080C3499F8EE
:104FA00000309845BCDB02F040BAE37822791B045C
:104FB00043EA0263627837A81343A278434943EA7D
:104FC0000222FFF7F7FA02F030BAA378627837A826
:104FD0003F4942EA0322FFF7EDFA02F026BA4FF00A
:104FE0000509B5FBF9F95FFA89F94FF0000816E0F9
:104FF00063781021374A2FA8EDF3A8F4237962795A
:105000001B0443EA0263A27837A81343E2782FA96E
:1050100043EA0222FFF7CEFA08F101080534C84539
:10502000E6DB02F002BA37A82B496278FFF7C2FA32
:10503000022D42F2FA8137A82849A278FFF7BAFA7E
:1050400002F0F3B9002237A825496378FFF7B2FAD6
:10505000022D42F22D82012237A82149A378FFF7C1
:10506000A9FA032D02F02482022237A81C49E37812
:10507000FFF7A0FA042D02F0D681032237A81849C1
:105080002379FFF797FA0122139202F0CEB96278E2
:1050900037A81249FFF78EFA37A811490122A378E1
:1050A000FFF788FA02F0C1B937A80E496278FFF716
:1050B00081FA02F0BAB900BF003E01000B3E0100C8
:1050C000163E0100223E01002861010045870200D2
:1050D000299002002E3E01006A8A020031910200EE
:1050E0009C8702005A8B0200AB1E0E2B02F29D81A0
:1050F00001A151F823F000BF6199010057BC0100E4
:1051000057BC010057BC010057BC0100D9990100F0
:10511000A7990100879901006F99010057BC010010
:1051200057BC0100D9990100A79901008799010096
:105130006F99010037A8A9496278FFF73BFA02F09E
:1051400074B937A8A649627AFFF734FA0C2D8CBFE0
:105150004FF009084FF0000801E04FF00008F31984
:1051600037A89E491A7AFFF725FA0C2D07D9B8F10E
:10517000000F08BF4FF0080801E04FF0000807F1EA
:105180000709984916F8092037A8FFF713FA0022F3
:1051900037A8954916F80930FFF70CFA0C2D07D9F6
:1051A000B8F1000F08BF4FF0070801E04FF000080A
:1051B0004FF00009A27863788C491202494437A85D
:1051C000D21809F10909FFF7F5F90234B9F11B0FFB
:1051D000F0D10C2D42F22981B8F1000F08BF4FF039
:1051E0000608834CB844B04404F1240998F802201E
:1051F00098F801301202214637A8D2180C34FFF774
:10520000D9F94C4508F10208F0D102F00EB9142D7D
:1052100019D0172D03D0132D42F0078119E006EBAA
:105220000708744998F8162037A8FFF7C3F97249A0
:1052300098F8152037A8FFF7BDF937A86F4998F8F7
:105240001420FFF7B7F9F31937A86D49DA7CFFF797
:10525000B1F9A946A2464FF000082546AA786B7816
:1052600068491202414437A8D21808F10908FFF72B
:10527000A1F90235B8F11B0FF0D14D464FF00008EF
:10528000227AE37960491202414437A8D21808F122
:105290000B08FFF78FF90234B8F1210FF0D1002489
:1052A0009AF80E209AF80D3058491202091937A8B9
:1052B000D2180B34FFF77EF9212C0AF1020AEFD144
:1052C00002F0B3B8E1786278A3780091217937A829
:1052D000019161790291A1790391E1790491217A97
:1052E00005914B49FFF766F902F09FB8A9464FF0C8
:1052F0000008254615F8013FFF2B04D037A8454983
:105300004246FFF757F908F10108B8F1040FF1D14F
:10531000B9F10C0F4D4642F2888004EB08035B782C
:10532000FF2B04D037A83B494246FFF743F908F169
:105330000108B8F10C0FF0D1102D42F2768004EB89
:1053400008035B78FF2B04D037A832494246FFF7A9
:1053500031F908F10108B8F1100FF0D102F065B889
:10536000627837A80AB1A3781BB92B49FFF722F955
:1053700002E02A49FFF71EF9F31937A82849DA781D
:10538000FFF718F902F051B8A378627837A82549D9
:1053900042EA0322FFF70EF902F047B8E3782279D8
:1053A0001B0443EA0263627837A81343A2781E49BC
:1053B00043EA0222FFF7FEF802F037B837A81B498C
:1053C0006278FFF7F7F8022D42F22F8037A81849CC
:1053D000A278FFF7EFF802F028B800BF368E02007F
:1053E000D38E02009B9302004A890200D38B0200F5
:1053F000B38F0200BD8D0200E6900200E786020036
:10540000C68B0200E98D020096900200B78602006A
:10541000A6870200458A02003992020084950200A4
:10542000A78C02003C8D0200CB870200A7940200EB
:10543000E89402007C1C325D37A8764902F00F0226
:10544000FFF7B8F8325D37A81209BC1C7249FFF7A4
:10545000B1F8325D37A8714902F00702FFF7AAF8E8
:10546000325D37A8D2086E4902F00302FFF7A2F8B6
:1054700001F0DBBF7C1C325D37A86A4902F00F02E5
:10548000FFF798F8325D37A81209BC1C6649FFF790
:1054900091F8325D37A8654902F00702FFF78AF8F4
:1054A000325D37A8D208624902F00302FFF782F8A2
:1054B00001F0BBBF37A85F496278FFF77BF801F0C6
:1054C000B4BF627837A85C49FFF774F8A27837A8B0
:1054D0005A49FFF76FF837A85949E278FFF76AF899
:1054E00001F0A3BF37A857496278FFF763F801F0CE
:1054F0009CBF37A854496278FFF75CF801F095BF6C
:10550000A2786378120637A8504942EA0322FFF7CF
:1055100051F801F08ABF627837A84D49FFF74AF881
:10552000A27837A84B49FFF745F82379E2781B02A8
:1055300037A849499A18FFF73DF801F076BF37A818
:1055400046496278FFF736F801F06FBF37A8444943
:105550006278FFF72FF801F068BFA37862781B022A
:1055600037A840499A18FFF725F801F05EBF94F874
:10557000028063784FEA082898441FFA88F83A496D
:105580004FEAD82237A8FFF715F808F4E062120AAC
:10559000364937A8FFF70EF808F0F802D208344968
:1055A00037A8FFF707F808F006025208314937A874
:1055B000FFF700F837A8304908F00102FEF7FAFFBC
:1055C000042D41F232872379E4781B021C19A4B21E
:1055D000E20A37A82949FEF7EDFF04F4E062120A57
:1055E00037A82749FEF7E6FF04F0F802D20837A8EB
:1055F0002449FEF7DFFF04F00602520837A82249CB
:10560000FEF7D8FF37A8214904F00102FEF7D2FFC8
:1056100001F00BBFF487020042880200C68E020030
:1056200039880200BF94020038870200558C0200BE
:10563000438E020093920200E6930200478D02001F
:10564000D4930200B7930200E78E0200AC8E0200F2
:10565000048E0200CC8D02000E900200438F0200E7
:10566000F29402009B8C0200F5880200CC940200A8
:105670006D870200E4880200D9940200769202004D
:10568000888B0200E3890200F18E0200A8930200D9
:1056900000226378674937A8FEF78CFF4FF00008B7
:1056A0006549A27837A8FEF785FFCDF800802279FA
:1056B000E3781202D318019302226049434637A8C7
:1056C000FEF778FFCDF80080A27963791202D31833
:1056D000019302220123594937A8FEF76BFFCDF849
:1056E0000080227AE3791202D3180222019337A8AC
:1056F00052491346FEF75EFF1E2D41F29686627AEE
:1057000037A84F49FEF756FFA27A37A84D49FEF752
:1057100051FFE27A37A84C49FEF74CFF227B37A8AD
:105720004A49FEF747FFCDF80080A27B637B120257
:10573000D31801930522434637A84049FEF73AFFA4
:10574000CDF80080227CE37B1202D318019305225E
:10575000012337A83949FEF72DFFCDF80080A27C40
:10576000637C1202D31801930522022337A8334920
:10577000FEF720FFCDF80080CDF80480227DE37C89
:105780001202D318029305226C234FF0010937A8A7
:105790002F49FEF70FFFCDF80090CDF80480A27DD1
:1057A000637D1202D318029305226C234FF0020A84
:1057B00037A82749FEF7FEFECDF800A0CDF80480FB
:1057C000227EE37D1202D318029305226C2337A8B0
:1057D0001F49FEF7EFFECDF80080CDF80480A27ED1
:1057E000637E1202D31802930522682337A8184952
:1057F000FEF7E0FECDF80090CDF80480227FE37E36
:105800001202D3180293052237A868231049FEF725
:10581000D1FECDF800A0CDF80480A37F627F1B02EB
:105820009B18029337A80A4905226823FEF7C2FE97
:1058300001F0FBBD4A8902002C880200A686020006
:10584000E4910200C2920200409002007B940200A8
:1058500026920200012263789C4937A8FEF7AAFE2F
:105860004FF001089A49A27837A8FEF7A3FECDF8B9
:1058700000802279E3781202D318019302220023D8
:10588000944937A8FEF796FECDF80080A279637997
:105890001202D318019302228E49434637A8FEF71D
:1058A00089FECDF80080227AE3791202D318022211
:1058B000019337A887491346FEF77CFE1E2D41F25F
:1058C000B485627A37A88449FEF774FEA27A37A8B5
:1058D0008249FEF76FFEE27A37A88149FEF76AFE39
:1058E000227B37A87F49FEF765FECDF80080A27BBA
:1058F000637B1202D31801930522002337A8754950
:10590000FEF758FECDF80080227CE37B1202D3180C
:1059100001930522434637A86E49FEF74BFECDF8AA
:105920000080A27C637C1202D3180193052202231B
:105930004FF0000937A86749FEF73CFECDF800900C
:10594000CDF80480227DE37C1202D3180293052255
:105950006C2337A86449FEF72DFECDF80080CDF802
:105960000480A27D637D1202D318029305226C236A
:105970004FF0020A37A85C49FEF71CFECDF800A0E4
:10598000CDF80480227EE37D1202D3180293052213
:105990006C2337A85449FEF70DFECDF80090CDF8E2
:1059A0000480A27E637E1202D3180293052268232C
:1059B00037A84D49FEF7FEFDCDF80080CDF80480F4
:1059C000227FE37E1202D3180293052237A86823B0
:1059D0004549FEF7EFFDCDF800A0CDF80480A37F88
:1059E000627F1B029B18029337A83F490522682358
:1059F000FEF7E0FD01F019BDA27863781202D2181B
:105A00003A4937A8FEF7D6FDA279637912061B043E
:105A1000D218237937A81B02D218E3783449D21858
:105A2000FEF7C8FD122D41F20085A27A637A1206B4
:105A30001B04D218237A37A81B02D218E3792D4908
:105A4000D218FEF7B7FDA27B637B12061B04D218A7
:105A5000237B37A81B02D218E37A2749D218FEF716
:105A6000A9FDA27C637C12061B04D318227C37A8F4
:105A700012029B18E27B21499A18FEF79BFD01F068
:105A8000D4BCA27863781202D31800930222434652
:105A900037A81B4908F10108FEF78CFD0234C84500
:105AA000EFDD01F0C2BCA27863781202D318009334
:105AB0000522434637A8124908F10108FEF77AFD8E
:105AC0000234C845EFDD01F0B0BC00BF4A890200D6
:105AD000DA8E0200A6860200F2910200CF92020046
:105AE0004B9402008A9402002692020086920200E1
:105AF00098860200169102008C930200028F020029
:105B0000138A0200CDF80080A27863781202D318BD
:105B1000019305226C2337A8BB4908F10108FEF761
:105B200049FD0234D045EDDD4FEA55095FFA89F9A8
:105B300009F1010B09F10209B944BB4406EB090460
:105B40004FF00008CDF800802278C9EB040313F869
:105B50000B301202D31801930522682337A8AA49F3
:105B600008F10108FEF726FD0234D045EADD01F018
:105B70005CBCA37862781B0237A8A4499A18FEF788
:105B800019FD01F052BCA37862781B0237A8A04926
:105B90009A18FEF70FFD01F048BCA37862781B024B
:105BA00037A89C499A18FEF705FD01F03EBCA37882
:105BB00062781B0237A898499A18FEF7FBFC01F09F
:105BC00034BC2279E37812061B04D218A37837A8D4
:105BD0001B02D21863789149D218FEF7EBFC227AA7
:105BE000E37912061B04D218A37937A81B02D21836
:105BF00063798B49D218FEF7DDFC227BE37A12062B
:105C00001B04D318A27A37A812029B18627A85491E
:105C10009A18FEF7CFFC01F008BCA2786378120254
:105C200037A88149D218FEF7C5FC042D41F2FD8347
:105C30002379E2781B0237A87C499A18FEF7BAFC50
:105C400001F0F3BB2279E37812061B04D218A37883
:105C500037A81B02D21863787549D218FEF7AAFC40
:105C6000062D41F2E283227AE37912061B04D3184F
:105C7000A27937A812029B1862796E499A18FEF72A
:105C800099FC01F0D2BBDFF8BC914FF00108A845A8
:105C900081F2CB832279E37812061B04D218A37811
:105CA00049461B02D218637837A8D21808F10408B5
:105CB000FEF780FC0434B8F1190F09F11809E6D198
:105CC00001F0B3BBDFF880914FF00108A84581F2E5
:105CD000AC832279E37812061B04D218A3784946D4
:105CE0001B02D218637837A8D21808F10408FEF70F
:105CF00061FC0434B8F10D0F09F11309E6D101F08C
:105D000094BBDFF848914FF00108A84581F28D83DC
:105D10002279E37812061B04D218A37849461B02A5
:105D2000D218637837A8D21808F10408FEF742FCAD
:105D30000434B8F10D0F09F11409E6D101F075BB77
:105D4000DFF80C914FF00108A84581F26E832279AB
:105D5000E37812061B04D218A37849461B02D21816
:105D6000637837A8D21808F10408FEF723FC04343E
:105D7000B8F10D0F09F11409E6D101F056BBDFF8B7
:105D8000D4904FF00108A84581F24F832279E3783F
:105D900012061B04D218A37849461B02D218637856
:105DA00037A8D21808F10408FEF704FC0434B8F14F
:105DB0000D0F09F11409E6D101F037BBA378627821
:105DC0001B0237A81C499A18FEF7F4FB01F02DBB03
:105DD000A37862781B0237A818499A18FEF7EAFBE5
:105DE00001F023BB2279E37812061B04D318A278B2
:105DF000647812029B1837A8114901221B19FEF77B
:105E0000D9FB01F012BB00BF00920200F48F020028
:105E1000B7900200808902005989020016910200A1
:105E20008C930200028F02009C920200AF9202004B
:105E3000A9910200C0910200B98E020037940200BD
:105E40003B910200998A0200628C0200978802004E
:105E500048950200F09302002279E37812061B04B1
:105E6000D318A278647812029B1837A897490222A7
:105E70001B19FEF79FFB01F0D8BA37A89449627846
:105E8000FEF798FB01F0D1BA9249627807F1020857
:105E900037A8FEF78FFB16F808208F49120937A89C
:105EA000FEF788FB16F8082037A88C4902F00F028D
:105EB000FEF780FB032D41F2B882E27837A88849CB
:105EC000FEF778FB07F10508227937A88549FEF728
:105ED00071FB16F8082037A892088349FEF76AFB81
:105EE00016F8082037A8814902F00302FEF762FB8A
:105EF00037A87F49A279FEF75DFB01F096BA94F8C6
:105F0000028063784FEA082898441FFA88F84FEA1D
:105F1000D82237A87749FEF74DFB08F480630222A8
:105F20009B0A37A87449FEF745FB08F40073022268
:105F30005B0A37A87149FEF73DFB08F4F8730222AB
:105F40001B0937A86E49FEF735FB08F00E03022245
:105F50005B0837A86B49FEF72DFB022208F001030E
:105F600037A86949FEF726FB2379E4781B021C1940
:105F7000A4B2E20A37A86549FEF71CFB04F480636B
:105F800005229B0A37A85C49FEF714FB04F4007352
:105F900005225B0A37A85949FEF70CFB04F4F87395
:105FA00005221B0937A85649FEF704FB04F00E032F
:105FB00005225B0837A85349FEF7FCFA37A8524977
:105FC000052204F00103FEF7F5FA01F02EBAA278DB
:105FD00063781202D21837A84D49FEF7EBFA94F80D
:105FE00004E0E3784FEA0E2E0022734437A84949B3
:105FF000FEF7E0FA217AE27909028A1894F806E0BD
:1060000063790092A17A627A09024FEA0E2E8A1809
:106010007344019237A800223F49FEF7CBFA227B56
:10602000E37A0092627B37A80192A27B3B490292FD
:106030000022FEF7BFFAA17C627C09028A1894F85C
:1060400010E0E37B0092217DE27C09028A18019234
:10605000A17D627D09028A180292217EE27D0902F9
:106060008A180392A17E627E09028A180492217F17
:10607000E27E09028A180592A17F627F09028A18CE
:10608000069294F82010E27F09028A18079294F889
:10609000221094F8212009028A18089294F82410FA
:1060A00094F8232009028A18099294F8262094F87B
:1060B0002510120252184FEA0E2E0A9237A81849DC
:1060C00000227344FEF776FA01F0AFB93B9102006B
:1060D000508D0200808A0200328B0200FF8902008C
:1060E000D7870200958B0200099102008791020078
:1060F000129202006E8D02009B910200118F02002D
:10610000D791020099940200C1930200D886020040
:10611000458C02004A89020021870200A88B0200F8
:10612000EE8B020094F802E063784FEA0E2E012213
:10613000734437A8AA49FEF73DFAA17962790902AA
:106140008A1894F804E0E3780092217AE27909024F
:106150004FEA0E2E8A187344019237A80122A149F2
:10616000FEF728FAA27A637A0092E27A37A80192BF
:10617000227B9D4902920122FEF71CFA217CE27BE0
:1061800009028A1894F80EE0637B0092A17C627C7D
:1061900009028A180192217DE27C09028A18029282
:1061A000A17D627D09028A180392217EE27D0902A7
:1061B0008A180492A17E627E09028A180592217FC4
:1061C000E27E09028A180692A17F627F09028A187C
:1061D000079294F82010E27F09028A18089294F836
:1061E000221094F8212009028A18099294F8242098
:1061F00094F82310120252184FEA0E2E0A9237A872
:106200007A4901227344FEF7D5F901F00EB994F8EA
:1062100002E063784FEA0E2E0222734437A87049D9
:10622000FEF7C8F9A179627909028A1894F804E0A6
:10623000E3780092217AE27909024FEA0E2E8A1859
:106240007344019237A802226649FEF7B3F9A27A95
:10625000637A0092E27A37A80192227B6249029225
:106260000222FEF7A7F9217CE27B09028A1894F842
:106270000EE0637B0092A17C627C09028A18019285
:10628000217DE27C09028A180292A17D627D0902C9
:106290008A180392217EE27D09028A180492A17E67
:1062A000627E09028A180592217FE27E09028A181D
:1062B0000692A17F627F09028A18079294F8201043
:1062C000E27F09028A18089294F8221094F821209B
:1062D00009028A18099294F8242094F823101202D3
:1062E00052184FEA0E2E0A9237A8404902227344F0
:1062F000FEF760F901F099B8627837A83C49FEF7DB
:1063000059F90122A37837A83A49FEF753F9022236
:10631000E37837A83749FEF74DF96379227903F01E
:1063200001031B0237A834499A18FEF743F901F01C
:106330007CB8A27863781202D31800932822002335
:1063400037A82E49FEF736F92279E3781202D318DE
:1063500000932822012337A82849FEF72BF9A279B8
:1063600063791202D31800932822022337A8234905
:10637000FEF720F9227AE3791202D3180093502213
:10638000002337A81D49FEF715F9A27A637A120295
:10639000D31800935022012337A81849FEF70AF9B1
:1063A000237BE27A1B029B18009337A813495022E3
:1063B0000223FEF7FFF801F038B8A27863781202E2
:1063C000D21837A80E49FEF7F5F82379E2781B02B8
:1063D00037A80C499A18FEF7EDF801F026B800BF6F
:1063E0004A89020021870200A88B0200EE8B02007E
:1063F000E5870200F48602002D930200F59002006A
:10640000118802005292020094F804E0E3784FEA07
:106410000E6E1B049E44A3786C221B029E4463787C
:1064200037A873449749FEF7C5F894F808E0E37974
:106430004FEA0E6E1B049E44A3796C221B029E44FD
:10644000637937A873449049FEF7B4F894F80CE0E8
:10645000E37A4FEA0E6E1B049E44A37A6D221B0260
:106460009E44637A37A873448649FEF7A3F894F8EC
:1064700010E0E37B4FEA0E6E1B049E44A37B6D226B
:106480001B029E44637B37A873447F49FEF792F852
:1064900094F814E0E37C4FEA0E6E1B049E44A37C48
:1064A00068221B029E44637C37A873447549FEF73B
:1064B00081F894F818E0E37D4FEA0E6E1B049E44C9
:1064C000A37D68221B029E44637D37A873446E49F6
:1064D000FEF770F894F81AE0637E4FEA0E2E6C22F5
:1064E000734437A86949FEF765F894F81CE0E37E29
:1064F0004FEA0E2E6D22734437A86449FEF75AF80E
:10650000A37F647F1B0237A8604968221B19FEF72E
:1065100051F800F08ABF94F802E063784FEA0E2E3B
:106520007344682237A85A49FEF744F82279E37881
:106530001202D318009368226C2337A85549FEF73E
:1065400039F8A27963791202D318009368226C2378
:1065500037A85149FEF72EF8227AE3791202D318B0
:10656000009368226D2337A84A49FEF723F8A27AE0
:10657000637A1202D318009368226D2337A8464924
:10658000FEF718F8227BE37A1202D31868220093F0
:1065900037A813463F49FEF70DF8A27B637B120232
:1065A000D3186822009337A813463B49FEF702F838
:1065B00094F810E0E37B4FEA0E2E73446C2237A868
:1065C0003349FDF7F7FFA27C637C1202D3186C22DB
:1065D000009337A813462F49FDF7ECFF227DE37C9B
:1065E0001202D3186C22009337A813462A49FDF7EC
:1065F000E1FFA27D637D1202D31800936C2207F1A4
:1066000018086D2337A82349FDF7D4FF16F8082092
:10661000E37D1202D31800936C226D2307F11A094F
:1066200037A81D49FDF7C6FF16F80920637E120240
:10663000D31800936C22682337A81649FDF7BAFFD8
:10664000227FE37E1202D31800936C22682337A8BE
:106650001149FDF7AFFFA37F16F808E01B0268227F
:10666000734437A80D49FDF7A5FF94F8203016F8BC
:1066700009401B0237A809496C221B19FDF79AFF34
:1066800000F0D3BE328C02008F950200DC92020033
:10669000248F0200D78F0200428B0200688B020019
:1066A0006378002237A8AA4903F01F03FDF782FF91
:1066B000A378012237A8A64903F01F03FDF77AFF4C
:1066C000E378022237A8A24903F01F03FDF772FF07
:1066D0006279237902F01F020092A27937A802F0B2
:1066E0001F020192E2799B4902F01F02029203F01D
:1066F0001F030022FDF75EFF627A237A02F01F0279
:106700000092A27A37A802F01F020192E27A914920
:1067100002F01F02029203F01F030122FDF74AFF5D
:10672000627B237B02F01F020092A27B37A802F05B
:106730001F020192E27B874902F01F02029203F0DE
:106740001F030222FDF736FF00F06FBE63780022C0
:1067500037A8814903F03F03FDF72CFFA3780122FE
:1067600037A87D4903F01F03FDF724FFE3780222D9
:1067700037A8794903F01F03FDF71CFF62792379DD
:1067800002F03F020092A27937A802F03F02019284
:10679000E279724902F03F02029203F03F030022C5
:1067A000FDF708FF627A237A02F01F020092A27AB4
:1067B00037A802F01F020192E27A684902F01F0234
:1067C000029203F01F030122FDF7F4FE627B237B9C
:1067D00002F01F020092A27B37A802F01F02019272
:1067E000E27B5E4902F01F02029203F01F030222C5
:1067F000FDF7E0FE00F019BE0022637837A8584983
:10680000FDF7D8FE0122A37837A85549FDF7D2FE3F
:106810000222E37837A85249FDF7CCFE0022237903
:1068200037A85049FDF7C6FE0122637937A84D49C4
:10683000FDF7C0FE37A84B490222A379FDF7BAFE47
:1068400000F0F3BD94F8028063784FEA082898447A
:106850001FFA88F84FEAD83300930522002337A89F
:106860004149FDF7A7FE08F4F043DB12009305222F
:10687000002337A83D49FDF79DFE08F4E0631B1295
:1068800000930522002337A83949FDF793FE08F04D
:106890008003DB1100930222002337A83249FDF761
:1068A00089FE08F07803DB1000930222002337A84A
:1068B0002E49FDF77FFE08F0070300930222002314
:1068C00037A82B49FDF776FE2379E4781B021C19C3
:1068D000A4B24FF000084FEAD4390522682337A844
:1068E000244904F4F04A4FEAEA2A8DE8000304F44C
:1068F000E064FDF75FFE0522682337A81E492412D5
:106900008DE80005FDF756FE682337A81B490522D0
:10691000CDF800800194FDF74DFE052237A86D23C8
:1069200014498DE80003FDF745FE05226D2337A8C5
:1069300011498DE80005FDF73DFE37A80F490522F6
:106940006D23CDF800800194FDF734FE00F06DBD9D
:10695000B18C02006689020032890200C3900200F5
:106960004C8E02007D8B02000593020065940200AC
:106970004F90020005870200528A0200118E020029
:1069800094F8028063784FEA082898441FFA88F840
:106990004FEAD83300930522012337A8B549FDF704
:1069A00009FE08F4F043DB1200930522012337A807
:1069B000B149FDF7FFFD08F4E0631B1200930522C7
:1069C000012337A8AD49FDF7F5FD08F08003DB1181
:1069D00000930222012337A8A649FDF7EBFD08F03A
:1069E0007803DB1000930222012337A8A249FDF7A8
:1069F000E1FD08F0070300930222012337A89F4915
:106A0000FDF7D8FD2379E4781B021C19A4B24FF0DE
:106A100001084FEAD4390522682337A8984904F4BD
:106A2000F04A4FEAEA2A8DE8000304F4E064FDF737
:106A3000C1FD0522682337A8924924128DE800057C
:106A4000FDF7B8FD682337A88F490522CDF80080EF
:106A50000194FDF7AFFD052237A86D2388498DE825
:106A60000003FDF7A7FD05226D2337A885498DE8B2
:106A70000005FDF79FFD37A8834905226D23CDF85A
:106A800000800194FDF796FD00F0CFBC94F80280E1
:106A900063784FEA082898441FFA88F84FEAD833F9
:106AA00000930522022337A87249FDF783FD08F4FD
:106AB000F043DB1200930522022337A86E49FDF74D
:106AC00079FD08F4E0631B1200930522022337A826
:106AD0006A49FDF76FFD08F080030222DB11009385
:106AE00037A813466349FDF765FD08F078030222D5
:106AF000DB10009337A813465F49FDF75BFD0222C8
:106B000008F00703009337A813465C49FDF752FDD0
:106B10002379E4781B021C19A4B24FF002084FEA53
:106B2000D4390522682337A8554904F4F04A4FEABE
:106B3000EA2A8DE8000304F4E064FDF73BFD05223A
:106B4000682337A84F4924128DE80005FDF732FD70
:106B50000522682337A84C49CDF800800194FDF741
:106B600029FD6D2337A8464905228DE80003FDF76E
:106B700021FD052237A86D2342498DE80005FDF768
:106B800019FD37A8404905226D23CDF800800194F6
:106B9000FDF710FD00F049BC94F802E063784FEA7D
:106BA0000E2E2822734437A83849FDF703FD94F8C8
:106BB00004E0E3784FEA0E2E2822734437A83449C4
:106BC000FDF7F8FC94F806E063794FEA0E2E5022A8
:106BD000734437A82D49FDF7EDFC237AE4791B02B5
:106BE00037A82B4950221B19FDF7E4FC00F01DBC0F
:106BF000A27863780092E2782521019222791DA87B
:106C0000029262790392A2790492E2790592227A41
:106C10000692627A0792A27A0892E27A0992227B1D
:106C20000A92627B0B92A27B0C92E27B0D92227CF9
:106C30000E92184AEBF38AF637A817491DAAFDF7FA
:106C4000B9FCF2E37C1C325D37A8144902F07F02E4
:106C5000FDF7B0FC325D37A81149D209FDF7AAFC57
:106C6000E3E3A378627837A80E4942EA0322FDF7EE
:106C7000A1FCDAE305930200659402004F90020044
:106C800005870200528A0200118E02004C91020018
:106C9000148902003A3E010068910200B294020099
:106CA0006692020070910200A378627837A8944936
:106CB00042EA0322FDF77EFCB7E3E37822791B0466
:106CC00043EA0263627837A81343A2788D4943EA06
:106CD0000222FDF76FFCA8E3E37822791B0443EA64
:106CE0000263627837A81343A278874943EA0222F5
:106CF000FDF760FC99E3E37822791B0443EA026321
:106D0000627837A81343A278804943EA0222FDF74C
:106D100051FC8AE3A378627837A87D4942EA0322CE
:106D2000FDF748FC81E3A378627837A8794942EA05
:106D30000322FDF73FFC78E3A378627837A8764911
:106D400042EA0322FDF736FC6FE3A378627837A8A6
:106D5000724942EA0322FDF72DFC66E394F80190A4
:106D60005FEA990900F061834FF00008A179E279A8
:106D7000090294F803E041EA0241627923790A4367
:106D80004FEA0E2E4EEA034EA3780092617AA27A61
:106D9000090241EA0241227A37A80A430192217B83
:106DA000627B090241EA0241E27A4EEA03030A43A6
:106DB00002925B49424608F10108FDF7FBFB0C34E7
:106DC000C845D3DB31E337A856496278FDF7F2FBBB
:106DD0002BE337A854496278FDF7ECFB25E3227AD0
:106DE000E17923791143A27994F803E011436279A0
:106DF0004EEA030EA3780A434EEA030E637800922C
:106E0000227BE17A4EEA03031143A27A37A81143A9
:106E1000627A0A430192227CE17B1143A27B1143F7
:106E2000627B0A43029241490022FDF7C3FB227EA6
:106E3000E17D237D1143A27D94F813E01143627D2F
:106E40004EEA030EA37C0A434EEA030E637C0092D3
:106E5000227FE17E37A81143A27E4EEA030311434D
:106E6000627E0A43019294F82020E17F1143A27FC1
:106E70000A43617F0A4302922C490122FDF79AFBE3
:106E8000D3E2A37864781B021C19A4B204F00F03A8
:106E900000932822002337A82549FDF78BFB04F037
:106EA000F0031B1100932822012337A82049FDF786
:106EB00081FB04F470631B1200932822022337A87D
:106EC0001B49FDF777FB37A81A492822E30BFDF78A
:106ED00071FBAAE22179E27809028A1894F802E0AB
:106EE00063780092A2796179120252184FEA0E2E4D
:106EF000019237A8104900227344FDF75BFB94E22E
:106F0000D38802003F930200579302006F93020060
:106F1000588E02006D8E0200828E0200978E020053
:106F20006890020024910200D4890200798D020049
:106F3000998D0200ED920200538702002179E278D8
:106F400009028A1894F802E063780092A1796279C4
:106F500009028A180192217AE27909028A180292BA
:106F6000A17A627A09028A180392217BE27A0902E5
:106F70008A180492A17B627B09028A180592217CFF
:106F8000E27B09028A180692A17C627C09028A18B7
:106F90000792217DE27C09028A180892A17D627D18
:106FA00009028A180992227EE17D120252184FEAE4
:106FB0000E2E0A9237A87B4900227344FDF7FAFA95
:106FC00033E22179E27809028A1894F802E06378C2
:106FD0000092A179627909028A180192217AE279F4
:106FE00009028A180292A17A627A09028A18039227
:106FF000217BE27A09028A180492A17B627B090252
:107000008A180592217CE27B09028A180692A17CEB
:10701000627C09028A180792217DE27C09028A18A3
:107020000892A17D627D09028A180992227EE17D83
:10703000120252184FEA0E2E0A9237A85A4900221D
:107040007344FDF7B7FAF0E12179E27809028A1872
:1070500094F802E063780092A179627909028A18B3
:107060000192217AE27909028A180292A17A627A5F
:1070700009028A180392217BE27A09028A18049293
:10708000A17B627B09028A180592217CE27B0902BE
:107090008A180692A17C627C09028A180792217DD7
:1070A000E27C09028A180892A17D627D09028A1891
:1070B0000992217EE27D09024FEA0E2E8A180A9279
:1070C0007344002237A83949FDF774FA217FE27E24
:1070D00009028A1894F81AE0637E0092A17F627F09
:1070E00009028A18019294F82010E27F09028A1896
:1070F000029294F8221094F8212009028A1803922F
:1071000094F8241094F8232009028A18049294F821
:10711000261094F8252009028A18059294F8281060
:1071200094F8272009028A18069294F82A1094F8F5
:10713000292009028A18079294F82C1094F82B2021
:1071400009028A18089294F82E1094F82D2009024A
:107150008A18099294F8302094F82F1012025218CD
:107160004FEA0E2E0A9237A8104901227344FDF708
:1071700021FA5AE1A37862781B0237A80C499A18C1
:10718000FDF718FA51E137A80A496278FDF712FABB
:107190004BE1A378627837A8074942EA0322FDF75A
:1071A00009FA42E14F8802008C890200FE94020035
:1071B000458C0200018802007E870200E278237974
:1071C000120442EA03626378217A1A43E379207B4E
:1071D0001B0443EA0163617994F802C00B43E17A2E
:1071E00094F806E0090441EA0061607A42EA0C2260
:1071F0000143A07A43EA0E2341EA00210091E17B9A
:10720000207C090441EA0061607B0143A07B41EAE4
:1072100000210191E17C207D090441EA0061607C4C
:107220000143A07C41EA00210291E17D207E090416
:1072300041EA0061607D0143A07D41EA00210391A4
:10724000E17E207F090441EA0061607E0143A07E67
:1072500041EA00210491E17F94F82000090441EA09
:107260000061607F0143A07F41EA0021059194F80D
:10727000231094F82400090441EA006194F82100E5
:10728000014394F8220041EA0021069194F8270076
:1072900094F82810000440EA016094F82510014396
:1072A00094F8260041EA0021079137A88249FDF7AA
:1072B00081F9BAE0E2782379120442EA0362637842
:1072C000217A1A43E379207B1B0443EA0163617945
:1072D00094F802C00B43E17A94F806E0090441EA0D
:1072E0000061607A42EA0C220143A07A43EA0E234D
:1072F00041EA00210091E17B207C090441EA006120
:10730000607B0143A07B41EA00210191E17C207D6B
:10731000090441EA0061607C0143A07C41EA00214C
:107320000291E17D207E090441EA0061607D014314
:10733000A07D41EA00210391E17E207F090441EA1A
:107340000061607E0143A07E41EA00210491E17F5B
:1073500094F82000090441EA0061607F0143A07FA6
:1073600041EA0021059194F8231094F824000904BF
:1073700041EA006194F82100014394F8220041EAB7
:107380000021069194F8270094F82810000440EAA0
:10739000016094F82510014394F8260041EA002189
:1073A000079137A84549FDF705F93EE00B2D3CD183
:1073B000A37862781B02D21837A84149FDF7FAF882
:1073C0002379E2781B02D21837A83E49FDF7F2F87C
:1073D000A37962791B02D21837A83B49FDF7EAF876
:1073E000237AE2791B02D21837A83849FDF7E2F870
:1073F000A27A637A120237A835499A18FDF7DAF8AB
:1074000013E0E37822791B0443EA0263627837A829
:107410001343A2782F4943EA0222FDF7CBF804E098
:107420000022149201E00123139310997B19FF2984
:107430007DF463A9159A01321592159B1B998B4215
:107440007DF453A9119A511C03D037A82249FDF7A6
:10745000B1F89DF89C3023B137A8204927AAFDF741
:10746000A9F8169B0A2B0CD800201D49ECF3A4F0B8
:1074700038B9139929B937A81A49139AFF23FDF788
:1074800099F8389A002302F8013B449B1A9800931C
:107490001299189B3892FDF76DF804461298F0F394
:1074A00017F201E06FF0010420463BB0BDE8F08F19
:1074B00001211391B9E700BFC28C0200FF8C0200CA
:1074C0004F8F0200638F0200778F02008B8F0200C4
:1074D0009F8F02002C8E02001D900200F489020092
:1074E000468902009C8702002DE9F04F8DB005927D
:1074F00005468A4606A80021142298460B91EBF314
:10750000BFF1594B1C78002C40F0A3806B69232BF2
:107510000CDD1C222846214623460094F5F388F210
:10752000002806DA01260227B14605E004270126D5
:1075300001E00C270326A1462846F5F30BF20128AB
:10754000834602D0022813D105E028465146EBF3CA
:10755000CBF040000BE02846FCF7A1FF044638B111
:10756000FCF793FFC20503D52046FCF793FF0B9071
:107570000B9800284ED0F0F399F1044600286ED005
:10758000BBF1010F03D0BBF1020F1BD10BE00B9B32
:10759000002101930290059A2846534600910391D9
:1075A000EBF3A0F00CE00B9A0CAB520843F8042D5F
:1075B000284601212246FCF7A6FF0B9B5B000B939C
:1075C000002840D122884FF6FD73013A92B29A42C8
:1075D00003D92046F0F37CF11CE0B9F1000F03D091
:1075E00004EB4707069719E0E31962880693A3881E
:1075F000A7F5805707EB12221B0602EB1343E31893
:107600000793E388DB19E31808932389DF19E71947
:10761000099703E0154B002406930126169A50465D
:10762000009206A932464346FDF716F850B9169B5C
:1076300028461A68D8F8001001F038FDD8F8002064
:107640000B4B1A6014B12046F0F342F1064A0123B5
:107650001370169B0020C8F80000186001E06FF05E
:107660001A000DB0BDE8F08F29610100608B0200A7
:107670008893020030B51946039B049C43B14CB17A
:1076800000251D6025600394BDE83040FFF72CBF46
:10769000184630BD204630BD014B00221A7070479D
:1076A00029610100F8B50C4F06463C688CB10125F4
:1076B0000BE0284600212C46E6F7C6FF20B12846FD
:1076C0003146E6F7BBFF04E001353B689D42F0D947
:1076D00000242046F8BD00BF2C61010010B584785D
:1076E00001462046E6F7B0FF28B120460021E6F724
:1076F000A5FF002010BD4FF0FF3010BD70B50C4E3F
:107700000D46306880B90B49E6F798FF012404E084
:1077100020460021E6F792FF013433689C42F7D9F6
:10772000034B28461D6070BD4FF0FF3070BD00BF99
:107730002C610100ADDEADDE064B1A68194632B190
:10774000012300E001339342FCD900230B600020A9
:10775000704700BF2C6101002DE9F0470C46166808
:107760008246154608468422002198469DF82470DA
:10777000EBF386F02046FFF795FFC0B2002832D029
:10778000012323709DF82030A070003318BF01231F
:10779000E3703C233C2EB4BFB1464FF03C09A4F843
:1077A0000E806770A381002615E0504641463A4698
:1077B000F0F390F030B96368002B0CBF6FF01A0043
:1077C00000200BE0A3780136C3706368436123890E
:1077D0006060013323814E45E7DB0020238963810C
:1077E0002B60BDE8F0874FF0FF30BDE8F087F8B5BB
:1077F00006460C4600250BE07B693046636000239B
:107800007B61FB703946E278F0F386F00135ADB26A
:107810006768002FF0D1238920465B1B2381638991
:107820005D1B6581FFF75AFFA77027703846F8BDCA
:1078300010B5C37C032B08D09C1D00EBC40401339E
:107840006160A260C374002010BD4FF0FF3010BD16
:107850002DE9F84311F01F0618BF012606EB51175A
:1078600007F107094FEA890948460D4601F01F084C
:10787000F0F31CF0044600283BD000214A46BFB27A
:10788000EAF3FEF76780A580E580A46021462246E2
:10789000002303E04FF0FF30906101330432BB421C
:1078A000F8D356B14FF0FF3202FA08F87B1D04EB13
:1078B00083035A6882EA08025A6017F01F0318BF50
:1078C000012307F01F0003EB57172780002203E076
:1078D0004FF0FF358D6001320431BA42F8D343B125
:1078E0004FF0FF338340013704EB87077A6853403A
:1078F0007B602046BDE8F8830846EFF3E9B7436BA9
:1079000023B14FF47F629A60436B05E0836B4BB108
:107910004FF47F629A60836B9868D0F1010038BFA2
:1079200000207047012070470346002001E001302D
:10793000C0B25B08FBD170470B6843F440330B6067
:1079400008680B6800F4403023F440330B60A0F566
:107950004031484240EB0100704708B5416B09B91E
:10796000816B21B1806AFFF7E7FF012008BD08465F
:1079700008BD2DE9F047DDF820801F88099D1046DD
:10798000894614461E46394642462B46EFF38EF48E
:107990008246E8B1012313FA07F72B68013BDB1994
:1079A000B3FBF7F35F43631EDB195F4017EA090F70
:1079B0000ED02046FFF7B8FF30805046EFF380F43A
:1079C0003188204642462B46BDE8F047EFF36EB4BF
:1079D0005046BDE8F08770B5002301290CBFB0F810
:1079E0004620B0F86C2086B00493B0F84430120101
:1079F00001290446ADF816300D46806A41F6FF7342
:107A000029D104AED4F8C410009604F15C060196A6
:107A1000994214BF4FF480314FF4005104F15006E5
:107A20000DF116030296FFF7A4FF002840D0BDF821
:107A30001630E26D15FA03F3511EC918B1FBF3F1CC
:107A40004B43A3659B1A9BB2C018A4F86030049BFB
:107A5000E06363662BE004ADD4F8CC10009504F12C
:107A600084050195994214BF4FF480314FF40051C1
:107A700004F178050DF116030295FFF77AFFB8B10E
:107A8000BDF81630012515FA03F3D4F88420511EF1
:107A9000C918B1FBF3F14B43C4F880309B1A9BB279
:107AA000C018A4F88830049B2064C4F88C302846A1
:107AB00006B070BDFFF78FBF2DE9F74F8DE80300CB
:107AC0000EAEE02014469A460D9F96E8400ADDF877
:107AD0004C80EFF3EBF60546002800F07981002199
:107AE000E022EAF3CDF69A4B0021B8F1000F08BF6F
:107AF00098460A46C5F81C802046F4F38BF70C9B89
:107B0000C0F30030AB63934B03212B60002285F858
:107B10003000C5F834A02846EDF3F8F5082205F149
:107B200020000199EAF384F7002385F82730009BB1
:107B3000EC62AB62BBF1FF3F14BF5B46CC23B9F1F3
:107B4000CC0F88BFC3EB0909C5F89830BDF84430A5
:107B5000A5F84670C5F89C309DF84830A5F86C60D3
:107B6000C5F8A0300C9BA5F89490002B45D0AA6BCB
:107B70001368D80704D523F001031360AA6B1360C0
:107B8000AB6B4FF0FF329A602046F4F345F740F6B6
:107B90003C03984212D1E86AF4F34EF7052809D065
:107BA000E86AF4F349F7082804D0E86AF4F344F7E4
:107BB0000C2803D1AB6B4FF0FF329A60AB6B9A6825
:107BC0001205120D1AB15A6842F00F0201E041F697
:107BD000FF72C5F8CC201A6802F4E012920C85F806
:107BE000B5201A6802F46002520D85F8BA201B68AD
:107BF00003F040731B0E85F8BB30BAF1000F4DD077
:107C00006A6B1368D90704D523F0010313606A6B0C
:107C100013606B6B4FF0FF329A60E86AF4F3FCF686
:107C200040F63C03984212D1E86AF4F305F70528C0
:107C300009D0E86AF4F300F7082804D0E86AF4F3FE
:107C4000FBF60C2803D16B6B4FF0FF329A606B6B25
:107C50009A681205120D1AB15A6842F00F0201E03B
:107C600041F6FF72C5F8C420C5F8C8201A6802F4AE
:107C7000E012920C85F8B6201A6802F4E0729209BC
:107C800085F8B7201A6802F46002520D85F8B82012
:107C90001B6803F040731B0E85F8B930626800233F
:107CA000012AC5F8A430C5F8AC3018D1A268B2F5E5
:107CB000026F03D040F63C018A4202D14FF00043EC
:107CC00003E04FF08042C5F8A420C5F8A830D5F8ED
:107CD000A430C5F8AC30D5F8A830C5F8B03020468F
:107CE000F4F39AF640F62903984208D12046F4F3BB
:107CF000A3F620B12046F4F39FF602280FD92046C0
:107D0000F4F38AF640F6340398420CD12046F4F39B
:107D100093F620B12046F4F38FF6012803D1002317
:107D200085F8313004E02846FFF717FE85F831006A
:107D30002846FFF7E4FD85F8B40068B10D23FF2F56
:107D4000A5F844300CD8FF2E09D80C2305E000BF5D
:107D5000906101008C5001000423A5F844304FB11C
:107D6000BC002046EFF3A2F5E86468B30021224688
:107D7000EAF386F54EB1B4002046EFF397F5686755
:107D800010B300212246EAF37BF527B128460121F2
:107D9000FFF790FEC0B126B128460221FFF78AFE08
:107DA00090B1D5F8A4305BB195F8313043B9AB6DE3
:107DB000B3F1804F08D8D5F88030B3F1804F03D8A5
:107DC000012385F8DD3003E02846EDF3F9F40025C2
:107DD0002846BDE8FE8F00BF10B50446F5F38CF2CF
:107DE000002120460A46F4F315F6C30407D52046C1
:107DF00001F0DBFA00280CBF2020402010BD20201D
:107E000010BD2DE9F0470446266A09A9042E666ACA
:107E10009DF82000CCBF06F4781606F4F01691E821
:107E20002202760C4FF000084BE031F828A01FFA30
:107E300083FCE24501EB880703D197F802C0844533
:107E400004D008F101085FFA88F83AE0002A35D03A
:107E500006FB08F800252EE063692046222B0ADD88
:107E6000E3695A0607D540F627010022F4F342F7EA
:107E70000146204600E000214FF4CC62F4F3DAF52D
:107E8000056063692046222B0ADDE3695B0607D59E
:107E900040F627010022F4F32DF70146204600E0CA
:107EA000002140F26462F4F3C5F509EB880353F84E
:107EB000253001350360EBB2B342CDD3F878BDE88D
:107EC000F087A845B1D30020BDE8F0872DE9F8433D
:107ED00004461E46002B00F0B480436A02EB0615F0
:107EE00003F4F8594FEA192955F8043C013E0BB93F
:107EF00000279FE020469847002800F09E80F7E783
:107F00000122BA4055F8103C1A4200F09280636991
:107F10002046222B0ADDE3695A0607D540F62701E1
:107F20000022F4F3E7F60146204600E000214FF47A
:107F3000C462F4F37FF5076015F90C2C22B1012A15
:107F400019D0013275D144E063692046222B09DD46
:107F5000E3695B0606D540F62701F4F3CBF601464C
:107F6000204600E0002140F22462F4F363F555F866
:107F7000083C03605DE063692046222B0ADDE3696B
:107F8000590607D540F627010022F4F3B3F601465F
:107F9000204600E0002140F22462F4F34BF56369CF
:107FA0008046222B20460ADDE3695A0607D540F6B3
:107FB00027010022F4F39EF60146204600E000214E
:107FC00040F22462F4F336F555F8083C0268134396
:107FD0002DE063692046222B0ADDE3695B0607D5A5
:107FE00040F627010022F4F385F60146204600E022
:107FF000002140F22462F4F31DF563698046222BD0
:1080000020460ADDE369590607D540F6270100221C
:10801000F4F370F60146204600E0002140F22462AD
:10802000F4F308F555F8082C036823EA0203C8F8AE
:10803000003001374F457FF463AF103D002E7FF4D1
:1080400053AFBDE8F883000070B59D490446002099
:10805000EBF38EF2002800F0318100209849EBF319
:1080600087F2974905460020EBF382F294490646D1
:108070000020EBF37DF215F0006500F0AC804FF4CA
:108080000012002113462046E6F741FD0222062198
:1080900013462046F4F344F663692046222B0ADD9A
:1080A000E3695A0607D540F627010022F4F322F6C9
:1080B0000146204600E000214FF4C162F4F3BAF417
:1080C0000668002506F480761BE04FF47A70EFF323
:1080D000DBF063692046222B0ADDE3695B0607D5E6
:1080E00040F627013246F4F305F60146204600E04B
:1080F00000214FF4C162F4F39DF40668013506F4E3
:1081000080761EB9B5F57A7FDFD170BDB5F57A7F7F
:1081100000F0D4804FF47A70EFF3B6F00822062115
:1081200013462046F4F3FCF50023062104222046E2
:10813000F4F3F6F54FF47A70EFF3A6F06369204696
:10814000222B0ADDE369590607D540F627010022F4
:10815000F4F3D0F50146204600E000214FF4C06260
:10816000F4F368F40568002605F001051BE04FF400
:108170007A70EFF389F063692046222B0ADDE36908
:108180005A0607D540F627010022F4F3B3F501465D
:10819000204600E000214FF4C062F4F34BF4056880
:1081A000013605F001051DB1B6F57A7FDFD102E099
:1081B000B6F57A7F03D120460621082279E02946C8
:1081C0004FF480122B462046E6F7A1FC20460621FC
:1081D00001222B466EE0730170D54FF480121346D6
:1081E00029462046E6F793FC012206211346204645
:1081F000F4F396F54FF47A70EFF346F0042206217B
:1082000013462046F4F38CF5062108222B4620461F
:10821000F4F386F54FF47A70EFF336F06369204695
:10822000222B0ADDE3695E0607D540F627012A46C0
:10823000F4F360F50146204600E000214FF4C062EF
:10824000F4F3F8F30668002506F001061BE04FF48E
:108250007A70EFF319F063692046222B0ADDE36997
:10826000590607D540F627013246F4F343F5014697
:10827000204600E000214FF4C062F4F3DBF306680F
:10828000013506F001061EB9B5F57A7FDFD102E0AF
:10829000B5F57A7F03D120460621042209E00021AA
:1082A0004FF400120B462046E6F731FC204606212B
:1082B00002220023BDE87040F4F332B570BD00BF68
:1082C0006853010046F29053994210B5044609D014
:1082D00049F21823994207D0B1F5964F0CBF1F23DE
:1082E000002302E02A2300E03C230521FF22204650
:1082F000E6F779FC4FF40002062113462046E6F724
:108300003CFC1E20EEF3C0F7204606214FF400028D
:108310000023BDE81040E6F730BC0000F0B5036A6A
:10832000466A042BCCBF06F4781606F4F01685B026
:108330000446760C00253BE0102168461F4A2B4678
:10834000EAF304F300206946EBF336F100282ED05F
:1083500000210A46EAF3CCF663690746222B204641
:108360000ADDE369590607D540F627010022F4F338
:10837000C1F40146204600E000214FF4CC62F4F342
:1083800059F3056063692046222B0ADDE3695A062A
:1083900007D540F627010022F4F3ACF4014620464D
:1083A00000E0002140F26462F4F344F30760013519
:1083B000EBB2B342C0D305B0F0BD00BFD59502000B
:1083C000F0B5036A85B0042B0446466A03DD06F067
:1083D000F866B60D02E006F0F076760D00253BE07B
:1083E000102168461F4A2B46EAF3B0F20020694686
:1083F000EBF3E2F000282ED000210A46EAF378F6EB
:1084000063690746222B20460ADDE3695A0607D531
:1084100040F627010022F4F36DF40146204600E007
:1084200000214FF4CB62F4F305F305606369204645
:10843000222B0ADDE3695B0607D540F627010022FF
:10844000F4F358F40146204600E0002140F25C625B
:10845000F4F3F0F207600135EBB2B342C0D305B0DC
:10846000F0BD00BF0C990200F0B5036A85B0042B83
:108470000446466A01DDF60E02E006F0F056760E7E
:1084800000253BE0102168461E4A2B46EAF35EF2C7
:1084900000206946EBF390F000282ED000210A4618
:1084A000EAF326F663690746222B20460ADDE369D4
:1084B0005B0607D540F627010022F4F31BF40146C2
:1084C000204600E000214FF4CA62F4F3B3F20560E5
:1084D00063692046222B0ADDE369590607D540F679
:1084E00027010022F4F306F40146204600E00021B3
:1084F00040F25462F4F39EF207600135B542C1D1F7
:1085000005B0F0BD1B99020000487047C0AD3A02AB
:108510002DE9F04304460F4685B0002090491546EA
:108520001E46EBF325F060B92046394615B1FFF73A
:10853000EBFF07E0FFF7E8FF4FF47A75B0FBF5F5C6
:1085400000E0054600208749EBF312F000F00F0031
:10855000012808D0022809D0834B844A032814BF7D
:108560009146994604E0DFF8149201E0DFF810929A
:1085700029462046FFF7A6FE2046F4F355F20021D7
:1085800080462046F5F300F0794B0246002E4BD191
:108590000193032302933946204632462B46009628
:1085A000CDF80C90FFF72DFC0746002837D0636903
:1085B0002046222B0ADDE3695B0607D540F627013A
:1085C0003246F4F397F30146204600E000214FF4D1
:1085D000C062F4F32FF20268BF004FF683731340BA
:1085E00007F07C0205F17F07FF09013F42EA0747D8
:1085F0001F4363692046222B0ADDE369590607D52C
:1086000040F627010022F4F375F30146204600E00E
:1086100000214FF4C062F4F30DF2076096E02946A2
:108620005448EAF353F192E000218DE80A00032355
:108630000293204639462B46CDF80C90FFF7E1FB1C
:10864000002D00F083802046E6F774F8064606E029
:10865000AB4203D16369222B07DC12E00C36002EFB
:1086600074D03388002BF3D170E0E3695A0608D543
:1086700040F6270120460022F4F33CF30146204651
:1086800001E0204600214FF4C062F4F3D3F1026808
:10869000B37802F07C02B3EB920F57D03579F378C0
:1086A0002D061B0505F0706503F4700300214FF0E3
:1086B0007F622B432046E6F796FA737902211B0569
:1086C0002D4A43F400332046E6F78DFAB3686FF085
:1086D0007F42032113402046E6F785FA636920466E
:1086E000222B0ADDE3695B0607D540F6270100224D
:1086F000F4F300F30146204600E000214FF4C0628D
:10870000F4F398F102684FF6837335881340B2781A
:108710007F35ED119200013D02F07C0242EA0545F1
:108720001D4363692046222B0ADDE3695E0607D5F7
:1087300040F627010022F4F3DDF20146204600E076
:1087400000214FF4C062F4F375F105600126204664
:108750004146F4F319F7304605B0BDE8F08300BF99
:10876000EC950200745301008C5101000C52010081
:1087700006970200A39502000000FE1F805301002F
:10878000F85301002DE9F04399468BB0002307937D
:1087900008930993036A476A042BCCBF07F4781740
:1087A00007F4F01704460D4690467F0C00260CE0B7
:1087B000102103A8334A3346EAF3C8F0002003A986
:1087C000EAF3FAF620B90136F6B2BE42F0D34EE033
:1087D00008AB009309AB019320462946424607ABFC
:1087E000E6F7C0FB012329464A462046FFF790FEE4
:1087F00020462946FFF792FD236A012B2CDD636991
:108800002046222B0ADDE3695E0607D540F62701E4
:108810000022F4F36FF20146204600E000214FF4FD
:10882000C062F4F307F163690646222B20460ADD95
:10883000E369590607D540F627010022F4F35AF2FE
:108840000146204600E000214FF4C062F4F3F2F04C
:10885000036843F480633360089B20460093099BC0
:10886000294601934246079BE6F7D4F807E02046E5
:1088700029464A460023FFF74BFE0028A8D10BB03B
:10888000BDE8F083D59502002DE9F04F002587B0B3
:1088900004460E4604950595F4F3C6F02946834632
:1088A0002046F4F371F6A14982462846EAF384F69D
:1088B00048B1012384F8603329462A46EAF318F4C4
:1088C000C4F85C0301E084F8600300209849EAF3EF
:1088D00073F648B10123002184F868330A46EAF3AD
:1088E00007F4C4F8640301E084F868032046F3F356
:1088F000F5F7904B676A98428F4B94BF202521254E
:10890000A3F1080898BF984607F4F8573F0A08EB08
:10891000C50863692046222B0ADDE3695A0607D59C
:1089200040F627010022F4F3E5F10146204600E07D
:1089300000214FF4C462F4F37DF018F8083C013DC7
:10894000036063692046222B0ADDE3695B0607D5D5
:1089500040F627010022F4F3CDF10146204600E065
:1089600000214FF4C562F4F365F058F8043CA8F117
:1089700008080360002DCCD147E0082102A86F4A07
:108980002B46E9F3E3F7002002A9EAF315F60028E5
:108990003AD000210A46EAF3ABF3236A80460C2B57
:1089A00007DDB0F5803F04D2C3B24FEA102843EA96
:1089B000084863692046222B0ADDE369590607D57A
:1089C00040F627010022F4F395F10146204600E02D
:1089D00000214FF4C462F4F32DF005606369204672
:1089E000222B0ADDE3695A0607D540F6270100224B
:1089F000F4F380F10146204600E000214FF4C56207
:108A0000F4F318F0C0F800800135BD42B5D120461E
:108A100031464B4A1F23FFF759FA00253EE0082153
:108A2000484A2B4602A8E9F391F7002002A9EAF38D
:108A3000C3F58146002830D063692046222B0ADD29
:108A4000E3695B0607D540F627010022F4F352F1F3
:108A50000146204600E000214FF4C462F3F3EAF738
:108A6000056063692046222B0ADDE369590607D5B4
:108A700040F627010022F4F33DF10146204600E0D4
:108A8000002140F22462F3F3D5F7002180460A4624
:108A90004846EAF32DF3C8F800000135BD42BED1C7
:108AA000204604A905AAE5F70FFF049F52463B465E
:108AB0003146002520460095E5F752FE38430490E4
:108AC0002046F4F347F4059A049B002A3CD01A434D
:108AD00063690592222B20460ADDE3695A0607D511
:108AE00040F627012A46F4F305F10146204600E04E
:108AF000002140F21C62F3F39DF763690546222BC7
:108B000020460ADDE3695B0607D540F6270100220F
:108B1000F4F3F0F00146204600E0002140F21C6230
:108B2000F3F388F7059B02683AE000BFC5950200A1
:108B300000970200BFAD3A0200960200E7950200DE
:108B40001C970200E2950200002B2BD0636920469F
:108B5000222B09DDE369590606D540F62701F4F317
:108B6000C9F00146204600E0002140F21C62F3F308
:108B700061F763690546222B20460ADDE3695A0640
:108B800007D540F627010022F4F3B4F00146204651
:108B900000E0002140F21C62F3F34CF7049B0268F2
:108BA00013432B60049BABB163692046222B0ADD83
:108BB000E3695B0607D540F627010022F4F39AF03B
:108BC0000146204600E000214FF4C362F3F332F780
:108BD000049B0360059BABB163692046222B0ADD31
:108BE000E369590607D540F627010022F4F382F025
:108BF0000146204600E0002140F21C62F3F31AF720
:108C0000059B0360314652462046E6F77EF94FF455
:108C1000FA60EEF339F320465946F4F3B5F407B0A1
:108C2000BDE8F08FF8B5044615460E46F3F3FCF6A2
:108C3000002107462046F4F3A7F4314602462B46AE
:108C40002046FFF79FFD204631462A46E5F7D8FD2E
:108C500020463946BDE8F840F4F396B438B5036AC7
:108C60000446012B2DD14369222B0ADDC3695A0624
:108C700007D540F627010022F4F33CF001462046D8
:108C800001E0204600214FF4C062F3F3D3F663699C
:108C90000546222B20460ADDE3695B0607D540F630
:108CA00027010022F4F326F00146204600E00021CF
:108CB0004FF4C062F3F3BEF6036823F400732B6035
:108CC00038BD2CDD4369222B0ADDC369590607D55F
:108CD00040F627010022F4F30DF00146204601E0A2
:108CE000204600214FF4C062F3F3A4F66369054601
:108CF000222B20460ADDE3695A0607D540F62701F4
:108D00000022F3F3F7F70146204600E000214FF47C
:108D1000C062F3F38FF6036843F400732B6038BD31
:108D200070470120704738B505460C46FFF79CFB9D
:108D3000284621460022FFF7F3FF28462146BDE8DA
:108D40003840FFF781B9000038B504460D460020D1
:108D50003149EAF331F440B100210A46EAF3C8F19F
:108D60002946C3B20122204603E0204629460122BB
:108D70000523E5F78BFF00202849EAF31DF448B1ED
:108D800000210A46EAF3B4F12946C3B2092220467B
:108D9000E5F77CFF00202249EAF30EF448B10021F8
:108DA0000A46EAF3A5F12946C3B205222046E5F7B3
:108DB0006DFF00201B49EAF3FFF348B100210A468A
:108DC000EAF396F12946C3B206222046E5F75EFF94
:108DD000002120464FF478624FF43863E5F7CDFE6A
:108DE000002120464FF460424FF42043E5F7C5FED2
:108DF0004FF4C022002113462046E5F7BEFE0122B3
:108E0000002120461346E5F7B8FE20462946BDE876
:108E10003840FFF7D5BA00BF12970200DB95020079
:108E200012990200CA95020038B5036A0446092B5C
:108E300069DD4369222B0ADDC3695B0607D540F66D
:108E400027010022F3F356F70146204601E02046B1
:108E500000214FF4C062F3F3EDF5026812F0010255
:108E600053D163692046222B09DDE3695D0606D5EF
:108E700040F62701F3F33EF70146204600E00021CB
:108E800040F26C62F3F3D6F54FF0004303604FF409
:108E90007A70EEF3F9F163692046222B0ADDE3696B
:108EA000590607D540F627010022F3F323F70146C0
:108EB000204600E0002140F26C62F3F3BBF5056848
:108EC0006369ED04ED0C222B20460ADDE3695A06A6
:108ED00007D540F627010022F3F30CF701462046A0
:108EE00000E0002140F26C62F3F3A4F56D0300236F
:108EF000036005F54245064805F5A875B5FBF0F594
:108F00006420684338BD002038BD002038BD00BF54
:108F1000A086010038B5002105461020E3F7A0FF28
:108F2000002104461022E9F3ABF46560204638BD09
:108F300008B1E4F71DB8704710B50446E4F706F928
:108F40006060E0602068E7F716FA6368A0F50060EB
:108F5000206118180123A060237610BD38B505469E
:108F6000F4F3CAF11C20EEF3A1F4084C00211C22FA
:108F70002060E9F385F420680560FFF7DDFF044910
:108F800022682846BDE83840E6F726BC9004000079
:108F9000D93F00002DE9F84F0C46F4F3ADF141F252
:108FA0000100E568EEF382F400287CD000F1010CAA
:108FB000064620E001321970D2B2434639783D4668
:108FC0000137C1B13D2903F10108F3D132702946BF
:108FD0004646002203E001323770D2B2664611F8ED
:108FE000017FC3EB0508B04406F1010C002FF2D15C
:108FF0001A7008F10105E768A368FB189D4205D2C5
:109000002B781BB12F4663460022D7E72546012364
:10901000E2688346BA1A2A823BE0594611F8012BCE
:109020009A4202D14FF0000C0AE0102B2AD10F2AED
:10903000F8DC27E01BF8018F07F80C800CF1010C1D
:109040006245F7D101EB0208895C07EB020C4FF097
:109050003D0907F8029008F1010B0CF1010701F13D
:109060000109002203E018F802A00CF802A0013266
:109070004A45F8D17A184FF0000C07F801C08B442C
:10908000571C06E011F802B001EB020C0BF1010BCA
:10909000E344B345C1D301330235112BB8D1BDE848
:1090A000F84FEEF315B4BDE8F88F0000F8B50E46A2
:1090B00017460446F4F320F13020EEF3F7F30546AB
:1090C00068B1C660074E3023436033688760036031
:1090D00029462046FFF75EFF35600020F8BD6FF09F
:1090E0001A00F8BD9404000008B5064B1B683BB994
:1090F000054B196821B1054B1A680AB1FFF7D6FF75
:10910000002008BD94040000985C01009C5C0100F4
:10911000F8B5104B07461C681E46BCB1E3689BB10E
:109120000D4D2A689A420FD1F4F3E6F0E068EEF3B1
:10913000CFF300232B6007E038462568F4F3DCF01A
:109140002046EEF3C5F32C46002CF5D10023336006
:10915000F8BD00BF940400008893020073B5856ECB
:1091600004466DB1D0F8CC3000EB8303D3F8D420A3
:10917000036E9A4203D1406EA847054600E00025E1
:109180002046F3F351F4002302A941F8083D0646B6
:109190006946204601AA0DF0C1FE9DE806004FF485
:1091A000FF20E9F3E9F220463146F4F3EDF1E36EF6
:1091B0005BB1D4F8CC2004EB8202D2F8D410226E3A
:1091C000914202D1606E294698477CBDF8B50446AD
:1091D000F0F3BAF000284FD0A56E6DB1D4F8CC30C2
:1091E00004EB8303D3F8D420236E9A4203D1606E3C
:1091F000A847054600E000252046F3F315F40021BA
:1092000007462046F4F3C0F101210646002220461D
:10921000F0F3BAF04FF480110A462046F0F396F0CE
:1092200040210A462046F0F3A5F04FF080710A462F
:109230002046F0F38BF02046FFF790FF0F4B012103
:10924000C6F804354FF4FC73C6F808350A462046C4
:10925000F0F39AF020463946F4F396F1E36E5BB1F1
:10926000D4F8CC2004EB8202D2F8D410226E9142C2
:1092700002D1606E29469847F8BD00BFF200394020
:1092800001207047C36B44F2583293420DD004D88A
:1092900044F25632934218D112E04AF62E229342FB
:1092A00008D04AF62F2293420FD1C0F884334AF6F1
:1092B000322303E0C0F884334AF63123C363704796
:1092C000C0F8843344F25433C363704738B541F275
:1092D000E443044603630D4629B108460F49EAF307
:1092E00047F1A06240B928460D49EAF341F1A06276
:1092F00010B94FF6FF73A3620A492846EAF338F122
:109300000949E0622846EAF333F1084960632846D8
:10931000EAF32EF184F8550038BD00BF2D99020004
:109320002399020064990200439902004E990200B9
:109330007047000030B585B00190002404A840F8C3
:10934000044D01A90422E9F317F2019DB5B12B46A2
:10935000D3F88C2012B10022C3F88C2001340433DE
:10936000102CF5D10398FEF797F90398FFF7D0FE7C
:10937000034B9D4202D02846EEF3AAF205B030BD61
:10938000E46101000367D0F8CC3010B500EB830333
:10939000029CD3F8D43044668166C266036610BD71
:1093A00000238366C366036770478069C0F3C060AB
:1093B00070472DE9F84304461E46089D099FFAF7B9
:1093C00061FC00212046F4F3DFF080462046F3F3F1
:1093D00033F30A28C8BFD8F82C306061C8BFA36433
:1093E0002228D8F80430C8BFD8F8AC20A361C8BF81
:1093F000E261DA001CD5222814DDE3695B0611D591
:109400000022204640F62701F3F374F4014620467B
:10941000F4F3BAF0D0F80436002163622046F4F386
:10942000B3F002E0D8F80436636294F82430236283
:109430004FF4E063A3604FF0FF33E3601123236137
:10944000A1464FF0000817E04146F4F39DF0204696
:10945000F3F3E2F22046F3F3EFF21EB1D9F8143140
:109460009E4203D0D9F88C309F4201D1C5F80080CC
:1094700008F1010809F10409D4F8D03020469845D4
:10948000E2D32968F4F380F00120BDE8F883F7B552
:10949000002213460D4601210446E5F738FB002162
:1094A000282207460B4620460091F3F3C1F20646F8
:1094B000280709D0204601210622F3F367F620464B
:1094C00002210622F3F362F615F0F00F04D02046D5
:1094D00000210222F3F35AF615F4706F0ED02046E5
:1094E00000210122F3F352F601210A462046F3F34C
:1094F0004DF6204602210122F3F348F601213B46B6
:1095000020464FF0FF32E5F702FB204600212822DB
:109510004FF0FF330096F3F38BF2FEBD0020EAF329
:1095200027B0000010B50C490446FFF7F7FF80B2E2
:1095300088B9D4F880000849EAF31AF080B250B92B
:10954000D4F880000549EAF313F04FF6FF7380B2B8
:10955000002808BF184610BD6D9902007B990200D3
:10956000436907B50A2B09DD003118BF01210091BD
:10957000242200210123F3F35BF201E04FF0FF30DE
:109580000EBD07B50021F8220B460091F3F350F20F
:1095900000F00F000EBD00002DE9FF47DDF8308020
:1095A0009246DDF834900F464FF463720021044672
:1095B0001E460E9DB8F1010F08BF4FF00008E9F3F9
:1095C0005FF111232361C4F88860C4F85C90C4F88B
:1095D00058A0C4F80480B8F1000F40F0C5802046C0
:1095E00041463A464B46FFF74BFE002800F0C0804C
:1095F0004FF0C0531A68130F02F47021236093B226
:1096000002F47002120D626444F25832090C934263
:10961000E36321640AD004D844F25632934208D15D
:1096200004E0A3F52A432E3B012B02D82046FFF786
:1096300029FE636C20460E3B012B8CBF00230123C7
:1096400084F84C304FF0C0513A46FAF793F9D4F809
:10965000D030002B00F08A80002704AB43F8047D53
:109660008DE8480020464FF0C0513A463B46FFF790
:10967000A0FE00287CD02046FFF736FD0F9B00950A
:109680000193204639463246A36DFDF7F3FF0028CB
:1096900070D105B12D683A4E20462946FFF716FED7
:1096A0003278002A42D16369132B19DD4FF400612F
:1096B0002046F3F35BF7334907462846E9F37CF786
:1096C00038B128462F49E9F353F7B0F1FF3F08BFFF
:1096D00000200023BB650399F8652046F3F354F797
:1096E0002046A16DFFF7BAFA2046A16DFFF71BFBDC
:1096F00028462549E9F33CF7024620B92046A16DEA
:10970000FFF792FB0246C4F88823A16D2046FFF7BD
:1097100089FA2046FFF75AFD2046A16DFFF7B4F8FD
:109720002046A16DFFF710FB012333702046F3F3B1
:10973000E1F528461549E9F33FF738B113492846C2
:10974000E9F316F701462046FFF7A1FE2846104927
:10975000E9F332F778B128460D49E9F309F70146F4
:109760002046FFF7E5FD06E0002404E01C4602E089
:10977000044600E03C46204604B0BDE8F08700BF48
:10978000E06101003E9902005B99020073990200BA
:10979000349902001FB50F4C02462378BBB910B9AB
:1097A0000346014601E00C4B191D0020009001907A
:1097B00002930391094844F210714FF0C053FFF730
:1097C000EBFE28B1064B20221A60012323700348C8
:1097D00004B010BD7065010064620100E461010025
:1097E000A00400002DE9FF4707464FF46370884648
:1097F00091469A460D9E0E9DEEF358F00446C8B170
:109800000C9B3946019342464B46CDF800A0029688
:109810000395FFF7C1FE074620B92046EEF358F046
:109820003C4607E006B13668C4F8806005B12D6893
:10983000C4F88450204604B0BDE8F08770B50646F1
:1098400086B04FF4BC70EEF331F00446E8B100216D
:109850004FF4BC72E9F314F00D4B266000930D4BEE
:109860000025019330680C490C4A23460295039564
:109870000495059500F0D8FE30B94FF49663C4F80E
:10988000603184F8640100E02C46204606B070BDCB
:10989000A53881005D3D8100D8D288003CC5890093
:1098A00010B5044650B1036805491868224600F017
:1098B00060FE2046BDE81040EEF30AB010BD00BFC8
:1098C0003CC589002DE9F041054686B08020EDF3C6
:1098D000EDF70446002844D000218022E8F3D0F7B9
:1098E00004236360B4232560A381A046C5F85847CC
:1098F000274600260EE01C2202FB06423C61A868B7
:109900001B4910320023FAF36DF338621C3700282C
:109910002BD0013663689E42EDDB164B164900934F
:109920000023019302930393049305932868134A39
:10993000234600F079FEC0B913E0D8F8201031B109
:1099400023689868FAF336F30023C8F8203001350D
:1099500008F11C0863689D42EFDB2046EDF3B8F781
:109960000024204606B0BDE8F0810025F2E700BFE4
:1099700049488100A94681007CD388007F3F890047
:1099800070B5044600281ED003680F4918682246A7
:1099900000F0EFFD254600260DE0296A29B1236875
:1099A0009868FAF307F300232B62E86908B1EDF336
:1099B0008FF701361C3563689E42EEDB2046BDE81A
:1099C0007040EDF385B770BD7F3F890010B5044648
:1099D000C06F08B1FFF764FFD4F8840008B107F046
:1099E000C1FED4F8800008B1FFF7CAFFD4F8B00078
:1099F00008B100F013F9A06808B101F0E3F92046BE
:109A0000BDE81040EDF364B72DE9F04F07468DB087
:109A1000B8208A4690461D46179EEDF347F7044648
:109A2000002800F0A0804FF0000B0021B822E8F3DE
:109A300027F7266084F88CB03846FFF76BFA0BAB3B
:109A4000C4F8A8B02A4601900693814641F2E44149
:109A500020463346CDF800B0CDF808A0CDF80C80F4
:109A60000494CDF814B001F05DFA0546002875D0D5
:109A7000A06010F06FDA2B691021E3603C4B60604E
:109A8000A3643C4A3346276164643846E8F35EF7D2
:109A90002B69D86FF2F356F749F6981398422B6961
:109AA000D86F06D8F2F34EF708210346324A09A8C8
:109AB00005E0F2F347F7314A0346082109A8E8F325
:109AC00045F7314609AA2E4B2E48E8F3FFF63246F9
:109AD000002016992C4B8DE88001F8F7A9FB06466B
:109AE00000283BD16368012783F8787008210A4673
:109AF000286930F0D5DA36213A46D5F89802EFF7E2
:109B000030FD2846FFF7DEFEC4F8800030B328465B
:109B100007F0F6FDC4F8840000B32846FFF78EFE78
:109B2000E067D8B16368194983F8E070184B029672
:109B30008DE848000396049605962868154A234642
:109B400000F072FD50B9284600F032F8C4F8B000B9
:109B500020B111482146EDF3A9F120B12046494634
:109B6000FFF734FF002420460DB0BDE8F08F00BFA2
:109B7000BD888100DB550100E05501004D49890099
:109B80004039010081990200FD8D81002CD58800AB
:109B9000198A810058FB8900F589810001207047EE
:109BA000024B01221A70E3F763BA00BFFC03000006
:109BB00070B5064686B02020EDF37EF60446F0B17F
:109BC00000212022E8F35CF64FF4E153E3804B23BD
:109BD00023810A2363810E4B2660002500933068A1
:109BE0000C490D4A23460195029503950495059568
:109BF00000F01AFD30B93368012283F86321204652
:109C000006B070BD2046EDF363F62C46F7E700BFC3
:109C10007D9A81008CD58800C04B890010B5044620
:109C200078B1FBF309F3236822461868054900F070
:109C3000A0FC2046EDF34CF6236800221B6883F855
:109C4000632110BDC04B89000368D3F8D42041F2D2
:109C50006B03116B99420BD1936AEF2B28D001D87B
:109C6000D62B04E0F52B23D040F20F118B421FD0EE
:109C7000936A40F2C65293421AD040F27452934211
:109C800016D0036A7F2210E0482283F8FD2006E008
:109C900002F0C002921102EB810183F8FD10036A09
:109CA00093F9FD20142A0BDC482283F8FD2070472D
:109CB000036A93F8FD104AB2B2F1FF3FE8D1E3E73F
:109CC0007047D0F8E81110B5044629B18068FAF35E
:109CD00071F10023C4F8E831D4F8001229B1A0686A
:109CE000FAF368F10023C4F80032D4F88434D3F8CE
:109CF000301139B1A068FAF35DF1D4F88434002250
:109D0000C3F83021D4F8501329B1A068FAF352F106
:109D10000023C4F85033D4F8541529B1A068FAF3DD
:109D200049F10023C4F85435D4F8F41529B1A068DA
:109D3000FAF340F10023C4F8F435D4F8C41729B17C
:109D4000A068FAF337F10023C4F8C43710BD10B58A
:109D50000446006807F0D8F8D4F8800620B106F071
:109D600021F80023C4F88036D4F87C0620B106F030
:109D700049FA0023C4F87C36D4F89C0120B108F0DD
:109D800089FE0023C4F89C31D4F88C0120B101F085
:109D900025FE0023C4F88C31D4F8400120B102F034
:109DA00069FF0023C4F84031D4F8540120B1FEF318
:109DB000FFF30023C4F85431D4F8300120B102F08D
:109DC00019FC0023C4F83031D4F8340120B102F07A
:109DD000C1F90023C4F83431D4F8380120B102F0BD
:109DE0001BFB0023C4F83831204602F0D5FAD4F822
:109DF0004C0120B106F0BAFA0023C4F84C31D4F873
:109E0000480120B108F078FD0023C4F84831D4F8A7
:109E1000440120B106F032F90023C4F84431D4F8EB
:109E20005C0120B108F016FA0023C4F85C31D4F8C4
:109E30002C3113B10023C4F82C31D4F8600120B1C7
:109E400004F0B4F90023C4F86031204608F0AAFAFF
:109E5000204605F09FFFD4F8500120B105F0FAFF2D
:109E60000023C4F85031D4F8700120B101F09EFCF9
:109E70000023C4F87031D4F8780120B104F0A8FCB4
:109E80000023C4F87831D4F87C0120B107F06CFECF
:109E90000023C4F87C31D4F8740120B108F072FDBD
:109EA0000023C4F87431D4F8840120B101F01CFC03
:109EB0000023C4F88431D4F8880120B104F0E2FB17
:109EC0000023C4F88831D4F8780420B107F0F4FCFA
:109ED0000023C4F87834D4F87C0420B107F02EFDB8
:109EE0000023C4F87C34D4F8800420B107F0C0FD0E
:109EF0000023C4F88034D4F8940120B108F0A2FE05
:109F00000023C4F89431D4F8640820B108F0F6FEB8
:109F10000023C4F86438D4F8F80620B108F040F9FA
:109F20000023C4F8F836D4F89C0620B104F0E2FE11
:109F30000023C4F89C36D4F8A00620B101F060FDDF
:109F40000023C4F8A036D4F8CC0620B104F0BAFE41
:109F50000023C4F8CC36D4F8D40620B104F0F4FCC5
:109F60000023C4F8D436D4F8D00620B108F084FA1F
:109F70000023C4F8D036D4F8600820B107F0D6FE2C
:109F80000023C4F86038D4F8DC0620B107F0FEFBEB
:109F90000023C4F8DC36D4F8BC0608B105F081FD16
:109FA000D4F8C00608B105F07CFDD4F8A00120B1BA
:109FB00003F0F8FE0023C4F8A031D4F8F00620B175
:109FC00006F0C2F90023C4F8F036D4F8300720B107
:109FD000EDF37EF40023C4F83037D4F8A40620B1A2
:109FE00005F03AFD0023C4F8A436D4F8940620B155
:109FF00004F070FF0023C4F89436D4F8240120B193
:10A0000008F06CF80023C4F82431D4F8280120B1FA
:10A0100003F0A6FD0023C4F82831D4F8880420B149
:10A0200006F0A8FA0023C4F88834D4F8E80520B173
:10A0300004F0D2FD0023C4F8E835D4F8380620B186
:10A04000F9F7CEFF0023C4F838362046BDE81040AB
:10A0500004F0D4BB70B5D0F88434056801220446FE
:10A06000A3F89020D5F8D8003C49E9F3A5F240B117
:10A07000D5F8D8003949D4F88464E9F379F2A6F820
:10A080009000D4F884346422A3F84A20D5F8D8008C
:10A090003349E9F391F240B1D5F8D8003049D4F80A
:10A0A0008464E9F365F2A6F84A00D4F884346422A3
:10A0B000A3F84C20D5F8D8002A49E9F37DF240B145
:10A0C000D5F8D8002749D4F88464E9F351F2A6F80A
:10A0D0004C00D4F884346422A3F89220D5F8D80038
:10A0E0002149E9F369F240B1D5F8D8001E49D4F806
:10A0F0008464E9F33DF2A6F89200D4F88434012296
:10A10000A3F89620D5F8D8001849E9F355F240B1E4
:10A11000D5F8D8001549D4F88464E9F329F2A6F8F3
:10A120009600D4F884340422A3F89E20D5F8D800F1
:10A130000F49E9F341F240B1D5F8D8000C49D4F801
:10A140008464E9F315F2A6F89E00D4F884346422FE
:10A15000A3F894200122A3F8982070BD079A02006A
:10A16000239A0200E3990200749B0200CD99020039
:10A17000B5990200F7B5036A044693F9FC00421C46
:10A180002CD0236893F87C200A2A02D8FEF308F228
:10A1900025E0D3F8D85014492846E9F3E9F11349EA
:10A1A0008DF804002846E9F3E3F111498DF8050024
:10A1B0002846E9F3DDF100258DF806002E4601AFB3
:10A1C0007857FEF3EDF176B2E8550135B042A8BFFD
:10A1D0000646032DF6B2F2D1304600E00820236A8D
:10A1E00083F8FC00FEBD00BFF5990200FB99020058
:10A1F000019A02000368D0F8842470B5D3F8D850CF
:10A200000323D371D0F8842404461372D0F8842435
:10A21000444982F8AD30D0F88424284682F8AE3024
:10A22000E9F3A6F140B220B928463F49E9F3A0F18D
:10A2300040B2431E0E2B0CD80128D4F8842401D13F
:10A24000002302E0022804D10123D371D4F884242E
:10A250001372D4F8843493F81C210AB10322DA7102
:10A2600032492846266AE9F383F186F8FC00204645
:10A27000FFF780FF2E492846266AE9F379F186F830
:10A28000FD002046FFF7E0FC236A93F8FD2083F8E9
:10A29000FE20216841F26B02D1F8D430186B904255
:10A2A00029D1226A92F9FC00082824DC9B6AD12B70
:10A2B00012D0E92B10D0902B0ED08B2B0CD08D2BE5
:10A2C00001D10D2315E0932B0AD1B1F87A301B058B
:10A2D0001B0DB3F5826F01DC18230AE01B2308E095
:10A2E0008E2B01D1102304E0D62B01D0E42B02D118
:10A2F000172382F8FC30236840F27452D3F8D4302C
:10A300009B6A934203D040F2C652934207D1236A1C
:10A3100093F9FC20082A02DC172283F8FC20012094
:10A3200070BD00BF579A02001F9A0200959B020061
:10A33000519A020010B504461C4980682246002349
:10A34000F9F350F6C4F8E80170B3A0681849224642
:10A350000023F9F347F6C4F8000228B3A0681549B2
:10A3600022460023F9F33EF6C4F85003E0B1A0689A
:10A37000114922460023F9F335F6C4F8540598B183
:10A38000A0680E4922460023F9F32CF6C4F8F40520
:10A3900050B10023A0680A492246F9F323F6C4F815
:10A3A000C407003018BF012010BD00BF713D8200FE
:10A3B0005D01820075EF81001DFD8100CD378200B7
:10A3C000A5CF810070B5FF220446012384F87324D1
:10A3D00084F8DB2241F20101D4F8842400260376BC
:10A3E000A4F858146420032184F8400584F87634D6
:10A3F00084F87264D171D4F8842440F62A1511725D
:10A40000A4F85A54A4F85C54A4F85E54A4F8605418
:10A41000A4F86254A4F86454A4F86654A4F86E1422
:10A4200040F62B150221A4F86854A4F870140725EF
:10A430000421A4F86A54A4F86C14A4F82E06A4F815
:10A44000686384F82062A4F82C6684F8346284F887
:10A45000236284F8216284F8F26484F8B06284F89C
:10A46000276521684FF0FF3081F853304863216839
:10A47000204681F84130216881F84230216881F816
:10A48000D160216881F84360216884F80E6284F805
:10A490000F62C4F8506681F89430216881F8F53075
:10A4A000216881F8F430216881F89D30216881F8B5
:10A4B0003431216881F86931216881F82861216887
:10A4C00081F86161216881F86A612268966684F882
:10A4D000643384F8653392F84F10890718BF82F807
:10A4E000523003230125002284F8DC3184F8E43162
:10A4F0004FF44873A4F8343584F85065A4F84E2519
:10A5000084F8DC5505F096DD052384F820362368B1
:10A5100084F8206184F8585683F8115123684FF06D
:10A52000FF31A4F87017A4F8541884F8736784F8FE
:10A53000A15784F8B05783F84251236883F84351F8
:10A54000236883F85C61236883F86451236883F887
:10A550006651236883F86B51236883F86751236839
:10A5600083F86851236883F83B612368C3F83C6132
:10A5700070BD2DE9F0470F469246002834D004689C
:10A58000002C35D04FF00008C14628E0D4F8C402B2
:10A5900039464044E8F300F2E8B9D4F8C8324FEA4B
:10A5A000890653F82930534515D1D4F8C4324344B1
:10A5B0005D6B013D5D63EDB9184629463822E8F32D
:10A5C0005FF1D4F8C802294680190422E8F358F153
:10A5D0002846BDE8F08709F1010908F13808236829
:10A5E00093F8B4309945D1DB6FF01D00BDE8F087DA
:10A5F0006FF01D00BDE8F087F8B500250F4606682E
:10A600002C4608E0D6F8C40239464019E8F3C4F1F4
:10A61000383538B10134336893F8B4309C42F1DBFB
:10A620006FF01D042046F8BD2DE9F0478A4611461B
:10A63000984691460468FFF7DFFF031E05DA23689A
:10A64000002693F8B42035463BE0D4F8C8223820E1
:10A6500042F82380D4F8C42200FB0320436B01336B
:10A6600043630020BDE8F087D4F8C43206F1380116
:10A670009F5D98191FBB49461F22E8F3D9F1D4F812
:10A68000C4320C999E19089BC6F820A0B362099B9E
:10A69000384673620A9BF3620B9B3363D4F8183716
:10A6A00043F8351003EBC5020D9B5360736B013308
:10A6B0007363D4F8C83243F82580BDE8F0870135CC
:10A6C0000E469542D0DB6FF01500BDE8F0872DE90E
:10A6D000F04107680C4615469846D7F8CC0200268C
:10A6E00004E003689C420BD0064600690028F8D1BC
:10A6F00011E0002303610EB1306101E0C7F8CC0224
:10A70000069B80E83001C3600020BDE8F0816FF057
:10A710001500BDE8F0811420EDF3C8F00028E8D161
:10A72000F5E7000013B500230446009321460068B6
:10A73000194AFFF7CCFF014658BBD4F8880403221E
:10A74000164B05F07FFF014618BBD4F8880402229F
:10A75000134B05F077FF0146D8B9D4F888040522D9
:10A76000104B05F06FFF014698B9D4F88804062213
:10A770000D4B05F067FF014658B9D4F8880408224C
:10A780000A4B05F05FFF002814BF4FF0FF30002098
:10A7900001E04FF0FF301CBDC9A381002DCC81002A
:10A7A000B12C8200F92E8200FD4E000029FD8100AF
:10A7B000026810B5D2F8CC0200230EE00468A14272
:10A7C00009D101690BB1196101E0C2F8CC12EDF3B6
:10A7D0007FF0002010BD034600690028EED16FF025
:10A7E0001D0010BD41F2E443984208D10023064AFF
:10A7F0009A5A8A4205D00233B3F58C7FF7D10020F4
:10A8000070470120704700BF5C9A02002DE9F043B9
:10A81000D0F854530021C82287B004462846E8F3F4
:10A820002FF06423EB85032385F860300022012399
:10A83000D4F858014FF4805139F042D8FF28074628
:10A8400005D1236A186919684DF094D90746236A1F
:10A850006F860021A4F85674204607F46057B3F8B9
:10A8600008801E680CF008DBB7F5205F05F1380999
:10A8700008D0B7F5C05F07D0B7F5805F14BF0A27CF
:10A88000142702E0A02700E028270021FF238DE8FD
:10A890000A00D4F88434029003971B79424604934B
:10A8A000484633465BF07ADA236893F84F309A07CC
:10A8B00003D0EB8843F02003EB8007B0BDE8F083C2
:10A8C00082B010B514246143D0F8D442039363508E
:10A8D000059B60184360069B02618360049BC36014
:10A8E000BDE8104002B0704730B503680446DB692C
:10A8F00085B09A6D4068D4F83C16DB6DF9F738FBEB
:10A90000C4F83806002800F0DE81204604F068F91B
:10A91000C4F8E805002800F0D981204605F04AFE79
:10A92000C4F88804002800F0D481204603F048F9D8
:10A93000C4F82801002800F0CF81204607F098FBDA
:10A94000C4F82401002800F0CA81204604F0D6FC97
:10A95000C4F89406002800F0D181204605F08EF856
:10A96000C4F8A406002800F0CC81204604F0F2FED2
:10A97000002840F0C981204604F04EFF002840F036
:10A98000C381204604F076FF002840F0BD812046B8
:10A9900004F0D4FF002840F0B781204605F00AF803
:10A9A000002840F0B181204605F020F80546002837
:10A9B00040F0AA810321D4F8A4060A4605F054F910
:10A9C000C4F8BC06002800F0A281D4F8A406022135
:10A9D0002A4605F049F9C4F8C006002800F09A811B
:10A9E0002946C04AC04B20460095019407F084FBDD
:10A9F000BE4B1A1D07CA1B688DE8070008212246B6
:10AA00002046FFF75DFF206806F062FA204606F058
:10AA100065FFC4F87804002800F07F81204606F026
:10AA2000A7FFC4F87C04002800F07981204607F0D5
:10AA300035F8C4F88004002800F07381204601F046
:10AA400063FEC4F81805002800F06D81A84B20466D
:10AA5000C4F8543101F0E8FDC4F83001002800F0DA
:10AA60006481204601F0A0FBC4F83401002800F006
:10AA70005E81204601F000FDC4F83801002800F096
:10AA80005881204601F092FC002840F05581204674
:10AA900007F092FBC4F85C01002800F050812046CA
:10AAA00007F06CF9C4F86008002800F04A812068BB
:10AAB0002146A2688F4B03F0CBFEC4F89802002811
:10AAC00000F04181204603F0BBFBC4F86001002880
:10AAD00000F03B81884B2046C4F82C3105F000FB88
:10AAE000C4F84401002800F03281204607F01EFF20
:10AAF000C4F84801002800F02C81204605F074FCC1
:10AB0000C4F84C01002800F02781204602F0D6F856
:10AB1000C4F84001002800F021812368012283F855
:10AB2000A120204604F0EAF8C4F89C06002800F0B2
:10AB30001781204607F09EFB002840F01381204635
:10AB400005F0E4F9C4F85001002800F00D8120461A
:10AB500005F004F9002840F00981204600F03CFE91
:10AB6000C4F87001002800F00381204603F09AFD2C
:10AB7000C4F87801002800F0FD80204607F010F8A6
:10AB8000C4F87C01002800F0F880204607F010FF90
:10AB9000C4F87401002800F0F380204600F0BAFDEC
:10ABA000C4F88401002800F0ED80204603F034FD55
:10ABB000C4F88801002800F0E780204607F0BEFFB7
:10ABC000C4F89401002800F0E180204600F06AFEFD
:10ABD000C4F88C01002800F0DB80204607F070FFED
:10ABE000C4F89C01002800F0D580204669F094DE6E
:10ABF00060B1204608F036F8C4F86408002800F078
:10AC0000C9802368012283F8322102E0236883F897
:10AC10003201204607F08EFAC4F8F806002800F04A
:10AC2000BB80204605F002FBC4F87C06002800F03B
:10AC3000B580204605F0C4F8C4F88006002800F06E
:10AC4000AF80204607F03EFCC4F8D006002800F094
:10AC5000A9802368012283F8A320204600F0E2FEA9
:10AC6000C4F8A006002800F09F80204603F0D4FF1F
:10AC7000C4F8CC06002800F09980204603F08AFE34
:10AC8000C4F8D406002800F09380204606F08EFD1C
:10AC9000C4F8DC06002800F08D80236893F8693141
:10ACA0003BB1204603F09CF8C4F8A001002800F056
:10ACB0008380204605F022FBC4F8F00600280CBF74
:10ACC0007620002079E04FF4967076E040F22D1067
:10ACD00073E04FF4977070E040F22F106DE04FF486
:10ACE00098706AE019348200E5338200389A0200D5
:10ACF000EFBEADDE41FF8100EFBEAD0D40F2311081
:10AD00005BE04FF4997058E040F2411055E040F29A
:10AD1000471052E04FF4A4704FE024204DE025206E
:10AD20004BE0262049E02A2047E0312045E0322050
:10AD300043E040F2F51040E04FF4FB703DE0352079
:10AD40003BE0BD2039E0392037E03C2035E03E20B3
:10AD500033E040F26D2030E03F202EE043202CE035
:10AD60006A202AE0472028E0492026E0482024E005
:10AD70004A2022E040F2E5201FE040F2E6201CE0FD
:10AD80004B201AE05A2018E05B2016E05E2014E009
:10AD90005F2012E0632010E065200EE008480CE020
:10ADA00067200AE06C2008E06E2006E06F2004E0D7
:10ADB000702002E0722000E0732005B030BD00BFBB
:10ADC00050464D00F8B50446002800F0A6800FF06C
:10ADD00099D9D4F8F415D0F1010638BF002621B175
:10ADE000A068F9F37BF000B901362046D4F82C13A3
:10ADF00005F00CDF2046D4F8DC1405F007DF204610
:10AE0000D4F8341305F002DFD4F8400308B1ECF3B2
:10AE10005FF5D4F8980220B103F070FD0023C4F868
:10AE20009832276AB96911B1204661F09BD8002594
:10AE3000BD61D4F86432595911B1204632F098DA24
:10AE40000435202DF5D1D4F8580103F0B3FA20468B
:10AE5000FEF737FFD4F8180520B101F031FC0023CC
:10AE6000C4F818352046FEF772FF204602F042FA79
:10AE700023688619D3F8D41031B1606802F035FA2E
:10AE800023680022C3F8D4202368D3F8D80028B15F
:10AE9000ECF31EF523680022C3F8D820D4F8D05272
:10AEA00004E02846EF68ECF313F53D46002DF8D199
:10AEB0002146C4F8D0522068FFF77AFC2068184970
:10AEC0002246FFF756FBD4F8640118B107F09EF84C
:10AED000C4F86451D4F89C0220B1ECF3F9F40023D7
:10AEE000C4F89C32D4F8F80448B1ECF3F1F4002330
:10AEF000C4F8F83403E02046616815F037D8D4F878
:10AF00009422002AF7D104F5C6600C30F8F7B2FF9E
:10AF10002046616801F08AF800E006463046F8BD38
:10AF2000DD5601002DE9F04F91B0002491461B9EA3
:10AF30009DF868200790DDF878B020460991984682
:10AF40000892DDF880A00C940D940E94E3F792FB28
:10AF5000484631461C9A1D9BCDF800B00CF031F8E4
:10AF6000054608B1012376E3FEF71AFE0DAB019307
:10AF70000EAB0293484631461C9A1D9BCDF800B09B
:10AF800002F0AEF9074618B901230C93044688E392
:10AF90000D9848B1AA49E8F30FF328B129462A468B
:10AFA000E8F3A6F01FFA80F91F9B30460093414654
:10AFB0000CAA4B4601F06CF80446002800F0898387
:10AFC00005680E9A46600D9BC5F8DC20D0F88424F5
:10AFD000FF21C5F8D470C5F8D83082F86010426AF5
:10AFE0000023C261079A0D938260964AC5F80C80CF
:10AFF000C5F8A4206E610E93012280F84226D0F895
:10B00000E022C0F8A4B163F31722C0F8E022089A46
:10B01000414685F8212080F8CF31032380F841355F
:10B02000FFF7D0F9236804F5C662DB696068196E22
:10B030000C32F8F7E2FE0746002840F03283204643
:10B04000394605F007D8204607993246434606F0B0
:10B0500045FFC4F8640108B90F23FCE27A4B284687
:10B060008DE88800794B7A4904937A4B7A4A0593A4
:10B07000234602970397FFF7D7FA08B11023EAE2B5
:10B08000089B1C9A8DE848001D9B02920393204662
:10B0900009994A464346CDF810B002F01DFA0C90CB
:10B0A000002840F0FE822369D86FFEF76AFAA4F800
:10B0B0004006B4F8AA010DF0CFD9003018BF012026
:10B0C0000A3054F820300AA9236220692FF0FCDFEF
:10B0D00000283DD10A9B0746C4F8B03139460FAA73
:10B0E000204604F0ADDC39462046BDF83C2001374F
:10B0F00004F0AADC062FF1D14FF44073C5F8E83014
:10B100002A23C5F8B8303223C5F8BC3036234FF4B3
:10B110007D62C5F8C43040F2D453A5F8CA20A5F822
:10B12000C0304FF45D72002385F8B670A5F8C820D2
:10B1300084F89437D5F8B830842B02D98423C5F825
:10B14000B8304FF40470ECF3B1F3C4F89C0208B9C2
:10B15000142380E24FF404720021E7F391F32246B6
:10B160000023D2F8A002D4F89C12043241F8230044
:10B17000D4F89C1251F823108B710133042BF0D1B9
:10B18000012385F89330236A1869EEF7A1FF00F0D8
:10B19000010085F85400236A1869EEF799FFC0F39F
:10B1A000C00085F855002946204607F0EDF92B49E7
:10B1B000D5F8D800E8F3DCF1D5F8D42040F26E5190
:10B1C000936A07468B4208D0126B41F26B018A42A8
:10B1D0005AD1D12B01D0E92B12D1D4F884341922C1
:10B1E00083F84920D4F884344FF0FF325A64642243
:10B1F00083F87A20D4F88434012283F8302059E08F
:10B20000B3F5897F11D8B3F5887F32D8F52B07D8ED
:10B21000F42B2ED2E42B2CD0EF2B2AD0D62B27E0E8
:10B22000A3F58773012B45D823E0B3F59A7F17D296
:10B23000B3F5987F1DD840F21712934218E000BF73
:10B24000839B020000315F0701638200EC5601001E
:10B2500008D68800514F0000DD560100899B02008E
:10B26000B3F59A7F26D9B3F59B7F02D9B3F5A57FB5
:10B2700020D1D4F88434322283F87A20D4F884346C
:10B28000642283F8492010E041F2E4418A4211D15E
:10B2900040F2DA5293420DD1D4F88424642382F828
:10B2A0007A30D4F8842482F84930D4F884344FF0CA
:10B2B000FF325A642046FEF7CDFED4F884341922BA
:10B2C000A3F8AA20204607F07FF8D4F88434226A35
:10B2D00019781069DA784EF0D1D8D4F878364FF072
:10B2E000010983F83490E1692069043103F0D7FD46
:10B2F000236AD4F884B418694EF0D8D9CBF840004A
:10B3000004F5E47B206959462EF064DF0622281DEF
:10B310005946E7F331F2B4F8AA010DF09DD8003098
:10B3200018BF01200A3054F8203020462362FEF76F
:10B3300061FF08B918238EE1216A0F2340F2FF3222
:10B34000A1F80031A1F8022101F1F80301F1F402A2
:10B35000204601F01BFC236AD3F8F420C3F8F02048
:10B36000C3F8E820D3F8F820C3F8EC201A68022AC2
:10B3700008BF83F8159007F00103002B0CBF0323CF
:10B38000002385F84F30236A1869EEF7A1FE10F408
:10B390000060236806D093F84F2002B1012283F8A1
:10B3A000512001E083F85100216A20461C3106F04B
:10B3B0006DDA00212046D4F820900BF05DDD0022EC
:10B3C0007F2309F1500100930190134609F11C00FD
:10B3D0005AF020DD204664F02FDF40F2CC63C4F841
:10B3E00028362046FFF780FA0C90002840F059815B
:10B3F000D4F8800402219DF92C2059F0F9DD204673
:10B400004146FEF797FF10B94FF47A7323E12046C7
:10B4100002F0F4FFC4F8580110B940F2E9331AE120
:10B420002046FFF7F3F92046314614F07FDD10B9CE
:10B4300040F2EB330FE1C4F8BC05C4F8C005314657
:10B44000204614F073DD10B94FF47B7303E1012340
:10B45000C4F8C40585F8A830204602F045FC10B1B8
:10B4600040F2ED33F7E00623A5F86030A5F862302E
:10B4700095F89C30012B04D14022A5F86020A5F856
:10B480006220D5F888300A221A804FF454725A800C
:10B49000D5F88C300126C4221E805A80D4F83001A1
:10B4A0001FF0C8DD08B184F80E62B4F8E13243F44D
:10B4B000C05343F01E03A4F8E132236A1869EEF783
:10B4C00007FEC10607D5D4F8843401229A74D4F853
:10B4D0008434FF22DA74B4F8E1224FF2FF73134090
:10B4E000D4F88424A4F8E132D278012A07D123F4D5
:10B4F000006323F00C031B041B0CA4F8E132FF26AD
:10B500000221012284F8E06284F8DF6284F8DE62BE
:10B51000204603F0BDDB01213246204603F0B8DBB4
:10B52000236A4FF0FF38C4F814821869EEF7D0FD93
:10B5300010F00406204605D00321FEF3C3F684F87C
:10B540001C8204E03146FEF3BDF684F81C62236AD7
:10B550001869EEF7BDFD3A0702D5002384F81C32C6
:10B56000FB0603D520460021FEF3ACF6BE070ED540
:10B57000A26A002382F84D30E26A82F84D30B4F8B6
:10B58000E13223F080031B041B0CA4F8E13278079E
:10B5900003D52046002164F0D5DF390607D5B4F87D
:10B5A000E13223F010031B041B0CA4F8E13295F8E0
:10B5B0004130A3B195F842308BB117F0600F0ED037
:10B5C00007F02001D1F1010107F0400238BF00214E
:10B5D000D2F10102204638BF002200F00FFFB4F87C
:10B5E000AA010CF039DF003018BF012000F10A0673
:10B5F00054F82670D4F868122046384A3B4660F06A
:10B600006FDCB86154F82610886910B940F24C43D9
:10B6100021E0503128223C30E7F3AEF01420ECF367
:10B620004BF1C4F8300710B940F24D4313E0AB6D55
:10B63000204643F00403AB650EF078DD2046FFF7AB
:10B6400071F810B14FF4FA6305E0204603F0DEF81C
:10B6500018B140F2D1730C9323E023682049D3F84A
:10B66000D800E7F3A9F770B10346184613F8012B89
:10B670001AB11C498A5C5207F7D500210A22E7F368
:10B6800037F5C4F88406A0680021F8F3A7F4012375
:10B6900084F8A837BAF1000F17D00023CAF8003099
:10B6A00013E00D9820B1ECF313F100230D930E93EA
:10B6B00014B12046FFF786FBBAF1000F04D00C9BB3
:10B6C0000024CAF8003000E05446204611B0BDE81E
:10B6D000F08F3046394601F008FEE2E710570100CE
:10B6E000489A02000AA0880038B5044670B105687F
:10B6F00021462868FFF75CF8286805492246FEF7CE
:10B7000038FF2046BDE83840ECF3E2B038BD00BF5A
:10B710001657010070B5066A8EB005463820ECF366
:10B72000CBF0044600282FD01B4B0560009300236C
:10B730000193029303930493059328681749184AC9
:10B740002346FEF771FFF8B9164B2146009328688F
:10B75000154A0223FEF7BBFF0546A8B929461C225D
:10B7600004F10B00E7F38CF03069316807AA4CF064
:10B7700025DA234607AAD97AAA5C01350A43DA7288
:10B7800001331C2DF6D103E02046FFF7ADFF002466
:10B7900020460EB070BD00BFC54F830084E1880015
:10B7A0001657010074E188007D4F830038B50446C8
:10B7B00070B1056821462868FEF7FAFF2868054938
:10B7C0002246FEF7D6FE2046BDE83840ECF380B0B6
:10B7D00038BD00BF1A57010030B5054687B00C20B0
:10B7E000ECF36AF0044600283FD0002305600121F5
:10B7F00000930190204A2846204B02F037FA002897
:10B80000606032DB1E4BD5F894068DE818000521E8
:10B8100021221C4B03F0F2FB38BB1B4BD5F89406DE
:10B820008DE8180005212422184B03F0E7FBE0B94E
:10B83000174B0190009302900390049005901549D6
:10B840002868154A2346FEF7EFFE70B9134B2868A7
:10B8500000932146124A0323FEF739FF28B92A68CC
:10B860000123A36082F8A93003E02046FFF79EFF82
:10B870000024204607B030BD7954830075548300FE
:10B88000C15583007D548300915683009D548300ED
:10B890004D558300C0E188001A570100A8E18800D7
:10B8A000D154830030B5054687B000286DD00820FC
:10B8B000ECF302F00446002868D000230560142150
:10B8C00000930190354A2846354B02F0CFF9002805
:10B8D00060605EDB334B4FF498718DE818006B228B
:10B8E000D5F89406304B03F089FB002851D12F4B3B
:10B8F00005218DE818006B22D5F894062C4B03F037
:10B900007DFB002845D12B4B4FF490718DE818003A
:10B910006C22D5F89406284B03F070FB002838D130
:10B92000264B4FF490718DE818006F22D5F89406DD
:10B93000234B03F063FB00282BD1224B0A218DE817
:10B9400018006E22D5F894061F4B03F057FB002811
:10B950001FD10095D5F894060A216E221B4B03F0E7
:10B9600003FEB0B91A4B019000930290039004902B
:10B97000059028681749184A2346FEF755FE40B936
:10B980002B68012283F8AC2000E00446204607B073
:10B9900030BD2046EBF39CF70024F7E7215C8300E1
:10B9A000015C8300395E8300555C8300195E83006F
:10B9B000355C8300595E8300815C8300C55E830033
:10B9C000C15C8300F15E8300ED5C8300E15B83007A
:10B9D000195D8300D8E188001E57010010B50446A8
:10B9E00050B10368054918682246FEF7C2FD20469B
:10B9F000BDE81040EBF36CB710BD00BF1E5701004F
:10BA000010B5044650B10368054918682246FEF790
:10BA1000B0FD2046BDE81040EBF35AB710BD00BFA3
:10BA2000999B020070B5054686B00820EBF33EF7FF
:10BA30000446002800F0B9805F4B05604FF4907118
:10BA4000009301903022D5F894065C4B03F0D6FAAF
:10BA5000002840F0AA805A4BD5F894068DE81800CB
:10BA60004FF49071F422574B03F0C8FA002840F0CD
:10BA70009C80554BD5F894068DE818000A21F422D5
:10BA8000504B03F0BBFA002840F08F804F4BD5F8A5
:10BA900094068DE818004FF49071A0224C4B03F0EF
:10BAA00039FB002840F081804A4BD5F894068DE898
:10BAB000180005213022484B03F0A0FA002874D169
:10BAC000464BD5F894068DE818000521F422444B26
:10BAD00003F094FA002868D1424BD5F894068DE81B
:10BAE00018000521A022404B03F014FB00285CD174
:10BAF000D5F89406052130223C4B009403F034FD28
:10BB0000002852D1D5F894060521F422384B009430
:10BB100003F02AFD002848D1D5F894060521A0227B
:10BB2000344B009403F0A6FD00283ED1D5F89406CE
:10BB3000C0213022304B009403F016FD002834D190
:10BB4000D5F89406C021A0222C4B009403F092FD5E
:10BB500058BBD5F89406C021F422294B009403F079
:10BB600003FD10BBD5F894060A21F422254B00945E
:10BB700003F0FAFC0646C0B98DE811000121284601
:10BB8000214A224B02F072F8002860600DDB204B46
:10BB900028688DE848001F491F4A234602960396ED
:10BBA00004960596FEF740FD18B12046FFF728FFE2
:10BBB0000024204606B070BD5963830021638300D2
:10BBC0003BA10000D59C0000E5A000006D63830050
:10BBD0003D638300996283002161830077A00000A8
:10BBE00031A00000E962830071618300A9618300D4
:10BBF0000D9D00001D6283003D6683005566830035
:10BC00005D9C00008F9C000085638300816383003E
:10BC1000B964830038E28800999B02002023402108
:10BC200080E80A00C0F8B010C16218214FF4F06239
:10BC30008163016401651D212DE9F04182600B25BE
:10BC40001022C16505210A24C260456185614262F6
:10BC50000425C0F8B820016680224FF4F0714FF43B
:10BC600080660461C4618562012409254FF0140CCB
:10BC700042631127082281664FF027080321C0F88C
:10BC8000B43004624466C46443658567C0F830C05C
:10BC9000C2638765C66606674167C0F87C80C0F8E6
:10BCA000A440B024C0F8C0404824C0F8C440602478
:10BCB000C0F88450C0F88850C0F8C840022530242D
:10BCC000C0F8E030C0F8F030D3234FF01208C0F8CD
:10BCD0008C50C0F89050C0F89C50C0F8A050C0F8EC
:10BCE000CC404FF4FA650624C0F8F4300023C0F8C5
:10BCF0008080C0F894C0C0F89810C0F8A810C0F8B0
:10BD0000AC20C0F80021C0F80421C0F8D040C0F831
:10BD1000D470C0F8D850C0F8DC20C0F8E840C0F8B3
:10BD2000E460C0F8FC30C0F8F810BDE8F0810120F4
:10BD30007047704738B50446D0F82C0320B1EBF3B8
:10BD4000C7F50023C4F82C33D4F8340320B1EBF347
:10BD5000BFF50023C4F83433D4F8180730B1236892
:10BD600023B1EBF3B5F50023C4F81837D4F8C402B7
:10BD700018B123680BB1EBF3ABF5D4F8C80200257A
:10BD8000C4F8C45228B123681BB1EBF3A1F5C4F881
:10BD9000C852D4F8640208B1EBF39AF5D4F854030E
:10BDA0000025C4F8645218B1EBF392F5C4F854536B
:10BDB000D4F8140320B1EBF38BF50023C4F814334B
:10BDC000D4F8D40208B1EBF383F500256319D3F856
:10BDD000A032D3F8E00008B1EBF37AF50435102D6A
:10BDE000F4D1D4F8A00208B1EBF372F5D4F88404CE
:10BDF00020B1EBF36DF50023C4F88434D4F8DC04EF
:10BE000020B1EBF365F50023C4F8DC34D4F8280541
:10BE100020B1EBF35DF50023C4F8283538BD10B52B
:10BE20000C46D1B1C86918B1EBF352F50023E361B8
:10BE3000D4F8880020B1EBF34BF50023C4F8883028
:10BE4000D4F88C0020B1EBF343F50023C4F88C3018
:10BE50002046BDE81040EBF33BB510BD70B504467D
:10BE60004FF4B8701646EBF327F50546A8B14FF42A
:10BE70008470EBF321F5E86178B13146FFF7CEFE2F
:10BE80004FF45470EBF318F5C5F8880028B1C420BE
:10BE9000EBF312F5C5F88C0020B929462046FFF7D0
:10BEA000BEFF0025284670BD2DE9F0411D46002645
:10BEB0000368C0F8C46293F8B4300446382058438D
:10BEC000EBF3FAF4C4F8C402002855D0236893F8C1
:10BED000B4008000EBF3F0F4C4F8C80210B940F2EB
:10BEE000F53394E04FF40070EBF3E6F4C4F8180770
:10BEF000002800F09580C4F864622020EBF3DCF4A5
:10BF0000C4F8640210B94FF47E7380E0C820EBF3EC
:10BF1000D3F4C4F8540310B940F2F23377E04FF48D
:10BF2000B870EBF3C9F4C4F8840410B940F2F933E3
:10BF30006DE08020666AEBF3BFF4B06210B940F2A6
:10BF4000034364E04FF48470EBF3B6F4C4F82C03BD
:10BF500010B940F2EF335AE04FF48470EBF3ACF4D5
:10BF6000C4F8340310B94FF47C7350E01220EBF3A3
:10BF7000A3F4C4F8140310B94FF47D7347E0B42060
:10BF8000EBF39AF4C4F8D40210B940F2F6333EE071
:10BF90004FF46470EBF390F4C4F8A002F0B100F138
:10BFA000E403C4F8A43200F5E47300F52B70C4F880
:10BFB000A832C4F8AC02264604F110072368D6F86C
:10BFC000A082DB69D3F8D4004001EBF375F4C8F824
:10BFD000E000D6F8A032D3F8E00010B940F2F73311
:10BFE00015E00436BE42E9D14FF48470EBF364F4FB
:10BFF000C4F8DC0410B940F2FB3308E04FF486705B
:10C00000EBF35AF4C4F8280520B940F2FF332B6053
:10C01000BDE8F0813820EBF34FF4C4F8780610B98E
:10C020004FF48163F3E70120BDE8F08138B50D4698
:10C03000044600282BD0FFF77CFE20462946FFF758
:10C0400079FEA06A08B1EBF343F4636A5BB1986AC6
:10C0500020B1EBF33DF4636A00229A62606AEBF36D
:10C0600037F400236362D4F8780620B1EBF330F4A0
:10C070000023C4F87836216821B12846FFF7CFFEA7
:10C08000002323602046BDE83840EBF321B438BDDF
:10C090002DE9F341064640F67400884615461F46D2
:10C0A000EBF30AF4044610B940F2EA3310E0262319
:10C0B000C0F8E035C0F8E435089B4146C0F81C37AD
:10C0C0003A463046FFF7CAFE206018B940F2EB331B
:10C0D0002B602DE040231A4A80F8B43023681268A0
:10C0E0000460C3F898204FF40870EBF3E5F3A06206
:10C0F00040B100F58870E0622C20EBF3DDF3606264
:10C1000030B902E040F2F233E2E740F2F333DFE726
:10C110002046314642462B460097FFF7C5FE38B110
:10C120002046314642462B460097FFF700FE20B9D5
:10C1300020463146FFF77AFF00242046BDE8FC8107
:10C140004404000003680B22DB69C3F8BC205A6179
:10C150009A61704710B50446F8B1D0F8500208B1A2
:10C16000EBF3B6F3D4F8E80220B1EBF3B1F300231C
:10C17000C4F8E832D4F8FC0320B1EBF3A9F30023B0
:10C18000C4F8FC332368054918682246FEF7F1F924
:10C190002046BDE81040EBF39BB310BD6E7D8900D7
:10C1A00080F8C01370470000F0B587B00546FFF770
:10C1B000C9FF4FF48160EBF379F30446002800F0E7
:10C1C000D48000214FF481624026E6F359F32560C4
:10C1D00084F8E163BC20EBF369F3C4F85002002853
:10C1E00000F0BA800021BC22E6F34AF30123A372D7
:10C1F0006373A373E373A37494F8E13300223F2BBA
:10C20000E67498BFE374FF2384F828300B2322746C
:10C2100062742273E2720521022284F8DE33002365
:10C2200084F8271084F82D2041F2285084F82C300F
:10C230006085286890F89C00217501280CBF0120BA
:10C24000104684F82E00012084F8C0034FF40060EB
:10C25000A2756063224621460520D0750220D07762
:10C2600023B94FF48070A4F8E40302E02020A1F881
:10C27000E403013301320231082BEDD100260127FE
:10C28000204641F2285184F82F6084F8307018F06D
:10C29000D1DA0221204685F8DA721AF011DE84F82C
:10C2A000D86304212846324A324B0096019401F0AB
:10C2B000DDFCB042C4F800044EDB042128462E4ABF
:10C2C0002E4B0096019405F017FFB042606043DBEF
:10C2D0004FF43E70EBF3EAF2C4F8E80200283BD0DA
:10C2E00031464FF43E72E6F3CBF21020EBF3E4F26A
:10C2F000C4F8FC0300282FD0214B28680093214B61
:10C3000021490193214B224A039323460296049626
:10C310000596FEF789F9F8B91E4B84F854721A1D78
:10C3200007CA8DE8070022461B6828460721FEF74A
:10C33000C7FAFF2384F8DD332B68204693F84110B9
:10C340001BF03CDDC823C4F8EC3220461BF04AD871
:10C35000202384F8E23308E0D4F8500208B1EBF36C
:10C36000B7F22046EBF3B4F20024204607B0F0BD4C
:10C3700001918300E5908300A19183008191830066
:10C380006199830099B783005CE2880015AA830055
:10C390006E7D8900A09B0200024618B10068024928
:10C3A000FEF7E7B8704700BF5D89890010B5044605
:10C3B00086B00E490E4A234600680AF0F1D90D4BAB
:10C3C0002068009300230193029303930493059341
:10C3D0000949064A2346FEF727F920B12046FFF710
:10C3E000DBFF4FF0FF3006B010BD00BF5D89890054
:10C3F00021CF830015CE83004CE3880038B5044676
:10C40000D0F834011546FFF7CBFED4F838012946A1
:10C41000BDE8384000F02CB810B50446002824D000
:10C42000416969B190F829301BB103689868F7F346
:10C4300055F5236861699868F7F3BCF500236361DB
:10C44000A06908B1EBF344F2E06918B1EBF340F2F4
:10C450000023E3612368054918682246FEF789F83E
:10C460002046BDE81040EBF333B210BD768689005C
:10C4700080F828107047000070B5054686B034205B
:10C48000EBF314F20446002800F0928000213422DD
:10C49000E6F3F6F14023256084F82A305020EBF3D0
:10C4A00005F2A06100287BD000215022E6F3E8F1DC
:10C4B000012384F8203084F8213084F8223084F875
:10C4C000233084F8243084F8253084F8263084F82A
:10C4D000273023721023637294F82A300F2B98BFF1
:10C4E00063722B6A00261869EDF7F2FD4FF47A7338
:10C4F000E381C823238200F01000012300280CBF31
:10C500000520072084F8283003232073E372204697
:10C51000A6721DF0FDDC04212846274A274B009611
:10C52000019401F0A3FBB042206339DB04212846CB
:10C53000234A244B0096019405F0DEFDB042606072
:10C540002EDBA868204922463346F7F34BF560619D
:10C5500030B34FF4BA70EBF3A9F1E06100B33146A8
:10C560004FF4BA72E6F38CF1184B28680093184B1D
:10C5700018490193184B194A0393194B02960493D7
:10C58000184B05932346FEF74FF8064640B92B6833
:10C59000204693F842101DF06DDC84F8296007E016
:10C5A000A06908B1EBF394F12046EBF391F100247C
:10C5B000204606B070BD00BF05DF8300EDDE8300BE
:10C5C00061DF830041DF830071E28300DDDF8300F0
:10C5D00045E5830088E3880029E1830076868900A9
:10C5E0004457010025A300000023037440F6FB63B9
:10C5F000C381704710B5044690B11EF025D960681C
:10C6000008492246FDF7B5FFE06E08B1EBF360F193
:10C61000206EEBF35DF12046BDE81040EBF358B11E
:10C6200010BD00BF6E88890030B5054687B0702008
:10C63000EBF33CF10446002834D000217022E6F3ED
:10C640001FF12B68256063601820EBF32FF1206643
:10C6500020B300211822E6F313F16420EBF326F156
:10C66000E066D8B100216422E6F30AF10F4A104BCC
:10C670000292104A009300230193039204930593BE
:10C6800060680D490D4A2346FDF7CEFF30B90123FE
:10C690006382A3822046FFF7A7FF03E02046FFF74F
:10C6A000A9FF0024204607B030BD00BFDDF18300A4
:10C6B00095EE830075F08300DCE388006E888900C6
:10C6C00070B50446E8B18569C669284600F016F9D8
:10C6D000616C41B1A868F7F301F4A868616CF7F3E5
:10C6E00069F400236364224630460649FDF741FFA2
:10C6F00028682146FEF75CF82046BDE87040EBF361
:10C70000E7B070BD826A89002DE9F0433C234FF009
:10C7100005090A27D0F80080C0F80435C0F808954C
:10C72000C0F8107587B00446A020EBF3BFF00546B3
:10C73000002800F0B1800021A0220026E6F3A0F03E
:10C740002E70AC61C5F81C80284620F0AFDF0421B4
:10C75000A862554A204633460096019501F086FAB4
:10C76000B042A866C0F29880204600F0E1F8064684
:10C77000002840F09180A0684C492A463346F7F3E0
:10C7800031F46864002800F08780494B40460093EC
:10C79000484B49490193494B494A02932B4603961A
:10C7A00004960596FDF740FF0346002874D10090DB
:10C7B00029462068434AFDF78AFF014600286BD1CD
:10C7C000D4F888040122404B03F03CFF002863D1D9
:10C7D0003E4BD4F894068DE81800394601223C4BB4
:10C7E00002F00CFC002857D13A4B32228DE8180099
:10C7F000D4F894063946384B02F000FC0246002873
:10C800004AD1D4F894064946344B009402F0ACFE69
:10C81000002841D1D4F8940649460122304B0094B7
:10C8200002F0A2FE002837D1D4F8940649463222FD
:10C830002C4B009402F098FE70BBD4F89406494645
:10C84000A422294B009402F015FF28BBD4F89406CB
:10C8500049463022254B009402F086FEE0B9D4F818
:10C860009406C0212D22224B009402F07DFE98B93F
:10C87000D4F8940690212D221E4B009402F0D6FC91
:10C8800050B9D8F8D8001C49E6F372F64FF47A7321
:10C8900090FBF3F36B8103E02846FFF711FF0025BF
:10C8A000284607B0BDE8F08301FD8300DD16840053
:10C8B00009FD8300AD0F8400A8E48800891184007D
:10C8C000826A890065068400F9078400F5138400F4
:10C8D000A5118400D913840095118400911284005D
:10C8E000C912840055128400791384000D1384004A
:10C8F000A9148400A51484006885890038B5D0F88F
:10C900001455044675B10849024660F0B5D9074987
:10C9100022462068FDF72DFE2846EAF3D9F70023CA
:10C92000C4F8143538BD00BF1139840066570100C2
:10C93000F0B5044687B04FF40A60EAF3B7F705464E
:10C9400020B9C4F814054FF0FF3005E100214FF481
:10C950000A62E5F395F7226805F120032B600026B3
:10C9600008236B612E61F821D36520467B4A7C4BFE
:10C970000096019405F0C0FBB042A86105DA20469C
:10C98000FFF7BCFF6FF00100E6E0764B002243F8B2
:10C99000042BF2071FD5744901270A780D2A07FADC
:10C9A00002FE03DCD21917FA02F001E04FF4004056
:10C9B000CA78012111FA02F70D2A47EA0E0747EA61
:10C9C000000003DC521811FA02F201E04FF40042B9
:10C9D000024343F8042CB00723D5634901274A7862
:10C9E00053F804EC0D2A07FA02FC03DCD21917FAFB
:10C9F00002F001E04FF400408A78012111FA02F7B9
:10CA00000D2A47EA0C0747EA000003DC521811FA26
:10CA100002F201E04FF40042024342EA0E0243F800
:10CA2000042C710723D5504901270A7953F804ECE7
:10CA30000D2A07FA02FC03DCD21917FA02F001E012
:10CA40004FF400404A79012111FA02F70D2A47EA12
:10CA50000C0747EA000003DC521811FA02F201E069
:10CA60004FF40042024342EA0E0243F8042C32071C
:10CA700023D53D4901278A7953F804EC0D2A07FA9A
:10CA800002FC03DCD21917FA02F001E04FF4004077
:10CA9000CA79012111FA02F70D2A47EA0C0747EA81
:10CAA000000003DC521811FA02F201E04FF40042D8
:10CAB000024342EA0E0243F8042C0136102E7FF4A2
:10CAC00065AF2A4B002103932068294A2346009131
:10CAD0000191029104910591FDF7A6FD70BB012122
:10CAE000D4F888040A46234B03F0ACFD48BBD4F8C5
:10CAF000880401210222204B03F0A4FD20BB1F4B20
:10CB0000D4F894068DE81800802105221C4B02F011
:10CB1000F3F9E0B91B4B1A1D07CA8DE80700204640
:10CB2000032122461B68FDF7CBFE2046164922460C
:10CB300060F09CD870B9C4F814550DE06FF0030094
:10CB40000AE06FF0040007E06FF0050004E06FF00A
:10CB5000060001E06FF0080007B0F0BDC5388400A2
:10CB6000453884007465010060E188000D3284005E
:10CB700066570100CD2F840009368400F9398400FE
:10CB8000FD318400B09B02001139840070B51E464F
:10CB90008B89154642F2560293420C4608D842F25F
:10CBA000550293422DD242F25002934229D108E01D
:10CBB00042F2600293421AD04EF2F542934220D1E3
:10CBC0001AE0CB89012B04D16FF03B032B600F23BC
:10CBD00003E06FF045032B60142333600368D3F840
:10CBE0008030D90412D52B68023B2B600EE06FF029
:10CBF0004A032B600F2308E06FF095032B60962308
:10CC000003E06FF04A032B6014233360D4F808016B
:10CC100030B300214022E5F333F6D4F80821802315
:10CC20001370D4F8082129685170D4F80821937042
:10CC3000D4F808313268DA70D4F80831BF221A719A
:10CC4000D4F8083100225A71D4F808310322DA806E
:10CC500046221A810A225A8101229A810A22DA8105
:10CC6000D4F80C0128B100211022BDE87040E5F392
:10CC700007B670BD10B50446E0B103680E491868E8
:10CC80002246FDF776FCE36833B1214651F80C3BB0
:10CC9000D3F83C06F7F712F9A36833B1214651F8EF
:10CCA000083BD3F83C06F7F709F92046BDE81040E9
:10CCB000EAF30EB610BD00BF969F890070B5054619
:10CCC00086B01020EAF3F2F50446002837D00021A0
:10CCD0001022E5F3D5F5D5F83C06E421194A04F114
:10CCE0000803F7F7DFF830BBD5F83C06E821164A11
:10CCF00004F10C03F7F7D6F80646E0B98DE8110009
:10CD000004212846114A124B05F0F6F9002860600C
:10CD100011DB104B286800930F4B10490193104B07
:10CD2000104A03932346029604960596FDF77CFC71
:10CD300008B9256003E02046FFF79CFF0024204649
:10CD400006B070BD6B57010071570100DDBD840056
:10CD50009DBD840075B6840051BE840050E68800F5
:10CD600079B68400969F890001207047012970B52B
:10CD70000E46144607D1174B03211046D3F8B8309E
:10CD80000A46984770BD19BB124BD3F8C050FFF745
:10CD9000EBFF314602462046A84720460121324695
:10CDA000A847204602213246A847204603210122F7
:10CDB000A84720464FF481710122A84720464FF42E
:10CDC00080713246A847204640F201113246A847FA
:10CDD00070BD00BF10A78800806C20381F2805D8C0
:10CDE000802333FA00F000F0010070470020704704
:10CDF000C16FB0F84E3010B58A6AB3B1FF2B16D9A7
:10CE0000180B0138012814D803F47060000A0928AF
:10CE10000FD878B103F0F00090280AD803F00F0083
:10CE200009288CBF0020012004E0184602E0012000
:10CE300000E000200C6B41F2E4418C4215D1A2F5D8
:10CE400082610739012903D83F2B98BF002010BD0C
:10CE500040F20C418A4207D040F221418A4204D17B
:10CE6000502B98BF002010BD002010BD90F87630E8
:10CE700010B504463BB9044B04491A682CF03CDA5F
:10CE8000012384F8763010BD78B802007CB8020027
:10CE900070B50C460546164608460A220021E5F301
:10CEA000EFF463881E432B6D6680980603D52388B4
:10CEB00043F480632380D5F8943042F25002198CF9
:10CEC000914205D15B8C052B9CBF46F00406668021
:10CED00070BD0000D0F880000149E6F36DB300BFDB
:10CEE000119C020010B504460C20EAF3DFF4C4F8EC
:10CEF0000C0138B10C220021E5F3C2F4D4F80C3156
:10CF000010229A7210BD10B50446D0F80C0120B161
:10CF1000EAF3DEF40023C4F80C3110BD70B5064608
:10CF200005460024686938B1064B1B6898473046AF
:10CF3000214600223BF03ADE01340435062CF1D1C3
:10CF400070BD00BF10A788002DE9F043046985B0CB
:10CF50000546EC20A66FEAF3A9F43062002875D0EC
:10CF60001020A66FEAF3A2F4706200286ED00026AB
:10CF700037460F216846384A3346E5F3E7F4D4F8DC
:10CF800080006946E6F318F308B10137BFB20136F5
:10CF900040F2F1339E42ECD137B9D4F880002F49EA
:10CFA000E6F30AF3002843D0B8000630EAF37EF433
:10CFB000C5F85C06002849D00023838000260F2195
:10CFC0006846254A3346E5F3C1F4D4F88000694643
:10CFD000E6F3F2F298B1D5F85C866946D4F88000A1
:10CFE000B8F80490E6F3C4F208EB89031881D5F889
:10CFF0005C369A8803EB82010132CE809A8001363A
:10D0000040F2F1339E42DAD1D4F880001349E6F3BE
:10D01000D3F2D5F85C6650B1D4F880000F49E6F33E
:10D02000A7F2D5F85C36012270801A7000E03070EB
:10D03000A36F586A60B1012303808380C38003819A
:10D040000223438104238381002001E06FF01A0052
:10D0500005B0BDE8F08300BF629C02006F9C020037
:10D060002DE9F04F0568C6682B688FB0DF69002393
:10D070000446009388460BA80921944A3346E5F3F9
:10D0800065F4D4F81490B9F1000F40F01081D4F891
:10D0900088103A6801F50071E06FD4F808A0099291
:10D0A000D7F804B0FAF798FE0146A868FCF776FDB9
:10D0B000002800F005810921844A0BA83346CDF8E9
:10D0C0000090E5F343F4E26FD4F88810B8F1000F54
:10D0D00002D001F5007300E04346099801F508719C
:10D0E000B8F1000F08BF002001900091CDF808B002
:10D0F000B9684FF0FF390391CDF81090F968DFF867
:10D10000DC810591D5F8E015504606910BA9CDF8C4
:10D110001C80FAF7D1FC0546002800F0D1802A4691
:10D120006B4B20460021FFF721FE2A4620460021B6
:10D130003BF03CDD00250921644A33464FF0010BEA
:10D140000BA8CDF800B0E5F301F400953A68D4F8E7
:10D150008830019250460BA9E26F03F510730295D7
:10D160000395CDF8109005950695CDF81C80FAF73B
:10D17000A3FC0746002800F0A4803A46544B204602
:10D180002946FFF7F3FD59463A4620463BF00EDDAF
:10D190004FF0020B09214D4A33460BA8CDF800B0E1
:10D1A000E5F3D4F3099AD4F88830019250460BA9DC
:10D1B000E26F03F52073009502950395CDF810906A
:10D1C00005950695CDF81C80FAF776FC07460028F1
:10D1D00077D03A463E4B20462946FFF7C7FD5946D1
:10D1E0003A4620463BF0E2DC4FF0030B0921374A78
:10D1F00033460BA8CDF800B0E5F3A8F3099AD4F8AC
:10D200008830019250460BA9E26F03F53073009508
:10D2100002950395CDF8109005950695CDF81C80E4
:10D22000FAF74AFC074600284BD03A46284B2046DE
:10D230002946FFF79BFD3A46204659463BF0B6DCAF
:10D24000042733460921214A0BA80097E5F37EF312
:10D25000099AD4F88830019250460BA9E26F03F581
:10D260004073009502950395CDF8109005950695AD
:10D27000CDF81C80FAF720FC064608B3324620465B
:10D280002946134BFFF772FD3246204639463BF0E4
:10D290008DDC2646706930B10E4B0F49D3F88C30C7
:10D2A0009847C6F8C00001350436062DF2D1D4F8EF
:10D2B0009410204608310022FFF7EAFD012700E024
:10D2C000074638460FB0BDE8F08F00BFE29B020072
:10D2D000F05D010010A78800D4318900C40300006C
:10D2E00010B5BDE81040FCF77DBA11B10846FCF757
:10D2F00021B87047F8B504690546002C42D0E06FAC
:10D3000008B1FCF74DF82046FFF708FED4F894600A
:10D31000B4F846000BF0A0D8706A28B103F04BFCBB
:10D3200000230746736200E00746D4F8900003F03C
:10D3300021FC00263F18D4F88C0004F0D9F92046CF
:10D34000C4F88060E667FFF7DEFDD5F85C0618B12B
:10D35000EAF3BEF2C5F85C66A36F186A20B1EAF37F
:10D36000B7F2A36F00221A62A36F586A20B1EAF3E2
:10D37000AFF2A36F00225A62204601F03BFD00236A
:10D380002B6100E027463846F8BD0000F0B587B0B5
:10D390004FF480350021042303AA0446D0F8887096
:10D3A00000952CF05BDC234B06AE46F8083D0021CF
:10D3B00004232046324600952CF09CDC04230021F7
:10D3C00005AA204600952CF049DC049B059A9A4258
:10D3D0002AD1194B0021049320460423324600959C
:10D3E0002CF088DC0423002105AA204600952CF0AF
:10D3F00035DC049B059A9A4216D10423002120466D
:10D4000003AA00952CF076DC0023C7F88C31D7F8FE
:10D410002031B3F1042F09D00848C0EB030CDCF134
:10D42000000040EB0C0002E0002000E0012007B00B
:10D43000F0BD00BFAA5555AA55AAAA5500040084FC
:10D44000224B70B54FF00061002603660A4646661F
:10D45000044605682DF0C6DD4FF08073C4F8203116
:10D460000323A4F8A8300223A4F8AA300723A4F8C1
:10D47000A4300423A4F8A63041F2010384F8A2608A
:10D48000A4F8BC304FF41673A5F810362B6893F847
:10D490009C20012A0CBF0C220622A5F80E2693F828
:10D4A00064211AB1226E42F08072226693F89C20A9
:10D4B000074812F1FF3218BF01220649E5F306F2D0
:10D4C000FF2384F834310123637470BD60A8E7B88A
:10D4D00078570100787502002DE9F04F97B09B4610
:10D4E0004FF0000916AB8A46174643F8049D219970
:10D4F0005A46054601F097FC0446002800F01D83BB
:10D500009DF88030286103742B6840F61201D3F82F
:10D51000D400D3F8D860D3F8DC304A46C4F884305D
:10D52000E067C4F88060F0F321F0C4F8880080461A
:10D53000E860E06FEFF380F2A0642046FFF780FF21
:10D5400030469749E6F338F028B149464A46E5F3B4
:10D55000CFF51FFA80FA30469249E6F32DF048B134
:10D5600000210A46E5F3C4F54FF6FF7380B29842F6
:10D5700018BF074650463946FDF734F908B90C2361
:10D58000DAE28949A4F844A0A4F846703046E5F3ED
:10D59000EFF78649C4F860013046E5F3E9F7C4F8CF
:10D5A0006401B4F846000AF057DF003018BF0120CC
:10D5B000263054F82030B4F84600C4F894300AF00D
:10D5C0004BDF003018BF01200A3055F820302046CC
:10D5D0002B62FFF701FC08B90D23ADE2E06FEFF31A
:10D5E000E5F1E06FEFF39CF6204600212BF0B0DB75
:10D5F00020464FF0FF312CF021DC2046FFF7C6FE1D
:10D6000008B90E2398E230466949E5F3B1F7FF28DF
:10D6100008BF0120A4F84E002046FFF7E9FB08B937
:10D620000F2389E263493046E5F3A2F7624984F8A3
:10D630004C003046E5F39CF7604920653046E5F341
:10D6400097F794F84C3060650B2B05D930465C4950
:10D65000E5F38EF7C4F850015A493046E5F388F7F0
:10D66000594984F835013046E5F382F784F83601EC
:10D670002B6893F86A312BB130465449E5F378F7BB
:10D68000C4F8540152493046E5F372F7514984F821
:10D6900058013046E5F36CF7E36F41F26B02196B0A
:10D6A000A4F86801914220D19B6A4E2B08D1B4F8AE
:10D6B0004E30402B19D9236D43F00203236514E04B
:10D6C000E42B04D1B4F84E30B3F5A85F06E0EF2B9D
:10D6D0000BD1B4F84E2041F201239A4205D8236DB4
:10D6E00043F480032365002363653B493046D4F847
:10D6F0005C71E5F33DF7394938603046D4F85C7128
:10D70000E5F336F7364978603046D4F85C71E5F3D6
:10D710002FF73449B8603046A76FE5F329F738761C
:10D72000A36F1A7E012A01D003221A76236D99066F
:10D7300004D5012120460A462DF0F6D8D4F8800001
:10D740002949E5F339F720B1D4F880002649E5F3FB
:10D750000FF781462549D4F88000E5F32DF720B175
:10D76000D4F880002149E5F303F707462049D4F8AF
:10D770008000E5F321F720B1D4F880001C49E5F3DF
:10D78000F7F62B6893F82821BAB3226D920504D5D9
:10D79000B9F1000F01D007B160BB00222BE000BF40
:10D7A000259C0200B49C02004C9C0200579C020085
:10D7B000AB9C0200BA9C0200069C0200869C020000
:10D7C0009F9C0200CC9B0200D79B0200799C020028
:10D7D000369C0200C29C0200419C02002C9C02006C
:10D7E000C09B0200ED9B0200199C0200F29B02000C
:10D7F000929C0200012283F828212B6893F869216A
:10D8000032B1226D12F0010218BF012283F86921A2
:10D81000B4F846200123C4F8B830B4F844002B68AB
:10D82000A5F8AA21E26FA5F8A801C3F8D420A26C3C
:10D830001A6194F84C2083F87C202B68226DB4F890
:10D840004E00C3F88020626DA3F87A00C3F88420EC
:10D8500094F84C2020460B2A84BFD4F85021C3F8FA
:10D860004821D4F8B820012783F83D705A62A9688E
:10D870002A4603F02BFFC4F88C0008B919235BE19A
:10D88000219AE36F0292A26C04900692B4F84620AB
:10D89000B4F84400ADF82A20DA6B03930B921A6CAB
:10D8A000ADF828000C925A6C02A80D9294F84C2006
:10D8B000CDF814B00E929A6A09960F92B4F84E20E1
:10D8C00010921A6B1192226D1292626D13925A6825
:10D8D000DB680792089303F0AFFAC4F8900008B928
:10D8E000102329E12623C5F8E035C5F8E4354FF4C7
:10D8F000FF73C4F83831B4F846000AF0ADDD10F11A
:10D90000000918BF4FF00109494620462EF0FCD807
:10D91000B9F1000FD4F894300CBF02220122C3F8F1
:10D9200004901A602B6A14BF01220222C3F80490EB
:10D930001A60E06FD5F81C90EFF376F0D8F85C3100
:10D94000C9F8000023F000437E4AE3662367A36C16
:10D950000C2101FB0323303BC4F8D8302046394664
:10D960002BF0ACDDD4F89490D4F890004146D9F86F
:10D970000020334603F066F9C9F8240008B91123E2
:10D98000DAE04FF0FF3120462DF04EDAD4F8943033
:10D99000E16E586A03F00CF9D4F8943003F12202D6
:10D9A000009203F11C0103F11E02586A203303F0B8
:10D9B000ECF8D4F89480D8F8240003F0F4F888F850
:10D9C0002800D4F89430D5F82080586A03F0EBF89A
:10D9D00088F81400D4F89480D8F8240003F0E6F80E
:10D9E000D4F89430C8F81800DA8B37FA02F1C90776
:10D9F00001D41223A0E0296A586A0861988B4A81F1
:10DA000008811A8C588C8A81C8810F2240F2FF301D
:10DA1000D8829A8220463946FFF722FB08B91323A1
:10DA20008AE02B6893F86931002B32D00021204620
:10DA30002BF0F6DF30464449A76FE5F399F5236DE7
:10DA4000C0B2DA07386020D5636D1B061DD4E36FC2
:10DA50009A69900002D5DA69D10704D5DB69DA0743
:10DA600001D4580711D5E36E99000ED530463649DA
:10DA7000E5F3A2F530B134493046E5F379F5C1B2AA
:10DA8000204604E02046082101E0204600212BF03A
:10DA900073DDE06FEBF358F420462DF017DF0094B0
:10DAA000E06F2A492A4A0023FBF76CFC204600213C
:10DAB0002DF0EEDE2046FFF70DFA08B915233BE006
:10DAC00004F1FC063146E5F3A9F13046E5F338F5FB
:10DAD00018B93046E5F340F508B116232CE020468E
:10DAE000FFF700FA2846A16C01F0E2F92B68DA6929
:10DAF000526AC5F84425013A85F84225D3F89800C2
:10DB0000A8B103789BB113492246E5F3C7F62B6809
:10DB10001149D3F898002246F9F78AFE606930B1BE
:10DB20002B68D3F898100D4BD3F8B030984728469F
:10DB3000FFF70AFA10B11B231593159817B0BDE82B
:10DB4000F08F00BF005E0100FD9B020001DC84003D
:10DB500015DC84005DD98400BDD9840010A788003D
:10DB600010B50446002828D00368144918682246D6
:10DB7000FCF7FFFC236A1BB104F12000E4F396F0EC
:10DB8000E3691BB104F11C00E4F390F0A3691BB13D
:10DB900004F11800E4F38AF063691BB104F1140086
:10DBA000E4F384F023691BB104F11000E4F37EF088
:10DBB0002046BDE81040E9F38BB610BD8A5701003E
:10DBC000036830B5DB690546586D87B00001243025
:10DBD000E9F372F60446002838D0034643F8245B84
:10DBE000C36004F11001D5F83806E4F349F068BBCE
:10DBF000D5F8380604F11401E4F342F030BBD5F84F
:10DC0000380604F11801E4F33BF0F8B9D5F838060A
:10DC100004F11C01E4F334F0C0B9D5F8380604F17E
:10DC20002001E4F32DF088B94FF4856363600B4B5A
:10DC3000019000930A4B03900293049005900949C8
:10DC40002868094A2346FCF7EFFC18B12046FFF785
:10DC500087FF0024204607B030BD00BFC10B850000
:10DC60007513850080E688008A570100F0B5D0F86A
:10DC700028410068A568C069406D854211D2E768F7
:10DC80002E01B8194360059B01358360069BBA518C
:10DC9000C3606068A560C31C591821F0030161606E
:10DCA000F0BD6FF01500F0BDD0F828311869E3F32E
:10DCB000C3B7D0F8280110B10069E4F31FB0704772
:10DCC000D0F82831D869E3F3B7B7D0F82831D8694C
:10DCD000E4F314B0D0F82831186AE3F3ADB7D0F804
:10DCE0002831186AE4F30AB073B505462EF058DC03
:10DCF0000446B8B12B684FF00052C5F86802009294
:10DD000093F82F20284601922146002204332EF05A
:10DD1000D3D9064650B9284621462FF0B1DB064636
:10DD200020B901E06FF01A0630467CBD2846214636
:10DD30002FF01EDBF8E7F8B51F4603680D461E6995
:10DD40001146D6F880001446E5F32AF440B3B842F1
:10DD500024D121460022D6F88000E5F315F428707E
:10DD600021460122D6F88000E5F30EF468702146C2
:10DD70000222D6F88000E5F307F4A87021460322BA
:10DD8000D6F88000E5F300F4E870D6F8800021466C
:10DD90000422E5F3F9F328710120F8BD4FF0FF30BC
:10DDA000F8BD000038B50446B8B103680B491868DF
:10DDB0002246FCF7DEFB606B08B1E9F389F5D4F885
:10DDC00080000025656318B1E9F382F5C4F880503E
:10DDD0002046BDE83840E9F37BB538BD91570100D6
:10DDE0002DE9F04105698CB007468420E9F364F51C
:10DDF0000446002800F0D28107603C20E9F35CF57E
:10DE00008046002800F0CA813B69012680F838600E
:10DE100080F8396043603B6A046031461869ECF76A
:10DE20007EFAD8F80430B649D3F88000E5F3A0F3C1
:10DE3000D8F80430C8F81400B249D3F88000E5F3EC
:10DE400097F3D8F80430C8F81800AF49D3F8800029
:10DE5000E5F38EF3D8F80430C8F81C00AB49D3F8CA
:10DE60008000E5F385F3D8F80430C8F80800A84925
:10DE7000D3F88000E5F37CF3D8F80430C8F810003C
:10DE8000A449D3F88000E5F373F3A34BC8F80C0062
:10DE9000C4F880800093A14BA1490193A14BA24AF1
:10DEA0000293A24B0393A24B0493A24B05933868B1
:10DEB0002346FCF7B9FB8046002840F06F8184F8C8
:10DEC0002C003B699C49D3F88000E5F351F384F8BA
:10DED0006F003220E9F3F0F407466063002800F099
:10DEE0005D8141460A2206A8E4F3CAF40C238DF8AA
:10DEF000193099238DF81A30A6238DF81B3008238A
:10DF00008DF81E30B7238DF81F30E2238DF82030B6
:10DF10008A4AC4238DF821308DF818608DF81D6071
:10DF20001068516809AB03C3128985491A80854B73
:10DF30003E70A363844B84F85A80E363636B9E71E5
:10DF4000D5F88000E5F338F3002800F093807C4991
:10DF5000D5F88000666BE5F30BF370707B49D5F85C
:10DF60008000666BE5F304F3B0707949D5F8800062
:10DF7000666BE5F3FDF2F0707649D5F88000666BCC
:10DF8000E5F3F6F230717449D5F88000666BE5F37D
:10DF9000EFF270717149D5F88000666BE5F3E8F235
:10DFA000F0716F49D5F88000666BE5F3E1F2B0716E
:10DFB0006C49D5F88000E5F3DBF284F844006A4947
:10DFC000D5F88000666BE5F3D3F230726749D5F877
:10DFD0008000666BE5F3CCF27072616B05230A3149
:10DFE000634A2046FFF7A7FE616B05230F3186B217
:10DFF000604A2046FFF79FFE616B052314313618F7
:10E000005D4A2046FFF797FE616BB6B219310523D2
:10E0100036185A4A2046FFF78EFE616BB6B23618A4
:10E020000B7AB6B2B34225D11E310523544A20469D
:10E03000FFF781FE616B0523233186B2514A2046EA
:10E04000FFF779FE616B0523283136184E4A2046CA
:10E05000FFF771FE616BB6B2052336182D312046ED
:10E060004A4AFFF768FE636BB6B236185B7AB6B2FF
:10E07000B34225D0626B00235370626B0C21937006
:10E08000626BD370626B1171616B02224A71A86F6F
:10E09000616B0068C871616B0A72616B4A72606B78
:10E0A000812284F8402006A90A2284F841300A30EF
:10E0B000E4F362F3606B09A91E300A22E4F35CF317
:10E0C000626BAB6FD27900211A6004F14D00082217
:10E0D000E4F3D6F3002384F8583084F85930A4F8D8
:10E0E0005630D5F880002A49E5F366F2002851D071
:10E0F000D5F880002649E5F33BF284F85F0051E053
:10E10000E49D0200D19C0200FA9C02000A9E0200DB
:10E11000629D0200D09D02005128850085DA000032
:10E12000A4E68800E12B850091570100D52B8500DE
:10E13000A45701006DD30000989E02003B380100F7
:10E14000479E02001127850089278500919D0200C6
:10E15000319E02001B9E0200F39D0200E29C020021
:10E16000A89D02004E9D0200819D02003D9D02007F
:10E170000D9D02001D9D02002D9D0200719D02005B
:10E18000549E0200659E0200769E0200879E020059
:10E19000BD9D0200BA2384F85F3003E02046FFF7FC
:10E1A00001FE002420460CB0BDE8F08130B50446E5
:10E1B00085B0002840D0D0F8201131B103689868AC
:10E1C000F5F3F8F60023C4F8203123681A6892F8B2
:10E1D0002F2022B3D3F8240101A900225EF0A2DA95
:10E1E0000FE043685A060CD5D4F83051451904E0C5
:10E1F0000368C5F81031E9F36BF3D5F81001002876
:10E20000F6D1236801A9D3F824015EF0A1DA002831
:10E21000E7D104E00368C4F84431E9F359F3D4F8D2
:10E2200044010028F6D12368044918682246FCF707
:10E23000A0F92046E9F34CF305B030BD5DB3890089
:10E2400030B5054687B04FF4A670E9F32FF30446C6
:10E25000002875D000214FF4A672E4F311F33C4B73
:10E26000256000933B4B3C4A0193002302930392A9
:10E270000493059328683949394A2346FCF7D4F9B1
:10E2800000285DD12B6A1A68022A05D15B7D002B1C
:10E290000CBF1623302300E0302322184430B0F5A1
:10E2A000887F1374EED1A8682E492A460023F5F31F
:10E2B00099F6C4F82001002842D04FF47A7345F251
:10E2C0007352C4F81C31A4F83C2100234622C4F840
:10E2D0004431A4F83E2128468DE828004FF48A7185
:10E2E000214A224B03F008FF0028C4F8300127DB45
:10E2F0001F4BD5F894068DE818000521B0221D4B60
:10E3000000F008FFE0B91C4BD5F894068DE8180022
:10E310000521B222194B00F0FDFE88B9D5F894060C
:10E320000A21B022164B009401F0A4F940B9D5F8A7
:10E33000C006B021134A144B009401F005FC18B13B
:10E340002046FFF733FF0024204607B030BD00BF52
:10E350009150850011658500654E850018E888009C
:10E360005DB389005549850011568500ED5585003E
:10E37000955D8500E94A8500D15C8500514A85009C
:10E3800095538500854E8500994E850010B504464D
:10E3900030B133F091DE2046BDE81040E9F398B289
:10E3A00010BD10B504462420E9F386F200B10460E4
:10E3B00010BD000010B50446E0B143680E4918686E
:10E3C0002246FCF7D6F8D4F83C01FFF7DFFFD4F87B
:10E3D0003401FFF7DBFFD4F89C0008B1E9F378F2D1
:10E3E000D4F8940008B1E9F373F22046BDE8104078
:10E3F000E9F36EB210BD00BFBC5701002DE9F0413A
:10E40000754B00271F60754B056888B006461F6076
:10E410004FF4A070E9F34AF20446002800F0D780D8
:10E4200039464FF4A072E4F32BF284E860003046E2
:10E43000C6F85841FFF7B5FF8046C4F8340130B143
:10E440003046FFF7AEFF8046C4F83C0120B92046B5
:10E45000E9F33EF24446BAE07F21042204F144008D
:10E46000E4F30EF27F21042204F17000E4F308F2D9
:10E47000042207A83946E4F303F2336893F87C20BA
:10E48000D3F8D800012A13D95549E5F395F0014690
:10E4900058B107A80322E4F3CBF207A8042137F010
:10E4A000B7D990B107A84F490CE007A84E4909E039
:10E4B0004E49E5F35DF00928034606D84C4907A804
:10E4C00001EB83010322E4F3B3F2032207A904F171
:10E4D0000800E4F3ADF233684649D3F8D800E5F319
:10E4E00047F0D5F8D43041F26B02196BE0609142ED
:10E4F0000ED19B6A8B2B01D0902B09D1022807D11A
:10E5000007A83D490422E4F36FF208B90323E3604E
:10E51000D5F8D43041F26B02196B91420DD19B6A50
:10E52000932B0AD107A835490422E4F35DF220B900
:10E53000E368042B01D10623E360D5F8D43041F21F
:10E540006B02196B914218D19A6A40F235139A42C4
:10E5500013D107A82A490422E4F346F258B107A8C8
:10E5600028490422E4F340F228B107A826490422EE
:10E57000E4F33AF208B91323E3600025EAF786FFD3
:10E5800035F058DF07A90422C4F89450C4F8985015
:10E59000C4F89C50C4F8A050C4F8A45084F8F450B7
:10E5A000204633F0C3DE194B30688DE82800184947
:10E5B000184A23460295039504950595FCF734F80F
:10E5C00028B12046C6F85851FFF7F4FE2C462046E5
:10E5D00008B0BDE8F08100BFB4650100B865010076
:10E5E000A89E0200BF57010041B58900AE9E0200FF
:10E5F00094E98800B19E0200C257010068EB8800D0
:10E6000078E9880080E9880084E98800F16D850058
:10E610003CE98800BC57010030B5054687B00C20A6
:10E62000E9F34AF10446D0B1114B05604FF4907103
:10E63000009301900722D5F894060E4B00F0DEFC03
:10E6400080B90D4B019000930290039004900590C7
:10E650000A4928680A4A2346FBF7E6FF10B9204614
:10E6600007B030BD2046E9F333F10024F7E700BFDF
:10E67000C19D8500299B8500659B8500ECED880088
:10E6800034590100036810B504460549186822464C
:10E69000FBF76FFF2046BDE81040E9F319B100BF5A
:10E6A0003459010070B5054686B00C20E9F304F139
:10E6B0000446002863D00560002601900421284606
:10E6C000334A344B0096FFF7D1FAB042606059DB11
:10E6D00004212846304A314B0096019403F00CFD8A
:10E6E000B042A0604EDB28462D492246FFF7DCFAF7
:10E6F000002847D12B4BD5F894068DE818004FF42D
:10E7000090712522284B00F079FC00283AD1274B44
:10E71000D5F894068DE818004FF490713C22244BF4
:10E7200000F06CFC00282DD1D5F8940605219C2220
:10E73000204B009500F036FF002823D1D5F8940631
:10E74000802125221C4B009400F070FDD0B9D5F833
:10E75000940680213C22194B009400F067FD88B993
:10E76000174B01900093174B039002930490059070
:10E7700015492868154A2346FBF756FF10B920466D
:10E7800006B070BD2046E9F3A3F00024F7E700BF10
:10E7900051A3850011A3850059A7850045A78500D1
:10E7A000CDA38500E5A98500F1A3850015AA850004
:10E7B00019A4850031A28500D1A28500F1A28500AF
:10E7C00009A58500E1A9850028EE880050B98900D7
:10E7D00038B505680446224628680649FBF7C9FE95
:10E7E000284605492246FFF764FA2046BDE838402E
:10E7F000E9F36EB050B98900CDA385000246024905
:10E800000068FBF7B6BE00BF3A59010030B50D4BAA
:10E8100087B000930023044601930293039304936B
:10E8200005930949094A23460068FBF7FDFE0028C5
:10E8300014BF4FF0FF350025204638F071D8284628
:10E8400007B030BDA1B08500445901003A5901001C
:10E850002DE9F043064687B038200F46914698468A
:10E86000E9F324F00446002838D000213822E4F3EC
:10E8700007F0D7F83C0640211A4A04F12003F5F7C7
:10E8800011FB054620B12046E9F322F0002425E0E3
:10E89000154BC4F81C80A760C4F80C90266113497E
:10E8A0000093019002900390049005902346304617
:10E8B0000F4AFBF7B9FE034660B9E0680D492246EE
:10E8C000F5F390F30546A06140B920690A49224654
:10E8D000FBF74FFE2046E8F3FBF72C46204607B037
:10E8E000BDE8F08314C68900EDB4850058EE8800B9
:10E8F000B89E02004DB585005C59010010B5044674
:10E9000038F042DA0F4920692246FBF732FEA1694E
:10E9100061B1237D23B1E068F5F3E0F200232375B4
:10E92000E068A169F5F346F30023A361A36804F14D
:10E930002001D3F83C06F5F7C1FA2046E8F3C8F702
:10E94000002010BDB89E020010B50446C0B122469A
:10E950000C494068FFF7C3F9224660680A4903F092
:10E960000EFE224660680949FFF7A3F9A06808492E
:10E970002246FBF7FEFD2046BDE81040E8F3A8B7AD
:10E9800010BD00BF21BF850081C5850029BB850062
:10E990006359010070B5054686B01820E8F386F784
:10E9A0000446002800F0E98000211822E3F368F70C
:10E9B0002B680022A360AB686560E3606B6804218C
:10E9C00023610423A38228466D4B8DE81400FFF7D2
:10E9D0004DF900282060C0F2CC80284669492246C3
:10E9E000FFF778F9002840F0C4802846664922469F
:10E9F000FFF75AF9002840F0BC80284663492246B8
:10EA000003F0B8FD002840F0B480614B0190009302
:10EA100002900390049005905E4928685E4A234660
:10EA2000FBF702FE002840F0A4805C490322D5F8E1
:10EA3000BC063CF039DA5A4E5A490222D5F8C006D3
:10EA40003CF032DAD5F89406B0213022564B0096CD
:10EA5000019400F051FA002840F08B80534BD5F818
:10EA600094068DE8180040F605013622504B00F060
:10EA7000C5FA00287DD14F4BD5F894068DE81800D3
:10EA800040F6040137224C4B00F0B8FA002870D150
:10EA9000D5F8BC063021444A3346009401F009F809
:10EAA000002866D1D5F8BC063621414A3F4B009478
:10EAB00000F0FFFF00285CD1D5F8BC0637213E4AA4
:10EAC0003C4B009400F0F5FF002852D1D5F8C00669
:10EAD00039213A4A3A4B009400F0EBFF002848D124
:10EAE000D5F89406C0213622364B009400F03CFD48
:10EAF00000283ED13021D5F894060A46324B0094C6
:10EB000000F094FB002834D1D5F8940640F60A01B1
:10EB100036222E4B009400F027FD50BBD5F894060A
:10EB200040F60A0137222A4B009400F01DFD00BB7D
:10EB3000D5F8940630213922264B009400F014FDBC
:10EB4000B8B9D5F8BC0630211F4A234601F044F875
:10EB500078B9D5F8BC0636211C4A234601F03CF8AA
:10EB600038B9D5F8BC063721194A234601F034F8E4
:10EB700018B12046FFF7E8FE0024204606B070BD1D
:10EB8000A1BA850021BF850029BB850081C585000C
:10EB900035BC850080EE8800635901007CEE88005A
:10EBA00019BA8500A4EE880071B8850085C6850075
:10EBB000A5BB8500C1C5850035BB850021BC85008E
:10EBC000DDC68500C9C4850005C28500C9C08500B1
:10EBD00011C0850035C1850008B1E8F379B67047EA
:10EBE00037B505463820E8F367F6044650B14FF0D4
:10EBF000FF33056005490193054A064B009539F03E
:10EC0000ABDD01E0FFF7E8FF20463EBDE9CD850022
:10EC1000F1CD8500E1CD850070B5054686B01020A8
:10EC2000E8F344F60446002838D000211022E3F32C
:10EC300027F6002625600121C5F8CC462846194A4A
:10EC4000194B00960194FFF711F8B042E06021DB08
:10EC5000164B28688DE848001549164A2346029647
:10EC6000039604960596FBF7DFFC98B9124BD5F88E
:10EC700094068DE828000521BE22104B00F04AFAC8
:10EC800040B9D5F89406C021BE220D4B009500F086
:10EC9000F1FC18B12046E8F31BF60024204606B02C
:10ECA00070BD00BF8DD0850089D08500E1CF850083
:10ECB000A8EE8800BF9E02005DD085003DD0850093
:10ECC00091D0850010B5044688B1037923B18068DE
:10ECD000E8F3FEF5002323712368054918682246EE
:10ECE000FBF747FC2046BDE81040E8F3F1B510BD46
:10ECF000BF9E020008B1E8F3EBB5704737B5054693
:10ED00000420E8F3D3F50446002855D02D4B0560C8
:10ED100040F23F11009301902D22D5F894062A4B22
:10ED200000F06CF9002847D1284BD5F894068DE8FF
:10ED300018004FF495713D22254B00F05FF9002833
:10ED40003AD1244BD5F894068DE818004FF495710C
:10ED50004A22214B00F052F970BB204BD5F89406A3
:10ED60008DE81800152150221D4B00F0D3F918BB77
:10ED7000D5F8940605212D221A4B009400F0F4FBDF
:10ED8000D0B9D5F89406C0212D22174B009400F07D
:10ED9000EBFB88B9D5F89406C0213D22134B0094B3
:10EDA00000F0E2FB40B9D5F89406C0215022104B88
:10EDB000009400F05FFC18B12046FFF79BFF002491
:10EDC00020463EBDC5D28500CDD0850011D385003B
:10EDD000E1D085000DD38500DDD0850071D285009E
:10EDE000B5D0850041D1850001D2850021D28500B2
:10EDF0007DD1850010B50446A0B10368806F002264
:10EE00005A6108B1E8F364F5D4F8980008B1E8F362
:10EE10005FF5606808B1E8F35BF52046BDE8104097
:10EE2000E8F356B510BD2DE9F04104464FF4B67035
:10EE30000D4616469846E8F33FF5074610B940F2EE
:10EE4000F2331EE004608560C6602820E8F334F5E4
:10EE5000B86710B940F2F33313E05820E8F32CF50B
:10EE6000C7F8980040B12C30C7F89C003020E8F378
:10EE700023F5786060B902E04FF47D7301E040F261
:10EE8000F5333846C8F80030FFF7B4FF002703E039
:10EE90000023C8F8003060613846BDE8F0810023E7
:10EEA000C218D2F8C020CA500433182BF8D17047CA
:10EEB0004FF4C863C0F864366823C0F868364FF46E
:10EEC0008073C0F86C360223C0F87036C0F8743610
:10EED0007047000010B5044650B103680549186832
:10EEE0002246FBF746FB2046BDE81040E8F3F0B4AD
:10EEF00010BD00BF0D5A010001F0F0012DE9F04FE7
:10EF00000E110168B0F81080096889B0C96994468B
:10EF1000D1F8C010079388450446B0F812A0838A40
:10EF2000C78AB2B25CDA817900295CD1324D05EB37
:10EF3000C200808806E055F8329019F80190E1454A
:10EF400002D001318142F6D381424FD0E71937F820
:10EF500012B0013237F81250A244454523441AD268
:10EF6000C5EB080805F101090AEB050142460AEB69
:10EF70000900CDF814C00693E3F35EF4069B0C225F
:10EF800002FB093002FB053102FB08F2E3F354F403
:10EF9000DDF814C0069B3146002207E007EB46006F
:10EFA00030F802E00EF1010E20F802E001310232E9
:10EFB0000D29F3D91299CBEB0502009113990AEBB5
:10EFC0000B0001910C2101FB0B3192B2079BCDF894
:10EFD00008C000F0A1FB238A00200133238207E050
:10EFE0006FF0150004E06FF0160001E06FF01D00F7
:10EFF00009B0BDE8F08F00BF685901002DE9F34763
:10F00000DDF82890DDF82CA007460E4615469846F8
:10F01000002456FA04F3DB070AD52101384601F033
:10F02000F0012A4643468DE80006FFF765FF18B950
:10F0300001340D2CEDD10020BDE8FC872DE9F04F07
:10F0400089B007920268B0F8188012689C46D269AD
:10F050000446D2F8C420B0F81AA09045838BC78B21
:10F0600050DA8279002A50D101F0F0063611C71922
:10F07000B2B237F812B0013237F812508244454527
:10F0800003441AD2C5EB080805F101090AEB050192
:10F0900042460AEB0900CDF814C00693E3F3CCF323
:10F0A000069B0C2202FB093002FB053102FB08F231
:10F0B000E3F3C2F3DDF814C0069B3146002207E0FB
:10F0C00007EB460030F802E00EF1010E20F802E0F6
:10F0D000013102320D29F3D91299CBEB05020091CF
:10F0E00013990AEB0B000191079992B202910C213E
:10F0F00001FB0B31634600F00FFB238B0020013333
:10F10000238304E06FF0150001E06FF0160009B0F2
:10F11000BDE8F08F2DE9F347DDF82890DDF82CA04D
:10F1200007460E4615469846002456FA04F3DA07B9
:10F130000AD52101384601F0F0012A4643468DE800
:10F140000006FFF77BFF18B901340D2CEDD100202C
:10F15000BDE8FC872DE9F04F89B007920268B0F84E
:10F16000308012689C46D2690446D2F80021B0F87B
:10F1700032A09045838EC78E50DA8279002A50D112
:10F1800001F0F0063611C719B2B237F812B00132E9
:10F1900037F812508244454503441AD2C5EB08089B
:10F1A00005F101090AEB050142460AEB0900CDF819
:10F1B00014C00693E3F340F3069B0C2202FB0930D4
:10F1C00002FB053102FB08F2E3F336F3DDF814C06D
:10F1D000069B3146002207E007EB460030F802E0CC
:10F1E0000EF1010E20F802E0013102320D29F3D9AF
:10F1F0001299CBEB0502009113990AEB0B000191D8
:10F20000079992B202910C2101FB0B31634600F089
:10F2100083FA238E00200133238604E06FF015006B
:10F2200001E06FF0160009B0BDE8F08F2DE9F04F56
:10F2300087B005920268B0F8208012689C46D269B7
:10F240000446D2F8C820B0F822A09045838CC78C21
:10F250004CDA8279002A4CD101F0F0063611C71938
:10F26000B2B237F812B0013237F812508244454535
:10F27000034419D2C5EB080805F101090AEB0501A1
:10F2800042460AEB0900CDF80CC00493E3F3D4F234
:10F29000049B4FEAC80203EBC90003EBC501E3F38B
:10F2A000CBF2DDF80CC0049B3146002207E007EBEF
:10F2B000460030F802E00EF1010E20F802E00131C4
:10F2C00002320D29F3D91099CBEB05020091059973
:10F2D0000AEB0B00019192B203EBCB01634600F005
:10F2E0002BFA238C00200133238404E06FF01500F7
:10F2F00001E06FF0160007B0BDE8F08F0368F0B5CD
:10F30000DB690C25B3F8C020064605FB02F4433246
:10F3100022F003020134A418B3F8C4204FF6FE71A2
:10F3200002F11F006A4321404118501C4FF6FC7245
:10F330000A408218B3F800014FF6FE7100F11F0475
:10F340006843114061184FF6FC7201300A40821880
:10F35000B3F8C8004FF6FE7100F11F0411406118A8
:10F36000C0004FF6FC7201300A408218B3F8CC009E
:10F370004FF6FE7100F11F0411406118C0004FF6F6
:10F38000FC720A40B3F80431013080184FF6FE7267
:10F3900003F11F010240DB008A18591C4FF6FC7371
:10F3A0001340CB184FF6FE771F401C37BFB287B013
:10F3B0003846E8F37BF20446002800F0BC800021C8
:10F3C0003A46E3F35DF24023638233684FF6FC7202
:10F3D000DB692660B3F8C010A78001F1430002404A
:10F3E00005FB0121A28201314FF6FE720A40B3F8FB
:10F3F000C410E2821C3292B2C81C101862834FF60D
:10F40000FC72024005FB0121A28301314FF6FE721E
:10F410000A40B3F80011E2831C3292B2C81C1018E3
:10F4200062864FF6FC72024005FB0121A286013183
:10F430004FF6FE720A40B3F8C810E2861C3292B250
:10F44000C81C101862844FF6FC72024002EBC10126
:10F450000131A2844FF6FE720A40B3F8CC10E28468
:10F460001C3292B2C81C101862854FF6FC72024022
:10F4700002EBC1010131A2854FF6FE720A40B3F8DA
:10F480000411E2851C3292B2CB1C6287D2184FF66F
:10F49000FC731340A38703EBC10301334FF6FE72E5
:10F4A0001A40E2870025274F57F8353063B1264BC5
:10F4B00029018DE81800DD22204601F0F001234BE0
:10F4C000FFF71AFD002836DB01350D2DEBD10025A5
:10F4D00057F8353053B12901DD22204601F0F00103
:10F4E0001B4B0094FFF7A2FE002824DB01350D2DF5
:10F4F000EED1184BB0218DE81800FF222046164BA4
:10F50000FFF7FAFC002816DBB021FF222046134B40
:10F510000094FFF78BFE00280DDB114B00210293B6
:10F520003068104A2346009101910391049105919E
:10F53000FBF77AF818B12046FFF7CCFC00242046F0
:10F5400007B0F0BD685901000DD5850061D5850073
:10F55000ADD58500F1E0000043E1000091E000003E
:10F5600099D485000D5A01002DE9F743DDF8289064
:10F5700007460E4615469846002456FA04F3D80767
:10F580000AD52101384601F0F0012A464346CDF85C
:10F590000090FFF74BFE18B901340D2CEDD100207F
:10F5A000BDE8FE832DE9F04F87B005920268B0F800
:10F5B000288012689C46D2690446D2F8CC20B0F864
:10F5C0002AA09045838DC78D4CDA8279002A4CD1D0
:10F5D00001F0F0063611C719B2B237F812B0013295
:10F5E00037F8125082444545034419D2C5EB080848
:10F5F00005F101090AEB050142460AEB0900CDF8C5
:10F600000CC00493E3F318F1049B4FEAC80203EB28
:10F61000C90003EBC501E3F30FF1DDF80CC0049B57
:10F620003146002207E007EB460030F802E00EF119
:10F63000010E20F802E0013102320D29F3D91099B0
:10F64000CBEB0502009105990AEB0B00019192B2F8
:10F6500003EBCB01634600F06FF8238D00200133EC
:10F66000238504E06FF0150001E06FF0160007B08D
:10F67000BDE8F08F2DE9F743DDF8289007460E46E8
:10F6800015469846002456FA04F3DB070AD52101F3
:10F69000384601F0F0012A464346CDF80090FFF7C6
:10F6A00081FF18B901340D2CEDD10020BDE8FE8397
:10F6B0002DE9F047089F9A4604469DF824600346CA
:10F6C00000250CE013F8010B86420AD01DB113F897
:10F6D00002ECB64501D2864203D90135ADB295425E
:10F6E000F0D1AA4207FB05180ED9C5EB0209414625
:10F6F00007FB09F208EB0700E3F39EF0681C2018F3
:10F7000061194A46E3F398F0404651463A46E3F31E
:10F7100033F06655BDE8F0877FB50393089B0493EB
:10F72000099B05930C2300939DF82830019303ABAC
:10F73000FFF7BEFF07B000BD1FB50293069B039302
:10F74000082300939DF81C30019302ABFFF7B0FF34
:10F7500005B000BD37B5254BD0F89456044600934C
:10F76000019040F23F1128467F22214BFFF746FCD3
:10F7700000283AD11F4B28468DE8180041F63F512A
:10F7800040221D4BFFF7C6FC78BB1C4B28468DE87A
:10F79000180040F63F119822194BFFF7BBFC20BB25
:10F7A000184B28468DE8180040F22F11A822164B5E
:10F7B000FFF7B0FCC8B9284640F20F117F22134B67
:10F7C0000094FFF7D1FE80B9284640F20F1198222D
:10F7D0000F4B0094FFF74EFF38B9284640F20F1147
:10F7E000A8220C4B0094FFF745FF3EBD55F0850065
:10F7F00081EC8500A1F08500A1EC850009F0850071
:10F8000007E2000019F1850015ED8500C5ED8500C2
:10F8100085ED850001EE850037B5104BD0F8945684
:10F820000446009301900521284600220C4BFFF767
:10F83000E5FB90B90B4B28468DE818000521012205
:10F84000094BFFF7DBFB40B9084B28468DE8180051
:10F8500005213222064BFFF7D1FB3EBD49E785006B
:10F8600011E7850065E785001DE785002DE7850028
:10F8700001E7850037B5254BD0F894560446009330
:10F8800001904FF4907128460022214BFFF7B6FB00
:10F8900000283AD11F4B28468DE818004FF490718C
:10F8A00001221D4BFFF7AAFB78BB1C4B28468DE8B5
:10F8B00018004FF490713222194BFFF79FFB20BBC9
:10F8C000184B28468DE818004FF490710322164B10
:10F8D000FFF794FBC8B9154B28468DE818004FF484
:10F8E00090710622124BFFF789FB70B928468021E0
:10F8F0000522104B0094FFF799FC30B9284680216F
:10F9000005220D4B0094FFF791FC3EBD01EC8500F4
:10F9100089E985003DEC850091E98500A5EB85002E
:10F9200045E9850079EB850031E98500CDEB85005F
:10F9300061E985009DE9850019EB850037B5154B18
:10F94000D0F89456044600930190402128460022A6
:10F95000114BFFF7D1FAE0B9104B28468DE818009B
:10F96000402101220E4BFFF7C7FA90B90D4B2846F4
:10F970008DE81800402132220B4BFFF7BDFA40B949
:10F980000A4B28468DE8180040210322084BFFF758
:10F99000B3FA3EBD8DF2850031F28500A5F28500F7
:10F9A0003DF2850071F2850021F2850049F2850063
:10F9B00011F2850037B50A4BD0F8945604460093EF
:10F9C0000190B02128461022064BFFF795FA30B976
:10F9D0002846B0211022044B0094FFF727FC3EBDBF
:10F9E00065E8850081E78500ADE7850037B5D0F88B
:10F9F000945604460090C02128460022114BFFF780
:10FA0000B3FDF0B92846C02101220F4B0094FFF747
:10FA1000ABFDB0B92846C02106220C4B0094FFF77D
:10FA2000A3FD70B92846C021A822094B0094FFF716
:10FA300021FE30B92846C0219822064B0094FFF7DA
:10FA400019FE3EBDF9F2850021F38500D9F285004B
:10FA50003DF38500C1F2850010B5044650B103683E
:10FA6000054918682246FAF784FD2046BDE8104093
:10FA7000E7F32EB710BD00BFAA5A010038B50546FE
:10FA80000C20E7F313F7044638B100210C22E2F30F
:10FA9000F7F60C232560A38001E0FFF7DDFF204689
:10FAA00038BD28B18368DA88013ADA80E7F310B705
:10FAB00070472DE9F04F9B46038B87B0C518C65A97
:10FAC000B5F80480438AC6EB08089845059194462A
:10FAD000878AB0F816A032DA6C88C7194445824488
:10FAE00016DAC4EB080804F101093919424607EB9C
:10FAF0000900CDF810C0E2F39FF60C2202FB09A02A
:10FB000002FB04A102FB08F2E2F396F6DDF810C056
:10FB10006B88A21B01336B80AB880C210133AB8057
:10FB2000109BB8190193059B01FB06A1029392B2A9
:10FB30006346CDF800B0FFF7EFFD002001E06FF065
:10FB4000150007B0BDE8F08F2DE9F04F9B46038B01
:10FB50009446C518AC8830F80380428AC8EB040389
:10FB600087B093420591878AB0F816A02FDA9C429D
:10FB7000074482446E8816DAC8F1000804F10109CE
:10FB80003919424607EB0900CDF810C0E2F354F6EC
:10FB90000C2202FB09A002FB04A102FB08F2E2F323
:10FBA0004BF6DDF810C0AB88A21B0133AB80109B75
:10FBB0000C210193059BB819029301FB06A192B297
:10FBC0006346CDF800B0FFF7A7FD002001E06FF01D
:10FBD000150007B0BDE8F08F2DE9F04F9B46038C70
:10FBE00085B0C518C65AB5F80480438BC6EB080823
:10FBF000984503919446878BB0F81EA02EDA6C8846
:10FC0000C7194445824415DAC4EB080804F1010918
:10FC10003919424607EB0900CDF808C0E2F30CF6AB
:10FC20000AEBC9000AEBC4014FEAC802E2F304F68A
:10FC3000DDF808C06B88A21B01336B80AB88B81954
:10FC40000133AB80039B0AEBC601019392B263467A
:10FC5000CDF800B0FFF770FD002001E06FF0150057
:10FC600005B0BDE8F08F00002DE9F04F036885B0C6
:10FC700003931B681546DB69C288D3F8D03007466A
:10FC80009A420E465BDA09B14E1CB6B20DB101358F
:10FC9000ADB206F127034FF6FC7A03EA0A0A0C23F9
:10FCA00003FB06A34FF6FE78013303EA080808F1C8
:10FCB0000903EB184FF6FC7B03EA0B0B0BEBC502B9
:10FCC00001324FF6FE73134003F106091FFA89F95A
:10FCD00048460293E7F3EAF50446002830D00021B5
:10FCE0004A46E2F3CDF5029B03992384FB88A4F8EE
:10FCF0001880242208F1060801332160A760A4F8C7
:10FD00001090A282A4F816A0A4F81C80A4F81EB03B
:10FD100066826583FB8046B1DD2120460C4A0D4B8F
:10FD20000094FFF7C6FE00280ADB6DB1DD212046F6
:10FD3000094A2346FFF750FF002805DA00E00024B7
:10FD40002046FFF7AEFE0024204605B0BDE8F08F48
:10FD500085F5850041F58500BDF585007FB50A4A2A
:10FD600003460092002201920292039204920592AD
:10FD70000649074A0068FAF757FC002814BF4FF0FD
:10FD8000FF30002007B000BD991E860078F0880083
:10FD9000AE5A0100024602490068FAF7EABB00BF0A
:10FDA000AE5A010010B5044648B1036821461868F0
:10FDB000FAF7FEFC2046BDE81040E7F389B510BD18
:10FDC00037B505460820E7F377F50446A0B105608E
:10FDD000002201900C2128460A4B0092FDF746FFB5
:10FDE0000028606008DB084B286800932146074A1A
:10FDF0000423FAF76CFC18B12046FFF7D3FF002468
:10FE000020463EBD1D2686002CF188003126860046
:10FE100010B50446C06818B1E7F35AF50023E36053
:10FE200010BD10B50446A020E7F340F570B1E060C6
:10FE3000A06000F1900203461033934243F8103C57
:10FE4000FAD10023C0F89030184610BD6FF01A00A8
:10FE500010BD000038B50446002852D000210568C6
:10FE60003FF04EDA20463FF02BD8636933B120468D
:10FE7000002141F015DA606938F044DCA36933B140
:10FE80002046012141F00CDAA06938F03BDC2369FF
:10FE900033B12046022141F003DA206938F032DC28
:10FEA000E36F33B12046032141F0FAD9E06F38F017
:10FEB00029DC204641F09AD9D4F89800E7F308F5F8
:10FEC00001E03EF027DEE16920460029F9D1FFF785
:10FED0009FFFD5F8440118B10A492A4600F08FF96E
:10FEE000286809492246FAF744FBD4F8A8301BB128
:10FEF00004F1A800E1F3DAF62046BDE83840E7F364
:10FF0000E7B438BD11428600F4C8890030B5054613
:10FF100087B0B020E7F3CAF40446002800F09980C7
:10FF20000021B022E2F3ACF40A2384F84330012329
:10FF300084F84830FF2384F8203084F8213084F896
:10FF4000223084F823302560C420E7F3AFF4C4F8EE
:10FF5000980000287DD020463FF0C4D920463FF0CD
:10FF600047DD2B6841F26B02D3F8D43020F07F00DC
:10FF7000196BA0879142204608D19B6A932B05D12B
:10FF80003FF036DDC0F58440683001E03FF034DDFD
:10FF9000E087E38F204623F07F03E3873FF02CDDEB
:10FFA00041F2883222652E4A002320F07F00A4F817
:10FFB0004000E36400922B4A049301922A4A05937D
:10FFC00002922A4A2868039229492A4A2346FAF7C4
:10FFD0002BFB00283DD1D5F8E80538F069DB6061DE
:10FFE000002836D0D5F8E80538F062DBA06180B390
:10FFF000D5F8E80538F05CDB206150B32046FFF708
:020000041003E7
:1000000010FF30BBD5F8E80538F052DBE06700B3ED
:10001000012384F87830D5F8440141F27073A4F8D4
:100020007A3020B114492A4600F0E6F888B9204613
:1000300001213FF065D94FF44843A3650023E365F0
:1000400032232366D5F8380604F1A801E1F318F647
:1000500018B12046FFF7FEFE0024204607B030BD51
:1000600059348600B152860039528600ED3686003A
:100070004CF18800F4C889001142860038B5044666
:10008000002827D00568144928682246FAF771FA33
:10009000236A1BB104F12000E1F308F6E3691BB108
:1000A00004F11C00E1F302F6A3691BB104F118008E
:1000B000E1F3FCF563691BB104F11400E1F3F6F51B
:1000C000284606492246FDF7F4FD2046BDE83840A3
:1000D000E7F3FEB338BD00BFB0CB89002D628600C8
:1000E00070B5054686B03020E7F3E6F304460028F5
:1000F00059D04FF0FF3303610422FF2105600A301D
:10010000E2F3BEF30B2104F10E00E3F391F70023B9
:100110008DE8180004212846264A274BFDF7A6FD46
:10012000002860603FDB284624492246FDF7BCFDDD
:10013000002838D1D5F8386604F114013046E1F3CF
:100140009FF500282FD1304604F11801E1F398F50E
:1001500048BB304604F11C01E1F392F518BB304670
:1001600004F12001E1F38CF5E8B9154B01900093FF
:10017000144B04900293144B059003932868134981
:10018000134A2346FAF750FA68B9204641F09ADF3D
:1001900020B12046012141F0C9DF20B93223A362FA
:1001A0002623636203E02046FFF768FF0024204611
:1001B00006B070BD45638600FD6286002D62860034
:1001C000A962860051658600F96286003CF28800CB
:1001D000B0CB89004069E1F32FB54069E1F38EB5FA
:1001E0008069E1F329B58069E1F388B5C069E1F37D
:1001F00023B5C069E1F382B5006AE1F31DB5006A79
:10020000E1F37CB538B5044660B10568224606497D
:100210002868FAF7AEF92046E7F35AF32B68002274
:1002200083F84E2038BD00BF54CC890070B50368F8
:10023000002686B0054683F84E600C20E7F33CF3B9
:100240000446002843D0234B056023498DE848002D
:100250002868224A23460296039604960596FAF7E2
:10026000E3F9064600282ED18DE811001C2128460E
:100270001B4A1C4BFDF7FAFC0028606023DB0C21B5
:100280002846194A194B0096019401F035FF0028C1
:10029000A06018DB164BD5F894068DE818000A21EB
:1002A0003822144BFEF7AAFE68B9D5F894060A2145
:1002B0003822114B0095FFF757F920B92B6801221E
:1002C00083F84E2003E02046FFF79CFF00242046E1
:1002D00006B070BDD971860054F2880054CC8900F4
:1002E000A97186007D718600917686005D76860014
:1002F0007D778600197786004977860070B50646B7
:1003000086B00820E7F3D2F20446A0B10B4B0025DB
:10031000066045600A498DE828003068094A23468E
:100320000295039504950595FAF77EF918B12046D4
:10033000E7F3CEF22C46204606B070BD4D7E860017
:1003400098F28800B0C6890010B5044650B1036821
:10035000054918682246FAF70CF92046BDE8104016
:10036000E7F3B6B210BD00BFB0C6890070B5044651
:1003700000282AD00668224630681449D6F844512D
:10038000FAF7F7F8224630461149FDF792FC22466B
:1003900030461049FDF799FC224628460E49FFF7E2
:1003A0001CFF224628460D49FFF71DFF224628461E
:1003B0000B49FFF71EFF28460A492246FFF71FFF99
:1003C0002046BDE87040E7F383B270BD35D28900A6
:1003D0005D8786006D978600FD848600E98686002D
:1003E000CDAA8600A5928600F0B5D0F8446187B00A
:1003F00005465820E7F35AF20446002800F093809F
:1004000000215822E2F33CF220462021494A40F8DC
:10041000205BE2F39BF201274FF0FF33E06184F8A9
:100420004070A4F84C30304643492246FFF7D2FED4
:10043000002878D1304641492246FFF7D1FE0028F6
:1004400071D130463E492246FFF7D0FE00286AD1DE
:1004500030463C492246FFF7CFFE002863D12846AC
:1004600039492246FDF72CFC064600285BD18DE871
:10047000110004212846354A354BFDF7F7FB0028CB
:10048000206150DB284639463246334600960194B7
:10049000FDF7ECFB0028606145DB042128462D4A6E
:1004A0002D4B0096019401F027FE0028A0613ADB55
:1004B00028462A492246FDF7F7FB002833D1284B6E
:1004C00003EBC60253F8363063B1526852B13101C2
:1004D0008DE81400D5F8940601F0F001C022FEF773
:1004E000ADFD00BB01360D2EE9D11E4B1E4A009317
:1004F00000230193029203930493059328681B49F8
:100500001B4A2346FAF790F868B9204646F0F6D819
:1005100020B12046012144F0C3D820B9636C43F0D8
:100520000403636403E02046FFF720FF0024204615
:1005300007B0F0BDB15A0100FD848600E98686004F
:10054000CDAA8600A59286006D978600019286004E
:1005500089918600059E8600F19D86005D87860054
:10056000C49E0200198A860055AB8600ECF2880012
:1005700035D2890038B50446D0B1806808B1E7F3B8
:10058000A7F1236943B90EE0236953F8350008B198
:10059000E7F39EF1013500E00025E3689D42F3DBBF
:1005A0002069E7F395F12046BDE83840E7F390B1C4
:1005B00038BD00002DE9F04105461820E7F37CF135
:1005C0000446002833D02B680560DB690C20DB690A
:1005D00001335843E7F370F1A06040B32B68182053
:1005E000DB69DA695B6F6260E360E7F35FF120610A
:1005F000E8B1124918220026E2F3BEF037460EE0B9
:100600000E4BD4F810809B1918798000E7F354F151
:10061000236948F806009B59083643B10137E3685F
:100620009F42EDDB6B68064ADC609A6003E020467F
:10063000FFF7A0FF00242046BDE8F0812C9F0200B8
:10064000B9BC860010B5C468A1420BDA006900EBA2
:10065000C1042479A24208DA50F83110002041F890
:10066000223010BD6FF0150010BD6FF0150010BDE9
:1006700047F06C9B10B50446FFF7FAFFE084000CCE
:1006800084F82800002010BDD0F8F03310B50446DF
:1006900083B1D3F8280830B1E7F31AF1D4F8F03376
:1006A0000022C3F82828D4F8F003E7F311F100235F
:1006B000C4F8F03310BDC36B10B5044683B1836B2F
:1006C0005B6B0B2B07D1D0F8E00320B1E7F300F10F
:1006D0000023C4F8E033E06BE7F3FAF00023E363B0
:1006E00010BD10B504460120E7F3E0F00346E063D7
:1006F000A8B100210122E2F3C3F0A36B5B6B0B2BCB
:100700000CD14FF49470E7F3D1F00346C4F8E00342
:1007100028B100214FF49472E2F3B2F0012318469D
:1007200010BD70B5044640F678100D46E7F3BEF0F4
:10073000C4F8F003002831D0002140F67812E2F32B
:100740009FF0B4F85220D4F8F03300261A70D4F891
:10075000F033204683F8B660C3F8B060D4F8F033C5
:1007600083F8B460A36B83F88460A36B1E679E67F5
:100770003C23C4F8BC301023C4F8C030C4F8C460B3
:1007800000F09AFFA36B022D0CBF1A6F9A6F002026
:10079000DA6684F8C36284F8C26270BD6FF01A0032
:1007A00070BD0000B0F8C632F7B504460E46FBB186
:1007B0000846E2F311F107461348E2F30DF13F1842
:1007C0001037BFB23846E7F371F00546B8B1B4F858
:1007D000C632394600930D4A3346E2F3B7F0E06C77
:1007E0002946E2F3E9F607462846E7F371F03FB9F8
:1007F000E06C314603B0BDE8F040E2F3DDB60746F9
:10080000384603B0F0BD00BF8F9F02007A9F020000
:10081000044B1B78012B02D1002000707047FFF7BA
:10082000C1BF00BFFC0300002DE9F3471C46B0F830
:10083000C632074688469146C66C002B32D0084621
:10084000E2F3CAF082462248E2F3C6F082440AF19B
:10085000100A1FFA8AFA5046E7F328F005460028E6
:100860002FD0B7F8C632514600931A4A4346E2F3F6
:100870006DF038462946FFF7CBFF074668B1304692
:100880002946E2F38DF640B1484506DD304629465B
:100890004A46E2F379F6824600E0A2462846E7F3AC
:1008A00017F08FB930464146E2F37AF658B1484521
:1008B00009DD304641464A4602B0BDE8F047E2F362
:1008C00063B6824600E0A246504602B0BDE8F0871B
:1008D0008F9F02007A9F020010B51446FFF798FF21
:1008E00028B100210A46BDE81040E2F301B42046D9
:1008F00010BD000038B500220D4608490446FFF738
:10090000EBFFC0B22823A84284F8660384F8D531EF
:10091000CCBF84F8663384F8D50138BDD69F020079
:10092000012238B580F860200A23826B002580F808
:100930009E31032380F89F3180F86F5380F8715304
:1009400080F8735380F8755380F8775380F8BA5164
:1009500082F88A304FF6CE73A0F878321449142208
:10096000C0F874520446FFF7B7FF124984F86603D3
:100970002A462046FFF7B0FF7F2384F87B304FF0F4
:10098000FF33A4F8983004F5F673C4F88C3164236F
:1009900084F858300423C4F8280384F86C50C4F851
:1009A000E453C4F8745284F8D43184F8D63138BD95
:1009B000D69F02005E9F02000022FFF78DBF00005D
:1009C00010B517490446FFF7F7FFC0B284F8E803F3
:1009D0000138C0B2FD2802D9732384F8E83394F8B3
:1009E000E833204684F8E9330E49FFF7E5FFC0B24B
:1009F00084F8EA0308B10F2802D1052384F8EA330A
:100A000094F8E82394F8EA33D31A84F8EB330023FC
:100A100084F8EC3384F8EE33112384F8ED3310BD01
:100A2000849F0200E79F02002DE9F04105460C4635
:100A300017461E46FFF7ECFE38B1284621463A46D7
:100A40003346BDE8F041FFF7EFBE3046BDE8F08128
:100A50000023FFF7E9BF000070B501220D463C49B5
:100A60000446FFF739FF3B4984F86803002220461B
:100A7000FFF732FF384984F82C0307222046FFF79E
:100A80002BFF364984F82D032046FFF7C1FE88B1BD
:100A900032492046A66BFFF78FFF3049306720466A
:100AA000A66BFFF789FFA36BB067022D0CBF1A6F0F
:100AB0009A6FDA662A4900226FF095032046FFF705
:100AC000B3FF274984F83403012220466FF09503D1
:100AD000FFF7AAFF022584F8350300232A462046A3
:100AE0001F49FFF7A1FF63190135052D83F8340372
:100AF000F3D100252A4620461A49FFF7A9FF6319BA
:100B000001350E2D83F85703F4D1012384F86733A0
:100B1000062220461449FFF7DFFE002284F8650311
:100B200012492046A56BFFF7D7FE114985F82C0125
:100B300000222046FFF7D0FE002384F83E03402128
:100B4000204684F82433BDE87040FFF7D3BE00BFD1
:100B50006E9F0200449F0200C89F0200A09F0200F7
:100B6000F89F0200C19F0200959F0200AD9F020006
:100B7000699F020010B5044628B10468003418BF0C
:100B80000124E6F3A5F6204610BD10B5848B0C8039
:100B9000018C118040F2DA321A8090F83520029BE5
:100BA00001201A8010BD90F834007047C06A704769
:100BB000836B9961704738B5044600283ED0C56DF7
:100BC000013DC565002D39D1FFF75EFD2046FFF7D9
:100BD00072FDD4F8801229B1A36B186900F08CFD66
:100BE000C4F88052002584F89551204646F0E4DE92
:100BF000A26B1368A34202D1A36C136003E09A6C4A
:100C0000A2421DD19D64D4F8943A0BB12046984776
:100C1000A36B186951F094D8D4F8E41320B141B112
:100C2000204647F08FD804E019B1A36B986852F0C2
:100C3000CDDC2046E6F34CF6002038BD012038BD5F
:100C4000012038BD2DE9F0478A46002104461546AB
:100C5000C0680A4676469946EBF3DCF68046000704
:100C60000CD5276857B1BB6BC7F84C901869F96A67
:100C700051F02CD8FB6D0133FB65CEE04FF42F60B3
:100C8000E6F314F6074628B96FF01A00314648F02B
:100C9000A3DDC5E000214FF42F62E1F3F1F5FB6D18
:100CA000C7F844A00133FB652368BC63BB64012320
:100CB000C7F84C90276087F85930E26C41F26B031B
:100CC0009A4205D1636C932B0CBF0123182300E0DB
:100CD0001823022DA7F88A3005D118F0010F1CBF88
:100CE0004FF40053FB62BB6BF96A186950F0EEDFFA
:100CF0007B6CB3F8E0831FFA88F808F470631B0A72
:100D0000FB615FFA88F33B62BB6BD868F8F739FC8C
:100D1000FB69A7F8C602092B04D10423FB613B6AD7
:100D200010333B62012387F824304FEA18333B63CA
:100D30003846FFF79FFC002875D14FF48053A7F881
:100D400056304DF2240241F20103022D18BF134622
:100D5000A7F8523038463749FFF75AFD38B13846C0
:100D60003449D7F83880FFF727FEC8F868003846BE
:100D7000FFF7B7FC002856D038462946FFF76CFE2F
:100D80003846FFF7CDFD384600F0D2FB00284AD0A8
:100D900029463846FFF7C5FC0546002843D13846AA
:100DA000FFF70EFE384647F001DD3846012146F0D8
:100DB000AFDD3846294648F083DB4FF0FF33C7F8F4
:100DC000D432C7F8D832C7F8DC32C7F8E032C7F8F7
:100DD000E432C7F8E832C7F8EC32C7F8F0323846E8
:100DE00007F11C011C22E1F3C7F4206950F0A8DFD1
:100DF00060B1BB6B986852F035DEC7F8F80328B9CC
:100E00006FF01A00314648F0E7DC0CE0384600216C
:100E100048F04CDA002387F8FC3907F14C03FB64F7
:100E20003846BDE8F0873846FFF7C5FE0020BDE82C
:100E3000F08700BF519F020070B505464FF49870CF
:100E40007646E6F333F5044628B96FF01A003146CA
:100E500048F0C2DC39E000214FF49872E1F310F55C
:100E60002B68A3606B68E360AB682361EB68636029
:100E70002B6963612B8CA3846B8CE3846B6AA36204
:100E8000AB6AE362EB6A23632B6B63636B6B636434
:100E9000AB6BA364EB6BE3642B6C23656B6C6365DA
:100EA000AB6CC4F81C316B69A365AB69E3650F23B8
:100EB00023663D2363667923A3660123C4F81831B2
:100EC0000323E366002384F88B30204670BD0000C6
:100ED0007FB50A4B0A4900930023019302930393C1
:100EE00004930593074A0368F9F79EFB002814BF93
:100EF0004FF0FF30002007B000BD00BF05E38600C3
:100F000068F48800B95A010001490268F9F731BB59
:100F1000B95A01000023F0B51C4607E0CE18356829
:100F2000C718C550756801347D6008339442F5D107
:100F3000F0BD000038B5046C0023C4F8243690F8E6
:100F40006D53094B094A4FF48060002D0CBF1546C4
:100F50001D46E6F3ABF4C4F8240620B129468022EE
:100F6000FFF7D8FF012038BD66AD020066B1020070
:100F700070B517494FF0FF32046C0546FFF7ACFC23
:100F80001449C4F8500517222846FFF7A5FC00268F
:100F9000C4F8540510496FF0250284F858652846B6
:100FA000FFF79AFC0D49A4F8480532462846FFF79A
:100FB00093FC0B49A4F8040C6FF003022846FFF7DA
:100FC0008BFCB4F84835C318A4F8063C70BD00BFCC
:100FD0001DA0020046A802002FA802009CAC02003F
:100FE00007AD020038B527490446FFF7E5FCC0B25B
:100FF00028288CBF0023012384F8690384F8CA03DE
:1010000084F86D3320462049FFF7D6FC0828204697
:101010001CD81E490022FFF71BFD80B20022C4F835
:10102000FC001B492046FFF713FD1A49C4F80001D4
:101030002046FFF7C1FC184905462046FFF7BCFCD7
:1010400080B240EA0545C4F8045113E01349002278
:10105000FFF7FEFC80B2C4F8FC00114900222046D4
:10106000FFF7F6FC0F49C4F800012046FFF7A4FC87
:10107000C4F8040120460C49FFF79EFC84F80801DF
:1010800038BD00BF1EA40200EFAC020014A802008D
:101090003DA802004CA0020038A0020090AC020063
:1010A00035AD0200A1A80200C4A70200F8B5A4490A
:1010B0000022056C0446FFF7CBFCA14985F8BC046F
:1010C00001222046FFF7C4FC9E4985F8BD0400229A
:1010D00007232046FFF7A8FC922385F8BE04994910
:1010E00001222046FFF7A0FC974985F8BF040022A3
:1010F0002046FFF7F1FB9549C5F8C40400222046BD
:10110000FFF7EAFB0026A5F85804914985F83364F7
:1011100020463246FFF7E0FB8E49A5F80A04204638
:10112000FFF74AFCB8B1012385F833342F46422338
:10113000324620468749FFF777FCAB19C0B283F8E7
:101140002604B5F80A340136C018A7F80C04023793
:101150000D2EECD10DE0804942222046FFF7BCFB6A
:10116000C2B285F8082420467C49FFF7B5FBA5F8F4
:1011700006047B4900222046FFF7AEFB794985F83B
:1011800038044FF0FF322046FFF7A6FB7649A5F85A
:1011900068054FF0FF322046FFF79EFB7349A5F824
:1011A0006A054FF0FF322046FFF796FB7049A5F81D
:1011B0006E054FF0FF322046FFF78EFB6D4985F834
:1011C000700500222046FFF787FB002684F8740094
:1011D000324620466849FFF73BFCAB1901360E2E1C
:1011E00083F80606F4D1A12264492046FFF774FB78
:1011F0006349C5F8C00546F20F622046FFF76CFB55
:101200000822C5F8C4055F492046FFF765FB5E4923
:10121000C5F8C8056FF008022046FFF75DFB5B4983
:10122000C5F8CC0540F6BB722046FFF755FB0A22F5
:10123000C5F8D00556492046FFF74EFB5549C5F87D
:10124000D4056FF044022046FFF746FB5249A5F84B
:1012500002066FF04A022046FFF73EFB0122A5F886
:1012600004064E492046FFF737FB80B2031C18BF27
:10127000012300F0020085F84A353F2285F84B052E
:1012800047492046FFF728FB642285F84C0545496D
:101290002046FFF721FB4449C5F85C054FF0FF32BB
:1012A0002046FFF719FBC5F86005013018BF012083
:1012B00085F864053D4900222046FFF70DFBC0B2CA
:1012C00000F00F03000900F0010085F8143685F8DE
:1012D00017063749002226232046FFF7A5FB34498D
:1012E000A5F81806012242232046FFF79DFB502354
:1012F000A5F81A062E4902222046FFF795FB062282
:10130000A5F81C062B492046FFF7E6FA85F81E06CD
:101310002046FFF767FE94F86D232046002A4DD142
:101320002549FFF795FB2449A4F8820301222046B2
:10133000FFF78EFB2049A4F87E0320464DE000BF56
:10134000C8AC020073A8020087AC020054AC0200D3
:101350007FA8020074AC0200B1AC0200E3AC020052
:1013600008A0020055A00200F7AC020061A802002C
:101370001CA80200BAAC02004CAD020025A8020075
:101380008DA80200D2AC0200D9AC020014A0020069
:101390005FAD02002AAD020067AC0200DFA70200C9
:1013A000ADA80200FAA70200E8A7020041A00200CF
:1013B00080AC0200D1A7020045AD02002549002201
:1013C000FFF746FB2349A4F8820301222046FFF7DA
:1013D0003FFB2049A4F87E0320460222FFF738FB9A
:1013E0000023A4F880031C4985F8333620460222E6
:1013F000FFF71AFB10B1012385F8333695F8333621
:101400002BB3154900222046FFF722FB1249A4F80E
:101410002C0A01222046FFF71BFB0F49A4F8280ADB
:1014200002222046FFF714FB0C49A4F82A0A0022E6
:101430002046FFF751FA0A4985F83106282220464E
:10144000FFF74AFA002385F8320684F86733012053
:10145000F8BD00BF0AA80200A5AC0200DAA702008E
:101460005AAD020038B50E49046C0546FFF7A4FAE0
:101470000C4984F829062846FFF79EFAFF2284F8D3
:101480002A0609492846FFF727FA084984F8300652
:101490002846FFF791FAC4F82C06012038BD00BF9A
:1014A0005EAC020096A802002BA0020051A8020028
:1014B00038B50446056C4FF46770E6F3F7F1C5F8EC
:1014C0002006236CD3F82006B0B1D4F8DC300B4AE8
:1014D000934207D00A4A934206D00A4A93420AD15D
:1014E000094902E0094900E009494FF46772E1F354
:1014F00043F1012038BD002038BD00BFC0AD3A0225
:1015000080BA8C0100F82401B8A8020082A0020071
:1015100028A4020010B504464EF00AD8236CD3F874
:101520002006E6F3D5F1206CBDE81040E6F3D0B11B
:1015300070B5044640F60840E6F3B8F1054620646D
:10154000002800F08380002140F60842E1F398F182
:101550000125A36B84F8825084F8F050D868EBF32F
:10156000BDF13B4BC4F8DC00C4F8483A394B204687
:10157000C4F84C3A384BC4F8503A384BC4F8543A93
:10158000374BC4F8A03A374BC4F85C3A364BC4F832
:10159000643A364BC4F86C3A354BC4F8703A354B64
:1015A000C4F87C3A344BC4F8B43A344BC4F8B03A7B
:1015B000334BC4F8C03A334BC4F8BC3A324BC4F88E
:1015C000C43A324BC4F8C83A314BC4F8CC3A314B28
:1015D000C4F8943A304BC4F8D03A304BC4F8D43AFB
:1015E0002F4BC4F8D83A2F4BC4F8DC3A2E4BC4F832
:1015F000E03AFFF75BFD40B32046FFF759FF20B309
:101600002046FFF797FC00B32046FFF7B1FC236CA0
:10161000204683F8C054FFF725FF244900222046C6
:10162000266CFFF759F9224986F834060022204635
:10163000FFF752F91F4984F890022A462046266C8B
:10164000FFF74AF986F8350600E00546284670BDE2
:10165000554B8700114A8700154A8700B95E8700FD
:101660008D358700214B8700915E8700CDEC860089
:10167000296487001D4B8700895F870015F9860064
:10168000D5F886004938870061498700CD21870059
:10169000C5F90000415D0200F50A8700F90A8700DC
:1016A000F10A8700FD0A87000D0B870072A0020077
:1016B00064A0020014AD0200836B93F82C210AB1E0
:1016C000042200E003221A67DA667047F8B507467D
:1016D0000C200D461646E6F3E9F0044630B1002131
:1016E0000C22E1F3CDF027606660A5602046F8BDCE
:1016F00008B1E6F3EDB070478068F2F35BB4000028
:1017000070B5064686B06C20E6F3D0F00446D0B142
:1017100000216C22E1F3B4F00823A3610E4B266094
:101720000025009330680D490D4A23460195029526
:10173000039504950595F8F777FF38B932680123CA
:1017400082F892302371204606B070BD2046E6F341
:10175000BFF02C46F7E700BF0D698700B00A89008B
:10176000665B010010B5044668B103680649186855
:101770002246F8F7FEFE204651F048D82046BDE844
:101780001040E6F3A5B010BD665B010010B504463D
:1017900048B1054922464068F8F7EBFE2046BDE80F
:1017A0001040E6F395B010BD5CF4890070B50646B4
:1017B00086B01020E6F37AF0044630B30021102200
:1017C000E1F35EF033682660636073680025A36010
:1017D000042130460E4A0F4B00950194FCF746FA5F
:1017E000A842E0600DDB0C4B30688DE828000B4907
:1017F0000B4A23460295039504950595F8F714FFC7
:1018000018B12046FFF7C2FF0024204606B070BD85
:1018100029748700117487007D7487007C0B890010
:101820005CF4890030B5054687B01420E6F33EF03D
:10183000044638B300211422E1F322F06B682868D3
:10184000A360124B25606060002500931049114A87
:10185000234601950295039504950595F8F7E4FE56
:1018600060B90A2323730F2363736423A3730223D2
:10187000E373062323740123637403E02046E6F335
:1018800027F02C46204607B030BD00BF217B8700E3
:10189000940B89000CE3890010B5044648B1054952
:1018A00022464068F8F765FE2046BDE81040E6F3A2
:1018B0000FB010BD0CE3890010B5044658B1064BBB
:1018C00021461B88C3581868F8F772FF2046BDE808
:1018D0001040E5F3FDB710BDD403000073B5054615
:1018E0000C20E5F3E9F70446C8B1104B04221A8036
:1018F00002214560002301900D4A28460093FCF721
:10190000B5F9002820600ADB01232381094B2868F0
:1019100000932146084A0223F8F7D9FE18B1204661
:10192000FFF7CAFF002420467CBD00BFD40300009F
:101930007D858700FC0B8900A985870038B50446A2
:1019400080B1094B21461B88C5582868F8F730FF3D
:10195000286806492246F8F70CFE2046BDE83840C4
:10196000E5F3B6B738BD00BFD6030000845B0100C5
:10197000F0B5054687B01420E5F39EF7044600282D
:1019800056D02F4B04221A80456000260190042176
:1019900028462C4A2C4B0096FCF768F9B042206090
:1019A00046DB0123A3810C232382284B0722E281FB
:1019B0000093274B286801932649274A234602961D
:1019C000039604960596F8F72FFE002830D1234B96
:1019D000286800932146224A0523F8F778FE38BB91
:1019E000204BD5F894068DE818004FF490712A2208
:1019F0001D4BFDF703FBD8B9D5F8940680212A22A8
:101A00001A4B0094FDF712FC90B9B5F8AA0106F044
:101A100023DD801B18BF01200A3055F820301B68D9
:101A2000022B09D1012120460A4652F0ABDD03E02A
:101A30002046FFF783FF0024204607B0F0BD00BF1B
:101A4000D60300005D89870049898700DD8B870008
:101A5000F58B8700340C8900845B01000C0C890035
:101A6000098B8700F98C8700E9898700F98887004E
:101A7000084B10B51B88044650B1C3580649186876
:101A80002246F8F776FD2046BDE81040E5F320B782
:101A900010BD00BFD80300008B5B010070B5054688
:101AA00086B01420E5F308F70446002844D0264BFE
:101AB00008221A8000238560042100930190234AA4
:101AC0002846234BFCF7D2F80028206034DB0223A1
:101AD000A38105220C23E2812382D5F8940680217C
:101AE0003D221C4B0094FDF7A1FB28BB1A4B029032
:101AF00000931A4B039001930490059018492868AD
:101B0000184A2346F8F790FDB0B9B5F8AA0106F0D7
:101B1000A3DC2B6893F84F201AB1032A14BF0322C9
:101B200001222046012153F063DA204602214FF0C2
:101B3000FF3253F05DDA03E02046FFF799FF0024FF
:101B4000204606B070BD00BFD80300003192870068
:101B50001D928700E991870099938700019587007E
:101B6000400C89008B5B010038B5044698B10568CC
:101B7000224628460849FCF79CF821462868F8F7D1
:101B800017FE286805492246F8F7F3FC2046BDE811
:101B90003840E5F39DB638BD1D9E8700C9E3890036
:101BA00030B5054687B00820E5F386F604460028E0
:101BB0003ED000230560042100930190204A28466E
:101BC000204BFCF753F80028606031DB28461E49A3
:101BD0002246FCF769F858BB1C4B01900093029019
:101BE0000390049005901A4928681A4A2346F8F78A
:101BF0001BFDE8B9184B286800932146174A0123BA
:101C0000F8F765FDA0B9164BD5F894068DE81800D5
:101C10004FF490712822134BFDF7F0F940B9D5F835
:101C2000940680212822104B0094FDF7FFFA18B18A
:101C30002046FFF799FF0024204607B030BD00BFC3
:101C4000A19D8700619D87001D9E8700A59E87003E
:101C50009C0C8900C9E38900940C8900799E870057
:101C60009D9F8700459E8700459D870070B506466D
:101C700086B09C20E5F320F60446002834D00660A8
:101C80001B4B3068002560601A4900931A4A2346AE
:101C900001950295039504950595F8F7C5FCF8B9EB
:101CA000D6F884341E229B7822610422E27202223A
:101CB0002377227301230A22E3762372636162731E
:101CC000A3764FF6AF72A37784F899301023A073F0
:101CD0006072A072228384F89A3084F8983003E00E
:101CE0002046E5F3F5F52C46204606B070BD00BF52
:101CF00019AE8700001C890066B50200C0F8841088
:101D0000C0F88820C0F88C307047000010B5044639
:101D100048B1054922464068F8F72BFC2046BDE84B
:101D20001040E5F3D5B510BD66B5020038B50446E0
:101D300000B3436B05680BB1E9F7C6FC04F114006E
:101D4000DBF38AF404F11800DBF386F404F11000ED
:101D5000DFF382F504F12400DBF372F42246064936
:101D60002868F8F706FC2046E5F3B2F52B68002258
:101D700083F8622138BD00BF7AE689002DE9F04181
:101D8000054686B03820E5F397F5044600287FD055
:101D900005600026019004212846414A414B0096E7
:101DA000FBF764FFB042606072DB042128463E4AC4
:101DB0003E4B0096019400F09FF9B042A06067DBB3
:101DC0000127E76038463A493A4A6B68DFF32EF15B
:101DD000206100285CD006213246D5F80480DFF36C
:101DE0006BF53449034642463148DBF317F4606231
:101DF00000284DD0072132462069DFF35DF53946D2
:101E00000346E0613246606ADBF3E8F23946024697
:101E1000A0612069DFF350F5E36939463246606A14
:101E2000DBF3DCF20221024660612069DFF344F556
:101E3000214B4FF00308C4F82C808DE848001F4B5D
:101E4000286804931E4B1F4905931F4A2346029698
:101E50000396F8F7E9FBD8B91C4BD5F894068DE842
:101E60001800B02142461A4BFDF746F880B9194BCD
:101E7000D5F894068DE81800B0215D22164BFDF7C9
:101E800069F928B91423A3622B6883F8627103E00F
:101E90002046FFF74BFF0024204606B0BDE8F08146
:101EA00015D28700B9060100890501004DE08700C1
:101EB000FDD0870005D1870099D38700945B01008E
:101EC00019050100181C89007AE689001715010020
:101ED0008F16010055140100C11401002DE9F043D3
:101EE000074687B04FF441700E4615469846E5F315
:101EF000DDF40446002878D000214FF44172E0F36D
:101F0000BFF42820E5F3D2F48146206020B92046B2
:101F1000E5F3DEF4484668E000212822E0F3B0F45F
:101F200023684FF441721C606261E5604FF0FF323C
:101F30000025A261A760C4F804809D711423A4F851
:101F400008322823A4F806322D23A4F804326E2385
:101F5000A4F80A32022384F80C326423A4F838323D
:101F600084F80D523046224922462B46F2F33AF0CD
:101F7000C4F8F80130B304F51473C4F81832C4F887
:101F800014321C4B0526C4F81C6200931A4B0295B0
:101F900001931A4B04950393059523463868184915
:101FA000184AF8F741FB034660B900903868216889
:101FB000154AF8F78CFB28B984F8406284F841622E
:101FC000206812E0D4F8F81119B1A3689868F1F309
:101FD000F1F7206908B100F03FF8206808B1E5F397
:101FE00077F42046E5F374F4002007B0BDE8F083F1
:101FF00065F68700C5EF870049F6870039FF87003F
:102000006C1C890000E889006500880038B5054629
:10201000F0B10468E4B1D4F8F81131B1A36898685C
:10202000F1F3C8F70023C4F8F831A3682246186812
:102030000849F8F79EFAA36821681868F8F7B8FB12
:102040002846E5F345F42046BDE83840E5F340B4C2
:1020500038BD00BF00E8890010B5044630B159F022
:10206000B9DE2046BDE81040E5F332B410BD0000F3
:10207000F7B506680546F3691F6D02373F0138461C
:10208000E5F314F4044610B300213A46E0F3F8F304
:1020900084E860001021002628460E4A0E4B009668
:1020A0000194FBF7E3FDB042A0610CDB04F12003D7
:1020B00063614FF44773E360D5F8380604F11C01FF
:1020C000DFF3DEF518B12046E5F302F4344620468E
:1020D000FEBD00BFB90888009D08880010B5044601
:1020E00048B1C36913B11C30DFF3E0F52046BDE809
:1020F0001040E5F3EDB310BDF0B5D0F82441006811
:102100002569C069006D854211D267692E01B81931
:10211000013525614360059BBA518360069BC3600E
:10212000E068C31C591821F00301E160F0BD4FF0D5
:10213000FF30F0BD37B505461820E5F3B7F3044688
:1021400038B300211822E0F39BF32B68256063600D
:102150006B682846A360FFF765FBE06088B15BF021
:10216000AFD8002301468DE8180028460A4A0B4BD9
:10217000FFF7C2FF0028206103DB51F04DD86061FA
:1021800007E0E06808B1FFF787FB2046E5F3A0F31E
:10219000002420463EBD00BF1D1B8800F91A8800A0
:1021A00010B5044638B1C068FFF776FB2046BDE89D
:1021B0001040E5F38DB310BD73B505461820E5F367
:1021C00075F30446002838D000211822E0F358F3B4
:1021D0000C20E5F36BF3064600282DD000210C22DD
:1021E000E0F34EF32B686661256063602846FFF7D5
:1021F0003DFDA060B8B15BF09DD8002301468DE89D
:10220000280028460E4A0F4BFFF776FF0028E060B3
:1022100009DB56F013DA0C4920610C4AA0680C4B1C
:10222000FFF76CFD09E0A06808B1FFF76FFD2046DD
:10223000E5F34EF3002400E0044620467CBD00BFD9
:10224000CD1B8800A91B8800C1218800B52188000A
:10225000A91E880010B5044650B18068FFF756FDEE
:102260006069E5F335F32046BDE81040E5F330B38F
:1022700010BD000070B5444B86B00093002301935D
:1022800002930393414B04460493414B4149059308
:102290000068414A2346F8F7C7F9054600286FD180
:1022A000D4F884341421A3F86410A36A012683F8B7
:1022B0004C00E36A204683F84C60A16A5EF0E8D8DF
:1022C000E16A20465EF0E4D8204629465DF0EADB6C
:1022D000A36A83F84D50E36A83F84D50236A186966
:1022E000E7F7F6FE830707D5D4F884344FF0FF32C2
:1022F0005E73D4F88434DA812368D4F884545E6938
:1023000051F0BCD90146304651F052D9E86200285C
:1023100036D0D4F884341F2283F87820D4F884048B
:10232000052257304FF0FF31E0F3AAF22368D4F8CA
:102330008424B3F8C810D3F8D80051850A2151631A
:102340001649E1F315F1431E0D2BD4F8845423688C
:1023500098BF68631249D3F8D800E1F309F185F812
:102360008A00D4F88434012283F85120D4F88434CC
:1023700000201A7883F84E20D4F88434586701E09E
:102380004FF0FF3006B070BDE9398800105C0100E5
:10239000AD1E0100341D89006EB5020081B502003A
:1023A00072B50200D0F8843410B5D96A044611B170
:1023B000406851F00BD9206802492246BDE8104020
:1023C000F8F7D7B86EB5020038B503680446D0F800
:1023D00084542749D3F8D800E1F3CAF02870236861
:1023E0002449D3F8D800D4F88454E1F3C1F0E8705C
:1023F000D4F884341A78013AD2B2FD2A01D90122E4
:102400001A70D4F884341A785A700023D4F88424CB
:10241000D11812780133052B81F85220F6D1D4F867
:10242000845401212846E0F38BF4A870D4F8843456
:10243000DA78013AD2B2FD2A01D90122DA70D4F851
:1024400084340121DA785A71D4F88454E81CE0F31A
:1024500077F42871D4F8843420461A799A715DF0A3
:1024600053DAB4F858142046BDE838405DF0A49A19
:102470008EB5020096B5020010B50446D8B140688A
:102480000D492246FBF72BFC236A1BB104F1200007
:10249000DFF30CF4237F23B1606808492246FBF781
:1024A00008FCA06806492246F8F763F82046BDE814
:1024B0001040E5F30DB210BDD1568800515488008C
:1024C0007E5C010030B5054687B02420E5F3EEF1CF
:1024D000044600283ED000212422E0F3D1F12B68ED
:1024E0000022A360AB686560E3606B680421236130
:1024F0000823A3822846194B8DE81400FBF7B6FB8E
:102500000028206022DB284615492246FBF7CCFB39
:10251000E0B901232377284612492246FBF7DAFB6C
:10252000A0B9D5F8380604F12001DFF3A9F368B9A2
:102530000D4B0190009302900390049005900B497D
:1025400028680B4A2346F8F76FF818B12046FFF7C2
:1025500093FF0024204607B030BD00BFC954880057
:1025600051548800D1568800555588001C1F890099
:102570007E5C0100D0F8D036186ADFF35DB3D0F886
:10258000D036186ADFF3BAB3F8B5D0F884640446DD
:102590000D46D1F8D800C149E0F3EAF786F81C01EE
:1025A000D5F8D800BE49E1F307F0D4F8846438B117
:1025B000D5F8D800BA49E0F3DBF786F8E80002E086
:1025C000022386F8E830D5F8D800B649E0F3F4F7EE
:1025D000D4F8846438B1D5F8D800B249E0F3C8F72C
:1025E00086F8580102E0FF2386F85831AE49D5F845
:1025F000D800D4F88464E0F3BBF7AC49C6F82001F6
:10260000D5F8D800D4F88464E0F3B2F7A849A6F866
:102610002A01D5F8D800D4F88464E0F3A9F7A549D5
:10262000A6F82C01D5F8D800D4F88464E0F3A0F71C
:10263000A149A6F82E01D5F8D800D4F88464E0F3B7
:1026400097F786F8E900D4F8843493F8E92012B9B2
:10265000022283F8E920D5F8D8009849D4F8846498
:10266000E0F386F7A6F8C600D4F88464B6F9C6305D
:1026700013B90123A6F8C630D5F8D8009049E0F385
:1026800077F7C6F8D800D4F88464D6F8D8301BB9E8
:102690004CF25033C6F8D83096F8E93001229A400F
:1026A000D6F8D810D5F8D8008A4288BFC6F8D82006
:1026B000022212FA03F38349C6F8DC30E0F358F73C
:1026C000C6F8E400D4F88464D6F8E4301BB94FF4BB
:1026D0009673C6F8E430D5F8D8007B49E0F348F7A4
:1026E000A6F8C400D4F88464B6F9C43013B9192329
:1026F000A6F8C430D5F8D8007449E0F339F786F865
:102700006C01D4F8843493F86C2112B9052283F853
:102710006C216F49D5F8D800D4F88464E0F328F729
:10272000D4F88434A6F8F00093F81C21694983F8A2
:102730001D21D4F8843493F81D2183F84821D4F85E
:102740008434DA7983F8AC20D4F884341A7A83F8A4
:102750004521D4F884644FF6A273A6F8EA30A6F8AF
:10276000EC30A6F8EE30D5F8D800E0F301F7A6F883
:10277000F200D4F88464B6F9F2301BB94FF6A273B4
:10278000A6F8F23096F8E930012212FA03F3D6F8EF
:10279000D8205149934288BFC6F8D8300023A6F804
:1027A000B230A6F8B430A6F8B630C6F8B830C6F8DD
:1027B000BC30C6F8C030D5F8D8001F46E0F3D8F6D4
:1027C00086F844014549D5F8D800D4F88464E0F38C
:1027D000CFF686F84B01D5F8D8004149D4F8846487
:1027E000E0F3C6F6D4F88434C6F8240183F82971DE
:1027F000D4F88434D3F824211AB94FF49B72C3F867
:10280000242193F81D2102B10322C3F84C21C3F8FF
:1028100050210022C3F85421D5F8D8003149E0F303
:10282000CBF640B1D5F8D8002E49D4F88464E0F353
:102830009FF6C6F85401D5F8D8002B49E0F3BCF652
:1028400040B1D5F8D8002849D4F88464E0F390F674
:10285000C6F84C01D5F8D8002449E0F3ADF640B1F4
:10286000D5F8D8002149D4F88464E0F381F6C6F89D
:1028700050011F4922460023A068D4F88454F1F384
:10288000B1F31C49C5F830012246A0680023D4F8F2
:102890008454F1F3A7F3C5F83401F8BD2CB6020057
:1028A000A4B6020074B6020057B60200CBB502000F
:1028B000EEB5020000B6020096B602009EB5020018
:1028C00067B602001FB60200BEB50200CDB6020018
:1028D000DDB5020081B6020012B60200AEB50200FC
:1028E000BFB6020045B6020035B60200AFB6020020
:1028F0003F330100AD33010038B5044680B10568AF
:102900002246D5F844010749FDF779FC28460649D7
:102910002246FBF7CEF92046BDE83840E4F3D8B7AD
:1029200038BD00BF1D708800B16E880037B5054600
:102930000820E4F3C1F70446C0B10560002201900D
:10294000042128460C4B0092FBF790F900286060A8
:102950000CDB284609492246FBF7A6F930B9D5F821
:10296000440107492246FDF747FC18B12046FFF70E
:10297000C3FF002420463EBD596F8800B16E880019
:102980001D70880038B5044670B105682146286876
:10299000F7F70EFF286805492246F7F7EAFD2046BB
:1029A000BDE83840E4F394B738BD00BF845C010053
:1029B00030B5054687B00C20E4F37EF704460028C6
:1029C00046D0274B05604FF4907100930190202270
:1029D000D5F89406234BFCF711FB002838D1224B85
:1029E000D5F894068DE818004FF4907123221F4B00
:1029F000FCF704FB00282BD11D4BD5F894068DE87D
:102A00001800402188221B4BFCF718FB00BBD5F8AF
:102A1000940680212022184B0094FCF707FCB8B9DB
:102A2000164B02900093164B03900193049005906F
:102A300014492868144A2346F7F7F6FD40B9134BAA
:102A4000286800932146124A0123F7F740FE18B187
:102A50002046FFF797FF0024204607B030BD00BF97
:102A600021768800E9738800557688000D74880007
:102A7000C1758800D5738800BD7388005D748800B7
:102A8000BD758800781F8900845C0100701F890073
:102A90003174880010B5044660B1074B07491B88A4
:102AA0002246C3581868F7F764FD2046BDE8104079
:102AB000E4F30EB710BD00BFDA030000885C01002C
:102AC000F0B5074687B01420E4F3F6F6054620B3C8
:102AD000154B06460024042206F8044B1A800123F5
:102AE00047603372F4607472042101900F4A3846D3
:102AF0000F4B0094FFF700FBA04270600DDB0D4B05
:102B00000094019302940394049405943868214638
:102B1000094A2B46F7F788FD18B12846FFF7BAFF98
:102B20000025284607B0F0BDDA030000D9778800F9
:102B3000B977880029788800885C010070B505465F
:102B400086B01820E4F3B8F6044600285AD02B6863
:102B50000026012243600560082183F8AD20019022
:102B60003246284633460096FFF7C6FAB042206147
:102B70004BDB10212846274A274B00960194FBF790
:102B800075F8B042C5F898013FDB0423E360234B9E
:102B9000A06005218DE81800D5F894064422204B4A
:102BA000FCF72CFA002830D11E4BD5F894068DE89E
:102BB00018004FF4907144221B4BFCF71FFA0028B9
:102BC00023D1D5F8940605214422184B0094FCF734
:102BD000CBFCD0B9D5F89406C0214422144B009404
:102BE000FCF7C2FC88B9134B01900093124B039081
:102BF00002930490059011492868114A2346F7F77B
:102C000013FD10B9204606B070BD2046E4F360F60F
:102C10000024F7E7798188005D818800DD808800E5
:102C200035808800358188000581880055808800BE
:102C30003D858800C5828800CD858800E01F890019
:102C40008C5C010010B5044648B105492246406835
:102C5000F7F78FFC2046BDE81040E4F339B610BD0D
:102C60008C5C010070B5054686B03020E4F31EF69A
:102C70000446002831D000213022DFF301F61A4B40
:102C8000256000930023019302930393049305931B
:102C900028681649164A2346F7F7C6FC0646E0B9E7
:102CA000FF23A3750123E3752B681249D3F8D800DD
:102CB000E0F382F420B131463246E0F319F2A07518
:102CC0002B680D49D3F8D800E0F376F448B1002121
:102CD0000A46E0F30DF2E07503E0284661F094DD6A
:102CE0000024204606B070BDA98C88001C208900F5
:102CF00056FB8900E3B60200EDB6020038B5044683
:102D0000002820D061F0D4DDA36A73B1204661F0C1
:102D100099DA0AE02B6868686360E4F3D9F528461D
:102D2000E4F3D6F5237D013B23756568002DF1D1D1
:102D30002368054918682246F7F71BFC2068BDE8A0
:102D4000384061F0619D38BD56FB8900776C635F48
:102D5000626D61635F696E666F5F696E69740000C2
:102D60000000000000000000000000000000000063
:102D70000000000000000000000000000000000053
:102D80000000000000000000000000000000000043
:102D90000000000000000000000000000000000033
:102DA0000000000000000000000000000000000023
:102DB0000000000000000000000000000000000013
:102DC0000000000000000000000000000000000003
:102DD00000000000000000000000000000000000F3
:102DE00000000000000000000000000000000000E3
:102DF00000000000000000000000000000000000D3
:102E000000000000000000000000000000000000C2
:102E100000000000000000000000000000000000B2
:102E200000000000000000000000000000000000A2
:102E30000000000000000000000000000000000092
:102E40000000000000000000000000000000000082
:102E50000000000000000000000000000000000072
:102E60000000000000000000000000000000000062
:102E70000000000000000000000000000000000052
:102E80000000000000000000000000000000000042
:102E90000000000000000000000000000000000032
:102EA0000000000000000000000000000000000022
:102EB0000000000000000000000000000000000012
:102EC0000000000000000000000000000000000002
:102ED00000000000000000000000000000000000F2
:102EE00000000000000000000000000000000000E2
:102EF00000000000000000000000000000000000D2
:102F000000000000000000000000000000000000C1
:102F100000000000000000000000000000000000B1
:102F200000000000000000000000000000000000A1
:102F30000000000000000000000000000000000091
:102F40000000000000000000000000000000000081
:102F50000000000000000000000000000000000071
:102F60000000000000000000000000000000000061
:102F70000000000000000000000000000000000051
:102F80000000000000000000000000000000000041
:102F90000000000000000000000000000000000031
:102FA0000000000000000000000000000000000021
:102FB0000000000000000000000000000000000011
:102FC0000000000000000000000000000000000001
:102FD00000000000000000000000000000000000F1
:102FE00000000000000000000000000000000000E1
:102FF00000000000000000000000000000000000D1
:1030000000000000000000000000000000000000C0
:1030100000000000000000000000000000000000B0
:1030200000000000000000000000000000000000A0
:103030000000000000000000000000000000000090
:103040000000000000000000000000000000000080
:103050000000000000000000000000000000000070
:103060000000000000000000000000000000000060
:103070000000000000000000000000000000000050
:103080000000000000000000000000000000000040
:103090000000000000000000000000000000000030
:1030A0000000000000000000000000000000000020
:1030B0000000000000000000000000000000000010
:1030C0000000000000000000000000000000000000
:1030D00000000000000000000000000000000000F0
:1030E00000000000000000000000000000000000E0
:1030F00000000000000000000000000000000000D0
:1031000000000000000000000000000000000000BF
:1031100000000000000000000000000000000000AF
:10312000000000000000000000000000000000009F
:10313000000000000000000000000000000000008F
:10314000000000000000000000000000000000007F
:10315000000000000000000000000000000000006F
:10316000000000000000000000000000000000005F
:10317000000000000000000000000000000000004F
:10318000000000000000000000000000000000003F
:10319000000000000000000000000000000000002F
:1031A000000000000000000000000000000000001F
:1031B000000000000000000000000000000000000F
:1031C00000000000000000000000000000000000FF
:1031D00000000000000000000000000000000000EF
:1031E00000000000000000000000000000000000DF
:1031F00000000000000000000000000000000000CF
:1032000000000000000000000000000000000000BE
:1032100000000000000000000000000000000000AE
:10322000000000000000000000000000000000009E
:10323000000000000000000000000000000000008E
:10324000000000000000000000000000000000007E
:10325000000000000000000000000000000000006E
:10326000000000000000000000000000000000005E
:10327000000000000000000000000000000000004E
:10328000000000000000000000000000000000003E
:10329000000000000000000000000000000000002E
:1032A000000000000000000000000000000000001E
:1032B000000000000000000000000000000000000E
:1032C00000000000000000000000000000000000FE
:1032D00000000000000000000000000000000000EE
:1032E00000000000000000000000000000000000DE
:1032F00000000000000000000000000000000000CE
:1033000000000000000000000000000000000000BD
:1033100000000000000000000000000000000000AD
:10332000000000000000000000000000000000009D
:10333000000000000000000000000000000000008D
:10334000000000000000000000000000000000007D
:10335000000000000000000000000000000000006D
:10336000000000000000000000000000000000005D
:10337000000000000000000000000000000000004D
:10338000000000000000000000000000000000003D
:10339000000000000000000000000000000000002D
:1033A000000000000000000000000000000000001D
:1033B000000000000000000000000000000000000D
:1033C00000000000000000000000000000000000FD
:1033D00000000000000000000000000000000000ED
:1033E00000000000000000000000000000000000DD
:1033F00000000000000000000000000000000000CD
:1034000000000000000000000000000000000000BC
:1034100000000000000000000000000000000000AC
:10342000000000000000000000000000000000009C
:10343000000000000000000000000000000000008C
:10344000000000000000000000000000000000007C
:10345000000000000000000000000000000000006C
:10346000000000000000000000000000000000005C
:10347000000000000000000000000000000000004C
:10348000000000000000000000000000000000003C
:10349000000000000000000000000000000000002C
:1034A000000000000000000000000000000000001C
:1034B000000000000000000000000000000000000C
:1034C00000000000000000000000000000000000FC
:1034D00000000000000000000000000000000000EC
:1034E00000000000000000000000000000000000DC
:1034F00000000000000000000000000000000000CC
:1035000000000000000000000000000000000000BB
:1035100000000000000000000000000000000000AB
:10352000000000000000000000000000000000009B
:10353000000000000000000000000000000000008B
:10354000000000000000000000000000000000007B
:10355000000000000000000000000000000000006B
:10356000000000000000000000000000000000005B
:10357000000000000000000000000000000000004B
:10358000000000000000000000000000000000003B
:10359000000000000000000000000000000000002B
:1035A000000000000000000000000000000000001B
:1035B000000000000000000000000000000000000B
:1035C00000000000000000000000000000000000FB
:1035D00000000000000000000000000000000000EB
:1035E00000000000000000000000000000000000DB
:1035F00000000000000000000000000000000000CB
:1036000000000000000000000000000000000000BA
:1036100000000000000000000000000000000000AA
:10362000000000000000000000000000000000009A
:10363000000000000000000000000000000000008A
:10364000000000000000000000000000000000007A
:10365000000000000000000000000000000000006A
:10366000000000000000000000000000000000005A
:10367000000000000000000000000000000000004A
:10368000000000000000000000000000000000003A
:10369000000000000000000000000000000000002A
:1036A000000000000000000000000000000000001A
:1036B000000000000000000000000000000000000A
:1036C00000000000000000000000000000000000FA
:1036D00000000000000000000000000000000000EA
:1036E00000000000000000000000000000000000DA
:1036F00000000000000000000000000000000000CA
:1037000000000000000000000000000000000000B9
:1037100000000000000000000000000000000000A9
:103720000000000000000000000000000000000099
:103730000000000000000000000000000000000089
:103740000000000000000000000000000000000079
:103750000000000000000000000000000000000069
:103760000000000000000000000000000000000059
:103770000000000000000000000000000000000049
:103780000000000000000000000000000000000039
:103790000000000000000000000000000000000029
:1037A0000000000000000000000000000000000019
:1037B0000000000000000000000000000000000009
:1037C00000000000000000000000000000000000F9
:1037D00000000000000000000000000000000000E9
:1037E00000000000000000000000000000000000D9
:1037F00000000000000000000000000000000000C9
:1038000000000000000000000000000000000000B8
:1038100000000000000000000000000000000000A8
:103820000000000000000000000000000000000098
:103830000000000000000000000000000000000088
:103840000000000000000000000000000000000078
:103850000000000000000000000000000000000068
:103860000000000000000000000000000000000058
:103870000000000000000000000000000000000048
:103880000000000000000000000000000000000038
:103890000000000000000000000000000000000028
:1038A0000000000000000000000000000000000018
:1038B0000000000000000000000000000000000008
:1038C00000000000000000000000000000000000F8
:1038D00000000000000000000000000000000000E8
:1038E00000000000000000000000000000000000D8
:1038F00000000000000000000000000000000000C8
:1039000000000000000000000000000000000000B7
:1039100000000000000000000000000000000000A7
:103920000000000000000000000000000000000097
:103930000000000000000000000000000000000087
:103940000000000000000000000000000000000077
:103950000000000000000000000000000000000067
:103960000000000000000000000000000000000057
:103970000000000000000000000000000000000047
:103980000000000000000000000000000000000037
:103990000000000000000000000000000000000027
:1039A0000000000000000000000000000000000017
:1039B0000000000000000000000000000000000007
:1039C00000000000000000000000000000000000F7
:1039D00000000000000000000000000000000000E7
:1039E00000000000000000000000000000000000D7
:1039F00000000000000000000000000000000000C7
:103A000000000000000000000000000000000000B6
:103A100000000000000000000000000000000000A6
:103A20000000000000000000000000000000000096
:103A30000000000000000000000000000000000086
:103A40000000000000000000000000000000000076
:103A50000000000000000000000000000000000066
:103A60000000000000000000000000000000000056
:103A70000000000000000000000000000000000046
:103A80000000000000000000000000000000000036
:103A90000000000000000000000000000000000026
:103AA0000000000000000000000000000000000016
:103AB0000000000000000000000000000000000006
:103AC00000000000000000000000000000000000F6
:103AD00000000000000000000000000000000000E6
:103AE00000000000000000000000000000000000D6
:103AF00000000000000000000000000000000000C6
:103B000000000000000000000000000000000000B5
:103B100000000000000000000000000000000000A5
:103B20000000000000000000000000000000000095
:103B30000000000000000000000000000000000085
:103B40000000000000000000000000000000000075
:103B50000000000000000000000000000000000065
:103B60000000000000000000000000000000000055
:103B70000000000000000000000000000000000045
:103B80000000000000000000000000000000000035
:103B90000000000000000000000000000000000025
:103BA0000000000000000000000000000000000015
:103BB0000000000000000000000000000000000005
:103BC00000000000000000000000000000000000F5
:103BD00000000000000000000000000000000000E5
:103BE00000000000000000000000000000000000D5
:103BF00000000000000000000000000000000000C5
:103C000000000000000000000000000000000000B4
:103C100000000000000000000000000000000000A4
:103C20000000000000000000000000000000000094
:103C30000000000000000000000000000000000084
:103C40000000000000000000000000000000000074
:103C50000000000000000000000000000000000064
:103C60000000000000000000000000000000000054
:103C70000000000000000000000000000000000044
:103C80000000000000000000000000000000000034
:103C90000000000000000000000000000000000024
:103CA0000000000000000000000000000000000014
:103CB0000000000000000000000000000000000004
:103CC00000000000000000000000000000000000F4
:103CD00000000000000000000000000000000000E4
:103CE00000000000000000000000000000000000D4
:103CF00000000000000000000000000000000000C4
:103D000000000000000000000000000000000000B3
:103D100000000000000000000000000000000000A3
:103D20000000000000000000000000000000000093
:103D30000000000000000000000000000000000083
:103D40000000000000000000000000000000000073
:103D50000000000000000000000000000000000063
:103D6000646561646D616E5F746F0072616D737420
:103D7000627964697300646561646D616E5F746F1C
:103D8000007370695F70755F656E616200534449CE
:103D90004F444556006773706964776F72640050D2
:103DA000434D4349414445560073645F6F6F626FF2
:103DB0006E6C790073645F67706F75740047535061
:103DC000492044776F7264204D6F646520656E6191
:103DD000626C65640A0073645F6770646300736497
:103DE0005F677076616C0025733A2042726F616480
:103DF000636F6D20534450434D442043444320643B
:103E000072697665720A00736470636D64636463DB
:103E10002564005344494F000A5254452028257315
:103E20002D25732573257329202573206F6E20425D
:103E3000434D25732072256420402025642E25647F
:103E40002F25642E25642F25642E25644D487A0A7B
:103E50000000434443006E6F637263006E6F7469C9
:103E6000665F63006E6F7469665F73006F66646D92
:103E70003267706F3D307825780070612564677710
:103E800025646125643D307825780070613168696A
:103E900062303D256400706131686962313D25649E
:103EA00000706131686962323D2564006761696E46
:103EB0006374726C7370683D2564007061316D616C
:103EC000787077723D2564006D656173706F7765FA
:103ED0007225643D307825780072786761696E7369
:103EE00025646725637472656C6E61627970612503
:103EF000643D256400706132676125643D3078253A
:103F0000782C307825782C30782578007273736996
:103F1000736D6335673D256400757362666C616718
:103F2000733D30782578007061326763636B61257B
:103F3000643D307825782C307825782C30782578B9
:103F4000007064657472616E676532673D30782514
:103F500078007573623330753175323D307825786D
:103F60000073756276656E6469643D30782578000B
:103F7000616725643D30782578006F656D3D25309B
:103F80003278253032782530327825303278253035
:103F90003278253032782530327825303278006F0B
:103FA00066646D706F3D307825780074656D706F54
:103FB00066667365743D2564006D656173706F7727
:103FC00065723D307825780072737369736D66325F
:103FD000673D2564007061706172616D627776651E
:103FE000723D256400646F74313161676F66646D82
:103FF0006872627732303267706F3D3078257800B2
:10400000697474326761303D307825780062786178
:1040100032673D25640072737369736D6332673D67
:1040200025640070613567627734306125643D3006
:104030007825782C307825782C307825782C3078B5
:1040400025782C307825782C307825782C307825F8
:10405000782C307825782C307825782C3078257895
:104060002C307825782C30782578006D6373627752
:10407000323035676C706F3D307825780000006D08
:10408000637362773230756C35676C706F3D307872
:104090002578006D63736277343035676C706F3DDF
:1040A0003078257800000075736275746D695F6300
:1040B000746C3D307825780065787470616761694B
:1040C0006E32673D3078257800616E747377637463
:1040D0006C32673D307825780070726F6475637458
:1040E0006E616D653D25730074785F647574795FEA
:1040F0006379636C655F7468726573685F25645F7C
:1041000035673D25640072786761696E6572723249
:10411000676125643D3078257800616730006D6106
:10412000787032676125643D307825780062776465
:104130007570706F3D30782578006E6F6973656CAF
:10414000766C35676125643D25642C25642C2564D7
:104150002C25640062773430706F3D30782578000C
:1041600070613567627738306125643D3078257835
:104170002C307825782C307825782C307825782CC0
:10418000307825782C307825782C307825782C30AC
:104190007825782C307825782C307825782C307854
:1041A00025782C3078257800757362333075317539
:1041B000323D30782578007064657472616E676591
:1041C00035673D30782578006D6163616464723DC8
:1041D00025730074656D70735F68797374657265BB
:1041E0007369733D2564006D6373256467706F2583
:1041F000643D3078257800626F617264666C616737
:1042000073323D3078257800626F617264666C614C
:104210006773333D30782578006C65646268256487
:104220003D307825780072786761696E7325646720
:104230002563747269736F6125643D256400616153
:1042400032673D307825780070726F6469643D3064
:104250007825780074656D707468726573683D25A3
:104260006400636869707265763D2564006C6567FB
:104270006F66646D6277323035676C706F3D307891
:1042800025780000006C65676F66646D6277323078
:10429000756C35676C706F3D30782578006C65679C
:1042A0006F66646D6277323035676D706F3D307860
:1042B00025780000006C65676F66646D6277323048
:1042C000756C35676D706F3D30782578006C65676B
:1042D0006F66646D62773230356768706F3D307835
:1042E00025780000006C65676F66646D6277323018
:1042F000756C356768706F3D30782578007573622E
:1043000066733D25640074656D70735F70657269D6
:104310006F643D25640073623430616E643830250B
:10432000637235672563706F3D307825780063636D
:104330003D2564002004D002A6A9FFFF646F7431FC
:10434000316167647570256372706F3D30782578D0
:104350000061676125643D30782578007472697367
:104360006F35673D307825780074656D7073656EC4
:1043700073655F736C6F70653D2564006D61787067
:1043800035676125643D307825782C307825782C88
:10439000307825782C307825780070613169747315
:1043A0007369743D25640070613062303D2564009E
:1043B00070613062313D25640070613062323D25AC
:1043C0006400706135676125643D307825782C3054
:1043D0007825782C307825782C307825782C307812
:1043E00025782C307825782C307825782C30782555
:1043F000782C307825782C307825782C30782578F2
:104400002C30782578006D637362773830356725F6
:1044100063706F3D307825780073756262616E64F9
:1044200035677665723D25640072737369736176D2
:1044300035673D2564006D63736277323032677093
:104440006F3D307825780000006D637362773230FD
:10445000756C3267706F3D30782578006D637362DC
:104460007734303267706F3D307825780000007205
:1044700065677265763D30782578006363746C3DBE
:1044800030782578006E6F6973656C766C32676181
:1044900025643D256400757362333072656773303F
:1044A0003D307825782C307825782C307825782C7C
:1044B000307825782C307825782C307825782C3079
:1044C0007825782C307825782C307825782C307821
:1044D000257800757362333072656773313D3078CB
:1044E00025782C307825782C307825782C30782554
:1044F000782C307825782C307825782C30782578F1
:104500002C307825782C307825782C307825780058
:1045100063636B706F3D307825780074726935671E
:104520003D25640063636B64696766696C747479C4
:1045300070653D25640076656E6469643D3078255C
:10454000780066656D6374726C3D256400757362F6
:1045500033307265677325643D307825782C307868
:1045600025782C307825782C307825780070646F89
:104570006666736574326725646D6125643D3078C5
:1045800025780075736265706E756D3D307825789D
:104590000070613168696D61787077723D256400E3
:1045A0007278636861696E3D3078257800626F616A
:1045B0007264666C6167733D307825780070613194
:1045C00062303D25640070613162313D25640070C8
:1045D000613162323D2564007478636861696E3DC3
:1045E000307825780072786761696E732564672575
:1045F00063656C6E616761696E6125643D25640069
:104600006770646E3D30782578007061306D617838
:104610007077723D25640062786135673D256400DE
:104620006167626725643D30782578007573627331
:10463000737068795F736C656570303D307825788C
:104640000075736273737068795F736C6565703140
:104650003D307825780075736273737068795F7385
:104660006C656570323D30782578007573627373C0
:104670007068795F736C656570333D3078257800BC
:104680006C656464633D307825303478006D637305
:104690003332706F3D3078257800727373697361BF
:1046A0007632673D2564006F706F3D256400697444
:1046B00074326761313D30782578007278706F35DB
:1046C000673D25640065787470616761696E356760
:1046D0003D30782578006F66646D356768706F3D92
:1046E000307825780074776F72616E6765747373C4
:1046F000692564673D25640073623230696E343029
:10470000256372706F3D30782578006D616E666943
:10471000643D3078257800656C6E6132673D307895
:10472000257800727063616C32673D3078257800BF
:1047300000000000000000727063616C3567623039
:104740003D30782578000000000000727063616CD5
:10475000356762313D307825780000000000007236
:104760007063616C356762323D30782578000000F7
:10477000000000727063616C356762333D307825EC
:104780007800000000000070613062305F6C6F3DA7
:1047900025640070613062315F6C6F3D256400708C
:1047A000613062325F6C6F3D256400736232306944
:1047B0006E3830616E64313630256372356725633B
:1047C000706F3D3078257800636464706F3D307899
:1047D000257800626F617264747970653D30782568
:1047E0007800616E747377697463683D30782578FA
:1047F00000626F6172646E756D3D25640072646C59
:1048000069643D30782578007874616C66726571F2
:104810003D2564006D61787035676861303D3078A2
:1048200025780072786761696E73256467656C6EC0
:10483000616761696E6125643D256400757362730B
:10484000736D64696F25643D307825782C30782548
:10485000782C307825782C30782578007375626450
:10486000657669643D30782578007061316C6F62DF
:10487000303D2564007061316C6F62313D2564000C
:104880007061316C6F62323D2564007374626370D5
:104890006F3D307825780072786761696E65727255
:1048A00035676125643D307825782C307825782C63
:1048B000307825782C30782578007061316C6F6DF8
:1048C00061787077723D25640070646F6666736509
:1048D0007425646D6125643D307825780074656DBC
:1048E00070636F7272783D2564006F66646D356722
:1048F000706F3D30782578007573626E6F73733D0D
:104900003078257800616135673D3078257800631F
:104910007573746F6D76617225643D30782578000B
:1049200074785F647574795F6379636C655F6F66D3
:10493000646D5F25645F35673D2564007575696446
:104940003D257300757362646573635F636F6D709B
:104950006F736974653D307825780074656D707388
:10496000656E73655F6F7074696F6E3D256400706E
:104970006170646361702564673D2564006C6567E0
:104980006F66646D627732303267706F3D307825C4
:10499000780000006C65676F66646D627732307511
:1049A0006C3267706F3D307825780070646761699C
:1049B0006E2564673D2564006D61787035676130F0
:1049C0003D30782578006D617870356761313D3014
:1049D000782578006D63732564672563706F25649F
:1049E0003D307825780070687963616C5F74656D1F
:1049F0007064656C74613D25640070612564672591
:104A0000637725646125643D307825780063636FA2
:104A100064653D3078300072656777696E646F77E2
:104A2000737A3D2564006F66646D6C726277323014
:104A30003267706F3D3078257800776F776C5F67ED
:104A400070696F706F6C3D256400616E747377637D
:104A5000746C35673D307825780063636B3267701E
:104A60006F3D307825780074726932673D256400A7
:104A700063636B627732303267706F3D30782578D0
:104A800000000063636B62773230756C3267706F61
:104A90003D3078257800697474356761303D307831
:104AA000257800697474356761313D307825780068
:104AB0006D63736C7235672563706F3D3078257850
:104AC0000070646F6666736574326725646D766125
:104AD0006C69643D307825780072786761696E731F
:104AE0002564677472656C6E616279706125643DDE
:104AF000256400626F6172647265763D3078257856
:104B00000072617774656D7073656E73653D3078A2
:104B100025780075736273737068795F75746D6959
:104B20005F63746C303D3078257800757362737301
:104B30007068795F75746D695F63746C313D30784E
:104B400025780075736273737068795F75746D6929
:104B50005F63746C323D30782578000000000000FF
:104B60006F66646D35676C706F3D307825780070C6
:104B700061306974737369743D256400747373697B
:104B8000706F7335673D30782578007278706F32BA
:104B9000673D25640074737369706F73736C6F7015
:104BA000652564673D2564007472693567683D2535
:104BB00064006D616E663D25730074726935676CC3
:104BC0003D2564006D637362773230356768706FBE
:104BD0003D307825780000006D6373627732307560
:104BE0006C356768706F3D30782578006D6373624F
:104BF000773430356768706F3D3078257800000075
:104C000073726F6D7265763D2564006C65676F66C3
:104C1000646D3430647570706F3D30782578006D48
:104C200061787035676861313D307825780064655A
:104C30007669643D307825780072786761696E73B3
:104C4000256467747269736F6125643D2564006D26
:104C500061787035676C61303D30782578006D6122
:104C6000787035676C61313D30782578006570610A
:104C70006761696E2564673D2564007770736770AE
:104C8000696F3D256400776F776C5F6770696F3D72
:104C900025640072737369736D6635673D25640022
:104CA000747269736F32673D30782578007473735E
:104CB00069706F7332673D30782578007770736C58
:104CC00065643D256400656C6E6135673D3078250F
:104CD0007800706135676277343038306125643D23
:104CE000307825782C307825782C307825782C3041
:104CF0007825782C307825782C307825782C3078E9
:104D000025782C307825782C307825782C3078252B
:104D1000782C307825782C30782578006D63736294
:104D200077323035676D706F3D3078257800000040
:104D30006D637362773230756C35676D706F3D30BF
:104D4000782578006D63736277343035676D706FE6
:104D50003D3078257800000063636F64653D25630E
:104D60002563006D63736277313630356725637074
:104D70006F3D3078257800496E76616C69642F55F7
:104D80006E737570706F72746564207874616C20D6
:104D900076616C756520256400726D696E00636CC8
:104DA000646F5F627572737400706C6C2564006C64
:104DB0006E6C646F31007225646400722564740047
:104DC0007874616C66726571000000000C00000070
:104DD000020016000200000004000D0007000000A1
:104DE00001000A000800000004000D000A00000095
:104DF00004000D000D000000010007001700000076
:104E0000040004001B000000040001001C0000005E
:104E10000100070000000000020002000100000085
:104E20000100010003000000020002000400000075
:104E30000100010005000000010001000600000063
:104E40000100010009000000010005000B00000046
:104E5000010001000C000000020030000E00000004
:104E6000010001000F00000001000100100000001F
:104E7000010001001100000001000100120000000B
:104E800003000300130000000100010014000000F3
:104E900001000100150000000100010016000000E3
:104EA00001000100180000000200130019000000BA
:104EB000020013001A000000020013001D00000091
:104EC000010001001E000000010001000C000000B4
:104ED00002003000726D61780000004B00079065A1
:104EE000000C1892000F6C706C646F3100000000B1
:104EF00001000000000000000000000000000000B1
:104F0000020000000000000001000000000000009E
:104F1000040000000000000003000000000000008A
:104F20000800000000000000000000000000000079
:104F3000100000000000000007000000000000005A
:104F400020000000000000005711000000000000D9
:104F500040000000000000001701000000000000F9
:104F60008000000000000000570100000000000069
:104F7000000100000000000003000000000000002D
:104F8000000200000000000000000000000000001F
:104F9000000400000000000003000000000000000A
:104FA00000080000000000000704000000000000EE
:104FB0000010000000000000570100000000000089
:104FC0000020000000000000D715000000000000D5
:104FD0000040000000000000F7BDC20E000000000D
:104FE0000080000000000000F73DC20E000000003D
:104FF00000000100000000000000000000000000B0
:105000000000020000000000F73DC00E000000009C
:105010000000040000000000F73DC20E0000000088
:105020000000080000000000F73DC20E0000000074
:105030000000100000000000F73DC0060000000066
:105040000000200000000000F73DDA0E0000000024
:105050000000400000000000F73D000600000000D6
:105060000000800000000000F73D40060000000046
:10507000000000010000000000000000000000002F
:105080000000000200000000D70100000000000046
:105090000000000400000000D70D00000000000028
:1050A0000000000800000000F73DC00600000000FE
:1050B0000000001000000000F73DCA0E00000000D4
:1050C0000000002000000000F73DCA1E00000000A4
:1050D0000000004000000000F73DFA3E0000000024
:1050E000726567256400636C646F5F70776D006341
:1050F00068697063256400626F61726474797065B9
:105100000070726F64696400737764656E61626CCD
:1051100065006770646E00626F617264666C6167DF
:10512000730062746378776172666C61677300788C
:1051300074616C6672657100626F6172647265762B
:10514000006465766964006D7578656E61620077EC
:105150006C30696400776C25643A2042726F616438
:10516000636F6D2042434D2573203830322E31312C
:1051700020576972656C65737320436F6E74726F2C
:105180006C6C65722025730A0074656D705F7468BD
:105190006F72745F6D6F6E69746F725F74696D6545
:1051A0000074785F6D696E696D756D5F6475747993
:1051B0005F6379636C650074785F647574795F63AD
:1051C00079636C655F63636B006167626730006180
:1051D000676267310061676267320074656D706293
:1051E000617365645F647574795F6379636C655F2F
:1051F000656E006161300074785F647574795F6317
:1052000079636C655F6F66646D0000001133820026
:105210002534820000000000000000004E5652417C
:105220004D526576007361723267006161326700CA
:1052300020432543034321432443184319431A437E
:105240001143134312431443154316431B431C439A
:105250001D43284329432A432B432C432D434143D9
:105260004043504351435243534357439DA976050E
:1052700054435F433F434F432F4334433543364307
:10528000374338433943164748472747434360432A
:10529000464347434843314332433343AA43584389
:1052A00059435A43A943554356436343804381437B
:1052B000824364436543664374436743A043A14309
:1052C000A243AE43AF43B043AB43AC43AD43E34330
:1052D000E443E543E243D043D143D243BA43BB4323
:1052E000BC43B143B243B343A343A443A543B74331
:1052F000B843B943C043C143C243D343D443D54366
:10530000D643D743D843D943DA43DB43DF43E043B3
:10531000E143EC43ED43EE43E943EA43EB432243ED
:10532000D6A867A868A89CA9D8A89DA91343144328
:1053300086A83143A7A9DBA8D1A8DCA8A4A952AAB2
:10534000C6A902AA31AA32AA74785F74656D705F2B
:105350007468726573680064657669640031316EE3
:105360005F64697361626C650061673000616B6DD9
:1053700000000000299483005DB78300059283003C
:105380000000000045338400DD3984000000000087
:10539000000000007A6263786763696770696F0074
:1053A000616E74737763746C326700616E747377C7
:1053B00063746C356700776C25643A646D612564AD
:1053C0000061613267006C74656378666E73656C4A
:1053D000006274635F6D6F646500626F6172646622
:1053E0006C616773006D616361646472006C746505
:1053F00063787061646E756D0076656E64696400D3
:105400007A626378666E73656C00627463786C654B
:105410007363616E007A6263787061646E756D00AB
:10542000637573746F6D7661723100637573746F39
:105430006D76617232006274635F706172616D7368
:105440002564006274635F666C61677300627463F5
:1054500078776172666C61677300626F617264660F
:105460006C61677332006C74656378676369677039
:10547000696F00626F617264666C616773340062A9
:105480006F61726472657600646576696400737238
:105490006F6D7265760062745F64656661756C74C9
:1054A0005F616E74006D6F6E69746F725F74696DA9
:1054B000655F6F75740062746364796E5F646566BE
:1054C00061756C745F6274635F6D6F6465007072A8
:1054D0006F7465637465645F74696D655F6F75741F
:1054E0000062746364796E5F6D73775F726F77309B
:1054F0000062746364796E5F6D73775F726F77318A
:105500000062746364796E5F6D73775F726F773278
:105510000062746364796E5F64736E735F726F7739
:10552000730062746364796E5F636F65785F74772C
:105530006F5F616E74007478635F6475725F746826
:10554000726573680062746364796E5F6D73775F10
:10555000726F77330062746364796E5F6D73775F27
:10556000726F77730062746364796E5F64666C74E3
:105570005F64736E735F6C6576656C006274636400
:10558000796E5F6274727373695F68797374657240
:105590000070726F745F6274727373695F746872A3
:1055A000657368006374733273656C665F647572EB
:1055B0005F74687265736800616C6572745F7469AA
:1055C0006D655F6F75740062746364796E5F68699E
:1055D00067685F64736E735F6C6576656C00726696
:1055E000615F636F756E745F746872657368006283
:1055F000746364796E5F6D69645F64736E735F6C0E
:105600006576656C0062746364796E5F6C6F775F5A
:1056100064736E735F6C6576656C00627463647945
:105620006E5F666C6167730062746364796E5F6459
:10563000736E735F726F77300062746364796E5F4C
:1056400064736E735F726F77310062746364796E36
:105650005F64736E735F726F773200627463647934
:105660006E5F64736E735F726F77330073636F5F27
:10567000727373695F7468726573680063636F64E3
:105680006500636300726567726576006576656EB6
:105690007471006873323000B1968600F19686000E
:1056A00061848600B1848600B1968600F1968600FA
:1056B00061848600B1848600B1968600F1968600EA
:1056C0002D858600998686000000000000000000FD
:1056D00000000000000000002D85860099868600ED
:1056E0000000000000000000B1968600F1968600E0
:1056F000B1968600F1968600B1968600F1968600F6
:10570000000000000D060F00000000000406300439
:10571000000000000206400672737369636F7272C4
:105720006E6F726D00676C616369616C74696D6541
:10573000720063616C5F706572696F64006C6470A5
:105740006300747373696C696D75636F64002573AE
:105750002E6661622E25640074656D7074687265D2
:105760007368002E6661622E0074787077726263CF
:105770006B6F6600696E746572666572656E6365EF
:1057800000676C697463685F62617365645F63720C
:10579000736D696E0032675F63676100727373696E
:1057A000636F7272617474656E0070687963616CA6
:1057B0005F74656D7064656C74610074656D7073A1
:1057C0005F68797374657265736973007273736966
:1057D000636F727270657272673267007473736997
:1057E000666C6F6F72326700766261745F616464C9
:1057F000007061706476616C6964746573740073C1
:10580000776469765F6770696F5F31006D637332CB
:1058100067706F300073707572636F6E66696700D2
:105820006D63733267706F310063636B64696766C1
:10583000696C74747970650065755F65647468720D
:105840006573683267007265645F7278626C6F635B
:105850006B696E67000001006C094B007601130054
:10586000323016000300417E0006000AD9032700EB
:1058700025000000910900006C09000000000503EC
:105880005BE708003F5812122F141F1F1F1F2051E3
:105890002761000009603F70020071094B0076012A
:1058A0001300323016000300417E0006000AD903BF
:1058B0002700250000009109000071090000000088
:1058C00007030D8208003F5812122F141F1F1F1FBD
:1058D00020512761000009603F70030076094B00EA
:1058E00076011300323016000300417E0006000AE4
:1058F000D903270025000000910900007609000067
:1059000000000903BF1C08003F5812122F141F1F6C
:105910001F1F20512761000009603F7004007B09B0
:105920004B0076011300323016000300417E000662
:10593000000AD903270025000000910900007B0917
:10594000000000000A0371B708003F5812122F141C
:105950001F1F1F1F20512761000009603F700500B5
:1059600080094B0076011300323016000300417E9F
:105970000006000AD9032700250000009109000055
:105980008009000000000C03235208003F58121247
:105990002F141F1F1F1F21512761000009603F7036
:1059A000060085094B007601130032301600030013
:1059B000417E0006000AD903270025000000910956
:1059C00000008509000000000D03D5EC08003F58D9
:1059D00012122F141F1F1F1F215127610000096081
:1059E0003F7007008A094B00760113003230160021
:1059F0000300417E0006000AD903270025000000AD
:105A0000910900008A09000000000F038787080041
:105A10003F5812122F141F1F1F1F21512761000012
:105A200008603F7008008F094B0076011300323088
:105A300016000300417E0006000AD9032700250056
:105A40000000910900008F090000000011033922B5
:105A500008003F5812122F141F1F1F1F21512761CA
:105A6000000008603F70090094094B0076011300A4
:105A7000323016000300417E0006000AD9032700D9
:105A800025000000910900009409000000001203A5
:105A9000EBBC08003F5812122F141F1F1F1F21516B
:105AA0002761000008603F600A0099094B007601F9
:105AB0001300323016000300417E0006000AD903AD
:105AC000270025000000910900009909000000004E
:105AD00014039D5708003F5812122F141F1F1F1F39
:105AE00021512761000008603F600B009E094B00B8
:105AF00076011300323016000300417E0006000AD2
:105B0000D903270025000000910900009E0900002C
:105B1000000015034FF208003F5812122F141F1FE8
:105B20001F1F21512761000007603F600C00A3097F
:105B30004B0076011300323016000300417E000650
:105B4000000AD90327002500000091090000A309DD
:105B5000000000001703018D08003F5812122F1497
:105B60001F1F1F1F21512761000007603F600D00AC
:105B7000A8094B0076011300323016000300417E65
:105B80000006000AD9032700250000009109000043
:105B9000A809000000001903B32708003F5812129B
:105BA0002F141F1F1F1F21512861000007603F6035
:105BB0000E00B4094B0076011300323016000300CA
:105BC000417E0006000AD903270025000000910944
:105BD0000000B409000000001D035E0108003F58EA
:105BE00012122F141F1F1F1F215128610000076070
:105BF0003F606D61787032676130000001006C09B0
:105C0000340004010D0023304F000300417E0006E4
:105C1000000AD90327001A000000A20900006C093D
:105C200000000000B208277608003F5817173C19FB
:105C30001F1F1F1F3B511961000009603F700200C8
:105C40007109340004010D0023304F000300417E30
:105C50000006000AD90327001A000000A20900006C
:105C6000710900000000B708B11308003F5817176A
:105C70003C191F1F1F1F3B511961000009603F7035
:105C800003007609340004010D0023304F000300A7
:105C9000417E0006000AD90327001A000000A2096D
:105CA0000000760900000000BB083BB108003F5827
:105CB00017173C191F1F1F1F3C5119610000096075
:105CC0003F7004007B09340004010D0023304F00B5
:105CD0000300417E0006000AD90327001A000000D5
:105CE000A20900007B0900000000C008C44E0800A3
:105CF0003F5817173C191F1F1F1F3C511961000007
:105D000009603F7005008009340004010D00233054
:105D10004F000300417E0006000AD90327001A0045
:105D20000000A2090000800900000000C4084EEC39
:105D300008003F5817173C191F1F1F1F3C511961BE
:105D4000000009603F7006008509340004010D0061
:105D500023304F000300417E0006000AD9032700CC
:105D60001A000000A2090000850900000000C9080F
:105D7000D88908003F5817173C191F1F1F1F3C5197
:105D80001961000009603F7007008A0934000401AE
:105D90000D0023304F000300417E0006000AD903A6
:105DA00027001A000000A20900008A090000000074
:105DB000CE08622708003F5817173C191F1F1F1FE6
:105DC0003C511961000008603F7008008F093400E1
:105DD00004010D0023304F000300417E0006000A3D
:105DE000D90327001A000000A20900008F09000053
:105DF0000000D208ECC408003F5817173C191F1FB9
:105E00001F1F3C511961000008603F700900940990
:105E1000340004010D0023304F000300417E0006D2
:105E2000000AD90327001A000000A2090000940903
:105E300000000000D708766208003F5817173C1989
:105E40001F1F1F1F3C511961000008603F600A00BE
:105E50009909340004010D0023304F000300417EF6
:105E60000006000AD90327001A000000A20900005A
:105E7000990900000000DC08000008003F581717CF
:105E80003C191F1F1F1F3C511961000008603F6033
:105E90000B009E09340004010D0023304F00030065
:105EA000417E0006000AD90327001A000000A2095B
:105EB00000009E0900000000E008899D08003F588E
:105EC00017173C191F1F1F1F3D5119610000076064
:105ED0003F600C00A309340004010D0023304F0083
:105EE0000300417E0006000AD90327001A000000C3
:105EF000A2090000A30900000000E508133B080008
:105F00003F5817173C191F1F1F1F3D5119610000F3
:105F100007603F600D00A809340004010D00233024
:105F20004F000300417E0006000AD90327001A0033
:105F30000000A2090000A80900000000E9089DD89F
:105F400008003F5817173C191F1F1F1F3D511961AB
:105F5000000007603F600E00B409340004010D002A
:105F600023304F000300417E0006000AD9032700BA
:105F70001A000000A2090000B40900000000F408A3
:105F80004EEC08003F5817173C191F1F1F1F3D51AB
:105F90001961000007603F6070726F706277323085
:105FA0003267706F0072636F725F61636900706D5A
:105FB000696E00706170646D6F64650063616C6927
:105FC00064786573747461726765743267006361C5
:105FD0006C696478657374626173653267007061BF
:105FE000326761305F6C6F0063636B3267706F00A4
:105FF00063636B7363616C650074656D705F6D7571
:106000006C7400706170646570736F66667365743C
:10601000006F66646D3267706F00706163616C69F8
:10602000647832670073776469765F73776374723C
:106030006C5F656E006F66646D64696766696C7439
:10604000747970656265004176566D696449516383
:10605000616C0063636B6964787063686F66667314
:106060000074656D705F6164640073776469765F66
:106070006770696F006D6373627732303267706F7B
:106080000070617064656E646964780001006C0979
:106090002600C0000A001A3080000300417E00067E
:1060A000000AD903270013000000B00900006C09A2
:1060B00000000000C70B000008003F5817173C19EC
:1060C0001F1F1F1F50511961000009603F7002001F
:1060D00071092600C0000A001A3080000300417ECA
:1060E0000006000AD903270013000000B0090000D1
:1060F000710900000000CD0B004008003F58171741
:106100003C191F1F1F1F51511961000009603F708A
:10611000030076092600C0000A001A308000030040
:10612000417E0006000AD903270013000000B009D1
:106130000000760900000000D30B008008003F58E3
:1061400017173C191F1F1F1F5151196100000960CB
:106150003F7004007B092600C0000A001A3080004E
:106160000300417E0006000AD90327001300000047
:10617000B00900007B0900000000D90B00C0080036
:106180003F5817173C191F1F1F1F5151196100005D
:1061900009603F70050080092600C0000A001A301F
:1061A00080000300417E0006000AD9032700130087
:1061B0000000B0090000800900000000E00B0000B2
:1061C00008003F5817173C191F1F1F1F5151196115
:1061D000000009603F70060085092600C0000A0023
:1061E0001A3080000300417E0006000AD903270010
:1061F00013000000B0090000850900000000E60B54
:10620000004008003F5817173C191F1F1F1F51510E
:106210001961000009603F7007008A092600C0006C
:106220000A001A3080000300417E0006000AD903EC
:10623000270013000000B00900008A0900000000D8
:10624000EC0B008008003F5817173C191F1F1F1F39
:1062500051511961000008603F7008008F09260045
:10626000C0000A001A3080000300417E0006000AC8
:10627000D903270013000000B00900008F090000B7
:106280000000F20B00C008003F5817173C191F1FF1
:106290001F1F52511961000008603F7009009409E6
:1062A0002600C0000A001A3080000300417E00066C
:1062B000000AD903270013000000B0090000940968
:1062C00000000000F90B000008003F5817173C19A8
:1062D0001F1F1F1F52511961000008603F600A0014
:1062E00099092600C0000A001A3080000300417E90
:1062F0000006000AD903270013000000B0090000BF
:10630000990900000000FF0B004008003F581717D4
:106310003C191F1F1F1F52511961000008603F6088
:106320000B009E092600C0000A001A3080000300FE
:10633000417E0006000AD903270013000000B009BF
:1063400000009E0900000000050C008008003F5876
:1063500017173C191F1F1F1F5251196100000760BA
:106360003F600C00A3092600C0000A001A3080001C
:106370000300417E0006000AD90327001300000035
:10638000B0090000A309000000000B0C00C00800C9
:106390003F5817173C191F1F1F1F5251196100004A
:1063A00007603F600D00A8092600C0000A001A30EF
:1063B00080000300417E0006000AD9032700130075
:1063C0000000B0090000A80900000000120C000045
:1063D00008003F5817173C191F1F1F1F5251196102
:1063E000000007603F600E00B4092600C0000A00EC
:1063F0001A3080000300417E0006000AD9032700FE
:1064000013000000B0090000B40900000000210CD6
:10641000000008003F5817173C191F1F1F1F53513A
:106420001961000007603F606974737369636F727C
:10643000720073776469765F656E0065646F666687
:106440007468643230756C00696E69747869647858
:10645000706368006473736674680074737369743E
:10646000696D650063636B627732303267706F000D
:106470007061706474656D70007061326761305F67
:106480003270777200696E6974786964780063634A
:106490006B7077726F666673657430004176566D07
:1064A00069645F63300074656D705F71007662616E
:1064B000745F6D756C740063636B696E6974786981
:1064C00064780073726F6D726576006F66646D64D8
:1064D000696766696C747479706500706170647462
:1064E000656D7062696173006C636E32305F6E6FF0
:1064F00069736563616C5F74626C5F656E0065648F
:106500006F6E74686432306C006C65676F66646DC2
:10651000627732303267706F0070613267613000CD
:1065200074787077726F6666736574326700706D29
:10653000617800766261745F710006073F038A002C
:10654000000006073F038400000006073F038000A9
:10655000000006073F037B00000006073F037700AB
:10656000000006073F037200000006073F036E00AD
:10657000000006073F036A00000006073F036700AC
:10658000000006073F036300000006073F036100A9
:10659000000006073F035C00000006073F035A00A7
:1065A000000006073F035700000006073F035400A2
:1065B000000006073F035100000006073F034F009D
:1065C000000006073F034D00000006073F034B0095
:1065D000000006073F034800000006073F0346008F
:1065E000000006073F034400000006073F03420087
:1065F000000006073F034000000006073F033F007E
:10660000000006073F033D00000006073F033B0074
:10661000000006073F033A00000006073F0338006A
:10662000000006073F033600000006073F03350061
:10663000000006073F033400000006073F03320056
:10664000000006073F033100000006073F0330004B
:10665000000006073E032F00000006073C032F0042
:10666000000006073B032F00000006073B032D0038
:10667000000006073A032D00000006073A032C002D
:10668000000006073A032B00000006073A03290022
:106690000000060739032900000006073803280018
:1066A000000006073803270000000607380326000D
:1066B0000000060738032500000006073803240001
:1066C00000000607370324000000060737032300F5
:1066D00000000607370322000000060737032100E9
:1066E00000000607350321000000060735032000DF
:1066F00000000607340320000000060734031F00D3
:106700000000060732031F000000060733031E00C7
:106710000000060733031D000000060731031D00BB
:106720000000060732031C000000060730031C00AF
:10673000000006072F031C00000006072D031C00A5
:10674000000006072B031C00000006072A031C009C
:106750000000060729031C000000060728031C0090
:106760000000060728031B000000060727031B0084
:106770000000060727031A000000060726031A0078
:106780000000060724031A000000060723031A006E
:106790000000060722031A000000060721031A0062
:1067A0000000060721031900000006072003190056
:1067B000000006071F031900000006071E0319004A
:1067C000000006071E031900000006071E0319003B
:1067D000000006071E031900000006071E0319002B
:1067E000000006071E031900000006071E0319001B
:1067F000000006071E031900000006071E0319000B
:10680000000006071E031900000006071E031900FA
:10681000000006071E031900000006071E031900EA
:10682000000006071E031900000006071E031900DA
:10683000000006071E031900000006071E031900CA
:10684000000006071E031900000006071E031900BA
:10685000000006071E031900000006071E031900AA
:10686000000006071E031900000006071E0319009A
:10687000000006071E031900000006071E0319008A
:10688000000006071E031900000006071E0319007A
:10689000000006071E031900000006071E0319006A
:1068A000000006071E031900000006071E0319005A
:1068B000000006071E031900000006071E0319004A
:1068C000000006071E031900000006071E0319003A
:1068D000000006071E031900000006071E0319002A
:1068E000000006071E031900000006071E0319001A
:1068F000000006071E031900000006071E0319000A
:10690000000006071E031900000006071E031900F9
:10691000000006071E031900000006071E031900E9
:10692000000006071E031900000006071E031900D9
:10693000000006071E0319000000060F3FFF62005B
:106940000000060F3FFF5E000000060F3FFF5900EA
:106950000000060F3FFF55000000060F3FFF5100EB
:106960000000060F3FFF4D000000060F3FFF4A00EA
:106970000000060F3FFF47000000060F3FFF4400E6
:106980000000060F3FFF41000000060F3FFF3E00E2
:106990000000060F3FFF3C000000060F3FFF3A00DB
:1069A0000000060F3FFF37000000060F3FFF3500D5
:1069B0000000060F3FFF33000000060F3FFF3200CC
:1069C0000000060F3FFF30000000060F3FFF2E00C3
:1069D0000000060F3DFF2E000000060F39FF2F00BC
:1069E0000000060F3AFF2D000000060F39FF2C00B3
:1069F0000000060F37FF2C000000060F36FF2B00AB
:106A00000000060F36FF2A000000060F35FF2900A0
:106A10000000060F35FF28000000060F33FF280096
:106A20000000060F31FF28000000060F30FF27008E
:106A30000000060F2FFF27000000060F2DFF270084
:106A40000000060F2EFF25000000060F2CFF25007A
:106A50000000060F2BFF25000000060F29FF250070
:106A60000000060F28FF24000000060F26FF250067
:106A70000000060F24FF26000000060F22FF26005C
:106A80000000060F21FF26000000060F21FF250051
:106A90000000060F22FF23000000060F20FF230046
:106AA0000000060F1FFF23000000060F1FFF22003B
:106AB0000000060F1FFF21000000060F1CFF220030
:106AC0000000060F1CFF21000000060F1CFF200025
:106AD0000000060F1CFF1F000000060F1CFF1E0019
:106AE0000000060F1AFF1F000000060F1AFF1E000D
:106AF0000000060F19FF1E000000060F19FF1D0001
:106B00000000060F18FF1D000000060F18FF1C00F4
:106B10000000060F16FF1D000000060F16FF1C00E8
:106B20000000060F17FF1B000000060F17FF1A00DA
:106B30000000060F17FF19000000060F16FF1900CE
:106B40000000060F15FF19000000060F14FF1900C2
:106B50000000060F16FF17000000060F15FF1700B4
:106B60000000060F17FF15000000060F16FF1500A6
:106B70000000060F15FF15000000060F14FF15009A
:106B80000000060F15FF14000000060F14FF14008C
:106B90000000060F14FF13000000060F15FF12007F
:106BA0000000060F12FF13000000060F13FF120073
:106BB0000000060F12FF12000000060F11FF120066
:106BC0000000060F10FF12000000060F0DFF14005A
:106BD0000000060F0FFF12000000060F0EFF12004C
:106BE0000000060F0CFF13000000060F0DFF12003F
:106BF0000000060F0CFF12000000060F0BFF130031
:106C00000000060F0CFF11000000060F08FF140023
:106C10000000060F09FF13000000060F08FF130015
:106C20000000060F0AFF11000000060F08FF120007
:106C30000000060F07FF13000000060F08FF1100F9
:106C40000000060F07FF12000000060F07FF1100EB
:106C50000000060F05FF13000000060F08FF0F00DD
:106C60000000060F09FF0E000000060F08FF0E00CF
:106C70000000060F07FF0F000000060F04FF1100C1
:106C80000000060F05FF10000000060F03FF1200B2
:106C90000000060F04FF10000000060F01FF1400A3
:106CA0000000060F02FF12000000060F01FF130094
:106CB0000000060F02FF11000000060F01FF120086
:106CC0000000060F02FF10000000060F01FF110078
:106CD0000000060F01FF10000000060F01FF10006A
:106CE0000000060F01FF10000000060F01FF10005A
:106CF0000000060F01FF10000000060F01FF10004A
:106D00000000060F01FF10000000060F01FF100039
:106D10000000060F01FF10000000060F01FF100029
:106D20000000060F01FF10000000060F01FF100019
:106D30000000060F01FF10000000726174657365AA
:106D40006C007374660063636B5F6F6E65636F7274
:106D5000655F74780074656D70735F706572696FDC
:106D600064007478636861696E0072786368616951
:106D70006E0073776469765F736E727468726573A0
:106D8000680073776469765F74785F7765696768B0
:106D9000740073776469765F736E726C696D0073EB
:106DA000776469765F73776374726C5F6D61736B20
:106DB0000073776469765F63636B736E72636F727F
:106DC000720073776469765F73776374726C5F6166
:106DD0006E74300073776469765F73776374726C76
:106DE0005F616E74310073776469765F7765696798
:106DF00068740073776469765F736574746C65009A
:106E000073776469765F656E0073776469765F7225
:106E1000785F706F6C6963790073776469765F631C
:106E2000656C6C5F706F6C69637900737764697609
:106E30005F73776374726C5F656E007377646976F5
:106E40005F7468726573680073776469765F6770F2
:106E5000696F5F310073776469765F63636B6E6F30
:106E60006973656573746C696D0073776469765FC7
:106E70006C6F67326176670073776469765F6770FD
:106E8000696F0073776469765F74785F706F6C699F
:106E900063790073776469765F74696D656F757483
:106EA00000616E746469765F7273736964696666A3
:106EB00074687265736800776F776C5F6770696F6D
:106EC00000776F776C5F6770696F706F6C000000A0
:106ED00073B54369164600222F2B04460D460192D6
:106EE00008DD332B06D013460121E2F3D9F18305E7
:106EF0009B0D07E0002120460A46E2F331F2064BE3
:106F000003401B0C1B022046336001A92A4600F0F7
:106F100005F801987CBD00BF0000FF03F8B50446EA
:106F20000E461546E5F380F540F6120100220746AD
:106F30002046E6F31BF32046E5F37EF5204639466E
:106F4000E6F322F3024B33604FF4C8632B60F8BDC5
:106F50004C6403000B46C06F11461A46FFF7B8BFDA
:106F600010B501210446C06FE2F35CF2E06FE6F376
:106F700037F3002010BD37B50024694601AA054645
:106F800000940194FFF7E6FF9DE8060003462846BB
:106F900024F052DC20463EBD38B50446C06FE2F313
:106FA000D3F148B12046FFF7E6FF054638B9204641
:106FB000FFF7D6FF284638BD4FF0FF3038BD002020
:106FC00038BD2DE9FF4107464FF4B6700E46154611
:106FD0009846E0F36BF40446002832D000214FF4C9
:106FE000B672DBF34DF40A9B3846009304F180033C
:106FF000019304F18403029331462A464346F2F793
:10700000F1FBE067C0B10123637440F61201002276
:10701000E6F3ACF20C210022C4F88800E06FE5F33F
:10702000F7F42046F5F722FF2046FFF7B5FFE06FA3
:10703000F2F780F9002500E00B252046E0F348F444
:1070400000E01E25284604B0BDE8F081CDAB00006D
:1070500001BC600300104E03BFDE02F00E5C028034
:10706000C12700000403BFDE02F0105903A85E022E
:10707000F0001203A65E02F0001202825E530000CE
:107080001202855EAF000012020200BF00000F0373
:10709000A85E02F000120282DEBB0000120282DE55
:1070A000B300001202845EB700001202845EB300D7
:1070B0000012028600C7000012028480C300001282
:1070C00001BC63FF1FF04000008000000000035B74
:1070D0005E02F0001401BC601300104300015E0268
:1070E000F0000000025E02F0182C020200BF000057
:1070F000B402045EFF00001B006B446556801B0158
:10710000846002F7F7BF01BC6003000AA600025EBC
:1071100002F012370202DEFF000020006B446555CA
:1071200020200182E002F7F7BF03BFDE02F006C3B2
:107130000201AC7B00002500E844656177A101BC39
:10714000607F0817A2006D5E86F4402500A82C7BA6
:10715000010B1E00682B4F00002A0280DEFF00009A
:10716000B4006B44655A60B40184E006F577AB0067
:10717000025E02F0159B020480C700002C02818091
:10718000C700002E01806002F7F7BF01BC6003005A
:107190000ADA00902BE300D7A200E02BDEF457A31D
:1071A000006D446AF4603200B02BD7000AF001870A
:1071B0006002F7F7BF00682BBF00003A00E94465A2
:1071C0005DF7A300E8C4695E77A20068DE8B00006B
:1071D0003A006DDE8D5E003A0286ABD300003A01C4
:1071E000876006F7F7BF0207DEFF00003F00E844B4
:1071F000655A37A2006D5E895A003F0187E002F7A9
:10720000F7BF01BC6003000AD100682C6F00004585
:1072100001BC61F70017A100E844656377A2006D27
:107220005E8AF4204501BC6003000B1B00A82C7B88
:10723000002B1E00682AE700005100E8446557371C
:10724000A1006DDE8556404C00682B2300005100E4
:10725000E844655917A1006DDE8556404E03BFDE38
:1072600002F0005101BC6003000ABA01BC600300D7
:107270000AB901BC6003000AC801BC6003000AC06F
:1072800000A82C7B004B1E0202DEB300005402005B
:10729000420300005400025E02F00D2F0203C5738A
:1072A00000005702845EB30000B40068AAEF00003B
:1072B000B40284DEB7000059020180C700007900E3
:1072C000B02AAB0017A202802BD300006000B02BC5
:1072D000030017A1006DDE855BE0AB00685E8700F0
:1072E000006000682BE700006000B02BE70017A2E9
:1072F00000682AEB00006600E844655757A1018545
:107300006006F5D7AE006DDE86F440AB00E05E852A
:1073100054F7A1006DDE86F440AB01856002F5D71D
:10732000AE0202DEBB00007900682A9B00007900F3
:10733000E8446555D7A100E02A9B0157A2006EDE04
:1073400086F440720182E002F5D7AE0181600163EC
:10735000CB1E01BC6003000AEA01BC6003000AA660
:1073600001BC6003000AE503BFDE02F00079006E95
:10737000AA9AF4207800E82A9AF437A100902A9B70
:107380000037A2006E2A9EF4407700B02A9F0017B3
:10739000A20069DE86F4407903BFDE02F000AB0292
:1073A00084DEB700009E028881AB00009C02045E70
:1073B000B70000B4020480C700008500682AF70007
:1073C000208500682AF700808500682ADF00008495
:1073D00000682AF702E0820068AAF708608400E8E3
:1073E00044655637A1006D5E8556E0B402005EFF2D
:1073F00000009C028080BF00009C00682B230000DE
:107400008B02802BD300008B00B02B2B0017BB000E
:107410006E2B02F760B403BFDE02F0009C0205DEB3
:10742000B700008E00682AF70860B403BFDE02F0E0
:10743000009C028400C7000090028600C7000092F2
:1074400000682AEB00009C02812C2700009C00E8C9
:1074500044655637A10206ABD300009600E845C943
:107460005AF7A203BFDE02F0009700E845895AF7F9
:10747000A20286ABD300009A00E85E86F457A10012
:1074800069DE8557009C006CC4655660B402855E59
:10749000B70000B400025E02F015BE03BFDE02F0CA
:1074A00000B40285ABD30000A50206ABD30000A355
:1074B00001BC63FF1FF7A1006845C6F4209C03BF11
:1074C000DE02F000A501BC63FF1FF7A1006845863E
:1074D000F4209C0203C5730000AB02855EB7000078
:1074E000AB020100C70000B4006B44655680B400D5
:1074F00020E3FE1460B40282DEBB0000B402022C62
:10750000270000AE0282DEBB0000AE03BFDE02F049
:10751000009C028881AB0000B40282DEB30000B49C
:10752000028080BF0000B40284DEAF0000B402829B
:107530005EBB0000B400025E02F015EE0180600246
:107540000D906C03595E02F000B603D85E02F000A5
:10755000B703D8DE02F000B801BC61830011290036
:10756000B0007B00112B01BC630300112303125EEA
:1075700002F00CB003975E02F00D4303D05E02F000
:10758000039403D0DE02F0063D03D5DE02F00C6268
:1075900003915E02F006980396DE02F00C5D02880D
:1075A000C17300012303C45E02F0081003C75E022A
:1075B000F0083403DCDE02F0163503AA5E02F008A0
:1075C000A40386DE02F00CA10287C037000CA103E1
:1075D000835E02F00A50020680C70000D00202B0AB
:1075E000E70000D0006C30EE2320D00182E001875C
:1075F0002C3901BC607F1FF7A201E05E8A10708306
:107600000391DE02F00720020680C7000107020690
:1076100001AB0000E3020030E70000E30068DE4B4E
:107620000620E3020042030000E302844523000039
:10763000E30280B0E70000E3006E45170020E3019D
:10764000BC600300108000A8412300F04803D0DE96
:1076500002F000DC03D05E02F000DD03D5DE02F0B4
:1076600000DE00E001DF0020770180E005872C3993
:1076700001BC6003000C3A00025E02F01807000231
:107680005E02F0181B020E01AB0000F002844523DD
:107690000000F0020130E70000F000E001E300200C
:1076A0007801816001872C390180E001872C390144
:1076B0000C81430017A60068DE9B0060ED01BC60F2
:1076C00003004C3A03BFDE02F000EF0068DE9B00CF
:1076D00040EF01BC6003002C3A00025E02F0180784
:1076E000020681AB000107020230E70000FB0280C6
:1076F00042030000FB028445230000FB03915E026D
:10770000F0069800E001EB00207A0180E005872C6C
:107710003901826001872C3901BC6003000C3A00FA
:10772000025E02F0180700025E02F0181B0201B0B0
:10773000E70000FE006C30F22320FE0181E00187AB
:107740002C39020330E7000107006C30F6232107D3
:1077500001836001872C39020042030001070068A1
:107760005E4B04410500685E4B00410503BFDE022D
:10777000F001070182600609104801BC6003001196
:107780004503C2DE02F00D0A00025E02F01236036B
:10779000D4DE02F007B903A3DE02F0000203C85EE4
:1077A00002F005FB0204DEB30001100201452300D4
:1077B00001100184E002F597AC00025E02F006378A
:1077C0000201C5230001120187E002F577AB000238
:1077D0005E02F00EAF00025E02F0117702182E2753
:1077E00000011600025E02F0118A03A25E02F0019F
:1077F0002003565E02F0011D018660060910480351
:107800001F5E02F0011D006A5E2300011C00B00033
:107810002700178800E85E2300378803A65E02F081
:10782000018E00025E02F011F80028600E08E1B43B
:1078300003C4DE02F00D7A0020C2030021BC03BFA6
:10784000DE02F0020D03815E02F001250300DE027C
:10785000F000C30188E0020B905C03BFDE02F0037E
:107860009102874063000127018EE00EF430180278
:107870008740630001290002DE02F0000002874019
:107880006300012B00B05E8B001019018EE00AF43A
:1078900030180002DE02F0000001BC606300107BC3
:1078A00001BC601B00107A01AC607EF47075028729
:1078B00041D70001320002DE02F0000001BC60632B
:1078C00000107B01BC601B00107A01AC60BEF4703C
:1078D00075028741D70001370002DE02F000000187
:1078E000BC606300107B00B05E8B00107A01AC605E
:1078F0007EF43075028741D700013C0002DE02F0C1
:10790000000001BC606300107B00B05E8B00107A49
:1079100001AC60BEF43075028741D700014100021E
:10792000DE02F0000001BC60030280060280DE0778
:1079300000014D01DA6002F0178002085E070001C5
:107940006101BC60031E17A100E05E02F430650116
:10795000BC60031C17A100E05E02F4306401BC604F
:107960000300281103BFDE02F0016701105E03006F
:1079700017A101035E030017A200E05E86F457A181
:1079800000885E870037A200E05E86F457A100E021
:10799000015AF43063028600C300015800B0560B50
:1079A00000106200B0540300106201BC60030028A4
:1079B0001103BFDE02F0016900B0418F00106201C7
:1079C00009DE030017A10068DE8700415C00E05E6D
:1079D000870037A100885E870057A100E05E85041C
:1079E000B7A100E05E8703C00601BC600300481138
:1079F00003BFDE02F0016901BC60070217A100E0CD
:107A00005E02F4306501BC60070017A100E05E0271
:107A1000F4306401BC600318000601BC6003000878
:107A20001100B05A0300106200B058030010630048
:107A300002DE02F0000001BC600306379201BC6365
:107A4000FF1FF0C301BC60031890E301BC60FB1C86
:107A500010E501BC600300501000B0404300180066
:107A600000B040470010E70002DE02F0000000E82E
:107A700040330097A100B0400B0017A3006D5E8655
:107A8000F4617700905E8F0037A303BFDE02F00140
:107A90007800905E870037A301BC601B0437A1000B
:107AA000E05E8EF437A301F041970017A1006DDE70
:107AB00086F4618C0287C19700018001385A030067
:107AC00017A1013C5A030017A203BFDE02F0018296
:107AD000013C5A030017A101385A070017A2006899
:107AE0005E86F4818700D85E8B0037A200E1419664
:107AF000F4506500E1C19700306503BFDE02F0017C
:107B00007A00D85E8B0037A200E14196F457A100BD
:107B1000E1DE870037A101F05E870017A1006EDE6D
:107B200086F4618D01BC63FF1FF7A40002DE02F042
:107B30000000020681AB00019001826001872C39B0
:107B40000020E38E090002031EDE02F00196039F6F
:107B50005E02F0019601BC60430117A100A841221A
:107B6000F4304803BFDE02F000020208411F0001AA
:107B70009301816005610B0800025E02F00D2F0089
:107B8000B000AB00108600B0016300108A00025EF6
:107B900002F0107301BC600304179200B0003B00B8
:107BA000111D0190600609104803A1DE02F001AE2C
:107BB0000181E00609104801BC600300904201BC4D
:107BC000600300112D039EDE02F001B1018460020A
:107BD000F2979400B0451700178F00B05E1700179A
:107BE000900200441F0001AA0185600209104801AB
:107BF00081600700104701F0DE0F0037A10204008A
:107C0000BF0001AD01F084C70037A100A044B6F465
:107C10003145039EDE02F001B101BC613712B08034
:107C200003BFDE02F0000200A044B42A314501BCCB
:107C3000612712708003BFDE02F000020020E082A4
:107C4000090002010CDE530017A101885E870010B5
:107C50004701BC60030050420108411F0017A10109
:107C60008CDE86F2979403BFDE02F000020002DE93
:107C700002F000000020E07E09000200025E02F037
:107C800012020283C21F000002020280F30001C63A
:107C900000B044670017A1017C5E862357A30283CE
:107CA0005EFF0001C500E000FAF468290183600668
:107CB000F7F7BF006BDE8D0521CA0206D003000175
:107CC000CE00E950862337A100E8D08A2357A200CE
:107CD00069DE8B0001CE00025E02F00D2F01916083
:107CE0001684F42700E020A700882903BFDE02F0F5
:107CF000036E00025E02F00371020400BF0001D6B1
:107D000003945E02F000020020C28F06000200A071
:107D1000428F01F78000685E002DC00200025E0203
:107D2000F00D2F03BFDE02F000120201C28F00002F
:107D300002011400630017A100685E870060020062
:107D4000025E02F00D2F0194600F00001800025E29
:107D500002F001DD03BFDE02F00012011400630037
:107D600017A100B05E870010A501BC60131B9060D6
:107D700000685E870001E400E0418306D06000E80F
:107D80005E870037A103BFDE02F001E0028050C32E
:107D90000001F2018760040310A000B0006300102E
:107DA000B400B042D3001800008841830030B6010F
:107DB000BC60030B10B500B0006300B0B40317DE65
:107DC00002F001EB0397DE02F001EC018060068611
:107DD00014300068D0D30001F20068D0D70001F25F
:107DE00000B0446700143400B0446B001435000246
:107DF000DE02F000000020E01280420C01876004E7
:107E00000310A000B000630010B401BC60030E10AA
:107E1000B500B0006300F0B401BC60570310B600B9
:107E2000B000630010B401BC600302D0B50207507B
:107E30000B00020901BC600303D0B5018E6002F2A1
:107E400097940204500B0002020204D00B000202BD
:107E500001866006F2979400E042D700D0B500A0FA
:107E6000500B1117A10068DE871102080186E00699
:107E7000F2979400E042D70050B50207D00B000201
:107E80000800E042D70090B500B042D70011E100F1
:107E9000B0006300B0B40317DE02F0020A0397DEFD
:107EA00002F0020B0002DE02F00000006820C300B6
:107EB0000210006CC46506001201BC6003000830AB
:107EC000006820BB00021600B044670017A2006CD7
:107ED000446988A215006B446988A012006EDE898F
:107EE00005E01201BC600300082E0020E0BE09007E
:107EF00002020681AB00021A0281B0E70000020212
:107F000080B0E700000203905E02F0001203A25E60
:107F100002F0022C00025E02F01163020200BF00B8
:107F2000022B0284DEAF00022302045EB700022BA4
:107F300000025E02F0156902045EB700022B03BF67
:107F4000DE02F0000202045EB7000226020480C7CF
:107F500000022B02805EFF00022B00025E02F01581
:107F60000D0206ABD300022A02052C2300022A03CD
:107F7000BFDE02F0022B03BFDE02F0000200025E51
:107F800002F012020200421F000243006842F300A6
:107F9000022F006D42F3006243011400630017A139
:107FA00000B05E870017A203A25E02F0023703143E
:107FB0005E02F00245006EC4568062450281452390
:107FC000000245006E5E8700624301BC60030077DB
:107FD000A200886006F457A300885E8B0100180099
:107FE000E85E8B0037A20020C28EF4623D006ADE9C
:107FF00086F4423703BFDE02F00243020400BF00F2
:10800000026F00900063010165008085970217A14F
:1080100000E064820DA16600025E02F011DF03BF82
:10802000DE02F0026F0182600209104803BFDE0227
:10803000F0000201BC600300111500B0017F0017C1
:10804000A6031F5E02F00254020300C300024A00AE
:1080500020C28F02024E03255E02F002540020C2AD
:108060008F02024E00688153FFE01203BFDE02F070
:1080700002500194601300001803BFDE02F0026F8B
:10808000039EDE02F002530068DE980BC253020129
:10809000411F000F250185600209104800685E98A5
:1080A0000BC25800695E9F0062720298428F000204
:1080B0005803BFDE02F002720201411F000F2502C9
:1080C0000400BF00025F0218428F000F2500025E0D
:1080D00002F011C100025E02F011DF019405870079
:1080E000001803BFDE02F0026F0200150B000268E9
:1080F000020016BB00026B00B014970017A10068C5
:10810000DE84B2226800B0149B0017A10068DE84F0
:10811000B2426800B0149F0017A10068DE84B2620A
:1081200068029E14E700026B0201C28F00026D011B
:1081300094600F00001803BFDE02F0026F0201C25C
:108140008F00026D018060060D906C0200C28F00EE
:108150000F250194600700001800025E02F001DDA7
:10816000020400BF0002A103BFDE02F002A101BCB5
:1081700060031810600129500B00179200B0017BBA
:10818000001065006800EB00027A00885A1301179E
:10819000A100E84466F437A1006EDE8407427A034A
:1081A000BFDE02F007B2019060120910480194602E
:1081B0001F00001801085A0F00178101885E068110
:1081C000540A01345A0F00178000025E02F0014386
:1081D00000B0017B00106500B056230017A100E03D
:1081E0005E86A097A100E85E8400F40300E85E8448
:1081F00000F41600B05A0300141300B05A0700141C
:108200001400B05A0B0014150068DE0700429200FB
:10821000E800970057A101BC5E86F0141B017C5E4C
:108220008700F41C00B0204700178100025E02F0B6
:10823000108400B0017B00106501085A0F001781FF
:1082400000B05E8700141E03BFDE02F0029500B08E
:10825000561700141B00B0561B00141C00B054131A
:1082600000141E00B05013001086006D00A700829D
:108270009B0190016300108A00B0418F00106200E2
:10828000025E02F0160200B0422B00140601BC6030
:10829000031817A1006DC18C20029E01BC6003026F
:1082A00097A100E05E840377A100E05E86B0111D17
:1082B00003BFDE02F00337020300C70002B1020C65
:1082C000D0030002B1011400630017A1028500630E
:1082D0000002B10080DE8701F7A201BC601B1857C5
:1082E000A200E05E8A0DB06500B041970014320034
:1082F00080DE8700B7A201BC601B15D7A200E05E3C
:108300008A0DB06400B041930014330068D81300A4
:1083100002BF02005A1B0002B30180600684F427EA
:1083200003BFDE02F006C30201D0030002B300B0B7
:10833000509B00142F0281D0C700036B00025E0225
:10834000F00371010BD0030017A1013C502B001763
:10835000A2018C5E86F457A1014801430017A201D7
:108360000C81430017A300685E8F0022BC018CE0E3
:10837000000A17A200685E86F442BF019160128471
:10838000F42703BFDE02F0036E00025E02F001F389
:1083900000B0501300108600B0501700108A03A2DE
:1083A0005E02F0030B020CD0030002DE020300C7E2
:1083B0000002DD00B050CB00106500025E02F01636
:1083C00098020350C70002CB01BC60230097A100B4
:1083D000A85002F4340003BFDE02F002E20204817E
:1083E000AB0002CD006D4246C0801200B05A1300AF
:1083F000178000025E02F0014D00B0540F00141E01
:1084000000B05A070017A100B05A13001780018767
:108410005A16F0178000B0418F00106500025E020E
:10842000F0160B00E05E86A0740302875E03000274
:10843000DC0109DE030017A300E05E8B0077A200D9
:10844000E05E8AF477A200885E8B0037A100E05ED0
:1084500086F4508903BFDE02F002E2006D424A84D6
:108460008012010650070017A1028CD0030002E120
:1084700000685E870002E20182DE86863431018276
:1084800060028634310020D0030402E800B0504F6F
:108490000011F200B050530011F300B0505700111A
:1084A000F401BC60030091F0020601AB000304027A
:1084B000015003000304020601AB00030403A25EA3
:1084C00002F00304028030E70003040180600587A6
:1084D0002C3900E001E700207901BC60430890E6F8
:1084E00000025E02F0016A01BC60031910E401BCE5
:1084F000600300000601BC600301D78201D2DE08E0
:1085000077F0E000B00F030010E100B0004700106A
:108510008600B00F1F00108A01BC60030037810085
:10852000025E02F0107000B0059B00106400E85875
:108530001A28F14500B0058B001064006A4516C08A
:1085400082FF00025E02F01095006E4517004301A5
:1085500001BC600300514501BC60030010BB01BCBD
:10856000610303B08003BFDE02F0001203945E02D9
:10857000F0030B020650030003070287DEAF00037F
:108580000B028150030005DC0202D0C700030A027F
:1085900008502B00030B0285D0030005F301906007
:1085A00012863431011050070017A60068DE9B00C8
:1085B0004317013A500700178000885E0300778058
:1085C00000E000AEF0106400B05E0700081301BCCC
:1085D000602306D78100E0418301706300E0418F92
:1085E00000B06500025E02F010AB00B0204F001733
:1085F0008103A25E02F0032300B0500F00111602A7
:1086000002D0C700031B00B0505B0011160282D0DD
:1086100003000323028147C300031C0280504F0064
:108620000321002047C73F83230020C7DB00C36D21
:1086300003BFDE02F0032303A55E02F003230280E2
:10864000C7DF00036D028850C700033F0129500BAC
:10865000001792020300C7000330020CD00300038E
:1086600030028350C700033000B050CB00106501CA
:10867000385A1300178001825A17005781010E5A89
:10868000130017A1018E5E86F037810202D0C70069
:10869000033F00B0501B00108A03BFDE02F0033F0F
:1086A0000282D0C700033701385027001780010825
:1086B0005013001781010250130017A101825E863A
:1086C000F0378100B0507F00108903BFDE02F00355
:1086D0003F0138506F0017800108502B00178101AF
:1086E00006D0070017A101825E86F0378100B050E6
:1086F0001B00108A00B05083001089010E507300D7
:1087000017A1018E5E86F0378100025E02F0014300
:1087100000025E02F010700102421B00178101820C
:108720005E0502378100025E02F01084020680C7F7
:1087300000034B010C81430017A60068DE9B006319
:108740004900885E870057A103BFDE02F0034B009B
:1087500068DE9B00434B00885E870037A100E05E27
:10876000840117A101D9DE8700108301BC613703A2
:10877000B79100685E4B02837F020400BF00035282
:108780000287500300035203945E02F00353032256
:108790005E02F00360020681AB00035E00685E4B80
:1087A00004435700685E4B00435703BFDE02F003EB
:1087B0005E00E001EF00207B01BC600302914501F7
:1087C000836005872C3900E044670A0C3D018C600A
:1087D0000E1770BB01BC610302308003BFDE02F0E4
:1087E000000201BC610300308003BFDE02F0000222
:1087F00001BC613303B791028500630003660090FA
:1088000000630097A100E06482F43065006E5A13A3
:108810000023660188E006F23791020601AB0003EF
:108820006A0068DE4B05A36A01BC61030030800367
:10883000BFDE02F0000203BFDE02F0037F019160A1
:108840000E84F42703BFDE02F0036E0191600684FC
:10885000F42701BC60030010B40181E006863431C6
:1088600003BFDE02F006C3011C508F0017A1008079
:10887000DE870197A200E0015E0DB06502805A7F9D
:1088800000037E02815A7F00037A0203DA7F00032D
:108890007E00685A8700037E00886006F437A100D6
:1088A000201CBAF4237E00025E02F00D2F019160BD
:1088B0001E84F42700015E02F0000003BFDE02F018
:1088C000036E0002DE02F0000003C4DE02F00D7A47
:1088D000020650030003870207DEAF00038701BCD6
:1088E00061030037910207500300038501BC620356
:1088F00000F79100E0010B00204203BFDE02F0030D
:108900008801BC600300204200B05E470010800276
:108910000400BF00039000B0058B001064006E459A
:10892000170000020068DE4B02838F00A044B42AC7
:10893000314503BFDE02F0000200025E02F0109536
:108940000068C51700000203D05E02F00394000225
:108950005E02F0109503BFDE02F00002020601ABDA
:108960000003970068DE4B05A39701806001872C08
:1089700039020E01AB00039A0200B0E700039A012E
:10898000816005872C3900E10DB228E36C00E08D91
:10899000B700036D01836002F7F7BF01BC600300FD
:1089A000900400A8412330104801BC620F0011E080
:1089B00001816002F5D7AE020200BF0003B8006873
:1089C000DE4B0203A400025E02F017BA0068DE4B21
:1089D0000623B802045EB30003B80206ABD300035B
:1089E000A90204C5AF0003B803BFDE02F003AA0268
:1089F00000456F0003B800E844655637A100E82A37
:108A000096F437A100695E870823B80206ABD3004D
:108A100003B2006BAC422323B100E04467014B106A
:108A20000183E0022B915C03BFDE02F003B80183F7
:108A3000E0022B915C01BC600318517800B045E363
:108A4000001800018360022F317900A84138F9D75E
:108A5000A100B05E84FE704E0187E002F577AB00A6
:108A600068810B0023BB00B044670000430182E033
:108A70000609104800A841B310906C0182600628D6
:108A800091440188E0020B905C00025E02F0123615
:108A90000185E002F7F7BF0288421B0003C301858E
:108AA000E006F7F7BF035B5E02F003C501BC60138D
:108AB00000104301BC600300108501BC600300107E
:108AC000B8008850770090B90208502B0003CC0101
:108AD0003850730017A1017C506EF437A100885EF6
:108AE000870090B9020047A30003D001BC600300D7
:108AF00011EA009042E70091EB00B047A300D1E8F3
:108B0000020047B30003D201B0E08E3D91EC01D2E8
:108B1000E00210908403A95E02F004FD01BC600332
:108B200000108400E001C300207000B04467000C16
:108B30000D00B0446B000C0E0320DE02F0044B006D
:108B4000685E4B18A3E30068DE4B0783EC01BC634F
:108B5000FF1F708401BC600300F0850138136300BF
:108B600010B500E042D700D0B501BC60030010A6EC
:108B700001BC602314D0B400E013570024D503BF18
:108B8000DE02F004930184E006F597AC01BC60FFBF
:108B90001FF08400025E02F0042801BC6003001094
:108BA000B401BC60030010A601BC600302D0B50193
:108BB000BC602304D0B400E0135B0024D603BFDE06
:108BC00002F0049301816006F5B7AD0068DE4B0446
:108BD000A3FF0203DEBB0003F100E02E0B001065D3
:108BE00003BFDE02F003F201BC602301106500A0A8
:108BF0005E7FFE10EC00B05A030010ED00B05A0783
:108C00000010EE00B05A0B0010EF00B05A0F001029
:108C1000F001BC63FF1EF08401BC600300308501DD
:108C2000BC60030010B401BC600301D0A601BC60AD
:108C3000030450B501BC602304D0B400E002AF00CF
:108C400020AB03BFDE02F0049301BC61FF1FF08480
:108C500001BC60030010850068DE4B05240701BCE1
:108C600060030010B401BC600B0B50A601BC600394
:108C700002D0B501BC602304D0B403BFDE02F0040F
:108C8000130068DE4B02441E00B0306700108402FF
:108C900085C38F00040B00E05E2700378901DA5E90
:108CA000270010EE01BC63FF1FF0CE01BC60030083
:108CB00010B40080E02183180000E069820DB0A6A6
:108CC00001BC600303D0B501BC602304D0B400E054
:108CD00001D3002074018460070011E00282DEB33A
:108CE0000005BC02045EB30005BC0181E006F5D7B7
:108CF000AE0183E00609104800B0412300180001CE
:108D0000BC600306B78E0188204610D78100025E42
:108D100002F0108400885E8700708303BFDE02F0DB
:108D200005BC01BC60031FF0840103DE530017A2E1
:108D300000680ECF00042300B00ECF0017A20090F1
:108D40001CBAF457A202005EFF00042501BC6003B8
:108D50000037A200682B4F00042701BC60030037D6
:108D6000A201865E8A1C70E3006AC393000431008E
:108D7000E8439000D0E40202421B00042F00900060
:108D80001B0037A10020421B00442E00B02097009A
:108D900017A100E04392F430E40069C3930004316A
:108DA00001BC60030010E400682B4F00043300E0B6
:108DB00043915B30E401BC60030010B401BC60036C
:108DC0000010A601BC60030210B501BC602304D0F2
:108DD000B400685E4B06A44900E001CB002072029B
:108DE0000681AB0004930280B0E70004930203B055
:108DF000E700049301BC600704F7A60288421B0049
:108E0000044101BC600F0017A60282421B0004410E
:108E100001BC60170017A6010C81430017A500686C
:108E2000DE9700644400885E9B0037A600E044663D
:108E3000F4CC3C0181E005872C3901826005872C48
:108E4000390183E001872C3903BFDE02F00493006F
:108E5000E001CF00207303BFDE02F0049303205E25
:108E600002F0049A0181E00209104800E001D700F5
:108E70002075031EDE02F0047A01BC60030017A215
:108E8000006A5E230004530102428F0017A201858D
:108E90005E8A0910480180E0061030810284DE53AA
:108EA00000045A00B000770017A100E05E84043788
:108EB000A100885E870057A100E05E870D57A103DF
:108EC000BFDE02F0045B01BC60030D57A100680027
:108ED0002700047A00E05E8401F7A101BC60230052
:108EE0009065008841970030B601BC60030010B463
:108EF00000905E870050A601BC60030110B501BC64
:108F0000602300B0B40317DE02F004630397DE02AF
:108F1000F004640020DE8700446D0020DE8700241A
:108F20006A01B85E22D0168001805E8AD036810345
:108F3000BFDE02F0047301BC5E22D0168001845EA5
:108F40008AD0368103BFDE02F004730020DE870082
:108F5000247101B85E22D0368101805E8AD05682AB
:108F600003BFDE02F0047301BC5E22D036810184AF
:108F70005E8AD0568201886002F430A800B05A039D
:108F80000010B000B05A070010B1028042A30004E4
:108F90007600E042A30090A800B05A0B0010B00089
:108FA000B05A0F0010B10187600610908400E05E97
:108FB0002700378901DA5E270010EE01BC6003004C
:108FC00010B401BC60030350A600B000330010B51C
:108FD0000284DE5300048400E0606803B0A600E071
:108FE00042980430A600B000370010B501BC6023E1
:108FF00004D0B401846006F29794018660020910DF
:1090000048039EDE02F0048E0280441F000491009B
:10901000B05E3F00114501BC600300178F00B05ED9
:109020004300178500B05E0F00179003BFDE02F00B
:10903000049100B05E0F0017850280441F00049168
:1090400000A044B6F0B14501BC60030110420183A9
:109050006006F29794018460070011E003A05E02AD
:10906000F005BA02065EAF0005BC0186E006F577A2
:10907000AB01BC600300108000025E02F00D3703FC
:10908000BFDE02F0072003A15E02F00527011400F5
:10909000630017A10068DE8700E49F018160060974
:1090A000104803BFDE02F00527028500630004A11B
:1090B0000183E0060D906C01816006F5D7AE011CBE
:1090C000508F0003BD0206508F0004A900B0446712
:1090D0000010F300B0446B0010F401BC63FF1FF0FC
:1090E000D301BC63FF1FF0D400B04217031085000A
:1090F00020600E8624D0018760040310A000B00019
:10910000630010B401BC60030B10B500B000630035
:10911000F0B4020300C70004BB020CD0030004BB80
:10912000028050C70004B300B054130017A100E040
:109130005E8680741A00B0506B0010E400B04213D9
:109140000210840209502B0004BB00B0421300300F
:109150008401D2E03AA030E0028050C70004C1018F
:10916000D2E052A030E003BFDE02F004C10202D020
:10917000C70004C100B0505F0010E000B0506300B1
:1091800010E100B050670010E200B0506B0010E436
:1091900000B0421302F084020050C70004CB018AE1
:1091A000E00E10908401BC60FB1C10E501BC600364
:1091B0000890E600B000630010B401BC6003021028
:1091C000B500B0006304D0B4018460070011E00171
:1091D000BC600300178E03BFDE02F005C700E0018C
:1091E000C700207100B000630010B401BC6003022E
:1091F000D0B500B0006304D0B403BFDE02F0055464
:1092000003225E02F004D200E002A70020A90103BD
:1092100050030017A100B85E870037A101875E8662
:10922000101080020400BF0004E0032BDE02F004F3
:10923000E0020000F30004DA00E8002300514201DC
:10924000BC600A28514203945E02F004E000B005BD
:109250008B00106400E058230036080068580300B3
:1092600004E000B0446700111200B058030011156B
:10927000020CD003000526020300C70004F300B06F
:1092800050CB00106501BC600300168500E05A3326
:1092900000368C020350C70004E800E05A2700366D
:1092A0008903BFDE02F0052701BC60030017B2008E
:1092B000B05A0B000B8301385A130017A101BC5A96
:1092C00006F430E0013C5A130017A1017C5A06F461
:1092D00030E10181E0061090840185E0070010E391
:1092E0000185E0070010C30282D0C70004F803BF65
:1092F000DE02F004FB0202D0C70004FD00B02A33F6
:109300000017A101B8506EF430E000B050730017A0
:10931000A101B82A36F430E1028242130004FB00B6
:10932000B0507B0010E400B042130210840185E0CD
:10933000061C30E100B04213007084018760040312
:1093400010A0020300C700051300B050CB00106549
:10935000006D5ECAD1C5030185E0021870C300E04C
:109360005ECB00368E01BC601B1FD06500E04196CD
:10937000F6506500B050970016800068DECB0005FF
:109380000B01BC60230150B800E001F300207C0019
:10939000682E0F00251103BFDE02F0051E00B05E2F
:1093A000CB0010B500B000630870B4028342D30054
:1093B000050D01BC60030170B80068AE0F00251EEA
:1093C00001BC60030170B802BC506700051D03BFFB
:1093D000DE02F0051C010CD0030017A103A95E02F8
:1093E000F0051901BC60230150B800E001F3002032
:1093F0007C00685E8700651C03BFDE02F0051E016D
:10940000BC60030170B800685E8700451E01BC6047
:10941000030170B80181E0021710B801BC600300BD
:10942000F0A501BC60030E10B500E001F700207D3F
:1094300000B000630010B400B0006300F0B400B0EE
:1094400042D3001800018860080310B4018160064F
:109450000D906C03BFDE02F005540202D0C7000578
:109460002D00B0506F0010E000B050730010E1000C
:10947000B050770010E20282421300052C00B05079
:109480007B0010E400B0421302F08400E05E9F0015
:1094900037A703A15E02F0053601BC60030017A7E1
:1094A000018760040310A000B000630010B401BC89
:1094B00060030E10B500B0006300F0B401886008CE
:1094C0000310B403BFDE02F0054900B0017B0010B9
:1094D0006500B05A030010E500B05A070010E6001E
:1094E000B05A0B0010E70068A04B00053C00E05E9E
:1094F000270037890068204B0005400185E0070000
:1095000010E30185E0070010C300B042130110848E
:1095100001DA5E270010EE0187600610908400B02B
:1095200042131C108401BC60030010B400E06068AA
:1095300003B0A600B000970010B501BC602304D0B2
:10954000B4018460070011E003BFDE02F005A90149
:10955000085E4B0017A100685E8700255402025088
:1095600003000553029E509F0005500201D00300E6
:10957000055000E05E2700378901585E2700142D52
:1095800001DA50B70010EE0187600610908403BF27
:10959000DE02F0055401BC600300142D0104C10774
:1095A0000017A100680EF700055900B00EF700176C
:1095B000A100901CBAF437A103BFDE02F0055B03E3
:1095C000225E02F0055B0103DE530017A100B05ECE
:1095D000870017A202005EFF00055E01BC60030069
:1095E00037A200682B4F00056001BC60030037A262
:1095F00002885E4B00056300685E4B06856301BC14
:1096000060030017A200688EF70005650183DE86FF
:10961000F297940183DE8684F4270281C213000549
:109620006B01865E8B0010E3018660070010C301AA
:1096300081E00610908403BFDE02F0056D01865EB6
:109640008A1C70E3018660061870C302B847A70041
:1096500005A502A047B70005A703A95E02F005759E
:1096600001085E4B0017A100685E870025A6021E58
:10967000509F0005750185E0061C70E30185E0063A
:109680001870C3011400630017A10068DE8700850D
:109690007E00B001530017A20068DE8BFFE57A0060
:1096A00068424700257B0068DE8A84C57E018560AC
:1096B000020910480186E0021C70E30186E00618EA
:1096C00070C3011050070017A600685E9B0005A636
:1096D00001BC60030011E4013A50070017800088C4
:1096E0005E0300778000E000AEF010640068DE9B4F
:1096F00000458B0207D00300058901BC602B11F7E0
:10970000A200E05E000B37A300025E02F010D6015B
:10971000BC602306906401BC60470017A200025E93
:1097200002F010FE00685E9B0045A701A46046F4AD
:1097300071E00068DE9B00C59901BC611300B7A110
:10974000020600F300059201BC601300B7A101926C
:10975000C21AF437A203295E02F0059701BC600328
:109760000011EE009042E70091EF0192E00EF43715
:10977000A200B05E8B0011EC03BFDE02F005A70073
:10978000685E9B00659E00685E9B00A59E00B050D1
:109790002F0011E200B050330011E203BFDE02F0EF
:1097A00005A7018760023D11E80068DE9B00A5A1C6
:1097B000018760063D11E801BC60030011EA0090DA
:1097C00042E70091EB0192C21B00B7A201B85E8A8A
:1097D0003D11E803BFDE02F005A701846007001118
:1097E000E001BC600300112D00B0448300142C0381
:1097F000A3DE02F005BD01BC600300178E00685EA9
:109800004B05A5AD020050030005B70183E0060932
:10981000104800B0412300180001BC600306378ED9
:1098200000685E4B05A5BC00E002A30020A801BCB7
:10983000600304B78E03A95E02F005BC00685E4BAE
:109840000425BC01BC600306B78E03BFDE02F00531
:10985000BC01816006F577AB00B05E0F0017850094
:10986000025E02F0109501BC600300178C01BC6021
:109870000300178D0323DE02F005C7020680C70030
:1098800005C6010C81430017A10068DE870065C68C
:109890000108421B0017A10068DE870005C601BC55
:1098A000607F1FF7A101E05E861070830182E005F2
:1098B000872C3900E04467258C3B0187E006107057
:1098C00083006D00A70085D903295E02F005D90247
:1098D0000300C70005D600B050CB0010650282D04F
:1098E000C70005CE00E05A2300368803BFDE02F031
:1098F00005CF00E05A2700368900682E0F0025D6D4
:1099000000E05ECB0037B2010A5ECB0017A100E099
:1099100050CAF4306500D06006F657A200205A1AEB
:10992000F445D603BFDE02F005D000025E02F0125D
:10993000360350DE02F005D603BFDE02F0063D021C
:10994000055EAF0005DB0187E00626713303BFDE4D
:1099500002F000020190600A8634310282D0C70012
:1099600005E5013C50270017800109502B001781A5
:10997000010750070017A101825E86F0378100B011
:10998000501F00108A00B0500F00111603BFDE02F6
:10999000F005EB0138505F001780010A502B0017CB
:1099A000810107D0070017A101825E86F037810090
:1099B000B0502300108A00B0505B00111602030063
:1099C000C70005F0020CD0030005F002085E070096
:1099D00005F0013854070017800190422AA1308A0F
:1099E000028050C70005F901BC600305B79203BFB0
:1099F000DE02F0031B01906006863431020300C7CB
:109A00000005DD020CD0030005DD00B0001F0017CB
:109A1000A100E05E8680741A03BFDE02F005DD015E
:109A2000BC600306379203BFDE02F0031B00E013A5
:109A30005F0024D70204DEB300000200B0130B0065
:109A40001065011998870017A101095A130017A280
:109A500001895E86D0968400B013070017A3006DBD
:109A6000DE8498260400B05E870017A301885E8E0E
:109A7000D096840068DE8AF4210E01BC63FF1FF0DB
:109A8000D000B05A130010F001BC60030017A5010C
:109A9000825E961E10F001BC63FF1FF0CF01BC6018
:109AA0001B00F0EF01BC63FF1FF0D100B044670062
:109AB00010F101BC63FF1FF0D200B0446B0010F244
:109AC00001BC60030404D801BC63FF1FF0C301BCE8
:109AD00060031C10E301BC63FF1FF0C400B052130D
:109AE0000010E401BC63FF1FF0C500B0522F00104E
:109AF000E501BC63FF1FF0C600B052330010E60161
:109B0000BC63FF1FF0C700B052370010E701BC6311
:109B1000FF1FF0C800B052170010E801BC63FF1F20
:109B2000F0C900B0521B0010E901BC63FF1FF0CA6E
:109B300000B0521F0010EA01BC63FF1FF0CB00B061
:109B400013470010EB01BC63FF1FF0CC00B0134BB8
:109B50000010EC01BC63FF1FF0CD00B0134F0010EC
:109B6000ED00B0136700106201BC60030028110013
:109B7000025E02F0107400025E02F00D2F01BC6064
:109B80002B1877A100025E02F001270160406700F8
:109B900011C000E040649B17A100E05E870097A120
:109BA00001BC63FF1FF0C001BC600301550101D27D
:109BB000DE86A030E000905E870177A101BC6003E3
:109BC0000797920190600A09104803BFDE02F00374
:109BD0005301BC60070011C101BC602B1817A10123
:109BE000BC60030017A200025E02F0012B01BC6002
:109BF000030011C10002DE02F000000201C2E30016
:109C00000665020300C700064200682E0F002652B8
:109C1000006E4246F6465203BFDE02F00644006E76
:109C20004247002652020300C700064F0355DE02DA
:109C3000F00644018060028614300138508300171A
:109C4000A100B050CB001065006DDA32F42C620038
:109C5000A841231410480114006300106500E0417E
:109C6000970ED06500E05A0300368001BC621F00E9
:109C700011E003BFDE02F000120181E006863431FC
:109C80000191600E84F42703BFDE02F00665013CFB
:109C900050670017A101AC5E861750BA01BC600383
:109CA0000190B8020300C700065F0068AE0F0026EF
:109CB0005A0181E0021710B80350DE02F006580383
:109CC000BFDE02F0066500E82E0F002B8300B05EB9
:109CD000CB0010B500B000630870B4028342D3001B
:109CE000065D03BFDE02F006600186E0040310A0FB
:109CF00000025E02F001E603D5DE02F00C6203D63C
:109D0000DE02F00C7A0350DE02F0066103BFDE02D1
:109D1000F003C301BC600300F0A50182E00209105A
:109D20004801BC621F0011E001BC60030011EC019E
:109D3000BC600F0011E80285500B00066C018260C8
:109D40000209104803A0DE02F0067003D5DE02F01F
:109D50000C6203D6DE02F00C7A03205E02F0067677
:109D60000188600209104801BC60030008310068E6
:109D70005E4B18A0020068DE4B07867500025E028B
:109D8000F0063703BFDE02F0001201BC60030037AB
:109D9000A100025E02F00E9603A3DE02F0001202A2
:109DA0000050C700068201BC600300108001826081
:109DB000060910480180600286343100688EF70081
:109DC00006800104C1070017A10183DE86F2979483
:109DD00000E001CB00207203BFDE02F0020D00B0F4
:109DE000010B0017A1006DDE840806C300E844647F
:109DF0000877A1006E5E840826C30187E006F57728
:109E0000AB020200BF000697028881AB00069702F2
:109E10008400C70006970129500B0017A10068DED7
:109E2000870206970282DEBB0006970203C5730015
:109E300006960283DEB30006960286ABD300069236
:109E40000282DEBB00069200682AE7000697006DDA
:109E5000DE2F01E6970182E006F7F7BF01BC613B08
:109E60000417A100E04466F42AA903BFDE02F00053
:109E70001203BFDE02F006C301BC600300114902F9
:109E8000825EAF0006B201826006F577AB00B04497
:109E90006700081C020400BF0006A30068451F00FD
:109EA00006A30185E002F577AB032BDE02F006A1E5
:109EB0000185E006F577AB00B0058B001064000269
:109EC0005E02F0119700B0014B0017A20208421B7E
:109ED0000006A600B0016B0017A200685E8B0006AA
:109EE000AE0090452B0097A10080DE86F457A100BC
:109EF0006E20BA0DA6AE00B041B700082E00E120DA
:109F0000BA23282F00E0DE86234C4500B041B6F48A
:109F1000282E02055EAF0006B001BC6103001133BC
:109F200000E10D8229436000E08D8700036100E8B5
:109F300044650397A5006D5E970100C1020200BF52
:109F40000006C00068DE4B06A6B70184E002F7F702
:109F5000BF0068DE4B0406BA0282DEB30006BA0117
:109F6000BC6003000B0A02045EB30006BD0068DE9D
:109F70004B0626BD00025E02F0158F00025E02F065
:109F8000123703A3DE02F006C00183E002F597ACAE
:109F900000025E02F017C001826002F577AB03D1C8
:109FA0005E02F00002020050C30007190325DE0222
:109FB000F006C70183600684F42703BFDE02F006C3
:109FC000F9020CD0030006F7020300C70006E60101
:109FD0001400630017A1006DDE870086F701BC60E6
:109FE0000300178000B050CB00106500B050CF00C8
:109FF0001064018160060D906C0182600686343128
:10A0000000B05A230017A101BC600300168801BCF0
:10A010005A2AF437A101BC600300168A00B05E879B
:10A0200000148F00B05A270017A101BC600300166E
:10A030008901BC5A2EF437A101BC600300168B00C5
:10A04000B05E8700149000B05A1B00148D00B05A07
:10A050001F00148E01BC60030016040068DE0300BC
:10A0600006E3020350C70006E20100509F0017807C
:10A0700001805E0291B48D01BC5E0292149001BC1D
:10A08000600300378000025E02F016E400B05E0359
:10A0900000148C03BFDE02F006F20068C24700061F
:10A0A000EB0181E0068634310191600E84F42701D2
:10A0B000BC600300143003BFDE02F0000200B050A9
:10A0C0009F0017A100025E02F001E500B05E87006C
:10A0D00014270186E0040310A000B042830018009A
:10A0E000010CD0030017A10068DE870066E60102BC
:10A0F00050C70017A101805E8684F427018AE00E14
:10A1000084F42700B050BF00142603BFDE02F0061F
:10A11000F90186E0040310A00200509F0006F90236
:10A1200086C10700071403295E02F006FE00B05244
:10A130003300142D00B052370017A1019E5E8684B3
:10A14000F42700B0509F0017A10180DE86F437A1EC
:10A15000020580C300070500B0303B00108F00B03F
:10A16000303700108E00B050D700108D00B050D3A3
:10A1700000308C00B050BB00108F00B050B7001002
:10A180008E00B0509B00108D01806006F4308C0270
:10A190000250C700071100B0524300108F00B052A8
:10A1A0003F00108E00B0523B00108D011A52370054
:10A1B00017A10198DE870437A101B85E8691B08CA3
:10A1C00001826002863431018160020D906C01BC15
:10A1D000600300143401BC60030014350325DE0263
:10A1E000F00717019C600284F42703BFDE02F0072A
:10A1F0001B0285500B00071900A850C70D14310130
:10A20000BC600300143001816002F5D7AE018360A9
:10A210000284F4270185E00209104801BC600300B4
:10A22000142E03A25E02F0020D03BFDE02F0001244
:10A230000323DE02F0079103A35E02F0079103A25D
:10A24000DE02F0079101816006F577AB03AA5E029A
:10A25000F007910183E0020910480351DE02F00784
:10A260002C020680C70007290182E001872C3900F3
:10A27000E0026B00209A0180E006F577AB03BFDEB9
:10A2800002F007310301DE02F0072F00685E4F067F
:10A29000272F01BC60030017A803A45E02F007315A
:10A2A00003C1DE02F0079402045EB300073A0184A2
:10A2B0006002F597AC0183E00209104800B02B3F23
:10A2C0000017A1006D2AEEF4200200E0027B0020BE
:10A2D0009E01BC6003000ABB00025E02F0159203FF
:10A2E000BFDE02F000020203DEB300074A0183E092
:10A2F00002F597AC00E020CF00283302015EBB00DE
:10A30000074A00B02A830017A1006D20CEF427452C
:10A3100001BC600300083300E0027F00209F03A916
:10A320005E02F007480191601A84F42703BFDE0241
:10A33000F0036E01BC63FF1FF7A100025E02F00E86
:10A340009603295E02F0074A0191601A84F42703FC
:10A35000BFDE02F0074A0184600209104800E10DE7
:10A36000C229437000E08DC7000371020400BF00E2
:10A37000075101BC6003001115011400630017A10F
:10A3800000E06602F4306500025E02F0109A01827D
:10A39000600209104800685E3B18A7550068DE3B64
:10A3A00007075603BFDE02F0000203295E02F00732
:10A3B000590201500300075900685E3B04A7600181
:10A3C000F0DE1700378500A05E16F0978500685E06
:10A3D0003B0627600201500300075F028780BF0031
:10A3E000075F0185E0060910480280D0030007706E
:10A3F00000B05E1B0017A300B0008B0017A402047E
:10A4000000BF000766006E419730676601185A0367
:10A410000017A3011A5A030017A40068C183180784
:10A420006900E002930020A403BFDE02F0076B0086
:10A430006D5E2EF4876B0182E00686343100E05EAB
:10A440003300378C0068DE32F4676E00B05E0F00B8
:10A450001785006DDE2EF4677C03BFDE02F0078CEB
:10A4600000B05E1F0017A300B0008F0017A4020405
:10A4700000BF000776006E4197306776011C5A03D3
:10A480000017A3011E5A030017A4006D5E2EF48767
:10A49000780182E00686343100E05E3700378D00B7
:10A4A00068DE36F4677B00B05E0F001785006D5ED6
:10A4B0002EF4678C0185E00209104803D1DE02F01A
:10A4C000077E03295E02F00780020300C7000781B0
:10A4D00000B05E0F00178500025E02F01095006864
:10A4E00041831807B2020300C7000788020CD0039B
:10A4F000000788028350C70007880068DE4B05A765
:10A500008803BFDE02F016640181E0068634310064
:10A5100068DE3B06278B00E0029F0020A703BFDE1A
:10A5200002F006C300025E02F0109501816002098C
:10A53000104803295E02F00791028300C7001664E9
:10A5400003BFDE02F006C303D1DE02F0079203A5CB
:10A55000DE02F006C303BFDE02F0001200E10DBA16
:10A5600029436E00E08DBF00036F02065003000711
:10A570009C00B001030017A1006D810AF4279C0024
:10A58000E844640877A1006E5E8408279C0187E098
:10A5900006F577AB01085E4B0017A100685E4B051E
:10A5A000279F00685E870027A000B05E0F00178518
:10A5B00000025E02F0109500685E3B0627A601BC13
:10A5C000600300178C0200D0030007AB01BC6003DE
:10A5D00000178D03BFDE02F007AB01BC600300175C
:10A5E0008C020300C700020D020CD00300020D0113
:10A5F0009C600284F42703BFDE02F0020D00684174
:10A60000831807B10180600684F42703295E02F0F5
:10A6100006C301826006863431028300C7001664D7
:10A6200003BFDE02F006C300E002970020A501810F
:10A63000600209104801BC600300081200E0017BC1
:10A6400000A05E01BC60131417A1006D017AF42014
:10A650001201BC60130C805E03BFDE02F00012002A
:10A66000025E02F00D2F0338DE02F00012039EDEC0
:10A6700002F0001200E8444C00F7A100E85E8401FB
:10A6800017A1006ADE840107C200E85E8401118719
:10A6900001BC600300118801A5E02230118001BCDB
:10A6A000600300111301BC600300111400B0446783
:10A6B0000017A100B0446B0017A200B05E87001124
:10A6C0000400B05E8B00110503B8DE02F007C4037E
:10A6D000BFDE02F0001201BC600304B79201BC604F
:10A6E000030417A101BC63FF1FF0CE00B052170096
:10A6F00010E800B0521B0010E900B0521F0010EA31
:10A7000001BC60030010E4028600C30007E200B051
:10A71000540F0017A20069DE8A9087D500E8521214
:10A72000F450E40068A0470007E201BC6003001099
:10A73000E400B054270010E000B0542F0010E103F3
:10A74000BFDE02F007EB01BC60030297A101BC6011
:10A75000031890E801BC60030010E901BC6003002D
:10A7600010EA03BFDE02F007E203A4DE02F00A50A3
:10A7700003A9DE02F00A5001BC600301D7A1020662
:10A7800000C30007E40280DE5F0007E900B0540761
:10A790000010E0006820470007E701D2DE86A03005
:10A7A000E000B0540B0010E103BFDE02F007EB0144
:10A7B000BC5E869010E001BC601F0010E101BC602F
:10A7C000030010E200B052230010E500B052270051
:10A7D00010E600B0522B0010E700025E02F0107489
:10A7E00003A9DE02F00AB100685E4F04280701BC2D
:10A7F00063FF1FF0C300685E4F16A7F900685E4F45
:10A8000005A7FC01BC60031A90E301BC600306B716
:10A810009200685E4F05280703BFDE02F0080101C1
:10A82000BC600318B79201BC60030E90E303BFDE67
:10A8300002F007FE01BC600306379201BC600318FA
:10A8400090E3028E01AB00080102984407000BB5AB
:10A8500002804607000BB500B020470017810002B8
:10A860005E02F0108400E85E8400D7A1006A5E8674
:10A8700090880700E85212F430E403BFDE02F008CB
:10A880000A01BC60030010E40338DE02F0080A018C
:10A8900087E0061C90E40190600A09104801BC6141
:10A8A0000304379100685E4F16AC4000685E4F05A8
:10A8B000ABB503835E02F00A5003BFDE02F0000274
:10A8C0000204416300081D01876002F577AB01BCFB
:10A8D000600300114901BC6003010B8900E10DB266
:10A8E00028E36C00E08DB700036D018460020B105B
:10A8F0005802055EAF0008190187E0062671330291
:10A900000400BF00081C0185E002F577AB00025E81
:10A9100002F0119703BFDE02F0000203A35E02F013
:10A92000081F00025E02F017C00285C52300000266
:10A93000018460060B10580200DEFF00082501802C
:10A94000E002F7F7BF00682B4F00082500E04465E0
:10A950005A4AD302055EAF00082701BC610300110B
:10A9600033020580BF00082D01BC60131157A10000
:10A97000025E02F001270196600E03301900B0401C
:10A98000670017A200025E02F0012B0203C037002D
:10A99000082F03BFDE02F0001202875EAF0008310D
:10A9A00000E0021F0020870182600628914401BC5C
:10A9B0006003010B8903BFDE02F00012020601AB47
:10A9C00000083601806001872C39020681AB00083F
:10A9D000380183E001872C390183E0020F107802EF
:10A9E0008140130000020200420300083D01846020
:10A9F00002F597AC01BC6003000ABB01BC60030018
:10AA0000108003A3DE02F0084001906002091048A4
:10AA100000B0446700179E00B0446B00179D00B063
:10AA2000446F00179C00B0447300179B0068DE7AE7
:10AA300023284000E002230020880115403B001736
:10AA400097006D80A700884B00A05E5F00379700DD
:10AA50006880A700084B01BC600300379700B00175
:10AA6000430017A1010C81430017A300685E8F000B
:10AA7000284F018CE0000A17A101C9DE840527FFD9
:10AA800001BC60031077950191E0020D906C028685
:10AA9000403700085500E002BB0020AE03BFDE02D5
:10AAA000F00CA401BC600300148001BC600300141E
:10AAB0008101B8600A04902401BC600304082401E9
:10AAC000BC600300482301BC600300D02A01B360CE
:10AAD0000700100401BC600300080801BC6003000B
:10AAE000080901BC600300080A01BC600300080BF0
:10AAF0000183E002F5D7AE00E044671F4C1F0287D8
:10AB0000C037000C9E00025E02F01236028640370B
:10AB100000086703C35E02F0087903BFDE02F00C91
:10AB20009F0068C033004877006B446583E8770076
:10AB3000B041270017A100B0412701D04900B05E05
:10AB4000870017A100B05E870017A100B05E8700E4
:10AB500017A100B05E870017A100B05E870017A1A3
:10AB600000B05E870017A100B05E870017A100B09B
:10AB70005E870017A100B05E870017A100B05E8756
:10AB80000017A100B05E8700104903BFDE02F00D80
:10AB90001303435E02F00862028640370008850016
:10ABA000685E5F000C9F00685E5F004C9F0152D2A0
:10ABB000030017A10185D206F437A203BFDE02F01D
:10ABC0000880013C52030017A101BC5206F437A2D1
:10ABD0000323DE02F008830068DE8B01CC9F03BFF5
:10ABE000DE02F0088500685E8B0288850068DE8BD7
:10ABF000038C9F006D403300CCA400685E5F00486A
:10AC00009800685E5F002895006800A700C88A0069
:10AC10006880A700A88B00E0446690283001BC62E1
:10AC2000C30017A10280520300088E019652030050
:10AC300017A10080DE8690379A0203520300089322
:10AC400000E05E6A90379A0207D20300089300E89A
:10AC50005E6B00379A029E5E6B000CA403BFDE029F
:10AC6000F0089C0152D2030017A10185D206F437E7
:10AC70009A03BFDE02F0089C013C52030017A101B9
:10AC8000BC5206F4379A006E5E680BACA400685E96
:10AC90006B000D130204C03B0008AE0181E0060DFD
:10ACA000906C0207C0AF0008A4020740370008A25A
:10ACB00000E0027300209C03BFDE02F00CA400023F
:10ACC0005E02F0123603BFDE02F0089E00B02023C1
:10ACD000000C1100B02027000C1200B0202B000C3B
:10ACE0001300B0202F000C1400B05E7F000C150282
:10ACF00087C0AF000C9E0282403B000C9E01584072
:10AD0000AF00179A01BC603F1E17A1006DDE6AF408
:10AD10002C9E035B5E02F008B001BC601300104380
:10AD200001BC60FF1E17A1006E5E6AF42C9E00B08D
:10AD3000412328104801806002F297940184E002C8
:10AD4000091048015840AF00102A006840AB002CA1
:10AD50009E01BB5E5600900402035E570008C102CC
:10AD60000047A30008BE01BC621E3C11E001BC60AC
:10AD7000030011EA00B05E6B0011EB0198601E3D0C
:10AD800011E8020047B30008C100B05E6B0011EF8C
:10AD900001B0E0CE3D91EC03835E02F008C40002F6
:10ADA0005E02F01236006D403304C8C103AADE0211
:10ADB000F008E001BC63FF1FE3B301BC601F10D0CB
:10ADC0006401BC600300B7A101BC63FF1FE79300EF
:10ADD000E04186F4306501BC63FF1FF60000E05ED1
:10ADE000870077A100025E02F00F1F0200C077000B
:10ADF00008D6012940770017A2006D5E8B04C8D4E5
:10AE000000E85E8B04D60001BC601F05F06300E023
:10AE1000418EC01063010C56030003B30068DE8747
:10AE20000168D600B05E8B000793006DDE8701C815
:10AE3000D900E0419300306403BFDE02F008C9038B
:10AE4000B05E02F008DF018360020D906C00681EA6
:10AE50001BFFE8E001BC601F05F06500E04194F0D5
:10AE6000D06502005A030008E0018360060D906C73
:10AE70000020402F08A8E201BC60030003B301BC1E
:10AE800060030007FC0188E00F0007FD006D403300
:10AE9000020A4A0129520F0017930109520F0017A5
:10AEA000AA0068DE4F03A8EA012952230017930184
:10AEB000A95E4F00379301966002F2979400E0413B
:10AEC0008701F06501BC600F0017A10028DE8690A5
:10AED00068F101866006F2979400E0419700706582
:10AEE00000E0209300C82401065E530017A200A0D2
:10AEF0005E4F0477A10068DE870448FF0186E00604
:10AF0000F2979400B85E8B0037A200B05A03001786
:10AF1000A0020ADA030008F901876006F29794029A
:10AF200084C03B0008FF0203DA030008FF03AB5EA6
:10AF300002F008FD020441070008FF01806004FFE1
:10AF4000A7FD01065E530017A20182DE8A0090046D
:10AF500003AADE02F0094503AB5E02F00917018483
:10AF600060020D906C01BC63FF1FF79900B01E23B7
:10AF70000017A20068DEAB00290900A05E4FFF7732
:10AF8000A10068DE8707291503BFDE02F0090B0266
:10AF900084520F0009150204D20F00090E03B15E9E
:10AFA00002F0091400B01E1F0017A203BFDE02F05A
:10AFB000090F03B35E02F0091402005217000915CD
:10AFC00000685E8BFFE91500E0015EF45065020148
:10AFD0005A4700091500B01E4F00179901846006FA
:10AFE0000D906C0200521700094303315E02F00914
:10AFF00043020200BF0009430180E001610B080227
:10B0000000521700091E0068DE4F04091D00B02A17
:10B01000D70017A2006DDE895509310202AB2F005F
:10B02000093E02832B2F00092000685E5F00092B78
:10B0300001BC60030017A3013852030017A3028369
:10B04000AB2F0009270068DE5F00292701085E8F0B
:10B050000017A300695E8F00693E03BFDE02F0099E
:10B060002B006DDE5F00492903BFDE02F0093E02BE
:10B07000842B2F00093E0068DE8F00093E00682AFD
:10B080009B00093E00B02B930017A2006DAA9AF412
:10B09000493E00685EAB00493100685E4F06893169
:10B0A00003BFDE02F0093A00B02B9B0017A200B0EC
:10B0B0002A9B0017A10283AC2700093600682C8761
:10B0C000000937006D5E8564293700B02C7F0017BA
:10B0D000A2006D5E895CA93900B02C4B000B1101F8
:10B0E00084E006F7F7BF0068DE4F02893E00025E8B
:10B0F00002F017BA0206DEFF00093E00E02BC7008F
:10B100002AF10068DE5F0009410068DEAB004941BA
:10B110000180E005610B0800682B4F0009430180A6
:10B12000E006F7F7BF01BC63FF1FF7A5032B5E0224
:10B13000F0094600B01E4F0017A50207520F000984
:10B14000C2028047A30009BF028047B30009BF00C5
:10B15000E0209300882400E8208F00882301BC6051
:10B16000030011E401BC600303D1E102065E530059
:10B17000094F01BC60030491E10206DE530009534C
:10B1800000E047870051E10207D20F00095300E0B9
:10B1900047870091E1006D403302CA4A00685E4F64
:10B1A0000589560068DEAB0049C203AB5E02F009B8
:10B1B00059020052170009C2020580F300095E001F
:10B1C000685E97FFE95B00E05E970097A50068DE88
:10B1D00097FFE95E028052170009C2020700BF0014
:10B1E00009C201BC601B0437A2009047870030658C
:10B1F00000E04196F4506500E0478701081A038398
:10B200005E02F0096500025E02F01236006D403108
:10B21000034962006D4031034A4A01BC600B1D576F
:10B22000A10068DE97FFE975010F5A070017A50313
:10B230001EDE02F0097502005217000975032C5E2C
:10B2400002F009C200685E67FFE97500E05E670012
:10B25000979900E05E66F43064012A58030017995C
:10B260000100DE970017A500E05E66F4B79900E0E4
:10B270005E67003799011558030017A603BFDE0269
:10B28000F0098500E05E96F43064012A5803001747
:10B2900099020580F30009840182E002F3379902E4
:10B2A0000052170009840116D8030017A6010F5A8F
:10B2B000070017A4010CD8030017A10068DE92F460
:10B2C000298000E05E6702179903BFDE02F009895A
:10B2D000010DD8030017A10068DE92F429C200E036
:10B2E0005E6704179903BFDE02F009890110580355
:10B2F0000017A60068DE9B00C9890181DA030017E8
:10B30000A100B85E86C017A10281DE870009C200D5
:10B31000885E6700778000E000AEF0106401AADE6E
:10B3200064FF87FC0068DE9B0049A3020781870059
:10B330000996006DDE030C09960285520F000996EE
:10B340000298523B0009960181E004FFA7FD00E04E
:10B350005E000B37A300E05E8F0097A300E04187FB
:10B360000077A200025E02F010D600E8208F0108EC
:10B370002301BC602306D78100885E970077A10077
:10B38000E85E86F4B06301BC60070E17A100E041DF
:10B390008EF4306300B056170017A100B0561B00A2
:10B3A00017A20068DE86D049C20068DE8AD069C272
:10B3B00000025E02F010AB01BC602306906401BC89
:10B3C000624F0017A200025E02F010FE00E0478705
:10B3D0000217A103835E02F009A7006EC032F429B0
:10B3E000A5006EC032F42C9E00685E9B0049BF0130
:10B3F000BC621EF471E00068DE9B00C9B201BC6152
:10B400001300B7A1020600F30009AE01BC601300EF
:10B41000B7A101BC60030011EE00B05E6B0011EF3C
:10B420000192E00EF431EC03BFDE02F009BF0068C8
:10B430005E9B0069B40068DE9B00A9BF01986006AE
:10B440003D11E800E0209300882400E8208F008868
:10B450002301BC60030011EA0068DE5F0049BA0006
:10B46000B05E6B0011EB0192DE5E3D11E80187607A
:10B47000023D11E80068DE9B00A9BE018760063D21
:10B4800011E8019860163D11E80181E004FF87FC96
:10B4900001AADE64FF87FC03BFDE02F009C701BC1E
:10B4A000620F0011E001BC60030011E40181E000C3
:10B4B000FFA7FD01BC600F0011E801BC6003001193
:10B4C000EC02001FF70009CE00E0208EF3482300B5
:10B4D000B0209300102500E8208E04A823006AA065
:10B4E0008F01C9CE01B860060490240182E006F203
:10B4F00097940188600A00900401BC600318779556
:10B5000003A0DE02F009DB00685E4F06A9E0013807
:10B51000520300178000B05E5F0017810204DEB79F
:10B520000009DA00685E070009D901BC60030177F1
:10B530008001BC600300378103BFDE02F009DA013D
:10B54000BC600301578000025E02F001430068DE28
:10B55000AB0049E000A05E4F0477A100685E870061
:10B560004C2D00685E87044C2D03BFDE02F00E35C3
:10B570000180600186EC37006EB083002A1C0068F1
:10B58000DE4F040A1C03335E02F00A1C01806001D6
:10B5900084AC2500E030B3002C2C0392DE02F00ACC
:10B5A0001C00E03093002C2400B030830017A10071
:10B5B0006D3092F429EB03BFDE02F00A1A018060BD
:10B5C0000584AC2501BC60270897A100025E02F04B
:10B5D00001270187E006032C2A00B00143000C2B51
:10B5E00003835E02F00A18006DC03305C9FB00E852
:10B5F00060BA0197A60080DE9B0117A500685E5F18
:10B600000009F60080DE9B0057A500B041B7000C92
:10B61000360080B0DB0C8C3600B041B7000C360031
:10B62000B030DB0010400000800000000001BC6072
:10B630001B06D06501BC600300B7A400025E02F0E7
:10B64000017200685E9300AA0303835E02F00A1889
:10B65000006DC031842A1801BC6003064C3603BF5C
:10B66000DE02F009F70207C197000A0601385A07FF
:10B670000017BB03BFDE02F00A07013C5A030017A4
:10B68000BB01BC601B0437A600E84196F4D7A300B9
:10B69000885E8F0037A300E05E8EF777A500E05E3E
:10B6A000970057A503835E02F00A18006DC031842D
:10B6B0002A18006DC032F4AA1800E85E960197A619
:10B6C0000080DE9B0117A400685E5F000A13008003
:10B6D000DE9B0057A400B041B70017A40080DE93A2
:10B6E0000C97A400B041B70010400000800000009B
:10B6F0000003BFDE02F00A0C0386DE02F00CA10399
:10B70000BFDE02F00D8B0180600184AC2501BC60BE
:10B7100003000C240386DE02F00CA10287C0370070
:10B720000C9E00025E02F0123603035E02F00A1C59
:10B7300003A9DE02F00A2600025E02F012360207BA
:10B740004037000A210386DE02F00CA10287C037D1
:10B75000000C9E00025E02F00EA3006E4030020A52
:10B76000500301DE02F00A500068DEAB000A370326
:10B770002B5E02F00A2C00E0022B00208A03BFDEC1
:10B7800002F00A3002805217000A2F00E002430044
:10B79000209003BFDE02F00A3000E002570020953F
:10B7A00000685E4F040D8500685E4F028D8500685D
:10B7B0005E4F020BC100685E4F050E2500685E4FAC
:10B7C000060E2500685E4F068E2F03BFDE02F00EC8
:10B7D000350068DEAB002A49032B5E02F00A3B000D
:10B7E000E0022F00208B03BFDE02F00A3F028052EE
:10B7F00017000A3E00E0024700209103BFDE02F07E
:10B800000A3F00E0025B00209600685E4F06AB8EA8
:10B8100000685E4F042E4D00685E4F04AE4D006818
:10B820005E4F05AC3200685E4F062B8E00685E4F9F
:10B83000052E2300A05E4FFF77A100685E87072ECC
:10B840004000685E4F16AC3D03BFDE02F00BB5034F
:10B85000BFDE02F00BB900E0020F00208301BC60E4
:10B86000030011EC01BC600F0011E80284C03B0032
:10B8700009C20184E00609104803BFDE02F009C2D4
:10B880000200C09300000203A35E02F00A5403C347
:10B890005E02F00A5303BFDE02F00D1100025E02E9
:10B8A000F012360207C0AF000A5702074037000AFD
:10B8B000540107C0AF0017A100B85E870037A1018F
:10B8C000825E860D906C00B0447F0007FE018360AD
:10B8D000020910480287C037000C9E0386DE02F082
:10B8E0000CA100025E02F0123603435E02F00A5C15
:10B8F0000287C037000C9E0301DE02F00A7B033092
:10B900005E02F00A7B01BC601F15506500E04194A7
:10B91000F530650138402B001680012D406B001773
:10B92000A200885E8B0137A202884027000A6A01C4
:10B93000846006D0168000B05A02F456800205C01A
:10B9400027000A6D0187E006D0168001BC601B0D40
:10B95000D7A100025E02F0012700B0406700168107
:10B9600001BC601B0DF7A100025E02F0012700B0D0
:10B97000406700168200B05A0B0017A100E85A0673
:10B98000F437A200E15E8AF457A100E0DE86F457A6
:10B99000A100985E8700B7A100E01EA70067A9007C
:10B9A000691EA7018A7B01BC60030007A902801FF2
:10B9B000F7000A7D006E4030020B890381DE02F041
:10B9C0000A8A00E002170020850329DE02F00A81BE
:10B9D00002902E27000A8201BC6003002B8903A974
:10B9E000DE02F00A860184E0060910480180E002C8
:10B9F0000910480184E002F7F7BF0386DE02F00C6D
:10BA0000A101806004FF87FC01806006F297940327
:10BA1000BFDE02F00B370068DE4F040A8D03335E91
:10BA200002F00A8D01BC6003000C2401836002F760
:10BA3000F7BF0329DE02F00A910288AE27000AA3AD
:10BA400001BC6003000B8903AB5E02F00A9E006834
:10BA50005EAB002AA200685EAB000A9C010C520F8C
:10BA60000017A100685E87002A9800685E87004A78
:10BA70009A03BFDE02F00AA203B0DE02F00A9E03C0
:10BA8000BFDE02F00AA003B15E02F00A9E03BFDE31
:10BA900002F00AA003B35E02F00A9E03BFDE02F0CA
:10BAA0000AA001BC6003004B8903BFDE02F00AA3B9
:10BAB00001BC6003008B8903BFDE02F00AA301BC56
:10BAC0006003002B890386DE02F00CA103AB5E024B
:10BAD000F00AA801F0521300118601A5E00A301106
:10BAE0008003BFDE02F00ACA03A9DE02F00AAE003C
:10BAF00068DEAB004ACA00B0523B00179F00B0524C
:10BB00003B0017BE01BC600300280803BFDE02F043
:10BB10000ACA02875E53000AD703A0DE02F00AB900
:10BB200003BFDE02F007CA0190600A09104800B0A6
:10BB3000523B00179F00B0523B0017BE019E5E8330
:10BB400000B0EB0106520F0017A100B85E87003766
:10BB5000A10182DE86F577AB01BC61030030800075
:10BB6000E8523AF3F7A2006BD23AF3EABC00E85E7F
:10BB70007E91D7A200905E8B0097A101BC6023014B
:10BB80001064006B523AF3EAC701185E870017A2EF
:10BB9000010A5E870017A300886006F457A200E040
:10BBA0004192F4706400B05802F45600006BDEFA63
:10BBB00091CACA00B0523B0017BE03BFDE02F00AB2
:10BBC000CA00025E02F0164F00B0202300280800D1
:10BBD000B0523B00179F0320DE02F00AD702075E37
:10BBE00053000ACE0180E00209104803BFDE02F0D4
:10BBF0000AD70068DE5F000AD4021A5407000AD28E
:10BC00000103C0270017A101825E8610D0860102C1
:10BC1000C0270017A100E0422AF4308A0180E00426
:10BC2000FF87FC03A9DE02F00AD700B05E470010D0
:10BC30008001085E4F0017A100685E87002B050396
:10BC4000AB5E02F00B0902005217000AEF0068DE3B
:10BC5000AB004ADD00E0025300209402865E5300F0
:10BC60000B370284520F000D130284D20F000AE238
:10BC700003AC5E02F00AED03BFDE02F00AF8032C0B
:10BC80005E02F00AF800685E4F040AED0106D20F6A
:10BC90000017A100808ECF0197A200E0015E0DB0D9
:10BCA000640181DE86C3F61F0187DE8624912400AD
:10BCB000683077FFEAED00B04467000C1E02005EBA
:10BCC00087000AED00E0446583AC1E00685E4F0209
:10BCD0000B3703BFDE02F00B24031EDE02F00AF571
:10BCE00003315E02F00AF50068DEAB004AF5008021
:10BCF0008ECF0197A200E0015E0DB0640181E002E9
:10BD0000C3F61F0068DEAB004AFA00E0023F0020E5
:10BD10008F03BFDE02F00AFD00685EAB004AFD0241
:10BD200080522F000B3702024107000AFD00685EB7
:10BD30004F040B3700685E4F028B370206DE53005C
:10BD40000B020028E01EF40B0200A044B703E145FB
:10BD500000B005130017A100E05E8428A14602840C
:10BD60004107000B3701806006F2979403BFDE02A3
:10BD7000F00B37032B5E02F00B3700685E4F05AB0C
:10BD80002400685E4F052B2403BFDE02F00B370052
:10BD900068DEAB004B12006D8ECF002B1201BC6031
:10BDA00003000AB501826002F5D7AE02805EFF0093
:10BDB0000B1000682B4F000B1200E044655A4AD369
:10BDC00000682B6BFFCB1200E02B6B002ADA020617
:10BDD0005E53000B1500E0026300209803BFDE02F3
:10BDE000F00B370323DE02F00B1F0129500B001765
:10BDF000A30068DE8F052B1F020680C7000B1A0107
:10BE000082E001872C390187E00210708301846091
:10BE10000209104800B05E870017A1006EE0030021
:10BE20002B1E03D1DE02F00B1F0068DEAB004B219E
:10BE300000E0022700208900685E4F000B37006891
:10BE40005E4F010B3700685E4F058B3700808ECF49
:10BE50000197A200E0015E0DB0650020DA7F140BAF
:10BE600037028047C7000B870329DE02F00B2D0144
:10BE700002DEAF0017A10106520F0017A200385EC4
:10BE800086F44B370182DE8AF577AB00B05223008F
:10BE900011F200B052270011F300B0522B0011F440
:10BEA0000106520F0017A100E05E870031F500B0D7
:10BEB000005B0011F000B047C30018000134C7C791
:10BEC0000017A1006EDE8402AB3701BC60030810CE
:10BED000420283C107000B3B0301DE02F00B3A0371
:10BEE000B55E02F00B3B02805E53000D1300B040C4
:10BEF000330017A101089FF70017A200685E8B00AE
:10BF00006B4300E840310497A102811FF7000B4307
:10BF100000B020930017A102809FF7000B4300B0F0
:10BF20005E630017A1006E5E84020B8900B05E871D
:10BF30000007F401816000FF87FC0202C013000BC0
:10BF40004900E05E840347F401816004FF87FC023E
:10BF5000011FF7000B8201035E530017A10187DE6A
:10BF600084FF87FC0386DE02F00CA100025E02F073
:10BF7000123603855E02F00B4C018E60023D11E823
:10BF80000107C7830017A101825E84FF87FC0201BD
:10BF90009FF7000B550103C7970017A101825E842C
:10BFA000FFA7FD00B020330017A1018E5E84FFA71C
:10BFB000FD032A5E02F00B5D00025E02F00E8703B5
:10BFC00029DE02F00B5C0301DE02F00B5C0182E073
:10BFD000060D906C03BFDE02F008A401BC600300F4
:10BFE00011EC01BC600F0011E801846004FFA7FDA3
:10BFF00001075EAF0017A10185DE84FF87FC00B05A
:10C0000040270007F600B0406B0007F800B0406F13
:10C010000007F900B0402B0007F701BC601B0DD7EB
:10C02000A100025E02F0012700B040670017A201E4
:10C03000BC601B0DF7A100025E02F0012700B040BA
:10C04000670017A100E85E8AF437A200E15E8AF477
:10C0500057A100E0DE86F457A100985E8700B7A1E3
:10C0600001BC5E860147F700681F33000B7C018F1F
:10C0700060060127F600681F33002B7900B01FC748
:10C080000017A100025E02F0012700A04064F9D76A
:10C09000A200B85E88FE17A103BFDE02F00B7A0093
:10C0A000A04138FE17A10068DE87000B7C018F607D
:10C0B000020127F601846004FFA7FD01075EAF00BF
:10C0C00017A10185DE84FF87FC00025E02F00EA34B
:10C0D00001BC63FF1FD7A800025E02F0109A0002A5
:10C0E0005E02F00E8701A8600A00900402011FF7AB
:10C0F00000163B00A8401300500403BFDE02F00707
:10C100002000E002870020A103BFDE02F00B8A00BE
:10C11000E0020B00208203A9DE02F00D130184600F
:10C12000060910480184E00609104803BFDE02F04A
:10C130000D13032B5E02F00BB10068DE4F06AB92CD
:10C1400000E0023B00208E03BFDE02F00B9300E014
:10C15000023700208D0323DE02F00BB50068DE4EAF
:10C16000F1CBB5020680C7000B970182E001872C56
:10C17000390187E0021070830184600209104800D1
:10C18000B05E870017A1006EE003002B9B03D1DE99
:10C1900002F00B9C00685E4F062BAF01BC600300F1
:10C1A000083303295E02F00BA10203DEB3000BA2E9
:10C1B0000191601A84F4270183E002F597AC020232
:10C1C00000BF000BAE0206ABD3000BA7020345AFC6
:10C1D000000BA90185E0062D716B03BFDE02F00B99
:10C1E000A90203456F000BA90185E0062B715B02D4
:10C1F000045EB3000BAE0187E0021070830183E0A0
:10C200000209104800025E02F0159303BFDE02F03F
:10C210000BB50205500B000BB501826006091048F2
:10C2200003BFDE02F00BB500025E02F00BBC00683B
:10C23000DE4F062BB500E0024F00209303BFDE0265
:10C24000F00BB503AB5E02F00BB702044107000B25
:10C25000BA02834107000A5003BFDE02F00BBA02A4
:10C26000844107000A5001806006F2979403BFDE04
:10C2700002F00A50028700C3000BC00068D213000E
:10C280000BC001BC600300118301BC60030011827C
:10C290000002DE02F00000039F5E02F00BC4039E6A
:10C2A000DE02F00E3502035E53000E35010C8143B1
:10C2B0000017A10068DE87002BC901000163001789
:10C2C000A10102C0270017A20038DE86F44BB90393
:10C2D000AB5E02F00BCB02005217000BB90280528A
:10C2E0002F000BCD03335E02F00E3502181DF30054
:10C2F0000BF101BC601B06106501BC60031BB7A4F9
:10C3000000025E02F0017200B05E8F0017A60068A6
:10C31000DE931BABED0207C197000BDA01385A0719
:10C320000017A1013C5A070017A201BC5A0AF45792
:10C33000A2013C5A0B0017A301BC5A0EF477A303C9
:10C34000BFDE02F00BDD013C5A030017A100B05A1A
:10C35000070017A200B05A0B0017A3006D5E8700FC
:10C360008BE701BC61BF0A17A50068DE8AF4ABE267
:10C3700001BC60271357A500685E8EF4ABE601BCD4
:10C38000605F0017A50068DE8AF4ABE701BC6017A8
:10C390001E57A50068DE8EF4ABE703BFDE02F00C8B
:10C3A0002900D85E870037A100E14196F43065008E
:10C3B000E1C19700306501F041970017A200E05EEF
:10C3C0008B0077A2006D5E8AF4CBD000E84033008A
:10C3D00097A5006E5E96004C2900B01DEF0017A1D6
:10C3E0000068DE840A0E35023C523F000C02013C1C
:10C3F000523F0017A10068DE84048C2701BC600353
:10C4000016106401BC601B06306500685E87002B57
:10C41000FE00B05A030017A20068DE8AC00C270095
:10C42000E0419700306500E0419300306400E85E31
:10C43000870057A1006A5E87002BF700685E8700BF
:10C440000C0301385A030017A1013858030017A242
:10C450000068DE86F44C2703BFDE02F00C03028581
:10C46000C107000E3501BC601B06106501BC6003EE
:10C4700005B7A400025E02F00172028000C3000C46
:10C480002701BC60131417A600E0017F00B7A500C8
:10C490006D5E96F4CC0B01BC60130C97A500685E32
:10C4A000940BCC2B00B0017B00106500B05227002C
:10C4B00017A200B0522B0017A3006841940BEC1692
:10C4C0000068DE8ED04C1200685E8AD02C2700E017
:10C4D000419700B065006D4196F4CC0F01BC60132C
:10C4E0000C906503BFDE02F00C0F00E0028B002011
:10C4F000A200B0017F00106500B05223001680003A
:10C50000B0522700168100B0522B00168200808E98
:10C51000CF0197A200E0015E0DB0640203587F00D6
:10C520000C2001BC602F0037A103BFDE02F00C21FC
:10C5300001BC5202F2F7A101A95E02F43683009019
:10C540004467011684020281AB000C250068DE936B
:10C5500005AC2601846006D0968400B05E9700008A
:10C560005F020781AB000C2901806006F2979403FB
:10C57000AB5E02F007DF03BFDE02F00A5000E0020C
:10C580008F0020A303BFDE02F00BB903835E02F02D
:10C590000C2F006D4033038C2D006D4033038BB99D
:10C5A000032B5E02F00E3903BFDE02F007DF032B20
:10C5B0005E02F00C3700E0023300208C020681ABF3
:10C5C000000C360183E005872C3903BFDE02F0073B
:10C5D000E100E0024B002092008800230037A20017
:10C5E000E05E8800F7A200E0001AF451890186E0BD
:10C5F0000630118003BFDE02F00BB5032B5E02F0A4
:10C600000C3800E013530024D403BFDE02F007DA35
:10C6100002045247000BB501BC601F10F06401BC5E
:10C6200060030177A101BC63FF1FE79300E041862F
:10C63000F4306501BC63FF1FF60000E05E87007701
:10C64000A100025E02F00F1F0200C077000BB501CF
:10C650002940770017A2006D5E8B04CBB500E85E21
:10C660008B04D60001BC601F05F06300E0418EC062
:10C6700010630200D603000BB502065603000BB58B
:10C680000184E006F597AC0116D6030017A20088D6
:10C690005E8B0077A200E0019EF4506500B04197E8
:10C6A0000004C201BC602B1817A100B05A0F00177C
:10C6B000A200025E02F0012B01BC602B1837A10022
:10C6C000B05A130017A200025E02F0012B00B04125
:10C6D0008B0004D903BFDE02F00BB503A2DE02F02B
:10C6E00000C203A3DE02F00C7A00E001FF00207F0D
:10C6F00001BC60030017A303BFDE02F00C7C0187BE
:10C7000060040310A001BC60030051E400B0479333
:10C7100000180001BC600302900401BC620F00110C
:10C72000E001BC600F0131E800B047A30018000130
:10C73000BC600F0011E801BC60030131EC00B047A0
:10C74000B300180001BC60030011EC01846006090D
:10C7500010480020601E090C7100E001FB00207EE3
:10C7600003BFDE02F00C8501BC60030ED7A10114EB
:10C7700000630017A200E05E86F4506500E05A03F3
:10C78000003680020300C7000C7703A95E02F00C9C
:10C790007C0291509F000C7B0191601A84F4270366
:10C7A000BFDE02F00C7B00E001FF00207F01BC60D7
:10C7B000030037A30323DE02F00C850183E00209A6
:10C7C000104801846002F597AC01BC6003000ABB0D
:10C7D00001BC600300178E020680C7000C83018233
:10C7E000E001872C390187E002107083018260022A
:10C7F00009104803D0DE02F00C8603D05E02F00C74
:10C80000870182E00209104803D5DE02F00C89019D
:10C81000BC60030010B401BC600300F7A100680015
:10C82000A7000C8D0185421AF437A100025E02F0C8
:10C83000012700B040670017A501BC63FF1FF7A2E6
:10C8400000025E02F0012B008860070157A400B8C7
:10C850005E86F497A100025E02F0012B0283C21FE4
:10C86000000C9400025E02F0114C02844523000C7F
:10C870009603D0DE02F00C9800685E8F0000020084
:10C8800020E01E090C9C00B05E9700142E03BFDE52
:10C8900002F0036E00A8412300F04803BFDE02F05F
:10C8A00000020183600209104800E00213002084A6
:10C8B00003BFDE02F00CA401BC6007001042006E52
:10C8C0004030020CA400E0027700209D00025E02CE
:10C8D000F0170A03A35E02F00A5003C6DE02F00C52
:10C8E000A7032ADE02F00CAE00B0304700080800B3
:10C8F000B0304B00080900B0304F00080A00B030DB
:10C900005300080B00B0305700179F03BFDE02F042
:10C910000D130184E00609104803BFDE02F00D1379
:10C92000020681AB000CB30281B0E70000BD0283B8
:10C9300030E70000BD028445230000BD0320DE0275
:10C94000F00CBB0068A0C7000CB801BC609F0217C8
:10C95000A100E04466F42831006B4465062CBC005D
:10C9600020E1020900BD00025E02F00D2F01BC6053
:10C97000030008310020E38A0900BD02844523003A
:10C9800000BD00B05E870017A103915E02F000BDFC
:10C990000396DE02F000BD03965E02F000BD0002C9
:10C9A0005E02F00D2F00E10DB228E36C00E08DB7C0
:10C9B00000036D01BC600300114701BC600300600F
:10C9C0002000680173000CD701BC60130890E600DA
:10C9D000025E02F0016A00B001730010E401BC6065
:10C9E0000300000601BC600300005C01BC600301A1
:10C9F000D78201D2DE0877F0E000B00F030010E12B
:10CA000000B0004700108600B00F1F00108A01BC64
:10CA1000600300378100025E02F010700190600A2E
:10CA200009104801BC610300308003BFDE02F00042
:10CA30000201BC60030030420187E0022471230040
:10CA4000025E02F014DB03975E02F00D4303125EF8
:10CA500002F00CDA01BC600300402001BC6003005E
:10CA60000B8901BC600300114901BC6183001125E1
:10CA700000B0007B00112701BC60130C805E01BC7C
:10CA800060130C805F0180E006F5D7AE0107C10797
:10CA90000017A101805E86F577AB01BC600F001125
:10CAA000E801BC620F0011E000025E02F00CF70129
:10CAB000BC61CF0C105C01BC600300105D01BC6167
:10CAC000CF01F05E01BC603B0AF05F01866005614A
:10CAD0000B0800025E02F0145C01866001610B0825
:10CAE00001BC600300082E020300C700001201BC55
:10CAF00060030006B201BC60030006B701BC60031E
:10CB00000006BC01BC60030006C103BFDE02F000EA
:10CB10001201BC60430017BB00A04122F77048011E
:10CB2000BC63FF1FF05401BC63FF1FF05501BC63E1
:10CB3000BF1FF05601BC63FF0FF05700025E02F00A
:10CB4000170A0187E00624712301BC60030010541A
:10CB500001BC600300105501BC600300105601BC0D
:10CB6000600300105701BC600F0020170106C107C9
:10CB70000017A101825E8402E01701074107001738
:10CB8000A100B85E870037A10180DE870000160093
:10CB900002DE02F000000285C03700000200025EE3
:10CBA00002F0123602864037000D0A00E0021B0038
:10CBB000208601BC6003010B890386DE02F00CA114
:10CBC0000287C037000CA100025E02F017D003BF3D
:10CBD000DE02F0001201B8600A04902403AA5E028B
:10CBE000F00D160158600300102A01BC600302908A
:10CBF0000400B040130018000183600209104801CE
:10CC0000806000FFA7FD00025E02F0123603855E21
:10CC100002F00D1A01BC620F0011E001BC600F01AF
:10CC200031E800B047A300180001BC600F0011E814
:10CC300001BC60030157A100E85E870037A10068CE
:10CC4000DE87000D2101BC600302900400B0401398
:10CC500000180001BC60030131EC00B047B30018BC
:10CC60000001BC60030011EC0324DE02F007200188
:10CC7000866006F577AB00025E02F00D2F01806042
:10CC80000610308100B05E870017A101806002109D
:10CC9000308103BFDE02F00720020601AB000D3138
:10CCA00001806001872C3901BC610300108000B055
:10CCB0004203001800006EE003002D3403505E02B2
:10CCC000F00D3700015E02F0000003BFDE02F0034A
:10CCD0009401846002F597AC01BC6003000ABB00BC
:10CCE000A8412304F048018260020910480206DED0
:10CCF000AF000D3E03D5DE02F00D3E0350DE02F024
:10CD00000D3C01BC60030010B40284C783000D41D8
:10CD100001BC600B0011E0018E6002F577AB0002F0
:10CD2000DE02F0000003A2DE02F000BD02BC42877A
:10CD3000000D4A01BC60030037A401BC60031FF76B
:10CD4000A3011400630017A200886006F457A20331
:10CD5000BFDE02F00D4F008860070117A401BC631D
:10CD6000FF0017A3011400630017A200E05E8B010F
:10CD700017A200886006F457A201BC60131B9065DF
:10CD800001BC601B18506401BC60030017A50020A3
:10CD9000C286F48D5900E0419706D06500E04193CA
:10CDA00001F06400E05E970037A500885E930037CD
:10CDB000A400205E92F46D7803BFDE02F00D5200F5
:10CDC00068DE92F44D5E00680083006D5E03A0DEB5
:10CDD00002F00D5E0020C123160D5300025E02F02A
:10CDE0000D2F006DDE93200D74020300C7000D6847
:10CDF000006DDE97008D6801BC600300160801BC61
:10CE0000600300160901BC600300160A01BC600340
:10CE100000160B01BC600300160C01BC6003001679
:10CE20000D01BC600300160E02005AC3000D730210
:10CE30003C5A9F000D7300680083006D730385DE0C
:10CE400002F000BD03855E02F000BD03A2DE02F029
:10CE500000BD03A3DE02F000BD0397DE02F000BDBB
:10CE600000B041970010600191600A84F42703BF6D
:10CE7000DE02F0036E01806002D616B000B05E9351
:10CE80000010A101836002F7F7BF01BC600300300E
:10CE90004303BFDE02F00D53006880830060BD03D2
:10CEA000BFDE02F00CDB0283C21F00000200B05E96
:10CEB000870017A103D0DE02F0063D01BC60030429
:10CEC0001042039EDE02F0001200B05E3F001145EA
:10CED00001BC600300178F00B05E4300178500B0EF
:10CEE0005E0F00179000025E02F00D2F03BFDE02FE
:10CEF000F00012006D4033058BBA03AC5E02F00DFA
:10CF00008A00685E4F028DEB00E002670020990303
:10CF1000BFDE02F00DEB00685E4F028DEB02803049
:10CF2000DF000D8E00E0025F002097018060058623
:10CF3000EC3700025E02F00EAF01866002F5B7AD7D
:10CF400001826002F5D7AE01BC6003000AB5039E02
:10CF5000DE02F00DA00321DE02F00DA000E0026F62
:10CF600000209B00025E02F00D2F01866002091076
:10CF70004800A8412301304801BC6003021042026E
:10CF800080441F000D9F00B05E3F00114501BC6052
:10CF90000300178F00B05E4300178500B05E0F00DE
:10CFA000179003BFDE02F00DA000A044B6F071455B
:10CFB000028200C3000DEB00B000730017A100E077
:10CFC0005E86B017A100E15E7AF4379E00E1DE775D
:10CFD00000179D00E1DE7300179C00E0DE6F001774
:10CFE0009B039EDE02F00DAF006E5E6E924E21003E
:10CFF0006D5E6E924DAF006E5E72922E21006D5E80
:10D0000072922DAF006E5E76920E21006D5E76926A
:10D010000DAF006DDE7A91EE2102003097000DB465
:10D0200000B05E7B000C3200B05E77000C3300B0C5
:10D030005E73000C3400B05E6F000C35028201ABF1
:10D04000000DC500B0446700082D00B0446B000817
:10D050002C00B0446F00082B00B0447300082A0075
:10D0600068A0B6232DAF00E920B6F3D79E00E9A053
:10D07000B2F3B79D00E9A0AEF3979C00E8A0AAF335
:10D08000779B00E15E7A91F7A100B05E87001119ED
:10D0900000E1DE7692111A00E1DE7292311B00E0AF
:10D0A000DE6E92511C0068DE86232DBE03BFDE02B9
:10D0B000F00DEB00E9523EF3D7A100E9D242F3B7FD
:10D0C000A200E9D246F397A300E8D24AF377A4007E
:10D0D000880ECF0057A500E0015EF4B06400E95E61
:10D0E00086C9A78100E9DE8AC9C78200E9DE8EC948
:10D0F000E78300E8DE92CA078400808ECF0197A5FF
:10D1000001BC601F07778000E05E020DB0650088FB
:10D110005A0F00F7A500B05E970817A50134DA0F83
:10D120000017A600E95E94F037A500E8DE98F057F6
:10D13000A6017BDE96F4D7A500685E96D06DEB0065
:10D14000E85E96D077A600B05E9700168300685A16
:10D1500013000DDD00E05A16F4D68500685A1B0056
:10D160000DDF00E05A1EF4D68700885E9B00F7A111
:10D170000134DE9B0017A201BC60030017A301BCB1
:10D1800060030017A40069DE9B000DE701BC63FF8C
:10D190001FF7A301BC63FF1FF7A401C3DE8EF45782
:10D1A000A200E95936F4364D00E9D93AF4564E005A
:10D1B000E9D93EF4764F00E8D942F49650031EDEDA
:10D1C00002F00E21039F5E02F00E2100685E4F0206
:10D1D0008E21032C5E02F00E2101BC601B06D0657F
:10D1E00001BC600300B7A400025E02F001720200FD
:10D1F0003097000DF600685E9300ADF600E030C792
:10D20000002C3103BFDE02F018840068DE9300AE0C
:10D21000210207C197000DFC013C5A070017BB0112
:10D220003C5A0B0017A101385A07000C2603BFDE39
:10D2300002F00DFF01385A070017BB01385A0B00E6
:10D2400017A1013C5A03000C2600B05E87000C2792
:10D2500000808ECF0197A200E0015E0DB06400B0A7
:10D260005EEF0016280181DE86C3F61F006830736A
:10D27000FFEE0802005E87000E0800883073007120
:10D28000260090307301B12800683077FFEE0C0063
:10D29000B04467000C1E02005E87000E0C00E044E4
:10D2A0006583AC1E0187DE86249124020680F3008C
:10D2B0000E100181E002C3F61F0187E002249124D1
:10D2C00002003097000E2100E030B7002C2D0286BE
:10D2D00080F3000E140281D87F000E1F00B0309F33
:10D2E0000017A100025E02F00F0802805E8B000EA4
:10D2F0001F00E85E6984D7A100685E85846E1B000C
:10D30000E030BF002C2F03BFDE02F00E1F00E03024
:10D31000BB002C2E01BC6003000C2501BC60070083
:10D32000104303BFDE02F00D1300E85E6984CC23D6
:10D3300003BFDE02F0188403AB5E02F007DF03BF19
:10D34000DE02F00A50032B5E02F00BB903BFDE02CF
:10D35000F007DF03AB5E02F00E28032C5E02F00B39
:10D36000B903BFDE02F00E3900B052230011F20003
:10D37000B052270011F300B0522B0011F401BC6031
:10D38000030091F501BC600308104200B0005B008F
:10D3900011F003BFDE02F007DF0138523F0017A192
:10D3A00002065E53000E320138524B0017A100688E
:10D3B000DE87008E3503AB5E02F007DF03BFDE02BF
:10D3C000F00A500068DE4F020E38020781AB000EF3
:10D3D0003801806006F2979403AB5E02F007DF022B
:10D3E0000000F3000E3E0206DE53000E3E01185E02
:10D3F000830017A10068DE8700AE3E01BC600B020F
:10D40000514202005217000BB903BFDE02F00A506E
:10D4100001BC600300118301BC6003001182032C76
:10D420005E02F00E450199E00620110003BFDE0206
:10D43000F00E490119402F0017A100685E87000B0C
:10D44000B50199DE8620110003315E02F00BB500B4
:10D45000A05E3B0097A200205E4EF44BB5018460B5
:10D460000209104803BFDE02F00BB503AB5E02F009
:10D470000E5000025E02F00BBC03BFDE02F00BB5E3
:10D480000068DE4F042E5400B0523300179F00B0E6
:10D49000522F0010EB0281522F0007CA00E002ABAE
:10D4A0000020AA0281522F000B9303295E02F00E86
:10D4B0005A0203DEB3000E5A0191601A84F4270168
:10D4C00083E002F597AC0208522F0007DF03BFDEAE
:10D4D00002F00A5001BC600300106701BC60030049
:10D4E00010460180E0060930490282C11F000E6427
:10D4F00001BC603F1FF06501BC600300168000E8BE
:10D5000041970030650069C197000E6101BC600B56
:10D5100000179401BC60030017AB01BC6003001747
:10D52000AC01BC60030017AD01BC60030017AE0185
:10D53000BC60030017BF01BC63FF1FF7B501BC60EF
:10D540000300202001BC60030017A100025E02F06E
:10D55000012701384067000028011C4067000029AE
:10D5600001BC600300504901BC60030017A701BC67
:10D5700060030017A801BC60030017A901BC600389
:10D580000017AC01BC60030017AD0182E0060F106C
:10D59000780206C1E3000E77006880A7000E7A03C8
:10D5A000BFDE02F00E7B006880A7008E7B01BC60AE
:10D5B0001302600001BC60230E400101BC63F3183C
:10D5C000600201BC614B15600301BC6003000004F4
:10D5D00001BC604305200501BC601B04306101BC37
:10D5E000601702506001BC600300082200B05E0FAB
:10D5F00000178500A044B6F0714503BFDE02F00CB1
:10D60000C30183E0060F107801885E5CFEC7F60157
:10D61000BC601F1E900701BC600301900801886078
:10D62000060090040386DE02F00CA10305DE02F082
:10D630000E8C0386DE02F00CA10385DE02F00E8E56
:10D6400000B05E870017A1006EE003002E920386F3
:10D65000DE02F00CA1006EC0146FEE9501BC6007F5
:10D660000010420002DE02F0000003215E02F00E14
:10D670009A00E0204AF4281200B0204B00178B03D8
:10D68000BFDE02F00EA2028150C7000E9F011C50A7
:10D690009F00178B00E05E2EF4378B019C5E2E847A
:10D6A000F42703BFDE02F00EA2011E509F00178B6D
:10D6B00000E05E2EF4378B019E5E2E84F42700027C
:10D6C000DE02F00000006800A7008EA80102C0275B
:10D6D000000821006880A700AEAE00E02087002887
:10D6E000210002DE02F0000001BC600300282101DD
:10D6F000BC402B0017A100985E870117A10098403D
:10D700002B0117A2006ADE8AF42EAE01BC60030072
:10D7100088210002DE02F00000028280BF000F07B5
:10D7200000B0418F00081300B0418B00081400B016
:10D7300044670017A2017BDE8A2357A101BC601F4A
:10D7400007706501BC60030017A201BC601F03D015
:10D750006401BC601F11506300685A03000EFE0193
:10D76000BC601F0FB06200E0418AF4506200905428
:10D770000300F7A6006B5E86D06ED400B05A03009B
:10D7800017A300E05A0EF4D58000E05A0EF4768319
:10D7900000E85A2F00368B0069DA2F000EC300E82C
:10D7A0005A0700368B006CDA0EF42EBE00E85A0ED3
:10D7B000F437A400905A030077A5006EDE92F4AE11
:10D7C000CA01BC600300360001BC600B00104301BD
:10D7D000BC600300278900205A0B080ECD01BC60F5
:10D7E0000300279203BFDE02F00ED400205A0B1470
:10D7F0000ED400202C27080ED000205A0B040ED483
:10D8000001866006F5B7AD0088009B00D126009028
:10D81000009B01512801BC6303001124006B5E864C
:10D82000B00EDC00685A13000ED901886006D0568D
:10D830008200B056030017A400E05E92D0968500E7
:10D84000E05A0EF4D58000205A0B080EDC01BC60B3
:10D850000300079200685A13000EE4006B5E86D046
:10D86000AEE40188600AD0568200B056030017A4C7
:10D8700000E05E92D0968501BC600300360101BCD9
:10D88000600B00104301BC600300278900685A1B2D
:10D89000000EFE006B5E86D0EEFE02015A0B000EFB
:10D8A000F300E85A1B00368600B05A270017A30081
:10D8B000E05A1EF4768701BC601F11D06200E0417F
:10D8C0008AF4506200B05A2B0017A300E05402F40F
:10D8D00075000203D403000EF100E05A1F003687E2
:10D8E0000130540300150001816002D0568203BF4D
:10D8F000DE02F00EF600B05A230017A300E05A1E15
:10D90000F4768701816006D0568200685A1B000EAB
:10D91000F8006CDA1EF42EE602015A0B000EFB0131
:10D92000BC600300360203BFDE02F00EFC01BC60E7
:10D930000300360301BC600B00104301BC60030010
:10D94000278900E0419701906500E05E8B0037A2D7
:10D9500000E0419300906400E0418F003063006D6F
:10D960005E8B008EB802981DF3000F0501BC6003AA
:10D9700000079200B0204F00106300B02053001049
:10D98000620002DE02F0000001BC60030017A2008A
:10D9900068018B000F1E0090018B0077A201806050
:10D9A00002F437A1006E5E86F44F1E0207C1970095
:10D9B0000F1001385A070017A303BFDE02F00F1142
:10D9C000013C5A030017A300E85E8F0097A300E80C
:10D9D0005E8AF437A2006A5E8AF46F1E00D0419717
:10D9E00000306400E05E8B00B7A300E04192F47069
:10D9F0006400D841930030640207C193000F1B01FB
:10DA00003C58030017A103BFDE02F00F1C01385879
:10DA1000030017A100A0018B00F7A200905E86F41E
:10DA200057A20002DE02F0000000B05A0300101FEF
:10DA300000B05A0700102000B05A0B0010210180DE
:10DA4000600700101D02804077000F230002DE02F5
:10DA5000F000000187E002F577AB03915E02F00071
:10DA6000020020E3FE0900020200421F0000020043
:10DA700068C2F3000002028445230000020068C06F
:10DA8000170000020068AB9700000200025E02F07F
:10DA90000EAF00683073FFEF310207C493000F3CF4
:10DAA00000683077FFE00200683077FFEF350068EC
:10DAB000307B000F3B006BC46583CF3C03BFDE02AD
:10DAC000F0000201BC601F07706400E0419306177C
:10DAD000A20068D82F000F390281D80B0000020085
:10DAE000E04193019064006D4192F44F370287C486
:10DAF0009300000200689E4B00000202815E53000A
:10DB00000F4A0283411F000F400281DE53000F5B6A
:10DB100001BC600300115101BC600300115201BC43
:10DB2000620300115301BC6003005150018960067B
:10DB3000F2979401BC60E700107701BC600300100D
:10DB40007601BC60031117A300025E02F0013403EA
:10DB5000BFDE02F000020280C54300000201F0C5F2
:10DB6000470011560107C5470017A101F0C54AF447
:10DB7000315500B0455700107700B0455B00107676
:10DB800001BC60030E97A300025E02F0013400B0F6
:10DB90004557000C1000B0455B000C0F01BC600342
:10DBA00000115501BC60030011560090303F00CCBD
:10DBB0000F00B030430017A101AD5E8581EC0F016D
:10DBC00089600AF2979401BC60030810470392DE53
:10DBD00002F00FAF020480BF000F6001BC63FF1FA3
:10DBE000E7F301BC61FF1FE80E03BFDE02F00FB1D7
:10DBF00001866002F597AC01BC601F07706501BC2F
:10DC0000601F0FB06401BC60030037A101BC60035A
:10DC10000017A300685A03000F9D01BC60030017A2
:10DC2000A502035A0B000F6E02805A0B000FAF00C3
:10DC3000E9440AC017BB00E8C40F0017A4017BDE4B
:10DC4000EEF497A400685A13000F7C03BFDE02F0C5
:10DC50000F790068DE87002F700203DE53000FAFDC
:10DC60000203DA0B000F8400B05A0F0017A40068FB
:10DC70005A07002F7500685A2F002F7501BC6003EA
:10DC80000037A500685A13000F79006CDE92D0AF00
:10DC90007900B05A170017A401BC60030037A50033
:10DCA000201CBAF42F7C00685A1B000F9703BFDEBC
:10DCB00002F00F7F00885E870097BB00201CBAF738
:10DCC0006FAF02015A0B000FAF006CDE92D0EF97DE
:10DCD00000B05A1F0017A400201CBAF42F8301BC07
:10DCE00060030037A503BFDE02F00F970202DA0BD4
:10DCF000000F9D0204C107000FAF00B05A0F0017BC
:10DD0000A400E85A2F0037BB0069DEEF000F8A003D
:10DD1000E85A070037BB013C016F0017800068DE3E
:10DD200003000F900138016F00178000685E030048
:10DD30000F9300E85E030037BB03BFDE02F00F93D2
:10DD400000E85E030037800080DE02D0378000E00C
:10DD50005EEE0DB7BB00685EEF000F9700E05E92CD
:10DD6000D017A400E85EEF0037BB03BFDE02F00F60
:10DD70009300685E8F000F9A006B5E92F44F9B03D6
:10DD8000BFDE02F00F9D01BC60030037A300B05E50
:10DD9000930017A200B05E970017A600885E870068
:10DDA00037A100E0419701906500E04193003064A5
:10DDB000006D5E87020F6500685E8F000FAF00B0D8
:10DDC00044670017A5017BDE962357A500E85E8A0D
:10DDD000F4B7A400885E9300E4DB00905E93012713
:10DDE0001D00B0012B0017A300689C77000FAA004C
:10DDF0006E936EF46FAF03A65E02F00FAF00B05EDD
:10DE00009B00078500E9136EF467F300E89C770038
:10DE1000080E03BFDE02F00FB100681E17000002FB
:10DE200003BFDE02F0105901BC6103001123006939
:10DE3000203B000FB50180E006F2979403BFDE029D
:10DE4000F00FB70180E002F2979403BFDE02F0000A
:10DE50000200684127000FC602844523000FB80066
:10DE60006800A700AFBC006800A700CFBC006880B6
:10DE7000A7010FBF00B044670017A100E84466F493
:10DE800037A2006D5E8B004FBD0280C127000FC11D
:10DE90000392DE02F010590392DE02F00CE700025A
:10DEA0005E02F014E700025E02F0113D00025E0225
:10DEB000F0113800025E02F0114801BC600F001141
:10DEC000E8031EDE02F00FCD01BC600300105C0110
:10DED000BC600300905D01BC605304105E01BC6037
:10DEE0000300105F03BFDE02F00FD101BC600B0026
:10DEF000105C01BC600300905D01BC604304105ED7
:10DF000001BC600300105F01BC6003000C1E01BC7B
:10DF10006003008020028500BF00106000B01FCFAA
:10DF200000115100B0203B001152006E1FCE2A8F0D
:10DF3000DA0068A03B000FDA00E01FCE23280F03B1
:10DF4000BFDE02F00FFB00B0446700080F00E91FBE
:10DF5000CE2A915100E8A03B00115201BC61FF1F85
:10DF6000707701BC63FF1FF07601BC60031197A3BB
:10DF700000025E02F0013400B0454B00107700B0A3
:10DF8000454700107601BC60030F17A300025E0234
:10DF9000F0013401BC602F1AB06500B0455700167F
:10DFA0009100B0455B00169200B0440B0016930040
:10DFB000B0440F00169401BC63FF1FF15201BC6313
:10DFC000FF1FF15101BC600300115501BC6003004B
:10DFD000115601AC607F029075028741D7000FEFA8
:10DFE00000B041DB0003B100B041DF0003B200B07C
:10DFF000446700082D00B0446B00082C00B0446F4B
:10E0000000082B00B0447300082A00E14464FE6C51
:10E010001A00E0C46901CC1B01BC6003023150004E
:10E02000B0454300180000686003000FFB01BC60AE
:10E030000300104000008000000000020480BF00C8
:10E040000FFF0312DE02F00FFB0068C55700100738
:10E0500001BC602F1AB06500B05A4700115500B0DE
:10E060005A4B00115600B05A4F00110200B05A53DB
:10E0700000110301BC60030017A701BC6003001777
:10E08000A801BC600300006601AC607F0F10750240
:10E090008741D700100900B041DB00115100B041A9
:10E0A000DF0011520068454700101000E91FCE2A1A
:10E0B00087F300E8A03B00080E01866006F597ACE8
:10E0C00001BC600300107701BC600300107601BC46
:10E0D00060030F17A300025E02F0013401BC60036D
:10E0E000001150028445430010150207C1E30010DF
:10E0F0001600B044670017A100685E86233018013F
:10E1000082E0060F10780206C1E300101A01BC601D
:10E110000300402001BC6003000066018660062009
:10E12000110001BC606300107B01BC601B00107A11
:10E1300001AC607F029075028741D700102100E991
:10E1400041D876379C00E8C1DC76579B00B0303F61
:10E150000017A10080DE72F4379D00B041B70017B0
:10E160009E0080DE6EF4379C00E15E760DB79D0068
:10E17000E0DE7300179C017D5E7AF3B7A1017D5E3E
:10E1800076F397A200905E730157A300E120B6F4E6
:10E19000311900E1A0B2F4511A00E1A0AEF4711BF4
:10E1A00000E0A0AB00111C00E10DAAF4236A00E01E
:10E1B0008DAEF4436B00B0441F0018000088442368
:10E1C0000157A30090442300D7A400B0440B0017CC
:10E1D000A100B0440F0017A200E95E862337A1001A
:10E1E000E8DE8A2357A20069DE8B00104100E1447B
:10E1F0000AF4710200E0C40EF4910300E85E23000B
:10E2000037880069DE2300103600E80027003788D1
:10E2100003BFDE02F010360186600220110001BC4F
:10E22000600300402000E9306A2337A100E8B06EA7
:10E230002357A20068DE8B00105001BC604F1117FD
:10E24000A3006DDE86F4705001BC60030010400135
:10E25000BC600300105D018260060BF05F00D05EC1
:10E260008700713401E1DE8A26913501BC63030029
:10E27000113300008000000000018260020BF05F9B
:10E2800002865EB300105900681E1700105901BCC9
:10E2900060430017A100E04466F4378001BC6003CE
:10E2A00000078900025E02F00EAF006C4466F010B9
:10E2B0005900681E2700105503BFDE02F00F5B02F5
:10E2C00000DE530010630180E002F2979400025ECA
:10E2D00002F0113B01BC600300104003BFDE02F0FE
:10E2E000105E00E044640957A103BFDE02F0106332
:10E2F00001BC600300104000B0012F0017A100E036
:10E30000012AF4310900B0012F00110901BC61CFCD
:10E310000C105C01BC600300105D01BC61CF01F01A
:10E320005E01BC603B0AF05F00025E02F011440037
:10E33000025E02F0114B00025E02F0114101BC606E
:10E3400003000785006D80A7008CE700E0446704A8
:10E3500077A10068DE8623306E03BFDE02F00CE793
:10E3600001885E0610D08601025E070017A10182B7
:10E370005E8610D0860002DE02F0000000B000478A
:10E38000001086010820470017810138520300174A
:10E39000800102C0270017A600025E02F015F800F7
:10E3A00068204700507B00B0540700178000025ED1
:10E3B00002F01070006820470030830068A047001A
:10E3C000107F021A54070010830103C0270017A111
:10E3D00003BFDE02F010820106C03B0017A10182DC
:10E3E0005E8610D0860002DE02F0000000B05413FA
:10E3F0000017A10068DE4F16B08700B05413001755
:10E40000A10200DE0700108F00B0418B00106501F3
:10E41000BC600301D7A10068DE4F16B08C01BC6060
:10E42000030297A100025E02F0160B00E05E84007A
:10E43000F7A103BFDE02F01094020480F3001094F1
:10E4400002025E0700109402805E070010940090A4
:10E45000001B0037A200E85412F457A10002DE02AC
:10E46000F00000020400BF00109800025E02F011EC
:10E47000E903BFDE02F0109900A044B6F0B14500F8
:10E4800002DE02F00000020000BF0010AA0068AB2C
:10E49000EF0010AA00E05EA30037A8006D5EA005A3
:10E4A000D0AA00B02E2F0017A100025E02F00127B3
:10E4B00000B040670017A20068DEA3FFF0A700B01D
:10E4C0005E897197A2006D00A70090A6006DA087DD
:10E4D0000050A803BFDE02F010A70068A08700105C
:10E4E000A800B85E897197A200025E02F0012B01BC
:10E4F000BC60030017A80002DE02F0000000D85A3A
:10E50000030117A201B85A06F457A200B05603003F
:10E51000083600B0560700083700B0560B00083820
:10E5200000B0560F00083900B0561300083A00E05A
:10E530005612F4483B00B05A0300083401385E8B91
:10E5400000083500B020EF0017A401BC60030017DD
:10E55000A200B0419300106500B85E92D017A400ED
:10E56000E05E06F4506300F05E930017A300F05ED7
:10E57000930077A400E05E8B0037A200B85E92F4AF
:10E5800077A400E04192F4506500E05602F49580D3
:10E5900000B056030017A4006EDE8B00B0B800B8C0
:10E5A0005E92C0D7A200D85E8B0037A200E020DACE
:10E5B000F4483600B020DB0017A400B85E92C0F724
:10E5C000A200D85E8B0037A200E020DEF4483700BE
:10E5D000D820DF0037A200E020E2F4483800D8203D
:10E5E000E30037A200E020E6F4483900D820E70035
:10E5F00037A200E020EAF4483A00D820EB0037A226
:10E6000000E020EEF4483B00B020EF0017A200B875
:10E610005E8AC017A200905E8B0037A201BC5E89A3
:10E6200006A8350002DE02F00000018060063C9181
:10E63000E4018760063CD1E601A860023CD1E60116
:10E640008B60023CD1E600B05E8F00106300B056D4
:10E65000030011E700B056070011E700B0560B00A9
:10E6600011E700B0560F0011E701A960423C91E4A8
:10E6700001A860023CD1E6018B60063CD1E600B007
:10E680005E8B00106301BC60030057A102045603B7
:10E690000010E601BC60030117A100E0418EF430D8
:10E6A0006300B056030011E700B056070011E70001
:10E6B000B0560B0011E700B05E8B00106301BC6028
:10E6C0000300B7A10204D6030010F001BC600301EF
:10E6D00017A102065E530010F001BC60030197A170
:10E6E00000E0418EF4306300B056030011E700B043
:10E6F00056070011E700B0560B0011E701BC60039C
:10E700000017A10206DE530010FB00B05E8B001064
:10E710006302065E530010FA00A0563F01F7A10302
:10E72000BFDE02F010FB00A0563301F7A100B05E7F
:10E73000870011E701BC60030011E70002DE02F070
:10E74000000000685E9B00D11801BC60070211E365
:10E750000068DE9B00510B00E847870111E101BC16
:10E7600060030011E201BC60030011E201BC600320
:10E770000011E201BC60030011E201BC6003001162
:10E78000E201BC60030011E201BC60030011E20180
:10E79000BC60030011E200B06142F451E000B058E7
:10E7A000030011E200B058070011E200B0580B005E
:10E7B00011E200B0580F0011E200B058130011E24E
:10E7C00000B058170011E200B0581B0011E200B071
:10E7D000581F0011E200B05E9B0017A40068DE9B8A
:10E7E00000B11601BC60030077A40192DE9302170A
:10E7F000A30002DE02F0000001BC60070011E3008C
:10E80000B058030011E200B058070011E200B05800
:10E810000B0011E200B0580F0011E200B0581300D5
:10E8200011E200B058170011E200B0581B0011E2CD
:10E8300000B0581F0011E200E00146F0106401BC76
:10E8400060070031E300B058030011E200B0580740
:10E850000011E200B0580B0011E200B0580F001197
:10E86000E200B058130011E200B058170011E200A6
:10E87000B0581B0011E200B0581F0011E20192E0F5
:10E880001B0017A30002DE02F00000028740C30055
:10E89000112D01866006F01030028640C300112F52
:10E8A00000B040C70017810002DE02F000000287BE
:10E8B00040C300113200B05E070010310186E0064F
:10E8C000F010300002DE02F00000006800A701979F
:10E8D0008C03BFDE02F0114A00025E02F0113B0021
:10E8E000025E02F0114B0002DE02F0000000680040
:10E8F000A701970F0002DE02F00000018160060907
:10E900003049006800A700914000025E02F0114CFF
:10E910000002DE02F0000000025E02F0114C0181F4
:10E9200060020930490002DE02F000000188E00EBA
:10E9300009304900B0412700180000B0002B00103A
:10E94000020002DE02F0000001BC600300100201C0
:10E9500082E0020F10780002DE02F0000000680082
:10E96000A701978B00B041270017A100B0412701F4
:10E97000D04900B05E870017A100B05E870017A1E4
:10E9800000B05E870017A100B05E870017A100B03D
:10E990005E870017A100B05E870017A100B05E87F8
:10E9A0000017A100B05E870017A100B05E870017B6
:10E9B000A100B05E870017A100B05E87001049007B
:10E9C00002DE02F000000100DE530017A601BC6069
:10E9D000030037A103BFDE02F0115D00025E02F00A
:10E9E0000127018760060337A20068DE9B001161E2
:10E9F000018760020337A200025E02F0012B0002D1
:10EA0000DE02F000000202411F00117602825E5316
:10EA100000116801826006F2979400B04467001804
:10EA20000000B0446B00081B00B0446700180000F1
:10EA3000E844690377A4006800A700916B006DDECD
:10EA40009300517000E044670317A303905E02F047
:10EA500011730285C5230011730068DE8E23316DAA
:10EA600001BC600302104701BC60030090430182B7
:10EA70006002F2979401826002F5B7AD006800A7CA
:10EA8000009176006800A700B1760002DE02F00077
:10EA9000000201C11F00118902855EAF00117C01D7
:10EAA000856006F577AB00B0446700081E00B044EF
:10EAB0006B00081F00E9446503D7A100E8C469039F
:10EAC000F7A200D05E870077A101E1DE8AF437A2C9
:10EAD00000E95E862697A100E8DE8A26B7A20069D3
:10EAE0005E8B00118901BC610300113300E144DA3F
:10EAF000F4313600E144DEF4513701856002F577E8
:10EB0000AB01BC600301104701BC6003005043002F
:10EB100002DE02F000000201AE2700118C0284C563
:10EB20002300119601BC600F0C106500E041957147
:10EB3000306502002E2700119000E0419700B0657B
:10EB400001BC600F0D17A1006E4196F4319400E1F5
:10EB50005A0229368000E0DA0700168101BC600302
:10EB6000000B8901BC60030011490002DE02F000C5
:10EB70000000B0451F00178100B005B70017A601BF
:10EB8000BC600704106401BC60131B906501BC608D
:10EB9000030017A10205DEAF0011B100B0580F004D
:10EBA00017800068DE842C31A100E058230036086D
:10EBB00003BFDE02F011B902005E9B0011B10280BA
:10EBC000DA030011A70118581F00178200E05E0B3E
:10EBD00000378201985E0AC0F60703BFDE02F0111B
:10EBE000AA011A581F00178200E05E0B003782014D
:10EBF0009A5E0AC0F60701F0DE0300378000A05ECF
:10EC000002C0578000B05E0300160300A044B6F0B7
:10EC1000178200B05E0B00160500E05E0AC0960683
:10EC200003BFDE02F011B900B0581300178200E8EC
:10EC30005E06F057A5006ADE970011B700E8581687
:10EC4000F4B6050069D8170011B701BC60030016BF
:10EC50000500B058170017A500E05812F4B60600DA
:10EC6000E0419302106400E0419706D06500E05E49
:10EC7000870037A100905E9B0037A60068DE870002
:10EC8000919C01BC600300114701BC600300016D51
:10EC90000002DE02F0000001BC600300016C01BC58
:10ECA000600300016D01BC60070A106401BC6003D1
:10ECB0000077A100B0428F00178000A05E0301F72B
:10ECC0008000B05E0300016E01BC63FF1FF7A2006D
:10ECD00068DE030011CB01BC60030017A20088604E
:10ECE00006F43781002005BAF031D00068DE8AC012
:10ECF000D1D000E005B300216C00B005B6F0216D65
:10ED000000685E030011D400205E06F011DA006E88
:10ED1000DE8AC0D1DA03BFDE02F011D5006DDE8AD3
:10ED2000C0D1DA00B05E870017A300B041930001A4
:10ED30006600B0581B0017A201BC600300016C0103
:10ED4000BC600300016D00E8419302106400E85EBE
:10ED5000870037A10069DE870011CB00B05E8F000D
:10ED600001650002DE02F0000000B0059B001064A7
:10ED700000B0581B00114500B0059B00016200B0B7
:10ED8000059700016100B0580F00178500B05807C3
:10ED900000178300B0580B0017840118581F001784
:10EDA0008C011A581F00178D0002DE02F0000000CF
:10EDB000B0058B001064006E41932A11F600A04448
:10EDC000B6F0B7A100B05E8700160500E05812F457
:10EDD000360600B0581B001145020000F30011F385
:10EDE000006D41932811F30200DEAF0011F301BC66
:10EDF000600B02514200B05E8700016F02015EAFFE
:10EE00000011F600B05E1700160301816002F5776D
:10EE1000AB0002DE02F000000201452300120102F5
:10EE200087C49300120101826002F5D7AE02012C63
:10EE3000230011FE00E02C2B002B0A0181600161F0
:10EE40000B0802065EB700120100E02AD7002AB5BF
:10EE500001866002F5B7AD0002DE02F0000002029A
:10EE600000BF00120F00025E02F012370202DEB392
:10EE70000012070068428F000F2503BFDE02F0007A
:10EE800002028881AB00120F02845EFF00120502AD
:10EE9000845EB30012050282DEFF00120502822B9F
:10EEA0002F00120D00682A9B00120F0284DEAF00B3
:10EEB000120502845EB700120500B05E870017A13C
:10EEC0000002DE02F000000182E002F597AC0203CE
:10EED000DEFF0012190284452300121902012B2FB4
:10EEE0000012190180E006F2979400025E02F01110
:10EEF0004C0180E002F2979400025E02F0114C0196
:10EF000080E002F297940201AC230011360181E007
:10EF100001610B0803BFDE02F01138020400C700D4
:10EF200012270206ABD30012210284C5AF001235AE
:10EF300003BFDE02F012220284C56F001235028484
:10EF400045230012240200420300123500685E4B84
:10EF500004B23500685E4B06B23500685E4B06327F
:10EF6000350182E006F597AC0284452300122A039E
:10EF700023DE02F0122B0183E006F597AC0180E05E
:10EF800006F29794028400C700113600B02AD70019
:10EF900017A2006DDE8955113602872B2F00123221
:10EFA00002005EFF0011360207AB2F00113601810F
:10EFB000E005610B0803BFDE02F0113803BFDE027B
:10EFC000F011360002DE02F00000020200BF001461
:10EFD0004D0206ABD30012440104C1070017A10182
:10EFE000855E85610B0802042C23001244018460B5
:10EFF00001610B0801BC60370017A201BC6003145B
:10F0000017A100B045E300180000B045E300180068
:10F0100000B045E300180001BC620300107701BC9A
:10F0200060031B507600025E02F0013E00682AEB8E
:10F0300000124900E844655757A101BC63F71D174A
:10F04000A2006D5E86F4524900E84466F44ABA00B4
:10F050006CC46556724B00E84467002AB30206ABE5
:10F06000D3001250006DC46701524E01BC60030012
:10F070000B100284C5AF0012BD03BFDE02F01251B7
:10F080000280456F0012BD020701AB0012530180E0
:10F09000600209D04E01BC63FF1FF7A10068C5865E
:10F0A000F4325601BC6003000ABD0204DEB700144E
:10F0B0004D0184E002F5B7AD0184E001610B080267
:10F0C00002DEB30012740206ABD30012650068AA18
:10F0D000F700925D00682B0300125E03BFDE02F0B2
:10F0E0001263018B600E2B915C0287ABD30012621E
:10F0F0000182600209D04E03BFDE02F0126301827A
:10F10000600609D04E00025E02F0121103BFDE025B
:10F11000F01267018360062B915C00025E02F01220
:10F12000110204DEAF0012740282DEBB0012740012
:10F1300068AAF700926C0106AB170017BB0068DEE7
:10F14000EF001270028480C70012740068AAF700F2
:10F15000326F006CC4655672730068AAF70092742F
:10F1600000682B0300127400E845895AF7A1006D6E
:10F170005E856052740186E005610B0802835EBB08
:10F1800000127A0206ABD300127800E845C95AF79C
:10F19000A103BFDE02F0127900E845895AF7A10009
:10F1A0006E5E8554B2970205DEB700129300E02B25
:10F1B00097002AE501BC6003000AE700682C4700BD
:10F1C000127F00E82C47002B1101866002F5B7ADD5
:10F1D0000204DEFF00128900B02B9B0017A200B0D2
:10F1E0002A9B0017A10283AC2700128600682C8797
:10F1F000001287006D5E8564328700B02C7F001797
:10F20000A2006D2B96F452890184E002F7F7BF0249
:10F2100006DEFF00129300E02BC7020AF100B044A3
:10F2200067000AFC01182BC70017A1011A2BC700A1
:10F2300017A2006E5E87001291006DDE895E52910A
:10F2400003BFDE02F0129301BC6003000AF10186E5
:10F25000E002F7F7BF02025EFF00144D0068AAEB60
:10F2600000144D00B02AC7000ABA03BFDE02F01432
:10F270004D0182E002F7F7BF02862C2300129F00A7
:10F2800068B05B00129B0068305F00129F00E94489
:10F290006582D7A600E8C46982F7BB00E10EE2F4FC
:10F2A000C3B800E08EE6F763B902025EFF0012A762
:10F2B000020600C70012A402802BD30012A400B0E3
:10F2C0002B2B0017BB006E2B02F7744D02025EFF62
:10F2D0000012A700B04467000ABA03BFDE02F014B0
:10F2E0004D0205DEB70012B500682AF70872AA00C1
:10F2F000E8446555CAB600682C470012AC00E82CFB
:10F3000047002B1100E02B9F002AE700B02BA30041
:10F3100017A100B02A9B0017A20283AC270012B2EB
:10F3200000682C870012B3006D5E896432B300B0B0
:10F330002C830017A1006D2B9EF432B501BC600335
:10F34000000AE50068AAF700B2B800B04467000AF6
:10F35000EF00B0446B000AF30068AAF70132BC006A
:10F36000B04467000B0B02062BD30012BC00B02C7C
:10F370007B010B1E03BFDE02F0144D020701AB0040
:10F3800012BF0180600609D04E0204DEB70012C829
:10F390000283C5730012C201876006F577AB028253
:10F3A000DEB300144D0203C57300141C00E844656D
:10F3B0005637A1006D5E8555B44D01836006F5D7C3
:10F3C000AE03BFDE02F0144D00E10ED30023B40003
:10F3D000E08ED70003B502862C230012CD00B04486
:10F3E00067000C1600B0446B000C170206AC23003B
:10F3F00012D001846002F5B7AD0186E001610B080F
:10F400000206ABD30012D701BC6003000AD7006D1F
:10F4100045C71F52D400B045C7000AD700E0446575
:10F420005AF7BB00E85EEE2E2AB103BFDE02F012EF
:10F43000DC01BC6003000AD7006D45871F52DA006B
:10F44000B04587000AD700E044655AF7BB00E85E84
:10F45000EE2C2AB101836002F5D7AE0184E006F5F7
:10F46000B7AD0185E002F5B7AD01826002F7F7BFE5
:10F4700001856002F5B7AD01BC6003000B0500E833
:10F4800044655637A1006D5E855DD2E2006D5E85F4
:10F4900055B2E600E02B63002AD800B02A9300178B
:10F4A000B30206ABD30012F501BC600301917800F2
:10F4B000B045E300180000B045E7000AC401BC6095
:10F4C0000301B17800B045E300180000B045E70043
:10F4D0000AC501BC600301D17800B045E300180003
:10F4E00000B045E7000AC601BC600301F17800B036
:10F4F00045E300180000B045E7000AC703BFDE027D
:10F50000F0130101BC600300117800B045E300185E
:10F510000000B045E7000AC401BC60030031780078
:10F52000B045E300180000B045E7000AC501BC6023
:10F530000300517800B045E300180000B045E70033
:10F540000AC601BC600300717800B045E3001800F2
:10F5500000B045E7000AC70182E001610B0802071D
:10F56000AB1B0013040182E005610B0800B02B17F0
:10F570000017BB01285EEF000ABD01BC60131C57D9
:10F58000BB02182B1B00130B01182B1B0017A60026
:10F5900080DE9AF777BB00B041B70017B301342B78
:10F5A0001B0017A201182B1B0017A300682AF700E5
:10F5B00033180068AAF700931100685E8F00731A71
:10F5C00003BFDE02F0131800682AF7013317006842
:10F5D000AAF70053150068DE8B00731903BFDE0223
:10F5E000F013170068AAF700731A0068DE8B00D3C7
:10F5F0001900685E8F00331A00685E8F00131A01CD
:10F600008760055E8AF402032BD300132200682A68
:10F61000F702D31D0068AAF702B32201BC60131CD5
:10F6200057BB0234AB170013220134AB170017A6E7
:10F630000080DE9AF777BB00B041B70017B3020233
:10F640002C270013240186600560AB05006E2AF7A5
:10F6500001F3280088600557B7BB0020DEED5C533E
:10F660002B03BFDE02F0132E00E82AF70217BB00BF
:10F67000886006F777BB00205EED5C732E01856025
:10F6800006F5B7AD020480C300132E0184E00560C7
:10F69000AB05006E2AF701F3350088600557B7BB4C
:10F6A00000205EEF0193330186600160AB050068C6
:10F6B000AC470013390020DEED5A933803BFDE0259
:10F6C000F0133900E82AF70217BB00886006F777C5
:10F6D000BB00205EED5AB3390184600560AB0500C4
:10F6E00068AAF702F342010DAB170017A1010EAB98
:10F6F000170017A200685E8700134200E05E86F4E0
:10F7000057A100E05E87080ABD0186600160AB0575
:10F7100000682C470013420184600160AB050203BE
:10F720002BD300134E018360015AAAD500682AF733
:10F7300002D3490068AAF702B35E0068AAE7001383
:10F740004C0068AB2300134C0282DEBB00134C025A
:10F75000072B1B00134C0184600560AB0503BFDE63
:10F7600002F0135E0283C57300135E00025E02F0B6
:10F7700015BE0068AAF702B35E018360055AAAD5D8
:10F7800000E02C8F002B2301856002F5B7AD0068E7
:10F79000AAE700135E0068AB2300135E0282DEBBA3
:10F7A00000135E00B02AC30017A201342B1B001700
:10F7B000A1006EDE8706135900B02ABF0017A20011
:10F7C0006E5E8964735E01BC6003000B2301BC6044
:10F7D00003000ADA01856006F5B7AD0184E0056132
:10F7E0000B080068AAF700B36802075EFF00136801
:10F7F00001342B1B0017A3006DDE8D603368006899
:10F800005E8F0013680283AB1700136601836005E7
:10F8100060AB0503BFDE02F0136800B02BDB000A0B
:10F82000F000B0446B000AF70068AAF701337702D2
:10F8300002AC2700136B0186E00560AB050281ABCB
:10F84000D300137701BC6003000ADA00682C2F0094
:10F85000137700E844656177A1006D5E856193745C
:10F8600000B02C330017A200E05E8961B7A2006DE2
:10F87000DE86F453760200AC230013770185600521
:10F8800060AB0503BFDE02F013770180E001610B7E
:10F89000080068AAF701137A00B02AC7000AD1014C
:10F8A00087E006F7F7BF0207DEFF00137C0181E067
:10F8B0000560AB0500682AF700338100682AF7016C
:10F8C000F38102852BD300138000682AF70313818C
:10F8D0000068AAF700939201826006F7F7BF00B0B4
:10F8E0002AC7000AB90068AAF703138800682B2307
:10F8F00000138800B00013000ABD00B02B7F000A7F
:10F90000C003BFDE02F013910068AAF700939201D2
:10F910001C2B17000AC00106AB170017BB00685E5E
:10F92000EF00138F01BC6003006AC300B02C7B00A2
:10F930004B1E03BFDE02F0139100A82C7B004B1E70
:10F9400001BC6003008AC300B02AC7000AC80202D3
:10F95000DEBB00139F0284DEFF0013950206DEFF6C
:10F9600000139F00B02AD70017A2006DDE8955133F
:10F970009E00B02B9B0017A200B02A9B0017A1028B
:10F9800083AC2700139C00682C8700139D006D5EDC
:10F990008564339D00B02C7F0017A2006DAB96F4F8
:10F9A000539F0182E00560AB050286ABD30013AD27
:10F9B0000088600557B7A10020DE856393A500E8A5
:10F9C0002AF70217A100886006F437A100205E859F
:10F9D00063B3AB00682C6F0013AB01342B1B001713
:10F9E000A2006E5E8B0293AA00B02C7B002B1E033C
:10F9F000BFDE02F013AB00A82C7B002B1E0068AA10
:10FA0000F702F3AD00B04467000B1B00E05ECD547D
:10FA1000B7B301826002F5D7AE00B02C2B0017A15E
:10FA200000B02AD70017A2006D5E895513B4028674
:10FA30005EB70013C503BFDE02F013B6006D5E852E
:10FA40005FF3CA02812C230013C501BC601F07703D
:10FA50006501BC601F11506401BC601F11D7A40078
:10FA6000685A030013C10088580300F7A30134D873
:10FA7000030017A200E95E8E2337A301C3E002232F
:10FA800057A500E8DE8AF4B7A20068DE8B0013C138
:10FA9000006EDE8EF673C500E0419300306400E036
:10FAA0004197019065006D4192F493B903BFDE0266
:10FAB000F013CA00682AF70093CA00682AF70053B7
:10FAC000CA00682AF70073CA01826006F5D7AE0043
:10FAD000025E02F015BE01BC60131C57BB01342B43
:10FAE0001B0017A20080DE8AF777BB00B041B70089
:10FAF00017A200682AF70053D700682AF70253D7E5
:10FB000000682AF70273D700682AF70073D70068E5
:10FB10002AF70853D700682AF70873D700682AF72E
:10FB20000893D700682AF703D3D703BFDE02F01388
:10FB3000E60185E006F5B7AD00685E8B0013E100D5
:10FB4000B05E8B000AA60182E006F5D7AE00682CF5
:10FB50008B0013DE006E5E896453DE0181600563F5
:10FB6000CB1E00E02BAB002AEA006E5E896013E139
:10FB70000182600560AB0500E844655637A100B01E
:10FB800044670017A300682AF70893E500E85E8E33
:10FB9000F42AAE01846002F7F7BF0282DEB30014DC
:10FBA0004D0203C57300141C00B02AAB0017A2005D
:10FBB000B02AB30017A30068AAF70093F602802BBF
:10FBC000D30013F600B02B030017A1006D5E85581B
:10FBD00073F20180E00560AB0500682B4F0013F263
:10FBE00001BC6003000ABC00025E02F0159B0068C5
:10FBF0005E870013F600682BE70013F600B02BE7D2
:10FC00000017A200B02BEB0017A300685E8F001353
:10FC1000FF00682AEB0013FF00E844655757A10076
:10FC2000E05E8EF457A2006D5E86F453FF018160A2
:10FC30000560AB0500682B4F0013FF01BC6003009B
:10FC40000ABC00025E02F0159B0281AB2F00140477
:10FC500002005EFF0014040204452300140403A004
:10FC6000DE02F014040183E00560AB050281AC27DD
:10FC700000141C02862C1700144D0286AC170014C9
:10FC80004D028080BF00144D02825EBB00144D0205
:10FC9000822BD300141C0281AC1700141C0280AC10
:10FCA0001700141C02812C1700141C02822C170050
:10FCB000141C028881AB00141C0282AC17001415BE
:10FCC00002832B1700141C02832C170014150285C5
:10FCD0002C1700141502842C1700141C0284AC1776
:10FCE00000141C0283AC1700141C02845EB70014BD
:10FCF0001B0204DEAF00141B0281DEBB00141B01DB
:10FD000084E002F577AB00025E02F0159F03BFDED0
:10FD100002F0144D00E844655637A1006DDE8554AD
:10FD2000B4280206ABD30014210183E0022B915CBE
:10FD300003BFDE02F0144D0183E0022B915C01BC95
:10FD4000600318517800B045E30018000183600299
:10FD50002F317900A84138F9D7A100B05E84FE7038
:10FD60004E03BFDE02F0144D028101AB00142C02E1
:10FD70000081AB00143702842C170014370280ACCA
:10FD8000170014370206ABD3001435006BAC4223C6
:10FD9000343000E04467014B10018B60022B915C12
:10FDA0000287ABD30014330182600609D04E03BF33
:10FDB000DE02F014340182600209D04E03BFDE027D
:10FDC000F01436018360022B915C03BFDE02F01455
:10FDD0004D0206ABD3001440006BAC4223343B0011
:10FDE000E04467014B10018B60022B915C0287ABF2
:10FDF000D300143E0182600609D04E03BFDE02F03C
:10FE0000143F0182600209D04E03BFDE02F01446A7
:10FE1000018B60022B915C01BC600318517800B02B
:10FE200045E3001800018360022F317900A84138B2
:10FE3000F9D7A100B05E84FE704E00025E02F0129F
:10FE40001D02845EB700144D02832BD300144A00B8
:10FE5000682AF702B44D0184E006F577AB00E02B89
:10FE600027002AC903BFDE02F015870002DE02F078
:10FE700000000185E002F5B7AD01836002F5D7AE61
:10FE80000182E002F5D7AE0182E002F7F7BF0184FC
:10FE9000E002F7F7BF01BC6003000AD301BC6003B6
:10FEA000000AC801BC6003000AC001BC6003000A6C
:10FEB000EA018760015F6AFB01BC6003000C160168
:10FEC000BC6003000C170181600163CB1E0002DEE1
:10FED00002F00000020200BF0014B20283DEFF0045
:10FEE00014DA0183E006F7F7BF018560060B705B4B
:10FEF000018560060BF05F0206ABD300146601BCFF
:10FF0000600302116D00B02A9700116E028045ABAC
:10FF100000147A03BFDE02F0146901BC6003021111
:10FF20005D00B02A9700115E0280456B00147A02D2
:10FF300006ABD3001473006BAC4223346D00E04475
:10FF400067014B10018B60022B915C0287ABD300E1
:10FF500014700182600609D04E03BFDE02F01471F6
:10FF60000182600209D04E0188600E2D516A03BFE4
:10FF7000DE02F0147A018B60022B915C01BC6003FD
:10FF800018517800B045E3001800018360022F315A
:10FF90007900A84138F9D7A100B05E84FE704E0107
:10FFA00088600E2B515A00B0413F1FF04F00682A65
:10FFB000BB00148001846006F7F7BF01BC602F17F7
:10FFC00017A300E04466F46AB401BC6003000AAE03
:10FFD00000025E02F0144E00E844695FD7A1006E93
:10FFE000DE8700348A00B02BD7000AF001BC600322
:10FFF000000AEF00682AEB00148A00B04467000A88
:020000041004E6
:10000000B900E84465554ABA00B02AB30017A10008
:10001000E82AEAF42ABA028080BF0014970281DE3F
:10002000BB0014A80206ABD300148F0204C5AF00B6
:10003000149703BFDE02F014900200456F0014977E
:100040000283C5730014970206ABD300149501BC5C
:1000500063FF1FF7A10068C5C6F434A803BFDE0222
:10006000F0149701BC63FF1FF7A10068C586F43444
:10007000A80206ABD300149E018B600E2B915C028C
:1000800087ABD300149C0182600209D04E03BFDE0F
:1000900002F0149D0182600609D04E03BFDE02F01B
:1000A00014A4018B600E2B915C01BC600318517885
:1000B00000B045E3001800018B2B2E2F317900A8EA
:1000C0004138F9D7A100B05E84F9B04E0184E00256
:1000D000F5B7AD0184E002F577AB0185E001610B76
:1000E0000803BFDE02F015920206ABD30014AB008A
:1000F000025E02F0121D03BFDE02F014AD01836048
:10010000022B915C00025E02F0121D0184E006F5F4
:10011000B7AD0184E006F577AB0206ABD30014B1AE
:1001200001846005610B0803BFDE02F01592018DAA
:1001300060020BF05F0206ABD30014B60188600EBC
:100140002D516A03BFDE02F014B70188600E2B51F7
:100150005A028181AB0014C80206ABD30014C1005F
:100160006BAC422334BC00E04467014B10018B6050
:10017000062B915C0287ABD30014BF018260020999
:10018000D04E03BFDE02F014C00182600609D04EDB
:1001900003BFDE02F014D7018B60062B915C01BC1B
:1001A000600318517800B045E30018000183600235
:1001B0002F317900A84138F9D7A100B05E84FE70D4
:1001C0004E03BFDE02F014D70206ABD30014D100F9
:1001D0006BAC422334CC00E04467014B10018B60D0
:1001E000022B915C0287ABD30014CF018260060919
:1001F000D04E03BFDE02F014D00182600209D04E5F
:1002000003BFDE02F014D7018B60022B915C01BCAE
:10021000600318517800B045E300180001836002C4
:100220002F317900A84138F9D7A100B05E84FE7063
:100230004E0184E002F5B7AD0184E002F577AB0032
:10024000025E02F0144E0002DE02F0000000B04434
:100250006B000AFE0202DEB30014E70206ABD30015
:1002600014E5018360062B915C0287ABD30014E296
:100270000182600209D04E03BFDE02F014E3018266
:10028000600609D04E00025E02F0121103BFDE02CA
:10029000F014E7018360062B915C00025E02F0120D
:1002A0001101866005610B08020200BF00150C01F8
:1002B00083E002F7F7BF0203C5730014FC0200805D
:1002C000BF0014FC0206ABD30014F5006BAC422354
:1002D00034F000E04467014B10018B600E2B915C01
:1002E0000287ABD30014F30182600209D04E03BF32
:1002F000DE02F014F40182600609D04E03BFDE0274
:10030000F0150B018B600E2B915C01BC6003185142
:100310007800B045E3001800018B2B2E2F317900B7
:10032000A84138F9D7A100B05E84F9B04E03BFDE12
:1003300002F0150B0206ABD300150500E044670080
:10034000B7BB006CC466F774FE018B60022B915C36
:100350000287ABD30015030182600609D04E03BFAC
:10036000DE02F015040182600209D04E03BFDE02F6
:10037000F0150B018B60022B915C01BC60031851DE
:100380007800B045E3001800018360022F31790046
:10039000A84138F9D7A100B05E84FE704E0182E01A
:1003A00002F597AC0002DE02F0000001BC60030021
:1003B00037A20020E3FE0915680020E0420D956891
:1003C00002845EB30015680280420300156802844F
:1003D000452300156803915E02F015680068AB4F75
:1003E0000015680282DEFF00156800682ABB001550
:1003F0001900E8446555D7B900E82A9AF737B902D9
:10040000805EFF00159B020180C700159200B02A94
:10041000D70017A1006DDE855515920282DEB3006C
:1004200015680203C573001549020480C700154909
:1004300000685E8B00152E0284AC2300152E02038B
:10044000C5730015490202ABD300152502855EBBBA
:100450000015260282DEBB00154900B02B83001771
:10046000A1006EAB6AF4352E0203C5730015490076
:10047000682A9B00152D00682ABB00152E006ADE35
:10048000E554F549006ADEE55A554900682AE70057
:10049000154902941DF30015310203DE5300153691
:1004A00003BFDE02F0153401141DF30017A60090FF
:1004B0001CBAF4D7A602005E9B00153600B02B874D
:1004C000000AA703BFDE02F0159201BC60030257C9
:1004D0009201BC63FF1FF0C301BC60030910E3017C
:1004E000865E8A1C70E3018460061C70E300682A43
:1004F000EF00153D0185E0061C70E301BC600303BD
:10050000978200025E02F0157200B054130010E4EE
:1005100000E043915B30E401BC60030010EE01BCDD
:1005200063FF1FF0CE00E02AEF002ABB01BC61038D
:100530000077A601141DF30017A200B05E8B000C1B
:100540001801BC610303EC1903BFDE02F01562025F
:10055000845EB700156801BC60230890E600025E67
:1005600002F0016A00B05ECF0010E40068AAF70054
:1005700035520205AC2300155200E82ACE2337A3DA
:10058000006DDE8E1C955200B05E8F0010E4006896
:100590002A9B00155A00B02ADB0010E40206ABD3F8
:1005A0000015570284C5AF00155A03BFDE02F015CF
:1005B000580280456F00155A00695EE700155A0021
:1005C000E05EE556D0E40282DEBB00155E00682ADC
:1005D000F700155E00E10EDA1C83B600E08EDF0046
:1005E00003B701BC600301D78200025E02F01572FE
:1005F00001BC61030077A603BFDE02F0156200B004
:10060000004700108600025E02F015F800025E024C
:10061000F010700190600A09104801846006F59797
:10062000AC00B05E9B0010800002DE02F000000211
:10063000805EFF00156D0281DEBB00156D0201803A
:10064000C7001592020480C700159201806002F76E
:10065000F7BF0280C28F0015930201DEBB00159325
:1006600001BC60030017A203BFDE02F0150E006894
:100670005E4B0635790285DEFF00158000B02B3712
:100680000017A1006DAAEEF4358001BC60030137AC
:100690008000B02B3B0017A1006D2AEEF4357B02E1
:1006A000812BD300157B01BC600301778001BC6006
:1006B0000300378100025E02F0014301D2DE0AA08E
:1006C00030E000B0540B0010E103BFDE02F01586ED
:1006D0000280ABD300157901BC600301578001BCD7
:1006E000600300178100025E02F0014300B054076E
:1006F0000010E000885E0B0070E10002DE02F000F6
:100700000000682AF30015920204DEAF0015920083
:10071000E844655797A4006E5E9154F59200885E98
:10072000930037A4006D5E9154F59200025E02F0D2
:1007300015E303BFDE02F0159F00E844655797A458
:1007400000885E930037A400025E02F015E303BF49
:10075000DE02F0159F0284DEAF0015960181E002F3
:10076000F5D7AE03BFDE02F0159F00682B670015BA
:100770009B00E044655B2AD300682B6B00159A0050
:10078000E044655A4AD30002DE02F00000018060B6
:1007900006F7F7BF00682AF300159F00E844655785
:1007A00097A400025E02F015E301846002F597ACA5
:1007B00001BC6003000ABC01BC6003000AD301BC99
:1007C0006003000ABB0104DEAF0017A101845E864E
:1007D000F5B7AD0284DEAF0015A8018060060D906C
:1007E0006C0002DE02F000000285AC230015BD02A1
:1007F00003C5730015BD00B02A8F0017A30202AC19
:10080000230015AD00B02AAF0017A30202DEBB0023
:1008100015AF00B02A8B0017A300E04466F46AB35A
:100820000185E005610B0800B04467000B03020678
:10083000ABD30015B7006BAC422335B600E044677C
:10084000014B100183E0022B915C03BFDE02F01527
:10085000BD0183E0022B915C01BC6003185178005C
:10086000B045E3001800018360022F317900A841F0
:1008700038F9D7A100B05E84FE704E0002DE02F0AF
:1008800000000202DEB30015C90206ABD30015C793
:10089000018B600E2B915C0287ABD30015C40182E3
:1008A000600209D04E03BFDE02F015C5018260066A
:1008B00009D04E00025E02F0121103BFDE02F015F5
:1008C000DB018360062B915C00025E02F0121102D4
:1008D00003C5730015CE0284DEAF0015CE0281DEA3
:1008E000BB0015CE02805EFF0015CE02045EB7008D
:1008F00015E20206ABD30015D5018B600E2B915C7F
:100900000287ABD30015D30182600209D04E03BF2A
:10091000DE02F015D40182600609D04E03BFDE026C
:10092000F015DB018B600E2B915C01BC600318514C
:100930007800B045E3001800018B2B2E2F31790091
:10094000A84138F9D7A100B05E84F9B04E0183E028
:1009500001610B0801846006F5B7AD0184E002F582
:1009600077AB01BC6003000ABB01846002F597AC61
:100970000185E001610B080186E001610B080002BE
:10098000DE02F0000000682B5B0015E500B02B5B79
:100990000017A4006D5E915555E700B02AAB001713
:1009A000A400882B070037A500E82B0AF4AAC20090
:1009B000885E930037A400E02B0AF48AC200902BD3
:1009C0000B00AAC100B02B07000AA70002DE02F04C
:1009D000000003A0DE02F015F1020042030015F151
:1009E00000025E02F00D2F0183E005610B08018417
:1009F0006002F5B7AD0184E006F577AB01BC60039A
:100A0000000ABB01846002F597AC00B04467000A9D
:100A1000BC0002DE02F00000010C81430017A101BE
:100A2000BC600300508A00685E070016020068DEA2
:100A30008700360201BC600300B08A00685E0700D0
:100A400036020282DE0300160201BC600300908AB7
:100A50000283DE0300160200E0600AF4D08A006818
:100A60005E0700160A0190422AA1308A00685E07DC
:100A700000360A0190422AA0108A0109DE030017FD
:100A8000A2018F5E8A11508A00685E8B00160A01EF
:100A900091E00E11508A0002DE02F000000109DE32
:100AA000030017A400E05A06F497A500905E96F4A0
:100AB00097A50203DE030016120282DE030016125F
:100AC00001BC61EF0857A60080DE96F4D7A5011699
:100AD000DE870017A300885E870077A100E15E87AC
:100AE00002D7A100E0DE8F0017A301BC600300174E
:100AF000A2020E5E0300161901BC60030037A200BB
:100B0000905E96F457A50080DE96F437A100E1418F
:100B1000B7FFF7A600E1DE8701F7A10080DE96F4BB
:100B200077A300E1DE860DB7A100E0DE8F0017A3FA
:100B3000017A5E86F477A100885E86F457A100B042
:100B40005E870017A20287DE0300162600885E87F4
:100B50000057A103BFDE02F0163302875E030016C2
:100B60002D01BC639B0CD7A50080DE86F4B7A100E5
:100B7000E141B7FFF7A500E0DE870017A100885E1E
:100B8000870057A103BFDE02F0163300885E87009E
:100B900057A101BC639B0CF7A50080DE86F4B7A1CA
:100BA00001BC62030017A500E141B6F4B7A500E05F
:100BB000DE870017A100E05E8400D7A10002DE02FC
:100BC000F0000002001FF70000120282DE53001640
:100BD0003B0188600204902400E02092F308240086
:100BE000E8208EF3082303BFDE02F00B3701B86064
:100BF0001604902401BC600301D02503055E02F0B9
:100C0000164C0287C037000C9E0386DE02F00CA152
:100C100000025E02F01236035CDE02F0163D00D8E0
:100C2000409B0117A100E05E8702379800A85E6331
:100C30000077980102DE530017A10182E002F297CB
:100C4000940188DE84FFA7FD006EA08EF3164C0091
:100C5000E85E6301D02501B8600604902403BFDE7E
:100C600002F0000201816004FFA7FD01B8600A04E0
:100C7000902403BFDE02F0000202285E87001662A5
:100C800000B041930017A400E04193007064010A92
:100C90005E870017A200E84192F4506301185E8756
:100CA0000017A100E86042F437A200885602F4362B
:100CB000000068418EF4965E00E8418F00306300CA
:100CC000E8419300306400685E8B0216560090562F
:100CD00002F457A300B05806F4760103BFDE02F019
:100CE000165600684192F4966200E8419300306421
:100CF00001BC600300160003BFDE02F0165E00B008
:100D00005E870017A10002DE02F000000180600291
:100D100086143000B050CB001065013850830017A6
:100D2000A10068DE3B06366A00E05A3300368C00CC
:100D30006EDA32F4201200B05A0B0017A201BC6325
:100D4000FF1FF7A300B050CF001064006EDA32F43A
:100D5000366F00B05A370017A300B058130017823F
:100D600001BC600300160401BC601B1FD7B6010262
:100D7000D0C70017A100E04196F4306500E050CBE9
:100D800000D06401BC60030017B401BC600300170D
:100D90008001BC6003003781018760040310A0005C
:100DA0009052330097A400E0418701B7B500685E18
:100DB000D2F0569600E05EDAF690630020D802F09A
:100DC000368A020250C7001690009056030097A181
:100DD00000E85E86F497A1019E6002F437A1006DE1
:100DE000DE87081690010A5E870017A201DA60020A
:100DF000F437A100E05ED6F4506300886006F43753
:100E0000A100205602F4369000B05802F0360000DF
:100E1000E05A2B00368A006ADED2F4768C0068DE57
:100E2000D2F0169100E05E0300378000685E030098
:100E300036910186E0040310A003BFDE02F0169194
:100E4000006ADED2F4768C00E05ED30037B400D0C6
:100E50005E0700378102985ED300167B00E0419365
:100E600000306403BFDE02F0167B00685E03000002
:100E70001203BFDE02F006CC0282D0C70016A0002B
:100E8000B02A370017A101B82A32F4368401025083
:100E900013001685013C50830017A100B050A70035
:100EA00017A4006D5A32F436A90182E00686343167
:100EB0000288502B0016A500B05A330017A1019EDE
:100EC0005E8684F427018360068634310002DE02E8
:100ED000F0000000B050730017A101B8506EF43656
:100EE000840106D00700168500B050AB0017A4009F
:100EF000D06006C0978000E0419700D7B5010A583E
:100F0000130017A100E05ED6F437B500B0580F000B
:100F10001063011656030017810068D8130016BE2F
:100F2000011400630017A10068DE870016B4008872
:100F3000013B01168003BFDE02F016B90068DE87B0
:100F40000076B700A0013BE0168003BFDE02F0167A
:100F5000B900E05E870970620088540301168000C2
:100F6000E85A0330168001BC600300168101BC60A2
:100F70000300168201BC600300168303BFDE02F08B
:100F800016C300E0418EC09063006EC18EC036C3B0
:100F900000E8418EC0306300E858030037A100E04C
:100FA000418EF43063013850A30017A50068581330
:100FB00003F6DE0068418EC056DE006DDA0AF4B634
:100FC000DE011656030017A10068DE86F036DE014A
:100FD0005856030017A100E05E870DD7A200B05E4F
:100FE000D70010620020DE02A016D500E05E86D099
:100FF00037A300E05E8ED077A3006D5A02F456DE70
:10100000006E5E8EF496DE00E86002F4368300B077
:101010005E8F00168100A05A0F00768300E05A0B05
:1010200000368200E85A02F4568000D05E03003792
:101030008000E0581300360400E0418F0030630266
:101040009858130016DB00E05ED70037B5006EC17C
:101050008EC036C400B0580300106303BFDE02F038
:1010600016C400B058130017A10068DA370016E163
:1010700000B05E8700168D006DDE86D1B6E300B04D
:101080005E8700168D0002DE02F0000001BC6003E6
:101090000017A1018760040310A001BC6003099040
:1010A000B500B0006300F0B401BC60570310B60196
:1010B000BC60030090B500B0006300B0B400B04263
:1010C000D30018000317DE02F016EC0397DE02F0DF
:1010D00016ED00B02A3300142F018EE00C0310A08F
:1010E000006DDE02D1B6F300E85A36F0168D03BF6C
:1010F000DE02F016F501BC600300168C01BC600333
:1011000000168D006E5A3AF016F801BC6003001606
:101110008E03BFDE02F016F900E85A3AF0168E0090
:10112000B058070017A100E0580EF01603006ED863
:101130000EF436FF00E85E86C017A100E8580EF4F2
:10114000360300E8580F00360301185E030017A1AC
:10115000006DDE0302170700E86042F437A200903A
:101160005A1AF4368600885A1EF457A200905A1E66
:10117000F4368700B05A1AF4568603BFDE02F01721
:101180000900905A1EF4368601BC600300168700E1
:1011900002DE02F000000158600300102A01B8606E
:1011A0000A04902401BC60030290040189E0020D4E
:1011B000906C0002DE02F000000200DE53001719FE
:1011C00001BC60170777A100025E02F0012700B0A2
:1011D00040670017A200B05E8B0057A200025E02BB
:1011E000F0012B01BC600303378001BC60030017D2
:1011F0008100025E02F011320002DE02F000000106
:10120000BC600303378000025E02F0112D0183E011
:1012100006F037810181E006F0378100025E02F0BE
:10122000113200B05E070017A200E044670B57A11F
:10123000006B4466F4372001BC6003113780000264
:101240005E02F0112D01806006F0378100025E021F
:10125000F0113201BC600300978000025E02F011C1
:101260002D01806006F0378100025E02F01132002D
:10127000E044670157A1006B4466F4372A01BC6063
:101280000303378001A0607EF4578100025E02F004
:10129000113200E044670797A1006B4466F4372FD2
:1012A00001BC600311578000025E02F0112D018421
:1012B0006006F0378100025E02F0113200B05E0776
:1012C0000017A201BC60030A378000025E02F01121
:1012D0002D01806002F0378100025E02F0113200C1
:1012E000E044670037A1006B4466F4373A01806040
:1012F00006F0378100025E02F0113201BC60030883
:10130000578000025E02F0112D018A6002F03781E1
:1013100000025E02F0113200E044670037A1006B6A
:101320004466F43742018A600EF0378100025E02A3
:10133000F0113200E044670657A1006B4466F437B1
:101340004601BC60030CB78000025E02F0112D0262
:1013500080DE0700173001BC6003115780018460F4
:1013600002F4578100025E02F0113201BC600300FA
:1013700037A30206ABD30017510284C5AF0017593B
:1013800003BFDE02F017520280456F00175901BCFF
:1013900060030017A3018B600E2B915C01BC6003FE
:1013A00018517800B045E3001800018B2B2E2F3127
:1013B0007900A84138F9D7A100B05E84F9B04E0198
:1013C000BC60170777A100025E02F0012700B04061
:1013D000670017A200A85E8B0057A200025E02F011
:1013E000012B00E044670157A1006B4466F4375FAE
:1013F00001BC600301B7A101BC60030477A2000235
:101400005E02F0012B01BC60130AF7A101BC60036E
:101410000017A200025E02F0012B01BC600301175D
:10142000A400E85E930037A401BC600301D7A100CB
:10143000B05E930017A200025E02F0012B01BC60B7
:10144000130AD7A101BC60030017A200025E02F0DC
:10145000012B0068DE9300176700685E8F0017712C
:101460000002DE02F0000001BC60270CB7A101BC45
:1014700060030197A200025E02F0012B01BC60270D
:101480000EB7A101BC60030137A200025E02F001A9
:101490002B01BC60030657A401BC60030077A301C5
:1014A000BC60130957A100025E02F00127018060B1
:1014B000060337A200025E02F0012B01806002F4F5
:1014C00057A200025E02F0012B00E04466F497A1EF
:1014D000006B4466F4378000E85E8F0037A3006835
:1014E0005E8F00178701BC60030317A401BC60274F
:1014F0000F17A100025E02F001270068C0671FF706
:101500007901BC60270EB7A101BC600301F7A200FE
:10151000025E02F0012B0002DE02F000000002DE9B
:1015200002F000000200DE5300179D01BC60130EA4
:1015300077A100025E02F0012700A040673FEC4463
:1015400001BC60131497A100025E02F0012701960E
:10155000E0020337A200025E02F0012B01BC60131F
:1015600009B7A100025E02F001270187600203377C
:10157000A200025E02F0012B01BC60130997A100DA
:10158000025E02F00127018760060337A200025EB7
:1015900002F0012B0002DE02F0000001BC607300CB
:1015A00017A301BC60131497A100025E02F001278B
:1015B00000A04066F477A40196E01EF497A300B063
:1015C0005E8D8897A200025E02F0012B01BC6013C1
:1015D00009B7A100025E02F0012701876006033708
:1015E000A200025E02F0012B01BC60130997A1006A
:1015F000025E02F00127018760060337A200025E47
:1016000002F0012B0002DE02F000000068DE930011
:1016100017B100E05E030057A201095E8B0017A11D
:1016200003BFDE02F017B90068DE930037B5011082
:101630005E030017A200E05E8B0097A103BFDE02ED
:10164000F017B901305E030017A200E05E8B01972E
:10165000A1006D5E870597B901BC60030597A100E5
:1016600002DE02F0000000682BCB0017BF00B02B99
:10167000F30017A100E05E855FB7A1006BDE862353
:1016800037BF0186E006F7F7BF0002DE02F0000078
:1016900000681F330017CD020200BF0017C302030A
:1016A00045730017CD0285C5230017CD00681F3391
:1016B0000037CB00B01FC70017A100025E02F00187
:1016C0002700A84064F9D7A200B05E88F9B7A2004D
:1016D000025E02F0012B03BFDE02F017CD00A8412D
:1016E00038F9D7A100B05E84F9B04E0002DE02F0F6
:1016F0000000020200BF0017C3020345730017CDAC
:101700000158600300102A0189E0020D906C01BCB1
:10171000600300900400B040130017A10002DE0235
:10172000F00000018260060F10780207C1E3001785
:10173000D601BC60030C17A301BC600300907601C6
:10174000BC600300107700025E02F0013401BC604F
:10175000030C97A300025E02F0012F00886011873E
:1017600057A101BC5E860EF07700025E02F00134E4
:1017700001BC60030C17A301BC600300B07601BC80
:10178000600300107700025E02F0013401BC6003C8
:101790000C97A300025E02F0012F008860058757B6
:1017A000A101BC5E860ED07600025E02F00134011B
:1017B000BC60030017A300025E02F0012F018560E8
:1017C000060ED07600025E02F0013401BC60030C0C
:1017D00017A301BC600300307601BC6003001077E2
:1017E00000025E02F0013401BC60030C97A300020A
:1017F0005E02F0012F01AC60A20EF07700025E02E3
:10180000F0013401BC60030017A300025E02F00186
:101810002F018560060ED07600025E02F0013401D1
:10182000BC60030C17A301BC600300307601BC60F0
:101830000300107700025E02F0013401BC60030C6B
:1018400097A300025E02F0012F01AC60020EF07758
:1018500000025E02F0013401BC60030017A3000225
:101860005E02F0012F018560060ED07600025E0256
:10187000F00134018260020F10780002DE02F000F5
:101880000001BC60130817A100025E02F0012701ED
:101890008060020337A200025E02F0012B01BC60EF
:1018A000030037A100025E02F001270188600E03E9
:1018B00037A20068B0EB0018100188600A0337A255
:1018C00000025E02F0012B01BC601B0657A1000262
:1018D0005E02F00127018830EA0337A200025E02AF
:1018E000F0012B00025E02F017D501BC601308174F
:1018F000A100025E02F00127018060060337A2000A
:10190000025E02F0012B0002DE02F0000001BC606A
:10191000430890E600025E02F0016A01BC604F11CC
:1019200010E40190600A09104801BC600300000641
:1019300001BC600301D78201D2DE0877F0E000B07D
:101940000F030010E100B0004700108600B00F1F29
:1019500000108A01BC600300378100025E02F010B3
:101960007001BC60030010BB01BC6103001080016A
:1019700082600610308103D05E02F003940002DE24
:1019800002F0000000681F830018820280420300FA
:1019900018820285C52300188200681F8F003882D4
:1019A00000681F8B00385F01BC60130817A100029C
:1019B0005E02F00127018060020337A200025E028E
:1019C000F0012B01BC601B1B57A100025E02F0015D
:1019D0002700B04067000C3E0182E0060337A200FA
:1019E000025E02F0012B01846006F457A200025E41
:1019F00002F0012B01BC60270F37A100025E02F04C
:101A0000012700B04067000C3F018860060337A241
:101A100000025E02F0012B01BC60271597A10002B5
:101A20005E02F0012700B04067000C40019B601689
:101A30000337A201806006F457A200025E02F001A3
:101A40002B01BC60131077A101BC600B0017A20032
:101A5000025E02F0012B01BC60131057A100025E70
:101A600002F0012701B860820337A200025E02F093
:101A7000012B01BC60131037A100025E02F00127A8
:101A80000180E0020337A200025E02F0012B01BCDC
:101A900060030007E201BC60030007E30068310F48
:101AA00000185700E044658867E103BFDE02F018C4
:101AB0005800E044670807E101BC60131037A1003B
:101AC000025E02F00127018060060337A200025E79
:101AD00002F0012B01BC60030027E200025E02F06D
:101AE0000127020040670018730280420300187348
:101AF0000285C52300187301BC60131037A10002D2
:101B00005E02F0012702004067001866006CC464A2
:101B1000FC385F00E03107002C4100E0310B002C65
:101B20004201BC601310F7A100025E02F001270021
:101B3000B0406700018401BC601310D7A100025EB1
:101B400002F0012700B0406700018501BC602B1343
:101B500057A100025E02F0012700B0406700018635
:101B600001BC60131117A100025E02F0012700B052
:101B7000406700018701BC60271597A100B03103C1
:101B80000017A200025E02F0012B01BC60270F3794
:101B9000A100B030FF0017A200025E02F0012B018D
:101BA000BC601B1B57A100B030FB0017A200025EF7
:101BB00002F0012B01BC60130817A100025E02F0C5
:101BC0000127018060060337A200025E02F0012BAC
:101BD00001BC60030007E201BC60030007E000B045
:101BE0005E870017A10002DE02F0000001BC600366
:101BF000000C2500B030CB00179E00B030CF00178E
:101C00009D00B030D300179C00B030D700179B0365
:101C1000BFDE02F00A1A0000000000000000000011
:101C200000000000000000000000000000000000B4
:101C300000000000000000000000000000207EC046
:101C40000000000000000000000000000000000094
:101C50000000000000000000000000000000000084
:101C60000000000000000000000000000000000074
:101C700000000000000000000000000000207EC006
:101C80000000000000000000000000000000000054
:101C90000000000000000000000000000000000044
:101CA000000020000000401101000000000080162C
:101CB00001008000000080160100800300008016F3
:101CC000000000400000801A2100E00300008016A0
:101CD000000200400000801A100200400000801A3C
:101CE000100202400000801A6100E003000080162C
:101CF000100200400000801A6101E013000080160D
:101D0000300200400000801A100200400000801ADB
:101D10001C0200400000801A000200000000801A2F
:101D20001C0A00400000801A1C0A20400000801A93
:101D30001FCA20400000801A1FCA20400000801ADD
:101D4000010000000000801E090000000000801E4D
:101D5000000000000000800200000000000080027F
:101D60000000000000008002080000000000801E4B
:101D7000000000000000801E010000000000801E26
:101D8000110000000000801E1FCA20C00000801A41
:101D90001FCA20C00000801A5FCA20C00000801A3D
:101DA000B06400000000800E0000280000008012D7
:101DB000110000000000801E00000000C8254285C0
:101DC0000000000000004001000000000000400191
:101DD00000000000000040015FCA204000004019E0
:101DE0001FCA204000004019010000000000401DF3
:101DF000010000000000401D010000000000401D27
:101E0000090000000000401D1FC2204000004019D2
:101E10000F0000000000401D1FC220C0000040193C
:101E20001BC220C000004019207D00000000400DB2
:101E3000000020000000401100000000330442892F
:101E40000000000000004001000000000000400110
:101E500000000000000040011BC2204000004019AB
:101E6000090000000000401D1BC220400000401976
:101E7000010000000000401D000000000000401DA7
:101E80001FC2204000004019010000000000401D5A
:101E9000090000000000401D1FC220400000401942
:101EA0000B0100000000401D1FC220C000004019AF
:101EB0001BC220C000004019C07700000000400D88
:101EC000000028000000401100000000331C42897F
:101ED0000000000000004001000000000000400180
:101EE00000000000000040011FC220C00000401997
:101EF0001FC220C0000040196100E013000040151F
:101F0000000000000000400100000000000040014F
:101F100000000000000040016101E01300004015D6
:101F200013C220C000004019610180130000401559
:101F30000A0100000000401D13C220C0000040192B
:101F400008040000000000F800000000000040014C
:101F500000000000000040010000000000004001FF
:101F600000000000000040010000000000004001EF
:101F700013C22040000040190B0100000000401D6A
:101F800013C220C000004019000000000000400102
:101F90000000000000004001030100000000401D9F
:101FA00013C220400000401900000800000040114A
:101FB000610180130000401561018013000040158D
:101FC00061018013000040151FC22040000040192D
:101FD0001FC22040000040191FC2204000004019CD
:101FE0000B0100000000401D0B0100000000401D1F
:101FF0001FC220C0000040191BC220C000004019B1
:10200000C37700000000400D0000080000004011F0
:1020100000000000131C4288000000000000400186
:10202000000000000000400100000000000040012E
:102030001BC2204000004019090000000000401DA4
:102040001BCA2040000040191FCA20400000401950
:10205000090000000000401D1FC220400000401980
:102060000F0000000000401D1FC220C000004019EA
:102070001BC220C000004019237D00000000400D5D
:10208000000000000000401100000000130442881E
:1020900000000000000040010000000000004001BE
:1020A00000000000000040011BC220400000401959
:1020B000090000000000401D1BCA2040000040191C
:1020C000010000000000401D1FCA20400000401910
:1020D000110000000000401D1FCA204000004019F0
:1020E0001FCA20C0000040191FCA20C000004019AC
:1020F0001FCA20C0000040195FCA20C0000040195C
:10210000B06400000000400D000008000000401115
:10211000110000000000401D00000000B8254284AE
:10212000000000000000400100000000000040012D
:1021300000000000000040015FCA2040000040197C
:10214000010000000000401D1FCA2040000040198F
:102150001FCA204000004019000000000000401D80
:102160001C0A2040000000181C0A20400000001833
:102170000000000000000010000000000000001C33
:1021800061018013000000141C0A204000000018A8
:102190006101800300000014100A204000000018B4
:1021A000000A204000000018000A0040000000184B
:1021B00041018003000000140008004000000018E6
:1021C000000010000000001000080240000000188D
:1021D000000803400000001800080240000000183A
:1021E000000800400000001800000000000000107F
:1021F000000800400000001800080040000000181F
:1022000041018000000000144101000000000014A2
:102210004001000000000014000802400000001807
:102220000001000000000014000800400000001839
:10223000000800C000000018080C000000000004A6
:1022400008080000000000FC000000000000000082
:10225000000000000000000000000000000000007E
:102260000C715D48075F3100B3C9A561005B234B6A
:10227000452524472808000000000000941DC513D0
:1022800001BD32080100343334333961302D726FAF
:102290006D6C2F7364696F2D672D706F6F6C2D706F
:1022A00032702D69647375702D6964617574682D61
:1022B000706B7466696C7465722D6B656570616CAA
:1022C0006976652D616F652D6C70632D7377646918
:1022D000762D7372666173742D66756172742D62EA
:1022E0007463782D6E6F636C6D696E632D636C6DB6
:1022F0005F6D696E2D6662742D6D66702D736165FC
:102300002D776F776C70662D746B6F2056657273C6
:10231000696F6E3A20372E39352E34392028323203
:10232000373162623620435929204352433A2062B2
:102330003761323865663320446174653A204D6FE9
:102340006E20323032312D31312D32392032323A55
:1023500035303A3237205053542055636F6465202E
:102360005665723A20313034332E323136322046BF
:102370005749442030312D633531643934303000D1
:10238000FA00445649442030312D623062343532EF
:1023900030660000000000000000000000000000A7
:1023A000000000000000000000000000000000002D
:1023B000000000000000000000000000000000001D
:1023C000000000000000000000000000000000000D
:1023D00000000000424C4F423C000000FA69E0BBA4
:1023E0000100000002000000000000003C000000AE
:1023F000980300000A6F2B5200000000000000004C
:10240000D403000004000000A0B0E5E200000000DA
:10241000434C4D204441544100000C0002005261E5
:102420007370626572727950692E5069636F5700DC
:102430000000312E32392E34000000000000000070
:1024400070000000436C6D496D706F72743A2031FA
:102450002E34372E31000000000000000000000084
:10246000000076352032322F30362F323400000013
:102470000000000000000000010B010D0C0D000029
:1024800068030000740100006800000030010000D3
:102490007C010000000000004C010000460100002B
:1024A0005803000000000000280100009003000015
:1024B000880300007FB20000000000000000000060
:1024C000000000000000000000000000000000000C
:1024D0000000000000000000700300000000000089
:1024E00032010000000000000000000000000000B9
:1024F00000000000000000000000000000000000DC
:1025000000000000000000000000000000000000CB
:1025100000000000000000000000000000000000BB
:1025200000000000000000000000000000000000AB
:1025300000000000000000003400000081010000E5
:102540000102323032322D30362D32342030363ADC
:1025500035353A3038000000FF0000000100FF016F
:102560001E0000014800010100FF011400000148A5
:1025700000010000FF000000020000011E01000138
:1025800048010100000000000000000000010001FF
:1025900001236E000200FFFFF00041540001000122
:1025A000FFC000415500010001FFC000424500018D
:1025B0000001FFC000425200010001FFC000434182
:1025C0000000FF00FFCC00434800010001FFC000F5
:1025D000434C00010001FFC000434E00010001FF19
:1025E000C000434F00010001FFC000435A0001003A
:1025F00001FFC00044450001FF01FFCC00444B0037
:10260000010001FFC000454500010001FFC0004579
:102610005300010001FFC000465200010001FFC04D
:1026200000474200010001FFC000475200010001C5
:10263000FFC000484B00010001FFC00048550001E9
:102640000001FFC000494C00010001FFC000494EDD
:1026500000010001FFC000495300010001FFC0005C
:10266000495400010001FFC0004A5000010001FF71
:10267000C0004B4500010001FFC0004B52000100AB
:1026800001FFC0004C4900010001FFC0004C540094
:10269000010001FFC0004C5500010001FFC0004CCB
:1026A0005600010001FFC0004D5400010001FFC0B1
:1026B000004D5800010001FFC0004D59000100010C
:1026C000FFC0004E4700010001FFC0004E4C00015A
:1026D0000001FFC0004E4F00010001FFC0004E5A34
:1026E00000010001FFC000504500010001FFC000D3
:1026F000504800010001FFC000504C00010001FFE4
:10270000C000505400010001FFC00053450001000B
:1027100001FFC000534700010001FFC00053490002
:10272000010001FFC000534B00010001FFC0005435
:102730004800010001FFC000545200010001FFC029
:1027400000545700010001FFC00055530000000075
:10275000FFC00058580003FF02FFCC005A4100019F
:102760000001FFC000010D01000148000000014808
:1027700000000001480100000100000055030000B6
:102780000A0C0D0E0F1011121314150C0001020388
:102790000405060708090A0B0000000000000000FD
:1027A0000000000000000000AFA900004E5652419A
:1027B0004D5265763D2452657624006D616E6669E2
:1027C000643D30783264300070726F6469643D300B
:1027D00078303732370076656E6469643D30783121
:1027E0003465340064657669643D3078343365322D
:1027F00000626F617264747970653D30783038388A
:102800003700626F6172647265763D3078313130C5
:102810003000626F6172646E756D3D3232006D61C1
:1028200063616464723D30303A41303A35303A6227
:10283000353A35393A35650073726F6D7265763D9C
:10284000313100626F617264666C6167733D30782C
:10285000303034303430303100626F617264666C15
:10286000616773333D307830343030303030300091
:102870007874616C667265713D3337343030006E48
:102880006F6372633D31006167303D323535006101
:102890006132673D310063636F64653D414C4C00BC
:1028A0007061306974737369743D307832300065DB
:1028B000787470616761696E32673D3000706132B3
:1028C0006761303D2D3136382C373136312C2D387B
:1028D0003230004176566D69645F63303D30783048
:1028E0002C307863380063636B7077726F66667341
:1028F0006574303D35006D617870326761303D3808
:102900003400747870777262636B6F663D36006373
:10291000636B627732303267706F3D30006C656791
:102920006F66646D627732303267706F3D30783633
:1029300036313131313131006D637362773230328B
:1029400067706F3D30783737373131313131007052
:10295000726F70627732303267706F3D30786464C6
:10296000006F66646D64696766696C74747970651C
:102970003D3138006F66646D64696766696C7474B4
:1029800079706562653D313800706170646D6F64A7
:10299000653D31007061706476616C696474657363
:1029A000743D3100706163616C69647832673D34F5
:1029B0003500706170646570736F66667365743D31
:1029C0002D33300070617064656E646964783D35E4
:1029D00038006C746563786D75783D30006C746593
:1029E00063787061646E756D3D30783031303200DF
:1029F0006C74656378666E73656C3D307834340052
:102A00006C746563786763696770696F3D307830AF
:102A10003100696C306D6163616464723D30303ADD
:102A200039303A34633A63353A31323A33380077E1
:102A30006C3069643D3078343331620064656164C0
:102A40006D616E5F746F3D30786666666666666659
:102A500066006D7578656E61623D307831303000AA
:102A600073707572636F6E6669673D3078330067A7
:102A70006C697463685F62617365645F6372736DD0
:102A8000696E3D31006274635F6D6F64653D310056
:102A9000000000000050F20100000000636C6D6C4B
:102AA0006F61640000000000636C6D6C6F61645FB7
:102AB000737461747573000000000000636F756EBD
:102AC0007472790000000000636C6D76657200001E
:102AD0006375725F6574686572616464720000009A
:102AE000000000000000000000A050B5595E00008A
:102AF00062737300000000006D61786173736F632F
:102B00000000000063636770696F696E0000000079
:102B100063797734335F656E737572655F757000C6
:102B20009CAB0010A8AB001000000000B0AB001080
:102B30000000000000000000B8AB0010C4AB0010A3
:102B4000000000000000000000000000CCAB0010FE
:102B5000D8AB0010000000000000000000000000E2
:102B6000E8AB0010000000000000000000000000C2
:102B70000000000000000000000000000000000055
:102B80000000000000000000000000000000000045
:102B90000000000000000000000000000000000035
:102BA0000000000000000000000000000000000025
:102BB0000000000000000000000000000000000015
:102BC0000000000000000000000000000000000005
:102BD0000000000000000000F0AB0010000000004A
:102BE00000000000000000000000000000000000E5
:102BF00000000000000000000000000000000000D5
:102C000000000000000000000000000000000000C4
:102C100000000000000000000000000000000000B4
:102C200000000000000000000000000000000000A4
:102C300000000000F8AB00100000000000000000E1
:102C40000000000000000000000000000000000084
:102C50000000000000000000000000000000000074
:102C600008AC0010000000000000000000000000A0
:102C70000000000000000000000000001CAC00107C
:102C80002CAC001070696F5F72656D6F76655F7058
:102C9000726F6772616D000066696E645F6F666671
:102CA0007365745F666F725F70726F6772616D00DB
:102CB00063797734335F6472697665725F646569DE
:102CC0006E69740063797734335F73636865647524
:102CD0006C655F696E7465726E616C5F706F6C6C51
:102CE0005F646973706174636800000063797734AE
:102CF000335F706F73745F706F6C6C5F686F6F6B56
:102D00000000000063797734335F6972715F646536
:102D1000696E69740000000063797734335F736C07
:102D20006565705F74696D656F75745F7265616309
:102D30006865640063797734335F646F5F706F6CCC
:102D40006C00000063797734335F6972715F696E7C
:102D5000697400006C6F775F7072696F5F69727180
:102D60005F696E69740000006C6F775F7072696FE5
:102D7000726974795F6972715F68616E646C6572A3
:102D8000000000006C6F775F7072696F5F6972712D
:102D90005F6465696E6974006173796E635F636F08
:102DA0006E746578745F746872656164736166657A
:102DB0005F6261636B67726F756E645F6465696E95
:102DC000697400006173796E635F636F6E74657818
:102DD000745F746872656164736166655F62616384
:102DE0006B67726F756E645F696E697400000000D6
:102DF00070726F636573735F756E6465725F6C6F1D
:102E0000636B0000020000001D8F00108B9000100B
:102E10005D8F00106D9000103D9200101D9200100B
:102E2000FD910010DD910010518F00100000000096
:102E3000C3910010B9910010E99000106173796E90
:102E4000635F636F6E746578745F626173655F72F0
:102E5000656D6F76655F72656164795F61745F74DB
:0C2E6000696D655F776F726B6572000032
:082E6C00C468FC7F01000000B6
:102E74002CB2001038B2001044B2001050B200104E
:102E84005CB2001068B2001074B2001080B200107E
:042E9400D0B30010A7
:102E980070B5044616461D462168EFF3108C72B6CD
:102EA800D1E8CF2F0123002AFAD1C1E8423F002AF6
:102EB800F6D1BFF35F8FB4F904E0BEF1000F0DDC6B
:102EC80022680023C2E88F3F8CF3108830462946D9
:102ED80000F062FF0028DFD000200AE00EF1FF3E7C
:102EE800A4F804E022680023C2E88F3F8CF310881E
:102EF800012070BD0268EFF3108372B6D2E8CFCF1D
:102F08000121BCF1000FF9D1C2E84C1FBCF1000F40
:102F1800F4D1BFF35F8FB0F90420B0F906108A42EC
:102F28000ADA0132828001680022C1E88F2F83F318
:102F3800108840BF0120704702680020C2E88F0F48
:102F480083F310887047000008B54FF0504393F999
:102F580000C00CE0194B1A4A59211A4800F014FF16
:102F680001680022C1E88F2F83F3108820BF026810
:102F7800EFF3108372B6D2E8CFEF0121BEF1000F54
:102F8800F9D1C2E84E1FBEF1000FF4D1BFF35F8F35
:102F980090F90420624501D0002AE1DA80F804C0E3
:102FA80042790132D2B2427100680021C0E88F1F15
:102FB80083F31088002ACDD008BD00BF609D0010A3
:102FC800B0B10010209D001000B503460068EFF373
:102FD800108272B6D0E8CFEF5FF0010CBEF1000F9F
:102FE800F8D1C0E84ECFBEF1000FF3D1BFF35F8F29
:102FF80093F9040000280ADB81B1086000201968F1
:103008000023C1E88F3F82F310885DF804FB4FF07E
:10301800504191F9001019710120F0E70020EEE706
:1030280010B503464FF0504292F900E00068EFF304
:10303800108272B69446D0E8CF4F0122002CFAD104
:10304800C0E8442F002CF6D1BFF35F8F93F904201A
:10305800002A05DB724503D0B9B10A60002007E0F9
:1030680083F804E05A790132D2B25A713AB1012098
:103078001A680023C2E88F3F8CF3108810BD044BF8
:10308800044A8621044800F07FFE0020F0E700BFD4
:10309800609D001094B10010209D0010F8B51E46E8
:1030A8000368002B27D0044615464FF0504393F988
:1030B80000702168EFF3108C72B6D1E8CF2F01238E
:1030C800002AFAD1C1E8423F002AF6D1BFF35F8F48
:1030D80094F904E0BEF1000F13DB22680023C2E874
:1030E8008F3F8CF310882846314600F055FE0028A3
:1030F800DFD000200DE0074B074AA621074800F063
:1031080043FE277122680023C2E88F3F8CF31088A2
:103118000120F8BD689D00107CB10010209D0010B2
:1031280070B582B0064615461C4601A9FFF74CFF4C
:1031380038B99DF904204FF0504393F900309A4272
:1031480001D102B070BD2A4623463046FFF7A6FFDC
:10315800F7E738B504460D4600F036FEEB0E4FEAA9
:10316800451CBCEB050C63F100039B0043EA9C7310
:103178004FEA8C0C1CEB050C43F10003DB0043EA1F
:103188005C734FEACC0C10EB0C0243EB0103002BF1
:1031980003DB2046FFF782FF38BD4FF0FF326FF0A8
:1031A8000043F6E708B50268EFF3108372B6D2E879
:1031B800CFCF0121BCF1000FF9D1C2E84C1FBCF1FF
:1031C800000FF4D1BFF35F8F90F90420002A09DBC8
:1031D800FF22027101680022C1E88F2F83F3108853
:1031E80040BF08BD024B034AD521034800F0CCFD7F
:1031F8007C9D001070B10010209D001008B501687A
:10320800EFF3108372B61A46D1E8CFCF0123BCF191
:10321800000FF9D1C1E84C3FBCF1000FF4D1BFF366
:103228005F8F90F90430002B0FDB43799BB1013B92
:10323800DBB24371ABB9FF23037101680023C1E816
:103248008F3F82F3108840BF08BD094B094ADC2133
:10325800094800F099FD094B064ADD21064800F0AF
:1032680093FD01680023C1E88F3F82F31088EBE7E4
:103278007C9D001058B10010209D0010A09D0010EA
:1032880008B5002308E00A4A0133002142F8331048
:1032980002EBC3025160DBB20E2BF4D94FF470720B
:1032A8000021044800F074FD034B044A1A6008BD6D
:1032B80000001050782200203C2600208001105089
:1032C8002DE9F04385B01F4B9E6D0024012504E0D5
:1032D80026EA05066D000134E4B286B31F2C2ED809
:1032E8002E42F7D0184B9D654FEA540904F00107A8
:1032F80087F0010704F0FE033B44144A02EB43182D
:10330800404600F033FA0028E2D007EB49070F4B9C
:1033180003EB47139978DA8A00238DF804300720E5
:103328008DF805008DF8081003928DF809300121F9
:1033380001A800F039FA404600F0B3F9C8E705B033
:10334800BDE8F083000011500030115038220020F1
:103358002DE9F04385B0744BD3F8985015F4003636
:1033680047D0724B9A6A724B1A60002427460AE0CB
:10337800704B03EB8413002283F83C2000F0BEF965
:1033880037460134E4B20F2C19D8A20102F120000B
:10339800684B1844134493F83B30022BF1D1654B2A
:1033A80003EB841393F83A60002EEAD0614B03EBE9
:1033B800841393F83C30002BDAD13746E1E73FB964
:1033C8005D4B1B7823B95D4B4FF40032C3F8902056
:1033D800554B9B6CC3F30A0300228DF8042003228B
:1033E8008DF805200293012101A800F0DDF94FF4C2
:1033F800003615F0100F06D115F4803F49D046F479
:103408008036002423E046F01006FFF759FFF3E763
:103418004FF002084A4BC3F86080434B5B6E38EAB2
:103428000303FAD14FF440520021384600F040F926
:10343800384600F036F9414BC3F86480C3F8608021
:103448003C4B03EB49130122DA701444E4B2012C1B
:103458000BD8A146374F07EB4417BB7E002BEFD0A4
:10346800002CD5D04FF00108D4E700238DF80430A4
:1034780006238DF80530334B93E8030004AB03E9CA
:103488000300012101A800F08FF92C4B4FF4003202
:103498001A6515F4805F0AD115F4804F1DD115F413
:1034A800004F2BD1AE423AD105B0BDE8F08346F4C7
:1034B800805600241C4B1C60FFF7E2FE8DF8044088
:1034C80001218DF805108DF8084001A800F06CF96D
:1034D8001A4B4FF400221A65DEE746F480460023B3
:1034E8008DF8043004238DF8053001210DEB03001D
:1034F80000F05AF9114B10221A65D0E746F400463D
:1035080000238DF8043005238DF80530012101A82A
:1035180000F04AF9094B4FF400621A65C2E786EADF
:103528000501094800F04CFC0000115000000B4058
:103538003022002038220020B3260020003011500D
:103548000020115000001050ECA10010F8B50446FE
:103558000F46838A068B9E4228BF1E469B1B83828A
:1035680046F48062C3787BB14FF40055154383F06D
:103578000103E37063784BB1A38A0BB945F4804526
:1035880007B12D042846F8BD0025EFE7E06832466C
:10359800216900EB871000F007FC2369334423619D
:1035A80045F40045E8E70000094B1B6C13F0020FD7
:1035B8000BD18378DB0901D100207047C37E022B31
:1035C80001D000207047012070470020704700BFDD
:1035D8000000115008B5FFF7E7FF40B1054B9B6AA3
:1035E800054A12689B1AA3F54873C62B00D808BD74
:1035F8000020FCE700000B403022002038B50446CC
:1036080083681B68084601B11B0CC3F3090562787F
:1036180092B913F4004F09D1E38A2B44E382238B38
:10362800AB4201D90023A382284638BD0E4B0F4A6E
:10363800E8210F4800F0A8FB13F4004F0DD0E16813
:103648002A4601EB8011206900F0AEFBE38A2B4487
:10365800E38223692B442361E1E7064B034AEE2109
:10366800034800F091FB00BF0CA20010F8B4001052
:103678002CA2001088A2001010B5044683681B68AD
:103688000021FFF7BBFF63681B6813F0804F02D06F
:10369800238B834200D010BD01212046FFF7AEFFE7
:1036A800F9E7002383768382C382036170470000B1
:1036B80008B50B4611B1816809680B409AB11343EC
:1036C80012F4806F0FD08268116811F4806F0DD1E9
:1036D80023F480611160074A126C12F0020F02D1C4
:1036E8000C22033AFDD28268136008BD8178024833
:1036F80000F066FB00001150A8A2001070B5044647
:1037080043681D680021FFF721FF40F48056164BDF
:103718001B6C13F0020F13D0A37813F07F0F14D192
:103728000023A28A02B1A3B125F0A04545F00055B7
:1037380063681D60324600212046FFF7B9FF70BD5F
:10374800A378DB0903D10123EBE70123E9E7002391
:10375800E7E701212046FFF7F9FE064325F000556B
:1037680045F0A045E4E700BF0000115038B5044615
:10377800857E2DB1FFF780FFA38A2BB9284638BD77
:103788008178084800F01CFB2046FFF723FF054618
:1037980018B1012323770025F0E72046FFF7AEFF95
:1037A800ECE700BFC8A20010F0B585B005460E468C
:1037B8004378023B042B15D8DFE813F005006A00B4
:1037C8003B004600FD00874B1A7822F001021A7070
:1037D8001A7822F002021A70002159701A7861F3DF
:1037E80082021A70804B1C686369EFF3108272B60C
:1037F800D3E8CF0F01210028FAD1C3E8401F0028E1
:10380800F6D1BFF35F8FA2612946204600F0C8FABF
:103818006169A3690022C1E88F2F83F3108800280B
:1038280000F0CF8032466978287800F0C5FA05B0F4
:10383800F0BD6C4B1B7813F0010FF8D0694A137870
:1038480043F004031370CDE7664B1B7813F0010FA8
:10385800EDD0644A137823F004031370C2E7D21A38
:10386800624B03EB4213DB6913B169682878984708
:103878000134E4B25E4B1B782246591CA14209DB95
:10388800A342ECD95B4B1B6813EB4413EBD1EFE776
:103898000024EFE7534B1B7813F0040F36D1514B3C
:1038A800DB7813F0010FC2D001A9002701974F6000
:1038B8008F602B788DF8043003238DF805306B6802
:1038C8000293494B1C686369EFF3108272B6D3E820
:1038D800CF5F0120002DFAD1C3E8450F002DF6D1A6
:1038E800BFF35F8FA261204600F05AFA6269A369AC
:1038F800C2E88F7F83F3108800284CD032469DF8A9
:1039080005109DF8040000F057FA90E7354A13783F
:1039180023F00403137001A9002701974F608F60FB
:103928002B788DF8043005238DF805302E4B1C6854
:103938006369EFF3108272B6D3E8CFCF0120BCF1F0
:10394800000FF9D1C3E84C0FBCF1000FF4D1BFF35D
:103958005F8FA261204600F023FA6269A369C2E87A
:103968008F7F83F3108838B132469DF805109DF893
:10397800040000F021FA92E740F265121E491F4840
:1039880000F016FA4FF0E023D3F8F03D13F0010FE2
:1039980085D000BE83E740F265121749174800F04A
:1039A80007FA4FF0E023D3F8F03D13F0010F3FF48E
:1039B8003EAF00BE3BE7124A13780133DBB2137007
:1039C80010E740F265120C490C4800F0F1F94FF08D
:1039D800E023D3F8F03D13F0010F3FF428AF00BE09
:1039E80025E700BFC014002018150020C0B500103E
:1039F800B2260020F01200203CB5001028A30010C9
:103A0800B426002053B94AB9002908BF00281CBFB2
:103A18004FF0FF314FF0FF3000F0B2B9ADF1080CB4
:103A28006DE904CE00F006F8DDF804E0DDE90223D4
:103A380004B070472DE9F04F8C46099E04460F46A6
:103A4800002B48D18A4215465ED9B2FA82F33BB1BF
:103A5800C3F120029F409D409C4020FA02F2174388
:103A68004FEA154E1FFA85FC220CB7FBFEF10EFB40
:103A7800117701FB0CF042EA0742904207D9AA18D5
:103A880001F1FF3702D2904200F258813946121AEA
:103A9800A4B2B2FBFEF00EFB102200FB0CFC44EAC1
:103AA8000244A4450BD92C1900F1FF322CBF012781
:103AB8000027A44502D9002F00F04381104640EAB0
:103AC8000140A4EB0C0400211EB1DC400023C6E930
:103AD8000043BDE8F08F8B4206D90EB1C6E900015C
:103AE80000210846BDE8F08FB3FA83F1002951D1CF
:103AF8006345C0F01681824240F213810846002EC9
:103B0800E7D0C6E90047E4E7002A00F0AF80B2FA40
:103B180082F3002B40F0C2808A1A4FEA154EAFB2EA
:103B28000121200CB2FBFEFC0EFB1C2240EA0242E3
:103B380007FB0CF090420ED9AA180CF1FF382CBFE5
:103B48004FF001094FF00009904203D9B9F1000F75
:103B580000F0F080C446121AA4B2B2FBFEF00EFBCD
:103B6800102200FB07F744EA0244A7420ED92C1999
:103B780000F1FF322CBF4FF0010E4FF0000EA742AC
:103B880003D9BEF1000F00F0D2801046E41B40EAD2
:103B98000C4099E7C1F120058B400CFA01F400FABA
:103BA80001F922FA05F72CFA05FC8A401F4320FA8E
:103BB80005F3380C23431FFA87FE1C0CBCFBF0F8F6
:103BC80000FB18CC44EA0C4408FB0EFCA4450ED9B3
:103BD8003C1908F1FF3A2CBF4FF0010B4FF0000BD6
:103BE800A44503D9BBF1000F00F0B880D046A4EB80
:103BF8000C041FFA83FCB4FBF0F300FB134403FB33
:103C08000EFE4CEA0444A6450ED93C1903F1FF30D8
:103C18002CBF4FF0010C4FF0000CA64503D9BCF1A6
:103C2800000F00F09F80034643EA0840A4EB0E040F
:103C3800A0FB02EC64457346E04602D307D1F14588
:103C480005D2BEEB02036CEB070C0138E0465EB10F
:103C5800B9EB030264EB080404FA05F522FA01F350
:103C6800CC401D43C6E90054002132E742082F46E4
:103C78004B08AC4642EAC172AE46C407110C92B278
:103C880041EA034142EA0142B1FBF5F1B3FBF5F029
:103C98001F23A2EB0C0241EA004142E79D40C3F119
:103CA800200299409C402CFA02FC4FEA154E20FA5B
:103CB80002F2AFB2BCFBFEF80A430EFB18CC110CA3
:103CC80041EA0C4108FB07FC8C4550D9691808F1FA
:103CD800FF302CBF4FF001094FF000098C4502D985
:103CE800B9F1000F30D0A1EB0C01B1FBFEF808FBD5
:103CF80007FC0EFB181192B242EA0142624534D227
:103D0800AA1808F1FF312CBF4FF001094FF0000944
:103D18006245BED2B9F1000FBBD1A8F102012A4415
:103D2800B7E7841A6CEB030201201746E7E62C4438
:103D380002382BE7ACF1020C2A440CE702392A447A
:103D4800A5E62C440238BAE6A5EB0C0CA8F1020053
:103D58006144B1FBFEF808FB07FCCAE7A8F10208BA
:103D68003C4444E7023B3C445EE7414691E7A1EB13
:103D78000C014046B1FBFEF808FB07FCB9E700BFA1
:103D8800704700BF000000005FF800F0113100101C
:103D98005FF800F0219600105FF800F0E1140010C1
:103DA8005FF800F0196200105FF800F0893D00101C
:103DB8005FF800F0D93300105FF800F0B940001048
:103DC8005FF800F0510400105FF800F06916001069
:103DD80010000000000000000000010000000000CA
:103DE80000000000000002000000000000000000C9
:103DF8000000030000000000000000000000FF00B9
:103E08000000000001B5486801318E460047704641
:103E180009380149884701BDD90B0010000000008E
:103E2800000000000000000000000000000000008A
:103E3800681100203D38001001350010B13700101E
:103E4800ED34001000000000000100001C150020E7
:103E580010000C000000000000000000000000003E
:103E68000000000000000000FF000000000000004B
:103E7800698B001000000000000000000000000036
:103E880000000000BD8A00100000000000000000D3
:103E9800000000000000000000000000000000001A
:103EA800D3DEFFFFFE010000FF01000090C2FBFF10
:043EB800793512AB9B
:040000051000014D99
:00000001FF
