
/Users/Nima/Documents/GitHub/pico-sl-app/build/blink.elf:     file format elf32-littlearm

Sections:
Idx Name          Size      VMA       LMA       File off  Algn
  0 .text         00009948  10000000  10000000  00001000  2**3
                  CONTENTS, ALLOC, LOAD, READONLY, CODE
  1 .rodata       00039524  10009948  10009948  0000a948  2**3
                  CONTENTS, ALLOC, LOAD, READONLY, DATA
  2 .ARM.exidx    00000008  10042e6c  10042e6c  00043e6c  2**2
                  CONTENTS, ALLOC, LOAD, READONLY, DATA
  3 .binary_info  00000024  10042e74  10042e74  00043e74  2**2
                  CONTENTS, ALLOC, LOAD, READONLY, DATA
  4 .ram_vector_table 00000110  20000000  20000000  00046000  2**2
                  ALLOC
  5 .uninitialized_data 00000000  20000110  20000110  00045ebc  2**0
                  CONTENTS
  6 .data         00001010  20000110  10042e98  00044110  2**3
                  CONTENTS, ALLOC, LOAD, READONLY, CODE
  7 .tdata        00000000  20001120  20001120  00045ebc  2**0
                  CONTENTS, ALLOC, LOAD, DATA, THREAD_LOCAL
  8 .tbss         00000000  20001120  20001120  00000000  2**0
                  ALLOC, THREAD_LOCAL
  9 .bss          0000159c  20001120  10043ea8  00046120  2**3
                  ALLOC
 10 .heap         00000800  200026bc  10043ea8  000466bc  2**2
                  ALLOC, READONLY
 11 .scratch_x    00000000  20080000  20080000  00045ebc  2**0
                  CONTENTS
 12 .scratch_y    00000000  20081000  20081000  00045ebc  2**0
                  CONTENTS
 13 .stack_dummy  00000800  20081000  20081000  00046000  2**5
                  ALLOC, READONLY
 14 .flash_end    00000014  10043ea8  10043ea8  00045ea8  2**2
                  CONTENTS, ALLOC, LOAD, READONLY, DATA
 15 .ARM.attributes 00000034  00000000  00000000  00045ebc  2**0
                  CONTENTS, READONLY
 16 .comment      00000045  00000000  00000000  00045ef0  2**0
                  CONTENTS, READONLY
 17 .debug_info   00046243  00000000  00000000  00045f35  2**0
                  CONTENTS, READONLY, DEBUGGING, OCTETS
 18 .debug_abbrev 0000b229  00000000  00000000  0008c178  2**0
                  CONTENTS, READONLY, DEBUGGING, OCTETS
 19 .debug_aranges 00001c88  00000000  00000000  000973a8  2**3
                  CONTENTS, READONLY, DEBUGGING, OCTETS
 20 .debug_rnglists 000021b4  00000000  00000000  00099030  2**0
                  CONTENTS, READONLY, DEBUGGING, OCTETS
 21 .debug_line   0002382f  00000000  00000000  0009b1e4  2**0
                  CONTENTS, READONLY, DEBUGGING, OCTETS
 22 .debug_str    0000c91a  00000000  00000000  000bea13  2**0
                  CONTENTS, READONLY, DEBUGGING, OCTETS
 23 .debug_frame  00004f4c  00000000  00000000  000cb330  2**2
                  CONTENTS, READONLY, DEBUGGING, OCTETS
 24 .debug_loclists 00019fac  00000000  00000000  000d027c  2**0
                  CONTENTS, READONLY, DEBUGGING, OCTETS
 25 .debug_line_str 00000293  00000000  00000000  000ea228  2**0
                  CONTENTS, READONLY, DEBUGGING, OCTETS

/Users/Nima/Documents/GitHub/pico-sl-app/build/blink.elf:     file format elf32-littlearm


Disassembly of section .text:

10000000 <__VECTOR_TABLE>:
10000000:	20082000 	.word	0x20082000
10000004:	1000015d 	.word	0x1000015d
10000008:	1000011b 	.word	0x1000011b
1000000c:	1000011d 	.word	0x1000011d
10000010:	10000111 	.word	0x10000111
10000014:	10000111 	.word	0x10000111
10000018:	10000111 	.word	0x10000111
1000001c:	10000111 	.word	0x10000111
10000020:	10000119 	.word	0x10000119
10000024:	10000119 	.word	0x10000119
10000028:	10000119 	.word	0x10000119
1000002c:	1000011f 	.word	0x1000011f
10000030:	10000111 	.word	0x10000111
10000034:	10000119 	.word	0x10000119
10000038:	10000121 	.word	0x10000121
1000003c:	10000123 	.word	0x10000123
10000040:	10000111 	.word	0x10000111
10000044:	10000111 	.word	0x10000111
10000048:	10000111 	.word	0x10000111
1000004c:	10000111 	.word	0x10000111
10000050:	10000111 	.word	0x10000111
10000054:	10000111 	.word	0x10000111
10000058:	10000111 	.word	0x10000111
1000005c:	10000111 	.word	0x10000111
10000060:	10000111 	.word	0x10000111
10000064:	10000111 	.word	0x10000111
10000068:	10000111 	.word	0x10000111
1000006c:	10000111 	.word	0x10000111
10000070:	10000111 	.word	0x10000111
10000074:	10000111 	.word	0x10000111
10000078:	10000111 	.word	0x10000111
1000007c:	10000111 	.word	0x10000111
10000080:	10000111 	.word	0x10000111
10000084:	10000111 	.word	0x10000111
10000088:	10000111 	.word	0x10000111
1000008c:	10000111 	.word	0x10000111
10000090:	10000111 	.word	0x10000111
10000094:	10000111 	.word	0x10000111
10000098:	10000111 	.word	0x10000111
1000009c:	10000111 	.word	0x10000111
100000a0:	10000111 	.word	0x10000111
100000a4:	10000111 	.word	0x10000111
100000a8:	10000111 	.word	0x10000111
100000ac:	10000111 	.word	0x10000111
100000b0:	10000111 	.word	0x10000111
100000b4:	10000111 	.word	0x10000111
100000b8:	10000111 	.word	0x10000111
100000bc:	10000111 	.word	0x10000111
100000c0:	10000111 	.word	0x10000111
100000c4:	10000111 	.word	0x10000111
100000c8:	10000111 	.word	0x10000111
100000cc:	10000111 	.word	0x10000111
100000d0:	10000111 	.word	0x10000111
100000d4:	10000111 	.word	0x10000111
100000d8:	10000111 	.word	0x10000111
100000dc:	10000111 	.word	0x10000111
100000e0:	10000111 	.word	0x10000111
100000e4:	10000111 	.word	0x10000111
100000e8:	10000111 	.word	0x10000111
100000ec:	10000111 	.word	0x10000111
100000f0:	10000111 	.word	0x10000111
100000f4:	10000111 	.word	0x10000111
100000f8:	10000111 	.word	0x10000111
100000fc:	10000111 	.word	0x10000111
10000100:	10000111 	.word	0x10000111
10000104:	10000111 	.word	0x10000111
10000108:	10000111 	.word	0x10000111
1000010c:	10000111 	.word	0x10000111

10000110 <__unhandled_user_irq>:
10000110:	f3ef 8005 	mrs	r0, IPSR
10000114:	3810      	subs	r0, #16

10000116 <unhandled_user_irq_num_in_r0>:
10000116:	be00      	bkpt	0x0000

10000118 <isr_invalid>:
10000118:	be00      	bkpt	0x0000

1000011a <isr_nmi>:
1000011a:	be00      	bkpt	0x0000

1000011c <isr_hardfault>:
1000011c:	be00      	bkpt	0x0000

1000011e <isr_svcall>:
1000011e:	be00      	bkpt	0x0000

10000120 <isr_pendsv>:
10000120:	be00      	bkpt	0x0000

10000122 <isr_systick>:
10000122:	be00      	bkpt	0x0000

10000124 <__default_isrs_end>:
10000124:	7188ebf2 	.word	0x7188ebf2
10000128:	10042e74 	.word	0x10042e74
1000012c:	10042e98 	.word	0x10042e98
10000130:	100001a0 	.word	0x100001a0
10000134:	e71aa390 	.word	0xe71aa390

10000138 <__binary_info_header_end>:
10000138:	ffffded3 	.word	0xffffded3
1000013c:	10210142 	.word	0x10210142
10000140:	000001ff 	.word	0x000001ff
10000144:	00043d70 	.word	0x00043d70
10000148:	ab123579 	.word	0xab123579

1000014c <_entry_point>:
1000014c:	f04f 0000 	mov.w	r0, #0

10000150 <_enter_vtable_in_r0>:
10000150:	491e      	ldr	r1, [pc, #120]	@ (100001cc <data_cpy_table+0x2c>)
10000152:	6008      	str	r0, [r1, #0]
10000154:	c806      	ldmia	r0!, {r1, r2}
10000156:	f381 8808 	msr	MSP, r1
1000015a:	4710      	bx	r2

1000015c <_reset_handler>:
1000015c:	f04f 4050 	mov.w	r0, #3489660928	@ 0xd0000000
10000160:	6800      	ldr	r0, [r0, #0]
10000162:	b110      	cbz	r0, 1000016a <hold_non_core0_in_bootrom+0x6>

10000164 <hold_non_core0_in_bootrom>:
10000164:	f04f 0000 	mov.w	r0, #0
10000168:	e7f2      	b.n	10000150 <_enter_vtable_in_r0>
1000016a:	a40d      	add	r4, pc, #52	@ (adr r4, 100001a0 <data_cpy_table>)
1000016c:	cc0e      	ldmia	r4!, {r1, r2, r3}
1000016e:	2900      	cmp	r1, #0
10000170:	d002      	beq.n	10000178 <hold_non_core0_in_bootrom+0x14>
10000172:	f000 f812 	bl	1000019a <data_cpy>
10000176:	e7f9      	b.n	1000016c <hold_non_core0_in_bootrom+0x8>
10000178:	4915      	ldr	r1, [pc, #84]	@ (100001d0 <data_cpy_table+0x30>)
1000017a:	4a16      	ldr	r2, [pc, #88]	@ (100001d4 <data_cpy_table+0x34>)
1000017c:	2000      	movs	r0, #0
1000017e:	e000      	b.n	10000182 <bss_fill_test>

10000180 <bss_fill_loop>:
10000180:	c101      	stmia	r1!, {r0}

10000182 <bss_fill_test>:
10000182:	4291      	cmp	r1, r2
10000184:	d1fc      	bne.n	10000180 <bss_fill_loop>

10000186 <platform_entry>:
10000186:	4914      	ldr	r1, [pc, #80]	@ (100001d8 <data_cpy_table+0x38>)
10000188:	4788      	blx	r1
1000018a:	4914      	ldr	r1, [pc, #80]	@ (100001dc <data_cpy_table+0x3c>)
1000018c:	4788      	blx	r1
1000018e:	4914      	ldr	r1, [pc, #80]	@ (100001e0 <data_cpy_table+0x40>)
10000190:	4788      	blx	r1
10000192:	be00      	bkpt	0x0000
10000194:	e7fd      	b.n	10000192 <platform_entry+0xc>

10000196 <data_cpy_loop>:
10000196:	c901      	ldmia	r1!, {r0}
10000198:	c201      	stmia	r2!, {r0}

1000019a <data_cpy>:
1000019a:	429a      	cmp	r2, r3
1000019c:	d3fb      	bcc.n	10000196 <data_cpy_loop>
1000019e:	4770      	bx	lr

100001a0 <data_cpy_table>:
100001a0:	10042e98 	.word	0x10042e98
100001a4:	20000110 	.word	0x20000110
100001a8:	20001120 	.word	0x20001120
100001ac:	10043ea8 	.word	0x10043ea8
100001b0:	20080000 	.word	0x20080000
100001b4:	20080000 	.word	0x20080000
100001b8:	10043ea8 	.word	0x10043ea8
100001bc:	20081000 	.word	0x20081000
100001c0:	20081000 	.word	0x20081000
100001c4:	00000000 	.word	0x00000000
100001c8:	4770      	bx	lr
100001ca:	0000      	.short	0x0000
100001cc:	e000ed08 	.word	0xe000ed08
100001d0:	20001120 	.word	0x20001120
100001d4:	200026bc 	.word	0x200026bc
100001d8:	10003145 	.word	0x10003145
100001dc:	10000235 	.word	0x10000235
100001e0:	10003109 	.word	0x10003109

100001e4 <_init>:
100001e4:	b5f8      	push	{r3, r4, r5, r6, r7, lr}
100001e6:	bf00      	nop

100001e8 <register_tm_clones>:
100001e8:	4b06      	ldr	r3, [pc, #24]	@ (10000204 <register_tm_clones+0x1c>)
100001ea:	4907      	ldr	r1, [pc, #28]	@ (10000208 <register_tm_clones+0x20>)
100001ec:	1ac9      	subs	r1, r1, r3
100001ee:	1089      	asrs	r1, r1, #2
100001f0:	bf48      	it	mi
100001f2:	3101      	addmi	r1, #1
100001f4:	1049      	asrs	r1, r1, #1
100001f6:	d003      	beq.n	10000200 <register_tm_clones+0x18>
100001f8:	4b04      	ldr	r3, [pc, #16]	@ (1000020c <register_tm_clones+0x24>)
100001fa:	b10b      	cbz	r3, 10000200 <register_tm_clones+0x18>
100001fc:	4801      	ldr	r0, [pc, #4]	@ (10000204 <register_tm_clones+0x1c>)
100001fe:	4718      	bx	r3
10000200:	4770      	bx	lr
10000202:	bf00      	nop
10000204:	20001120 	.word	0x20001120
10000208:	20001120 	.word	0x20001120
1000020c:	00000000 	.word	0x00000000

10000210 <frame_dummy>:
10000210:	b508      	push	{r3, lr}
10000212:	4b05      	ldr	r3, [pc, #20]	@ (10000228 <frame_dummy+0x18>)
10000214:	b11b      	cbz	r3, 1000021e <frame_dummy+0xe>
10000216:	4905      	ldr	r1, [pc, #20]	@ (1000022c <frame_dummy+0x1c>)
10000218:	4805      	ldr	r0, [pc, #20]	@ (10000230 <frame_dummy+0x20>)
1000021a:	f3af 8000 	nop.w
1000021e:	e8bd 4008 	ldmia.w	sp!, {r3, lr}
10000222:	f7ff bfe1 	b.w	100001e8 <register_tm_clones>
10000226:	bf00      	nop
10000228:	00000000 	.word	0x00000000
1000022c:	20002640 	.word	0x20002640
10000230:	10009948 	.word	0x10009948

10000234 <main>:
10000234:	b508      	push	{r3, lr}
10000236:	f003 f89b 	bl	10003370 <stdio_init_all>
1000023a:	f44f 60fa 	mov.w	r0, #2000	@ 0x7d0
1000023e:	f001 f93b 	bl	100014b8 <sleep_ms>
10000242:	f006 f88f 	bl	10006364 <cyw43_arch_init>
10000246:	b9b0      	cbnz	r0, 10000276 <main+0x42>
10000248:	2101      	movs	r1, #1
1000024a:	2000      	movs	r0, #0
1000024c:	f006 f856 	bl	100062fc <cyw43_arch_gpio_put>
10000250:	480b      	ldr	r0, [pc, #44]	@ (10000280 <main+0x4c>)
10000252:	f003 f891 	bl	10003378 <__wrap_puts>
10000256:	f44f 60fa 	mov.w	r0, #2000	@ 0x7d0
1000025a:	f001 f92d 	bl	100014b8 <sleep_ms>
1000025e:	2100      	movs	r1, #0
10000260:	4608      	mov	r0, r1
10000262:	f006 f84b 	bl	100062fc <cyw43_arch_gpio_put>
10000266:	4807      	ldr	r0, [pc, #28]	@ (10000284 <main+0x50>)
10000268:	f003 f886 	bl	10003378 <__wrap_puts>
1000026c:	f44f 60fa 	mov.w	r0, #2000	@ 0x7d0
10000270:	f001 f922 	bl	100014b8 <sleep_ms>
10000274:	e7e8      	b.n	10000248 <main+0x14>
10000276:	4804      	ldr	r0, [pc, #16]	@ (10000288 <main+0x54>)
10000278:	f003 f87e 	bl	10003378 <__wrap_puts>
1000027c:	2001      	movs	r0, #1
1000027e:	bd08      	pop	{r3, pc}
10000280:	1000995c 	.word	0x1000995c
10000284:	10009964 	.word	0x10009964
10000288:	10009948 	.word	0x10009948

1000028c <_gpio_set_irq_enabled>:
1000028c:	b410      	push	{r4}
1000028e:	f000 0c07 	and.w	ip, r0, #7
10000292:	ea4f 0c8c 	mov.w	ip, ip, lsl #2
10000296:	08c0      	lsrs	r0, r0, #3
10000298:	fa01 f10c 	lsl.w	r1, r1, ip
1000029c:	f100 0c8c 	add.w	ip, r0, #140	@ 0x8c
100002a0:	4c07      	ldr	r4, [pc, #28]	@ (100002c0 <_gpio_set_irq_enabled+0x34>)
100002a2:	f844 102c 	str.w	r1, [r4, ip, lsl #2]
100002a6:	eb03 0380 	add.w	r3, r3, r0, lsl #2
100002aa:	b12a      	cbz	r2, 100002b8 <_gpio_set_irq_enabled+0x2c>
100002ac:	f503 5300 	add.w	r3, r3, #8192	@ 0x2000
100002b0:	6019      	str	r1, [r3, #0]
100002b2:	f85d 4b04 	ldr.w	r4, [sp], #4
100002b6:	4770      	bx	lr
100002b8:	f503 5340 	add.w	r3, r3, #12288	@ 0x3000
100002bc:	6019      	str	r1, [r3, #0]
100002be:	e7f8      	b.n	100002b2 <_gpio_set_irq_enabled+0x26>
100002c0:	40028000 	.word	0x40028000

100002c4 <gpio_set_function>:
100002c4:	4b0c      	ldr	r3, [pc, #48]	@ (100002f8 <gpio_set_function+0x34>)
100002c6:	eb03 0280 	add.w	r2, r3, r0, lsl #2
100002ca:	f853 3020 	ldr.w	r3, [r3, r0, lsl #2]
100002ce:	f083 0340 	eor.w	r3, r3, #64	@ 0x40
100002d2:	f003 03c0 	and.w	r3, r3, #192	@ 0xc0
100002d6:	f502 5c80 	add.w	ip, r2, #4096	@ 0x1000
100002da:	f8cc 3000 	str.w	r3, [ip]
100002de:	00c0      	lsls	r0, r0, #3
100002e0:	f100 4080 	add.w	r0, r0, #1073741824	@ 0x40000000
100002e4:	f500 3020 	add.w	r0, r0, #163840	@ 0x28000
100002e8:	6041      	str	r1, [r0, #4]
100002ea:	f502 5240 	add.w	r2, r2, #12288	@ 0x3000
100002ee:	f44f 7380 	mov.w	r3, #256	@ 0x100
100002f2:	6013      	str	r3, [r2, #0]
100002f4:	4770      	bx	lr
100002f6:	bf00      	nop
100002f8:	40038004 	.word	0x40038004

100002fc <gpio_set_pulls>:
100002fc:	b410      	push	{r4}
100002fe:	4c0c      	ldr	r4, [pc, #48]	@ (10000330 <gpio_set_pulls+0x34>)
10000300:	eb04 0c80 	add.w	ip, r4, r0, lsl #2
10000304:	b179      	cbz	r1, 10000326 <gpio_set_pulls+0x2a>
10000306:	2308      	movs	r3, #8
10000308:	b17a      	cbz	r2, 1000032a <gpio_set_pulls+0x2e>
1000030a:	2204      	movs	r2, #4
1000030c:	4313      	orrs	r3, r2
1000030e:	f854 2020 	ldr.w	r2, [r4, r0, lsl #2]
10000312:	4053      	eors	r3, r2
10000314:	f003 030c 	and.w	r3, r3, #12
10000318:	f50c 5c80 	add.w	ip, ip, #4096	@ 0x1000
1000031c:	f8cc 3000 	str.w	r3, [ip]
10000320:	f85d 4b04 	ldr.w	r4, [sp], #4
10000324:	4770      	bx	lr
10000326:	2300      	movs	r3, #0
10000328:	e7ee      	b.n	10000308 <gpio_set_pulls+0xc>
1000032a:	2200      	movs	r2, #0
1000032c:	e7ee      	b.n	1000030c <gpio_set_pulls+0x10>
1000032e:	bf00      	nop
10000330:	40038004 	.word	0x40038004

10000334 <gpio_set_input_hysteresis_enabled>:
10000334:	b139      	cbz	r1, 10000346 <gpio_set_input_hysteresis_enabled+0x12>
10000336:	4b08      	ldr	r3, [pc, #32]	@ (10000358 <gpio_set_input_hysteresis_enabled+0x24>)
10000338:	eb03 0380 	add.w	r3, r3, r0, lsl #2
1000033c:	f503 5300 	add.w	r3, r3, #8192	@ 0x2000
10000340:	2202      	movs	r2, #2
10000342:	601a      	str	r2, [r3, #0]
10000344:	4770      	bx	lr
10000346:	4b04      	ldr	r3, [pc, #16]	@ (10000358 <gpio_set_input_hysteresis_enabled+0x24>)
10000348:	eb03 0380 	add.w	r3, r3, r0, lsl #2
1000034c:	f503 5340 	add.w	r3, r3, #12288	@ 0x3000
10000350:	2202      	movs	r2, #2
10000352:	601a      	str	r2, [r3, #0]
10000354:	4770      	bx	lr
10000356:	bf00      	nop
10000358:	40038004 	.word	0x40038004

1000035c <gpio_set_irq_enabled>:
1000035c:	b570      	push	{r4, r5, r6, lr}
1000035e:	4605      	mov	r5, r0
10000360:	460c      	mov	r4, r1
10000362:	4616      	mov	r6, r2
10000364:	b952      	cbnz	r2, 1000037c <gpio_set_irq_enabled+0x20>
10000366:	f04f 4350 	mov.w	r3, #3489660928	@ 0xd0000000
1000036a:	681b      	ldr	r3, [r3, #0]
1000036c:	b18b      	cbz	r3, 10000392 <gpio_set_irq_enabled+0x36>
1000036e:	4b0a      	ldr	r3, [pc, #40]	@ (10000398 <gpio_set_irq_enabled+0x3c>)
10000370:	4632      	mov	r2, r6
10000372:	4621      	mov	r1, r4
10000374:	4628      	mov	r0, r5
10000376:	f7ff ff89 	bl	1000028c <_gpio_set_irq_enabled>
1000037a:	bd70      	pop	{r4, r5, r6, pc}
1000037c:	2015      	movs	r0, #21
1000037e:	f000 f9ff 	bl	10000780 <irq_has_handler>
10000382:	2800      	cmp	r0, #0
10000384:	d1ef      	bne.n	10000366 <gpio_set_irq_enabled+0xa>
10000386:	4b05      	ldr	r3, [pc, #20]	@ (1000039c <gpio_set_irq_enabled+0x40>)
10000388:	4a05      	ldr	r2, [pc, #20]	@ (100003a0 <gpio_set_irq_enabled+0x44>)
1000038a:	21bd      	movs	r1, #189	@ 0xbd
1000038c:	4805      	ldr	r0, [pc, #20]	@ (100003a4 <gpio_set_irq_enabled+0x48>)
1000038e:	f002 febf 	bl	10003110 <__assert_func>
10000392:	4b05      	ldr	r3, [pc, #20]	@ (100003a8 <gpio_set_irq_enabled+0x4c>)
10000394:	e7ec      	b.n	10000370 <gpio_set_irq_enabled+0x14>
10000396:	bf00      	nop
10000398:	40028290 	.word	0x40028290
1000039c:	1000996c 	.word	0x1000996c
100003a0:	1000b0a0 	.word	0x1000b0a0
100003a4:	10009998 	.word	0x10009998
100003a8:	40028248 	.word	0x40028248

100003ac <gpio_add_raw_irq_handler_with_order_priority_masked>:
100003ac:	b510      	push	{r4, lr}
100003ae:	f04f 4350 	mov.w	r3, #3489660928	@ 0xd0000000
100003b2:	681c      	ldr	r4, [r3, #0]
100003b4:	4b09      	ldr	r3, [pc, #36]	@ (100003dc <gpio_add_raw_irq_handler_with_order_priority_masked+0x30>)
100003b6:	f853 3024 	ldr.w	r3, [r3, r4, lsl #2]
100003ba:	4203      	tst	r3, r0
100003bc:	d107      	bne.n	100003ce <gpio_add_raw_irq_handler_with_order_priority_masked+0x22>
100003be:	4303      	orrs	r3, r0
100003c0:	4806      	ldr	r0, [pc, #24]	@ (100003dc <gpio_add_raw_irq_handler_with_order_priority_masked+0x30>)
100003c2:	f840 3024 	str.w	r3, [r0, r4, lsl #2]
100003c6:	2015      	movs	r0, #21
100003c8:	f000 fa1a 	bl	10000800 <irq_add_shared_handler>
100003cc:	bd10      	pop	{r4, pc}
100003ce:	4b04      	ldr	r3, [pc, #16]	@ (100003e0 <gpio_add_raw_irq_handler_with_order_priority_masked+0x34>)
100003d0:	4a04      	ldr	r2, [pc, #16]	@ (100003e4 <gpio_add_raw_irq_handler_with_order_priority_masked+0x38>)
100003d2:	21db      	movs	r1, #219	@ 0xdb
100003d4:	4804      	ldr	r0, [pc, #16]	@ (100003e8 <gpio_add_raw_irq_handler_with_order_priority_masked+0x3c>)
100003d6:	f002 fe9b 	bl	10003110 <__assert_func>
100003da:	bf00      	nop
100003dc:	20002680 	.word	0x20002680
100003e0:	100099dc 	.word	0x100099dc
100003e4:	1000b06c 	.word	0x1000b06c
100003e8:	10009998 	.word	0x10009998

100003ec <gpio_remove_raw_irq_handler_masked>:
100003ec:	b510      	push	{r4, lr}
100003ee:	f04f 4350 	mov.w	r3, #3489660928	@ 0xd0000000
100003f2:	681a      	ldr	r2, [r3, #0]
100003f4:	4b0c      	ldr	r3, [pc, #48]	@ (10000428 <gpio_remove_raw_irq_handler_masked+0x3c>)
100003f6:	f853 3022 	ldr.w	r3, [r3, r2, lsl #2]
100003fa:	4203      	tst	r3, r0
100003fc:	d00e      	beq.n	1000041c <gpio_remove_raw_irq_handler_masked+0x30>
100003fe:	4604      	mov	r4, r0
10000400:	2015      	movs	r0, #21
10000402:	f000 fb17 	bl	10000a34 <irq_remove_handler>
10000406:	f04f 4350 	mov.w	r3, #3489660928	@ 0xd0000000
1000040a:	6819      	ldr	r1, [r3, #0]
1000040c:	4a06      	ldr	r2, [pc, #24]	@ (10000428 <gpio_remove_raw_irq_handler_masked+0x3c>)
1000040e:	f852 3021 	ldr.w	r3, [r2, r1, lsl #2]
10000412:	ea23 0304 	bic.w	r3, r3, r4
10000416:	f842 3021 	str.w	r3, [r2, r1, lsl #2]
1000041a:	bd10      	pop	{r4, pc}
1000041c:	4b03      	ldr	r3, [pc, #12]	@ (1000042c <gpio_remove_raw_irq_handler_masked+0x40>)
1000041e:	4a04      	ldr	r2, [pc, #16]	@ (10000430 <gpio_remove_raw_irq_handler_masked+0x44>)
10000420:	21ef      	movs	r1, #239	@ 0xef
10000422:	4804      	ldr	r0, [pc, #16]	@ (10000434 <gpio_remove_raw_irq_handler_masked+0x48>)
10000424:	f002 fe74 	bl	10003110 <__assert_func>
10000428:	20002680 	.word	0x20002680
1000042c:	10009a08 	.word	0x10009a08
10000430:	1000b048 	.word	0x1000b048
10000434:	10009998 	.word	0x10009998

10000438 <gpio_init>:
10000438:	b508      	push	{r3, lr}
1000043a:	f04f 0200 	mov.w	r2, #0
1000043e:	ec42 0044 	gpioc_bit_oe_put r0, r2
10000442:	ec42 0040 	gpioc_bit_out_put r0, r2
10000446:	2105      	movs	r1, #5
10000448:	f7ff ff3c 	bl	100002c4 <gpio_set_function>
1000044c:	bd08      	pop	{r3, pc}
	...

10000450 <panic>:
10000450:	b40f      	push	{r0, r1, r2, r3}
10000452:	b500      	push	{lr}
10000454:	b083      	sub	sp, #12
10000456:	9c04      	ldr	r4, [sp, #16]
10000458:	4807      	ldr	r0, [pc, #28]	@ (10000478 <panic+0x28>)
1000045a:	f002 ff8d 	bl	10003378 <__wrap_puts>
1000045e:	b13c      	cbz	r4, 10000470 <panic+0x20>
10000460:	a905      	add	r1, sp, #20
10000462:	9101      	str	r1, [sp, #4]
10000464:	4620      	mov	r0, r4
10000466:	f002 ff97 	bl	10003398 <__wrap_vprintf>
1000046a:	4804      	ldr	r0, [pc, #16]	@ (1000047c <panic+0x2c>)
1000046c:	f002 ff84 	bl	10003378 <__wrap_puts>
10000470:	2001      	movs	r0, #1
10000472:	f002 fe47 	bl	10003104 <_exit>
10000476:	bf00      	nop
10000478:	10009a34 	.word	0x10009a34
1000047c:	1000a654 	.word	0x1000a654

10000480 <hw_claim_lock>:
10000480:	f3ef 8010 	mrs	r0, PRIMASK
10000484:	b672      	cpsid	i
10000486:	4b06      	ldr	r3, [pc, #24]	@ (100004a0 <hw_claim_lock+0x20>)
10000488:	e8d3 1fcf 	ldaexb	r1, [r3]
1000048c:	2201      	movs	r2, #1
1000048e:	2900      	cmp	r1, #0
10000490:	d1fa      	bne.n	10000488 <hw_claim_lock+0x8>
10000492:	e8c3 2f41 	strexb	r1, r2, [r3]
10000496:	2900      	cmp	r1, #0
10000498:	d1f6      	bne.n	10000488 <hw_claim_lock+0x8>
1000049a:	f3bf 8f5f 	dmb	sy
1000049e:	4770      	bx	lr
100004a0:	2000149f 	.word	0x2000149f

100004a4 <hw_claim_unlock>:
100004a4:	2300      	movs	r3, #0
100004a6:	4a03      	ldr	r2, [pc, #12]	@ (100004b4 <hw_claim_unlock+0x10>)
100004a8:	e8c2 3f8f 	stlb	r3, [r2]
100004ac:	f380 8810 	msr	PRIMASK, r0
100004b0:	4770      	bx	lr
100004b2:	bf00      	nop
100004b4:	2000149f 	.word	0x2000149f

100004b8 <hw_claim_or_assert>:
100004b8:	b570      	push	{r4, r5, r6, lr}
100004ba:	4605      	mov	r5, r0
100004bc:	460c      	mov	r4, r1
100004be:	4616      	mov	r6, r2
100004c0:	f7ff ffde 	bl	10000480 <hw_claim_lock>
100004c4:	08e2      	lsrs	r2, r4, #3
100004c6:	5ca9      	ldrb	r1, [r5, r2]
100004c8:	f004 0c07 	and.w	ip, r4, #7
100004cc:	2301      	movs	r3, #1
100004ce:	fa03 f30c 	lsl.w	r3, r3, ip
100004d2:	4219      	tst	r1, r3
100004d4:	d105      	bne.n	100004e2 <hw_claim_or_assert+0x2a>
100004d6:	b2db      	uxtb	r3, r3
100004d8:	430b      	orrs	r3, r1
100004da:	54ab      	strb	r3, [r5, r2]
100004dc:	f7ff ffe2 	bl	100004a4 <hw_claim_unlock>
100004e0:	bd70      	pop	{r4, r5, r6, pc}
100004e2:	4621      	mov	r1, r4
100004e4:	4630      	mov	r0, r6
100004e6:	f7ff ffb3 	bl	10000450 <panic>

100004ea <hw_claim_unused_from_range>:
100004ea:	b5f8      	push	{r3, r4, r5, r6, r7, lr}
100004ec:	4606      	mov	r6, r0
100004ee:	460d      	mov	r5, r1
100004f0:	4614      	mov	r4, r2
100004f2:	461f      	mov	r7, r3
100004f4:	f7ff ffc4 	bl	10000480 <hw_claim_lock>
100004f8:	e000      	b.n	100004fc <hw_claim_unused_from_range+0x12>
100004fa:	3401      	adds	r4, #1
100004fc:	42bc      	cmp	r4, r7
100004fe:	d80e      	bhi.n	1000051e <hw_claim_unused_from_range+0x34>
10000500:	ea4f 0cd4 	mov.w	ip, r4, lsr #3
10000504:	f816 100c 	ldrb.w	r1, [r6, ip]
10000508:	f004 0307 	and.w	r3, r4, #7
1000050c:	2201      	movs	r2, #1
1000050e:	409a      	lsls	r2, r3
10000510:	4211      	tst	r1, r2
10000512:	d1f2      	bne.n	100004fa <hw_claim_unused_from_range+0x10>
10000514:	b2d2      	uxtb	r2, r2
10000516:	430a      	orrs	r2, r1
10000518:	f806 200c 	strb.w	r2, [r6, ip]
1000051c:	e001      	b.n	10000522 <hw_claim_unused_from_range+0x38>
1000051e:	f04f 34ff 	mov.w	r4, #4294967295	@ 0xffffffff
10000522:	f7ff ffbf 	bl	100004a4 <hw_claim_unlock>
10000526:	2c00      	cmp	r4, #0
10000528:	db01      	blt.n	1000052e <hw_claim_unused_from_range+0x44>
1000052a:	4620      	mov	r0, r4
1000052c:	bdf8      	pop	{r3, r4, r5, r6, r7, pc}
1000052e:	2d00      	cmp	r5, #0
10000530:	d0fb      	beq.n	1000052a <hw_claim_unused_from_range+0x40>
10000532:	9806      	ldr	r0, [sp, #24]
10000534:	f7ff ff8c 	bl	10000450 <panic>

10000538 <hw_claim_clear>:
10000538:	b538      	push	{r3, r4, r5, lr}
1000053a:	4605      	mov	r5, r0
1000053c:	460c      	mov	r4, r1
1000053e:	f7ff ff9f 	bl	10000480 <hw_claim_lock>
10000542:	08e1      	lsrs	r1, r4, #3
10000544:	5c6a      	ldrb	r2, [r5, r1]
10000546:	f004 0407 	and.w	r4, r4, #7
1000054a:	2301      	movs	r3, #1
1000054c:	40a3      	lsls	r3, r4
1000054e:	421a      	tst	r2, r3
10000550:	d005      	beq.n	1000055e <hw_claim_clear+0x26>
10000552:	ea22 0203 	bic.w	r2, r2, r3
10000556:	546a      	strb	r2, [r5, r1]
10000558:	f7ff ffa4 	bl	100004a4 <hw_claim_unlock>
1000055c:	bd38      	pop	{r3, r4, r5, pc}
1000055e:	4b03      	ldr	r3, [pc, #12]	@ (1000056c <hw_claim_clear+0x34>)
10000560:	4a03      	ldr	r2, [pc, #12]	@ (10000570 <hw_claim_clear+0x38>)
10000562:	2133      	movs	r1, #51	@ 0x33
10000564:	4803      	ldr	r0, [pc, #12]	@ (10000574 <hw_claim_clear+0x3c>)
10000566:	f002 fdd3 	bl	10003110 <__assert_func>
1000056a:	bf00      	nop
1000056c:	10009a44 	.word	0x10009a44
10000570:	1000b0b8 	.word	0x1000b0b8
10000574:	10009a64 	.word	0x10009a64

10000578 <next_striped_spin_lock_num>:
10000578:	4a05      	ldr	r2, [pc, #20]	@ (10000590 <next_striped_spin_lock_num+0x18>)
1000057a:	7810      	ldrb	r0, [r2, #0]
1000057c:	1c43      	adds	r3, r0, #1
1000057e:	b2db      	uxtb	r3, r3
10000580:	7013      	strb	r3, [r2, #0]
10000582:	2b17      	cmp	r3, #23
10000584:	d902      	bls.n	1000058c <next_striped_spin_lock_num+0x14>
10000586:	4613      	mov	r3, r2
10000588:	2210      	movs	r2, #16
1000058a:	701a      	strb	r2, [r3, #0]
1000058c:	4770      	bx	lr
1000058e:	bf00      	nop
10000590:	20001050 	.word	0x20001050

10000594 <spin_lock_claim_unused>:
10000594:	b500      	push	{lr}
10000596:	b083      	sub	sp, #12
10000598:	4601      	mov	r1, r0
1000059a:	4b05      	ldr	r3, [pc, #20]	@ (100005b0 <spin_lock_claim_unused+0x1c>)
1000059c:	9300      	str	r3, [sp, #0]
1000059e:	231f      	movs	r3, #31
100005a0:	2218      	movs	r2, #24
100005a2:	4804      	ldr	r0, [pc, #16]	@ (100005b4 <spin_lock_claim_unused+0x20>)
100005a4:	f7ff ffa1 	bl	100004ea <hw_claim_unused_from_range>
100005a8:	b003      	add	sp, #12
100005aa:	f85d fb04 	ldr.w	pc, [sp], #4
100005ae:	bf00      	nop
100005b0:	10009aa8 	.word	0x10009aa8
100005b4:	200018e8 	.word	0x200018e8

100005b8 <spinlock_set_extexclall>:
100005b8:	f04f 22e0 	mov.w	r2, #3758153728	@ 0xe000e000
100005bc:	6893      	ldr	r3, [r2, #8]
100005be:	f043 5300 	orr.w	r3, r3, #536870912	@ 0x20000000
100005c2:	6093      	str	r3, [r2, #8]
100005c4:	4770      	bx	lr
	...

100005c8 <spin_locks_reset>:
100005c8:	2300      	movs	r3, #0
100005ca:	e005      	b.n	100005d8 <spin_locks_reset+0x10>
100005cc:	4a04      	ldr	r2, [pc, #16]	@ (100005e0 <spin_locks_reset+0x18>)
100005ce:	441a      	add	r2, r3
100005d0:	2100      	movs	r1, #0
100005d2:	e8c2 1f8f 	stlb	r1, [r2]
100005d6:	3301      	adds	r3, #1
100005d8:	2b1f      	cmp	r3, #31
100005da:	d9f7      	bls.n	100005cc <spin_locks_reset+0x4>
100005dc:	4770      	bx	lr
100005de:	bf00      	nop
100005e0:	20001494 	.word	0x20001494

100005e4 <set_raw_irq_handler_and_unlock>:
100005e4:	4b06      	ldr	r3, [pc, #24]	@ (10000600 <set_raw_irq_handler_and_unlock+0x1c>)
100005e6:	689b      	ldr	r3, [r3, #8]
100005e8:	3010      	adds	r0, #16
100005ea:	f843 1020 	str.w	r1, [r3, r0, lsl #2]
100005ee:	f3bf 8f5f 	dmb	sy
100005f2:	2300      	movs	r3, #0
100005f4:	4903      	ldr	r1, [pc, #12]	@ (10000604 <set_raw_irq_handler_and_unlock+0x20>)
100005f6:	e8c1 3f8f 	stlb	r3, [r1]
100005fa:	f382 8810 	msr	PRIMASK, r2
100005fe:	4770      	bx	lr
10000600:	e000ed00 	.word	0xe000ed00
10000604:	2000149d 	.word	0x2000149d

10000608 <nvic_ipr0>:
10000608:	4800      	ldr	r0, [pc, #0]	@ (1000060c <nvic_ipr0+0x4>)
1000060a:	4770      	bx	lr
1000060c:	e000e400 	.word	0xe000e400

10000610 <runtime_init_per_core_irq_priorities>:
10000610:	b508      	push	{r3, lr}
10000612:	f7ff fff9 	bl	10000608 <nvic_ipr0>
10000616:	2300      	movs	r3, #0
10000618:	e004      	b.n	10000624 <runtime_init_per_core_irq_priorities+0x14>
1000061a:	f04f 3280 	mov.w	r2, #2155905152	@ 0x80808080
1000061e:	f840 2b04 	str.w	r2, [r0], #4
10000622:	3301      	adds	r3, #1
10000624:	2b0c      	cmp	r3, #12
10000626:	d9f8      	bls.n	1000061a <runtime_init_per_core_irq_priorities+0xa>
10000628:	b662      	cpsie	i
1000062a:	bd08      	pop	{r3, pc}

1000062c <get_user_irq_claim_index>:
1000062c:	f1c0 0033 	rsb	r0, r0, #51	@ 0x33
10000630:	4770      	bx	lr
	...

10000634 <resolve_j_16>:
10000634:	b508      	push	{r3, lr}
10000636:	8803      	ldrh	r3, [r0, #0]
10000638:	0ada      	lsrs	r2, r3, #11
1000063a:	2a1c      	cmp	r2, #28
1000063c:	d106      	bne.n	1000064c <resolve_j_16+0x18>
1000063e:	055b      	lsls	r3, r3, #21
10000640:	d40b      	bmi.n	1000065a <resolve_j_16+0x26>
10000642:	155b      	asrs	r3, r3, #21
10000644:	3302      	adds	r3, #2
10000646:	eb00 0043 	add.w	r0, r0, r3, lsl #1
1000064a:	bd08      	pop	{r3, pc}
1000064c:	4b06      	ldr	r3, [pc, #24]	@ (10000668 <resolve_j_16+0x34>)
1000064e:	4a07      	ldr	r2, [pc, #28]	@ (1000066c <resolve_j_16+0x38>)
10000650:	f44f 718e 	mov.w	r1, #284	@ 0x11c
10000654:	4806      	ldr	r0, [pc, #24]	@ (10000670 <resolve_j_16+0x3c>)
10000656:	f002 fd5b 	bl	10003110 <__assert_func>
1000065a:	f503 13ff 	add.w	r3, r3, #2088960	@ 0x1fe000
1000065e:	f503 53ff 	add.w	r3, r3, #8160	@ 0x1fe0
10000662:	331f      	adds	r3, #31
10000664:	e7ed      	b.n	10000642 <resolve_j_16+0xe>
10000666:	bf00      	nop
10000668:	10009ac4 	.word	0x10009ac4
1000066c:	1000b114 	.word	0x1000b114
10000670:	10009adc 	.word	0x10009adc

10000674 <make_j_16>:
10000674:	b508      	push	{r3, lr}
10000676:	1a09      	subs	r1, r1, r0
10000678:	f201 72fc 	addw	r2, r1, #2044	@ 0x7fc
1000067c:	f640 73fe 	movw	r3, #4094	@ 0xffe
10000680:	429a      	cmp	r2, r3
10000682:	d808      	bhi.n	10000696 <make_j_16+0x22>
10000684:	1f08      	subs	r0, r1, #4
10000686:	f011 0f01 	tst.w	r1, #1
1000068a:	d104      	bne.n	10000696 <make_j_16+0x22>
1000068c:	f3c0 004a 	ubfx	r0, r0, #1, #11
10000690:	f440 4060 	orr.w	r0, r0, #57344	@ 0xe000
10000694:	bd08      	pop	{r3, pc}
10000696:	4b03      	ldr	r3, [pc, #12]	@ (100006a4 <make_j_16+0x30>)
10000698:	4a03      	ldr	r2, [pc, #12]	@ (100006a8 <make_j_16+0x34>)
1000069a:	f44f 7187 	mov.w	r1, #270	@ 0x10e
1000069e:	4803      	ldr	r0, [pc, #12]	@ (100006ac <make_j_16+0x38>)
100006a0:	f002 fd36 	bl	10003110 <__assert_func>
100006a4:	10009b20 	.word	0x10009b20
100006a8:	1000b108 	.word	0x1000b108
100006ac:	10009adc 	.word	0x10009adc

100006b0 <insert_bl_32>:
100006b0:	b508      	push	{r3, lr}
100006b2:	1a09      	subs	r1, r1, r0
100006b4:	3904      	subs	r1, #4
100006b6:	084b      	lsrs	r3, r1, #1
100006b8:	0b09      	lsrs	r1, r1, #12
100006ba:	d10a      	bne.n	100006d2 <insert_bl_32+0x22>
100006bc:	f3c1 010a 	ubfx	r1, r1, #0, #11
100006c0:	f441 4170 	orr.w	r1, r1, #61440	@ 0xf000
100006c4:	8001      	strh	r1, [r0, #0]
100006c6:	ea6f 5343 	mvn.w	r3, r3, lsl #21
100006ca:	ea6f 5353 	mvn.w	r3, r3, lsr #21
100006ce:	8043      	strh	r3, [r0, #2]
100006d0:	bd08      	pop	{r3, pc}
100006d2:	4b03      	ldr	r3, [pc, #12]	@ (100006e0 <insert_bl_32+0x30>)
100006d4:	4a03      	ldr	r2, [pc, #12]	@ (100006e4 <insert_bl_32+0x34>)
100006d6:	f44f 718b 	mov.w	r1, #278	@ 0x116
100006da:	4803      	ldr	r0, [pc, #12]	@ (100006e8 <insert_bl_32+0x38>)
100006dc:	f002 fd18 	bl	10003110 <__assert_func>
100006e0:	10009b50 	.word	0x10009b50
100006e4:	1000b0e4 	.word	0x1000b0e4
100006e8:	10009adc 	.word	0x10009adc

100006ec <irq_is_enabled>:
100006ec:	0942      	lsrs	r2, r0, #5
100006ee:	4b06      	ldr	r3, [pc, #24]	@ (10000708 <irq_is_enabled+0x1c>)
100006f0:	f853 3022 	ldr.w	r3, [r3, r2, lsl #2]
100006f4:	f000 001f 	and.w	r0, r0, #31
100006f8:	2201      	movs	r2, #1
100006fa:	4082      	lsls	r2, r0
100006fc:	ea03 0002 	and.w	r0, r3, r2
10000700:	3800      	subs	r0, #0
10000702:	bf18      	it	ne
10000704:	2001      	movne	r0, #1
10000706:	4770      	bx	lr
10000708:	e000e100 	.word	0xe000e100

1000070c <irq_set_mask_n_enabled>:
1000070c:	b13a      	cbz	r2, 1000071e <irq_set_mask_n_enabled+0x12>
1000070e:	4b06      	ldr	r3, [pc, #24]	@ (10000728 <irq_set_mask_n_enabled+0x1c>)
10000710:	f100 0260 	add.w	r2, r0, #96	@ 0x60
10000714:	f843 1022 	str.w	r1, [r3, r2, lsl #2]
10000718:	f843 1020 	str.w	r1, [r3, r0, lsl #2]
1000071c:	4770      	bx	lr
1000071e:	3020      	adds	r0, #32
10000720:	4b01      	ldr	r3, [pc, #4]	@ (10000728 <irq_set_mask_n_enabled+0x1c>)
10000722:	f843 1020 	str.w	r1, [r3, r0, lsl #2]
10000726:	4770      	bx	lr
10000728:	e000e100 	.word	0xe000e100

1000072c <irq_set_enabled>:
1000072c:	b508      	push	{r3, lr}
1000072e:	460a      	mov	r2, r1
10000730:	f000 031f 	and.w	r3, r0, #31
10000734:	2101      	movs	r1, #1
10000736:	4099      	lsls	r1, r3
10000738:	0940      	lsrs	r0, r0, #5
1000073a:	f7ff ffe7 	bl	1000070c <irq_set_mask_n_enabled>
1000073e:	bd08      	pop	{r3, pc}

10000740 <irq_set_pending>:
10000740:	f000 021f 	and.w	r2, r0, #31
10000744:	0940      	lsrs	r0, r0, #5
10000746:	2301      	movs	r3, #1
10000748:	4093      	lsls	r3, r2
1000074a:	3040      	adds	r0, #64	@ 0x40
1000074c:	4a01      	ldr	r2, [pc, #4]	@ (10000754 <irq_set_pending+0x14>)
1000074e:	f842 3020 	str.w	r3, [r2, r0, lsl #2]
10000752:	4770      	bx	lr
10000754:	e000e100 	.word	0xe000e100

10000758 <irq_get_vtable_handler>:
10000758:	4b02      	ldr	r3, [pc, #8]	@ (10000764 <irq_get_vtable_handler+0xc>)
1000075a:	689b      	ldr	r3, [r3, #8]
1000075c:	3010      	adds	r0, #16
1000075e:	f853 0020 	ldr.w	r0, [r3, r0, lsl #2]
10000762:	4770      	bx	lr
10000764:	e000ed00 	.word	0xe000ed00

10000768 <irq_has_shared_handler>:
10000768:	b508      	push	{r3, lr}
1000076a:	f7ff fff5 	bl	10000758 <irq_get_vtable_handler>
1000076e:	4b03      	ldr	r3, [pc, #12]	@ (1000077c <irq_has_shared_handler+0x14>)
10000770:	1ac0      	subs	r0, r0, r3
10000772:	282f      	cmp	r0, #47	@ 0x2f
10000774:	bf8c      	ite	hi
10000776:	2000      	movhi	r0, #0
10000778:	2001      	movls	r0, #1
1000077a:	bd08      	pop	{r3, pc}
1000077c:	20001054 	.word	0x20001054

10000780 <irq_has_handler>:
10000780:	b508      	push	{r3, lr}
10000782:	f7ff ffe9 	bl	10000758 <irq_get_vtable_handler>
10000786:	b130      	cbz	r0, 10000796 <irq_has_handler+0x16>
10000788:	4a04      	ldr	r2, [pc, #16]	@ (1000079c <irq_has_handler+0x1c>)
1000078a:	4290      	cmp	r0, r2
1000078c:	d001      	beq.n	10000792 <irq_has_handler+0x12>
1000078e:	2001      	movs	r0, #1
10000790:	bd08      	pop	{r3, pc}
10000792:	2000      	movs	r0, #0
10000794:	e7fc      	b.n	10000790 <irq_has_handler+0x10>
10000796:	2000      	movs	r0, #0
10000798:	e7fa      	b.n	10000790 <irq_has_handler+0x10>
1000079a:	bf00      	nop
1000079c:	10000111 	.word	0x10000111

100007a0 <irq_set_exclusive_handler>:
100007a0:	b570      	push	{r4, r5, r6, lr}
100007a2:	4605      	mov	r5, r0
100007a4:	460c      	mov	r4, r1
100007a6:	f3ef 8610 	mrs	r6, PRIMASK
100007aa:	b672      	cpsid	i
100007ac:	4b0f      	ldr	r3, [pc, #60]	@ (100007ec <irq_set_exclusive_handler+0x4c>)
100007ae:	e8d3 1fcf 	ldaexb	r1, [r3]
100007b2:	2201      	movs	r2, #1
100007b4:	2900      	cmp	r1, #0
100007b6:	d1fa      	bne.n	100007ae <irq_set_exclusive_handler+0xe>
100007b8:	e8c3 2f41 	strexb	r1, r2, [r3]
100007bc:	2900      	cmp	r1, #0
100007be:	d1f6      	bne.n	100007ae <irq_set_exclusive_handler+0xe>
100007c0:	f3bf 8f5f 	dmb	sy
100007c4:	f7ff ffc8 	bl	10000758 <irq_get_vtable_handler>
100007c8:	4b09      	ldr	r3, [pc, #36]	@ (100007f0 <irq_set_exclusive_handler+0x50>)
100007ca:	4298      	cmp	r0, r3
100007cc:	d001      	beq.n	100007d2 <irq_set_exclusive_handler+0x32>
100007ce:	42a0      	cmp	r0, r4
100007d0:	d105      	bne.n	100007de <irq_set_exclusive_handler+0x3e>
100007d2:	4632      	mov	r2, r6
100007d4:	4621      	mov	r1, r4
100007d6:	4628      	mov	r0, r5
100007d8:	f7ff ff04 	bl	100005e4 <set_raw_irq_handler_and_unlock>
100007dc:	bd70      	pop	{r4, r5, r6, pc}
100007de:	4b05      	ldr	r3, [pc, #20]	@ (100007f4 <irq_set_exclusive_handler+0x54>)
100007e0:	4a05      	ldr	r2, [pc, #20]	@ (100007f8 <irq_set_exclusive_handler+0x58>)
100007e2:	21ed      	movs	r1, #237	@ 0xed
100007e4:	4805      	ldr	r0, [pc, #20]	@ (100007fc <irq_set_exclusive_handler+0x5c>)
100007e6:	f002 fc93 	bl	10003110 <__assert_func>
100007ea:	bf00      	nop
100007ec:	2000149d 	.word	0x2000149d
100007f0:	10000111 	.word	0x10000111
100007f4:	10009b60 	.word	0x10009b60
100007f8:	1000b13c 	.word	0x1000b13c
100007fc:	10009adc 	.word	0x10009adc

10000800 <irq_add_shared_handler>:
10000800:	e92d 4ff0 	stmdb	sp!, {r4, r5, r6, r7, r8, r9, sl, fp, lr}
10000804:	b087      	sub	sp, #28
10000806:	9100      	str	r1, [sp, #0]
10000808:	4615      	mov	r5, r2
1000080a:	f3ef 8a10 	mrs	sl, PRIMASK
1000080e:	b672      	cpsid	i
10000810:	4b7c      	ldr	r3, [pc, #496]	@ (10000a04 <irq_add_shared_handler+0x204>)
10000812:	e8d3 1fcf 	ldaexb	r1, [r3]
10000816:	2201      	movs	r2, #1
10000818:	2900      	cmp	r1, #0
1000081a:	d1fa      	bne.n	10000812 <irq_add_shared_handler+0x12>
1000081c:	e8c3 2f41 	strexb	r1, r2, [r3]
10000820:	2900      	cmp	r1, #0
10000822:	d1f6      	bne.n	10000812 <irq_add_shared_handler+0x12>
10000824:	f3bf 8f5f 	dmb	sy
10000828:	4b77      	ldr	r3, [pc, #476]	@ (10000a08 <irq_add_shared_handler+0x208>)
1000082a:	f993 4000 	ldrsb.w	r4, [r3]
1000082e:	2c00      	cmp	r4, #0
10000830:	db44      	blt.n	100008bc <irq_add_shared_handler+0xbc>
10000832:	4680      	mov	r8, r0
10000834:	eb04 0744 	add.w	r7, r4, r4, lsl #1
10000838:	4b74      	ldr	r3, [pc, #464]	@ (10000a0c <irq_add_shared_handler+0x20c>)
1000083a:	eb03 0787 	add.w	r7, r3, r7, lsl #2
1000083e:	f997 1006 	ldrsb.w	r1, [r7, #6]
10000842:	4a71      	ldr	r2, [pc, #452]	@ (10000a08 <irq_add_shared_handler+0x208>)
10000844:	7011      	strb	r1, [r2, #0]
10000846:	4a72      	ldr	r2, [pc, #456]	@ (10000a10 <irq_add_shared_handler+0x210>)
10000848:	6892      	ldr	r2, [r2, #8]
1000084a:	f100 0110 	add.w	r1, r0, #16
1000084e:	f852 9021 	ldr.w	r9, [r2, r1, lsl #2]
10000852:	eba9 0203 	sub.w	r2, r9, r3
10000856:	2a2f      	cmp	r2, #47	@ 0x2f
10000858:	d93e      	bls.n	100008d8 <irq_add_shared_handler+0xd8>
1000085a:	4b6e      	ldr	r3, [pc, #440]	@ (10000a14 <irq_add_shared_handler+0x214>)
1000085c:	4599      	cmp	r9, r3
1000085e:	d134      	bne.n	100008ca <irq_add_shared_handler+0xca>
10000860:	f44f 4321 	mov.w	r3, #41216	@ 0xa100
10000864:	f8ad 300c 	strh.w	r3, [sp, #12]
10000868:	ea4f 0944 	mov.w	r9, r4, lsl #1
1000086c:	eb04 0044 	add.w	r0, r4, r4, lsl #1
10000870:	4e66      	ldr	r6, [pc, #408]	@ (10000a0c <irq_add_shared_handler+0x20c>)
10000872:	eb06 0080 	add.w	r0, r6, r0, lsl #2
10000876:	4968      	ldr	r1, [pc, #416]	@ (10000a18 <irq_add_shared_handler+0x218>)
10000878:	3002      	adds	r0, #2
1000087a:	f7ff fefb 	bl	10000674 <make_j_16>
1000087e:	f8ad 000e 	strh.w	r0, [sp, #14]
10000882:	f64b 5301 	movw	r3, #48385	@ 0xbd01
10000886:	f8ad 3010 	strh.w	r3, [sp, #16]
1000088a:	23ff      	movs	r3, #255	@ 0xff
1000088c:	f88d 3012 	strb.w	r3, [sp, #18]
10000890:	f88d 5013 	strb.w	r5, [sp, #19]
10000894:	9b00      	ldr	r3, [sp, #0]
10000896:	9305      	str	r3, [sp, #20]
10000898:	44a1      	add	r9, r4
1000089a:	eb06 0389 	add.w	r3, r6, r9, lsl #2
1000089e:	aa06      	add	r2, sp, #24
100008a0:	e912 0007 	ldmdb	r2, {r0, r1, r2}
100008a4:	e883 0007 	stmia.w	r3, {r0, r1, r2}
100008a8:	f047 0901 	orr.w	r9, r7, #1
100008ac:	4652      	mov	r2, sl
100008ae:	4649      	mov	r1, r9
100008b0:	4640      	mov	r0, r8
100008b2:	f7ff fe97 	bl	100005e4 <set_raw_irq_handler_and_unlock>
100008b6:	b007      	add	sp, #28
100008b8:	e8bd 8ff0 	ldmia.w	sp!, {r4, r5, r6, r7, r8, r9, sl, fp, pc}
100008bc:	4b57      	ldr	r3, [pc, #348]	@ (10000a1c <irq_add_shared_handler+0x21c>)
100008be:	4a58      	ldr	r2, [pc, #352]	@ (10000a20 <irq_add_shared_handler+0x220>)
100008c0:	f44f 71be 	mov.w	r1, #380	@ 0x17c
100008c4:	4857      	ldr	r0, [pc, #348]	@ (10000a24 <irq_add_shared_handler+0x224>)
100008c6:	f002 fc23 	bl	10003110 <__assert_func>
100008ca:	4b57      	ldr	r3, [pc, #348]	@ (10000a28 <irq_add_shared_handler+0x228>)
100008cc:	4a54      	ldr	r2, [pc, #336]	@ (10000a20 <irq_add_shared_handler+0x220>)
100008ce:	f240 1183 	movw	r1, #387	@ 0x183
100008d2:	4854      	ldr	r0, [pc, #336]	@ (10000a24 <irq_add_shared_handler+0x224>)
100008d4:	f002 fc1c 	bl	10003110 <__assert_func>
100008d8:	f029 0b01 	bic.w	fp, r9, #1
100008dc:	ebab 0303 	sub.w	r3, fp, r3
100008e0:	4a52      	ldr	r2, [pc, #328]	@ (10000a2c <irq_add_shared_handler+0x22c>)
100008e2:	fba2 1203 	umull	r1, r2, r2, r3
100008e6:	08d2      	lsrs	r2, r2, #3
100008e8:	eb02 0242 	add.w	r2, r2, r2, lsl #1
100008ec:	ebb3 0f82 	cmp.w	r3, r2, lsl #2
100008f0:	d10f      	bne.n	10000912 <irq_add_shared_handler+0x112>
100008f2:	465b      	mov	r3, fp
100008f4:	2600      	movs	r6, #0
100008f6:	79da      	ldrb	r2, [r3, #7]
100008f8:	42aa      	cmp	r2, r5
100008fa:	d912      	bls.n	10000922 <irq_add_shared_handler+0x122>
100008fc:	f993 2006 	ldrsb.w	r2, [r3, #6]
10000900:	2a00      	cmp	r2, #0
10000902:	db0d      	blt.n	10000920 <irq_add_shared_handler+0x120>
10000904:	eb02 0242 	add.w	r2, r2, r2, lsl #1
10000908:	461e      	mov	r6, r3
1000090a:	4b40      	ldr	r3, [pc, #256]	@ (10000a0c <irq_add_shared_handler+0x20c>)
1000090c:	eb03 0382 	add.w	r3, r3, r2, lsl #2
10000910:	e7f1      	b.n	100008f6 <irq_add_shared_handler+0xf6>
10000912:	4b47      	ldr	r3, [pc, #284]	@ (10000a30 <irq_add_shared_handler+0x230>)
10000914:	4a42      	ldr	r2, [pc, #264]	@ (10000a20 <irq_add_shared_handler+0x220>)
10000916:	f44f 71ca 	mov.w	r1, #404	@ 0x194
1000091a:	4842      	ldr	r0, [pc, #264]	@ (10000a24 <irq_add_shared_handler+0x224>)
1000091c:	f002 fbf8 	bl	10003110 <__assert_func>
10000920:	461e      	mov	r6, r3
10000922:	b3a6      	cbz	r6, 1000098e <irq_add_shared_handler+0x18e>
10000924:	f644 0301 	movw	r3, #18433	@ 0x4801
10000928:	f8ad 300c 	strh.w	r3, [sp, #12]
1000092c:	f44f 438f 	mov.w	r3, #18304	@ 0x4780
10000930:	f8ad 300e 	strh.w	r3, [sp, #14]
10000934:	f996 b006 	ldrsb.w	fp, [r6, #6]
10000938:	f1bb 0f00 	cmp.w	fp, #0
1000093c:	da1a      	bge.n	10000974 <irq_add_shared_handler+0x174>
1000093e:	f64b 5001 	movw	r0, #48385	@ 0xbd01
10000942:	f8ad 0010 	strh.w	r0, [sp, #16]
10000946:	f88d b012 	strb.w	fp, [sp, #18]
1000094a:	f88d 5013 	strb.w	r5, [sp, #19]
1000094e:	9b00      	ldr	r3, [sp, #0]
10000950:	9305      	str	r3, [sp, #20]
10000952:	4639      	mov	r1, r7
10000954:	1d30      	adds	r0, r6, #4
10000956:	f7ff fe8d 	bl	10000674 <make_j_16>
1000095a:	80b0      	strh	r0, [r6, #4]
1000095c:	71b4      	strb	r4, [r6, #6]
1000095e:	eb04 0444 	add.w	r4, r4, r4, lsl #1
10000962:	4b2a      	ldr	r3, [pc, #168]	@ (10000a0c <irq_add_shared_handler+0x20c>)
10000964:	eb03 0384 	add.w	r3, r3, r4, lsl #2
10000968:	aa06      	add	r2, sp, #24
1000096a:	e912 0007 	ldmdb	r2, {r0, r1, r2}
1000096e:	e883 0007 	stmia.w	r3, {r0, r1, r2}
10000972:	e79b      	b.n	100008ac <irq_add_shared_handler+0xac>
10000974:	1d30      	adds	r0, r6, #4
10000976:	f7ff fe5d 	bl	10000634 <resolve_j_16>
1000097a:	4601      	mov	r1, r0
1000097c:	eb04 0244 	add.w	r2, r4, r4, lsl #1
10000980:	4b22      	ldr	r3, [pc, #136]	@ (10000a0c <irq_add_shared_handler+0x20c>)
10000982:	eb03 0382 	add.w	r3, r3, r2, lsl #2
10000986:	1d18      	adds	r0, r3, #4
10000988:	f7ff fe74 	bl	10000674 <make_j_16>
1000098c:	e7d9      	b.n	10000942 <irq_add_shared_handler+0x142>
1000098e:	f44f 4321 	mov.w	r3, #41216	@ 0xa100
10000992:	f8ad 300c 	strh.w	r3, [sp, #12]
10000996:	0063      	lsls	r3, r4, #1
10000998:	9301      	str	r3, [sp, #4]
1000099a:	eb04 0644 	add.w	r6, r4, r4, lsl #1
1000099e:	f8df 906c 	ldr.w	r9, [pc, #108]	@ 10000a0c <irq_add_shared_handler+0x20c>
100009a2:	eb09 0686 	add.w	r6, r9, r6, lsl #2
100009a6:	491c      	ldr	r1, [pc, #112]	@ (10000a18 <irq_add_shared_handler+0x218>)
100009a8:	1cb0      	adds	r0, r6, #2
100009aa:	f7ff fe63 	bl	10000674 <make_j_16>
100009ae:	f8ad 000e 	strh.w	r0, [sp, #14]
100009b2:	4659      	mov	r1, fp
100009b4:	1d30      	adds	r0, r6, #4
100009b6:	f7ff fe5d 	bl	10000674 <make_j_16>
100009ba:	f8ad 0010 	strh.w	r0, [sp, #16]
100009be:	f64a 23aa 	movw	r3, #43690	@ 0xaaaa
100009c2:	465a      	mov	r2, fp
100009c4:	4649      	mov	r1, r9
100009c6:	1a52      	subs	r2, r2, r1
100009c8:	4152      	adcs	r2, r2
100009ca:	4353      	muls	r3, r2
100009cc:	0d1b      	lsrs	r3, r3, #20
100009ce:	f88d 3012 	strb.w	r3, [sp, #18]
100009d2:	f88d 5013 	strb.w	r5, [sp, #19]
100009d6:	9a00      	ldr	r2, [sp, #0]
100009d8:	9205      	str	r2, [sp, #20]
100009da:	9b01      	ldr	r3, [sp, #4]
100009dc:	4423      	add	r3, r4
100009de:	eb09 0983 	add.w	r9, r9, r3, lsl #2
100009e2:	ab06      	add	r3, sp, #24
100009e4:	e913 0007 	ldmdb	r3, {r0, r1, r2}
100009e8:	e889 0007 	stmia.w	r9, {r0, r1, r2}
100009ec:	f644 0301 	movw	r3, #18433	@ 0x4801
100009f0:	f8ab 3000 	strh.w	r3, [fp]
100009f4:	f44f 438f 	mov.w	r3, #18304	@ 0x4780
100009f8:	f8ab 3002 	strh.w	r3, [fp, #2]
100009fc:	f047 0901 	orr.w	r9, r7, #1
10000a00:	e754      	b.n	100008ac <irq_add_shared_handler+0xac>
10000a02:	bf00      	nop
10000a04:	2000149d 	.word	0x2000149d
10000a08:	200026b5 	.word	0x200026b5
10000a0c:	20001054 	.word	0x20001054
10000a10:	e000ed00 	.word	0xe000ed00
10000a14:	10000111 	.word	0x10000111
10000a18:	20001084 	.word	0x20001084
10000a1c:	10009b98 	.word	0x10009b98
10000a20:	1000b124 	.word	0x1000b124
10000a24:	10009adc 	.word	0x10009adc
10000a28:	10009bc0 	.word	0x10009bc0
10000a2c:	aaaaaaab 	.word	0xaaaaaaab
10000a30:	10009be8 	.word	0x10009be8

10000a34 <irq_remove_handler>:
10000a34:	e92d 47f0 	stmdb	sp!, {r4, r5, r6, r7, r8, r9, sl, lr}
10000a38:	4606      	mov	r6, r0
10000a3a:	460d      	mov	r5, r1
10000a3c:	f3ef 8810 	mrs	r8, PRIMASK
10000a40:	b672      	cpsid	i
10000a42:	4b50      	ldr	r3, [pc, #320]	@ (10000b84 <irq_remove_handler+0x150>)
10000a44:	e8d3 1fcf 	ldaexb	r1, [r3]
10000a48:	2201      	movs	r2, #1
10000a4a:	2900      	cmp	r1, #0
10000a4c:	d1fa      	bne.n	10000a44 <irq_remove_handler+0x10>
10000a4e:	e8c3 2f41 	strexb	r1, r2, [r3]
10000a52:	2900      	cmp	r1, #0
10000a54:	d1f6      	bne.n	10000a44 <irq_remove_handler+0x10>
10000a56:	f3bf 8f5f 	dmb	sy
10000a5a:	4b4b      	ldr	r3, [pc, #300]	@ (10000b88 <irq_remove_handler+0x154>)
10000a5c:	689b      	ldr	r3, [r3, #8]
10000a5e:	f100 0a10 	add.w	sl, r0, #16
10000a62:	f853 702a 	ldr.w	r7, [r3, sl, lsl #2]
10000a66:	4b49      	ldr	r3, [pc, #292]	@ (10000b8c <irq_remove_handler+0x158>)
10000a68:	429f      	cmp	r7, r3
10000a6a:	d007      	beq.n	10000a7c <irq_remove_handler+0x48>
10000a6c:	42af      	cmp	r7, r5
10000a6e:	f000 8087 	beq.w	10000b80 <irq_remove_handler+0x14c>
10000a72:	463c      	mov	r4, r7
10000a74:	4b46      	ldr	r3, [pc, #280]	@ (10000b90 <irq_remove_handler+0x15c>)
10000a76:	1afb      	subs	r3, r7, r3
10000a78:	2b2f      	cmp	r3, #47	@ 0x2f
10000a7a:	d906      	bls.n	10000a8a <irq_remove_handler+0x56>
10000a7c:	4642      	mov	r2, r8
10000a7e:	4639      	mov	r1, r7
10000a80:	4630      	mov	r0, r6
10000a82:	f7ff fdaf 	bl	100005e4 <set_raw_irq_handler_and_unlock>
10000a86:	e8bd 87f0 	ldmia.w	sp!, {r4, r5, r6, r7, r8, r9, sl, pc}
10000a8a:	f7ff fe2f 	bl	100006ec <irq_is_enabled>
10000a8e:	4681      	mov	r9, r0
10000a90:	2100      	movs	r1, #0
10000a92:	4630      	mov	r0, r6
10000a94:	f7ff fe4a 	bl	1000072c <irq_set_enabled>
10000a98:	f3bf 8f5f 	dmb	sy
10000a9c:	f3ef 8005 	mrs	r0, IPSR
10000aa0:	b2c0      	uxtb	r0, r0
10000aa2:	b108      	cbz	r0, 10000aa8 <irq_remove_handler+0x74>
10000aa4:	4582      	cmp	sl, r0
10000aa6:	d110      	bne.n	10000aca <irq_remove_handler+0x96>
10000aa8:	f024 0401 	bic.w	r4, r4, #1
10000aac:	2100      	movs	r1, #0
10000aae:	68a2      	ldr	r2, [r4, #8]
10000ab0:	4295      	cmp	r5, r2
10000ab2:	d012      	beq.n	10000ada <irq_remove_handler+0xa6>
10000ab4:	f994 3006 	ldrsb.w	r3, [r4, #6]
10000ab8:	2b00      	cmp	r3, #0
10000aba:	db0d      	blt.n	10000ad8 <irq_remove_handler+0xa4>
10000abc:	eb03 0343 	add.w	r3, r3, r3, lsl #1
10000ac0:	4621      	mov	r1, r4
10000ac2:	4c33      	ldr	r4, [pc, #204]	@ (10000b90 <irq_remove_handler+0x15c>)
10000ac4:	eb04 0483 	add.w	r4, r4, r3, lsl #2
10000ac8:	e7f1      	b.n	10000aae <irq_remove_handler+0x7a>
10000aca:	4b32      	ldr	r3, [pc, #200]	@ (10000b94 <irq_remove_handler+0x160>)
10000acc:	4a32      	ldr	r2, [pc, #200]	@ (10000b98 <irq_remove_handler+0x164>)
10000ace:	f240 2102 	movw	r1, #514	@ 0x202
10000ad2:	4832      	ldr	r0, [pc, #200]	@ (10000b9c <irq_remove_handler+0x168>)
10000ad4:	f002 fb1c 	bl	10003110 <__assert_func>
10000ad8:	4621      	mov	r1, r4
10000ada:	4295      	cmp	r5, r2
10000adc:	d149      	bne.n	10000b72 <irq_remove_handler+0x13e>
10000ade:	f994 5006 	ldrsb.w	r5, [r4, #6]
10000ae2:	2d00      	cmp	r5, #0
10000ae4:	db2b      	blt.n	10000b3e <irq_remove_handler+0x10a>
10000ae6:	eb05 0245 	add.w	r2, r5, r5, lsl #1
10000aea:	4b29      	ldr	r3, [pc, #164]	@ (10000b90 <irq_remove_handler+0x15c>)
10000aec:	eb03 0382 	add.w	r3, r3, r2, lsl #2
10000af0:	689a      	ldr	r2, [r3, #8]
10000af2:	60a2      	str	r2, [r4, #8]
10000af4:	79da      	ldrb	r2, [r3, #7]
10000af6:	71e2      	strb	r2, [r4, #7]
10000af8:	f993 3006 	ldrsb.w	r3, [r3, #6]
10000afc:	71a3      	strb	r3, [r4, #6]
10000afe:	2b00      	cmp	r3, #0
10000b00:	da10      	bge.n	10000b24 <irq_remove_handler+0xf0>
10000b02:	f64b 5001 	movw	r0, #48385	@ 0xbd01
10000b06:	80a0      	strh	r0, [r4, #4]
10000b08:	eb05 0245 	add.w	r2, r5, r5, lsl #1
10000b0c:	4b20      	ldr	r3, [pc, #128]	@ (10000b90 <irq_remove_handler+0x15c>)
10000b0e:	eb03 0382 	add.w	r3, r3, r2, lsl #2
10000b12:	4a23      	ldr	r2, [pc, #140]	@ (10000ba0 <irq_remove_handler+0x16c>)
10000b14:	7811      	ldrb	r1, [r2, #0]
10000b16:	7199      	strb	r1, [r3, #6]
10000b18:	7015      	strb	r5, [r2, #0]
10000b1a:	4649      	mov	r1, r9
10000b1c:	4630      	mov	r0, r6
10000b1e:	f7ff fe05 	bl	1000072c <irq_set_enabled>
10000b22:	e7ab      	b.n	10000a7c <irq_remove_handler+0x48>
10000b24:	eb05 0345 	add.w	r3, r5, r5, lsl #1
10000b28:	4819      	ldr	r0, [pc, #100]	@ (10000b90 <irq_remove_handler+0x15c>)
10000b2a:	eb00 0083 	add.w	r0, r0, r3, lsl #2
10000b2e:	3004      	adds	r0, #4
10000b30:	f7ff fd80 	bl	10000634 <resolve_j_16>
10000b34:	4601      	mov	r1, r0
10000b36:	1d20      	adds	r0, r4, #4
10000b38:	f7ff fd9c 	bl	10000674 <make_j_16>
10000b3c:	e7e3      	b.n	10000b06 <irq_remove_handler+0xd2>
10000b3e:	b998      	cbnz	r0, 10000b68 <irq_remove_handler+0x134>
10000b40:	b181      	cbz	r1, 10000b64 <irq_remove_handler+0x130>
10000b42:	23ff      	movs	r3, #255	@ 0xff
10000b44:	718b      	strb	r3, [r1, #6]
10000b46:	f64b 5301 	movw	r3, #48385	@ 0xbd01
10000b4a:	808b      	strh	r3, [r1, #4]
10000b4c:	4a14      	ldr	r2, [pc, #80]	@ (10000ba0 <irq_remove_handler+0x16c>)
10000b4e:	7813      	ldrb	r3, [r2, #0]
10000b50:	71a3      	strb	r3, [r4, #6]
10000b52:	f64a 23aa 	movw	r3, #43690	@ 0xaaaa
10000b56:	490e      	ldr	r1, [pc, #56]	@ (10000b90 <irq_remove_handler+0x15c>)
10000b58:	1a64      	subs	r4, r4, r1
10000b5a:	4164      	adcs	r4, r4
10000b5c:	4363      	muls	r3, r4
10000b5e:	0d1b      	lsrs	r3, r3, #20
10000b60:	7013      	strb	r3, [r2, #0]
10000b62:	e7da      	b.n	10000b1a <irq_remove_handler+0xe6>
10000b64:	4f09      	ldr	r7, [pc, #36]	@ (10000b8c <irq_remove_handler+0x158>)
10000b66:	e7f1      	b.n	10000b4c <irq_remove_handler+0x118>
10000b68:	490e      	ldr	r1, [pc, #56]	@ (10000ba4 <irq_remove_handler+0x170>)
10000b6a:	1d20      	adds	r0, r4, #4
10000b6c:	f7ff fda0 	bl	100006b0 <insert_bl_32>
10000b70:	e7d3      	b.n	10000b1a <irq_remove_handler+0xe6>
10000b72:	4b0d      	ldr	r3, [pc, #52]	@ (10000ba8 <irq_remove_handler+0x174>)
10000b74:	4a08      	ldr	r2, [pc, #32]	@ (10000b98 <irq_remove_handler+0x164>)
10000b76:	f44f 7111 	mov.w	r1, #580	@ 0x244
10000b7a:	4808      	ldr	r0, [pc, #32]	@ (10000b9c <irq_remove_handler+0x168>)
10000b7c:	f002 fac8 	bl	10003110 <__assert_func>
10000b80:	4f02      	ldr	r7, [pc, #8]	@ (10000b8c <irq_remove_handler+0x158>)
10000b82:	e77b      	b.n	10000a7c <irq_remove_handler+0x48>
10000b84:	2000149d 	.word	0x2000149d
10000b88:	e000ed00 	.word	0xe000ed00
10000b8c:	10000111 	.word	0x10000111
10000b90:	20001054 	.word	0x20001054
10000b94:	10009c6c 	.word	0x10009c6c
10000b98:	1000b0f4 	.word	0x1000b0f4
10000b9c:	10009adc 	.word	0x10009adc
10000ba0:	200026b5 	.word	0x200026b5
10000ba4:	2000108e 	.word	0x2000108e
10000ba8:	10009ca0 	.word	0x10009ca0

10000bac <irq_set_priority>:
10000bac:	b538      	push	{r3, r4, r5, lr}
10000bae:	4604      	mov	r4, r0
10000bb0:	460d      	mov	r5, r1
10000bb2:	f7ff fd29 	bl	10000608 <nvic_ipr0>
10000bb6:	ea4f 0c94 	mov.w	ip, r4, lsr #2
10000bba:	f850 302c 	ldr.w	r3, [r0, ip, lsl #2]
10000bbe:	f004 0403 	and.w	r4, r4, #3
10000bc2:	00e4      	lsls	r4, r4, #3
10000bc4:	22ff      	movs	r2, #255	@ 0xff
10000bc6:	40a2      	lsls	r2, r4
10000bc8:	ea23 0302 	bic.w	r3, r3, r2
10000bcc:	40a5      	lsls	r5, r4
10000bce:	432b      	orrs	r3, r5
10000bd0:	f840 302c 	str.w	r3, [r0, ip, lsl #2]
10000bd4:	bd38      	pop	{r3, r4, r5, pc}
	...

10000bd8 <irq_add_tail_to_free_list>:
10000bd8:	b538      	push	{r3, r4, r5, lr}
10000bda:	f040 0401 	orr.w	r4, r0, #1
10000bde:	4b32      	ldr	r3, [pc, #200]	@ (10000ca8 <irq_add_tail_to_free_list+0xd0>)
10000be0:	1ae3      	subs	r3, r4, r3
10000be2:	2b2f      	cmp	r3, #47	@ 0x2f
10000be4:	d831      	bhi.n	10000c4a <irq_add_tail_to_free_list+0x72>
10000be6:	f3ef 8105 	mrs	r1, IPSR
10000bea:	b2c9      	uxtb	r1, r1
10000bec:	2900      	cmp	r1, #0
10000bee:	d033      	beq.n	10000c58 <irq_add_tail_to_free_list+0x80>
10000bf0:	f3ef 8e10 	mrs	lr, PRIMASK
10000bf4:	b672      	cpsid	i
10000bf6:	4b2d      	ldr	r3, [pc, #180]	@ (10000cac <irq_add_tail_to_free_list+0xd4>)
10000bf8:	e8d3 5fcf 	ldaexb	r5, [r3]
10000bfc:	2201      	movs	r2, #1
10000bfe:	2d00      	cmp	r5, #0
10000c00:	d1fa      	bne.n	10000bf8 <irq_add_tail_to_free_list+0x20>
10000c02:	e8c3 2f45 	strexb	r5, r2, [r3]
10000c06:	2d00      	cmp	r5, #0
10000c08:	d1f6      	bne.n	10000bf8 <irq_add_tail_to_free_list+0x20>
10000c0a:	f3bf 8f5f 	dmb	sy
10000c0e:	f64a 23aa 	movw	r3, #43690	@ 0xaaaa
10000c12:	4602      	mov	r2, r0
10000c14:	4d24      	ldr	r5, [pc, #144]	@ (10000ca8 <irq_add_tail_to_free_list+0xd0>)
10000c16:	1b52      	subs	r2, r2, r5
10000c18:	4152      	adcs	r2, r2
10000c1a:	4353      	muls	r3, r2
10000c1c:	0d1b      	lsrs	r3, r3, #20
10000c1e:	fa4f fc83 	sxtb.w	ip, r3
10000c22:	4b23      	ldr	r3, [pc, #140]	@ (10000cb0 <irq_add_tail_to_free_list+0xd8>)
10000c24:	689b      	ldr	r3, [r3, #8]
10000c26:	f853 3021 	ldr.w	r3, [r3, r1, lsl #2]
10000c2a:	42a3      	cmp	r3, r4
10000c2c:	d01b      	beq.n	10000c66 <irq_add_tail_to_free_list+0x8e>
10000c2e:	2300      	movs	r3, #0
10000c30:	2b03      	cmp	r3, #3
10000c32:	d832      	bhi.n	10000c9a <irq_add_tail_to_free_list+0xc2>
10000c34:	eb03 0143 	add.w	r1, r3, r3, lsl #1
10000c38:	4a1b      	ldr	r2, [pc, #108]	@ (10000ca8 <irq_add_tail_to_free_list+0xd0>)
10000c3a:	eb02 0281 	add.w	r2, r2, r1, lsl #2
10000c3e:	f992 2006 	ldrsb.w	r2, [r2, #6]
10000c42:	4562      	cmp	r2, ip
10000c44:	d020      	beq.n	10000c88 <irq_add_tail_to_free_list+0xb0>
10000c46:	3301      	adds	r3, #1
10000c48:	e7f2      	b.n	10000c30 <irq_add_tail_to_free_list+0x58>
10000c4a:	4b1a      	ldr	r3, [pc, #104]	@ (10000cb4 <irq_add_tail_to_free_list+0xdc>)
10000c4c:	4a1a      	ldr	r2, [pc, #104]	@ (10000cb8 <irq_add_tail_to_free_list+0xe0>)
10000c4e:	f240 217f 	movw	r1, #639	@ 0x27f
10000c52:	481a      	ldr	r0, [pc, #104]	@ (10000cbc <irq_add_tail_to_free_list+0xe4>)
10000c54:	f002 fa5c 	bl	10003110 <__assert_func>
10000c58:	4b19      	ldr	r3, [pc, #100]	@ (10000cc0 <irq_add_tail_to_free_list+0xe8>)
10000c5a:	4a17      	ldr	r2, [pc, #92]	@ (10000cb8 <irq_add_tail_to_free_list+0xe0>)
10000c5c:	f240 2182 	movw	r1, #642	@ 0x282
10000c60:	4816      	ldr	r0, [pc, #88]	@ (10000cbc <irq_add_tail_to_free_list+0xe4>)
10000c62:	f002 fa55 	bl	10003110 <__assert_func>
10000c66:	4b12      	ldr	r3, [pc, #72]	@ (10000cb0 <irq_add_tail_to_free_list+0xd8>)
10000c68:	689b      	ldr	r3, [r3, #8]
10000c6a:	4a16      	ldr	r2, [pc, #88]	@ (10000cc4 <irq_add_tail_to_free_list+0xec>)
10000c6c:	f843 2021 	str.w	r2, [r3, r1, lsl #2]
10000c70:	4b15      	ldr	r3, [pc, #84]	@ (10000cc8 <irq_add_tail_to_free_list+0xf0>)
10000c72:	781a      	ldrb	r2, [r3, #0]
10000c74:	7182      	strb	r2, [r0, #6]
10000c76:	f883 c000 	strb.w	ip, [r3]
10000c7a:	2300      	movs	r3, #0
10000c7c:	4a0b      	ldr	r2, [pc, #44]	@ (10000cac <irq_add_tail_to_free_list+0xd4>)
10000c7e:	e8c2 3f8f 	stlb	r3, [r2]
10000c82:	f38e 8810 	msr	PRIMASK, lr
10000c86:	bd38      	pop	{r3, r4, r5, pc}
10000c88:	4a07      	ldr	r2, [pc, #28]	@ (10000ca8 <irq_add_tail_to_free_list+0xd0>)
10000c8a:	eb02 0181 	add.w	r1, r2, r1, lsl #2
10000c8e:	24ff      	movs	r4, #255	@ 0xff
10000c90:	718c      	strb	r4, [r1, #6]
10000c92:	f64b 5301 	movw	r3, #48385	@ 0xbd01
10000c96:	808b      	strh	r3, [r1, #4]
10000c98:	e7ea      	b.n	10000c70 <irq_add_tail_to_free_list+0x98>
10000c9a:	4b0c      	ldr	r3, [pc, #48]	@ (10000ccc <irq_add_tail_to_free_list+0xf4>)
10000c9c:	4a06      	ldr	r2, [pc, #24]	@ (10000cb8 <irq_add_tail_to_free_list+0xe0>)
10000c9e:	f240 2193 	movw	r1, #659	@ 0x293
10000ca2:	4806      	ldr	r0, [pc, #24]	@ (10000cbc <irq_add_tail_to_free_list+0xe4>)
10000ca4:	f002 fa34 	bl	10003110 <__assert_func>
10000ca8:	20001054 	.word	0x20001054
10000cac:	2000149d 	.word	0x2000149d
10000cb0:	e000ed00 	.word	0xe000ed00
10000cb4:	10009ca8 	.word	0x10009ca8
10000cb8:	1000b0c8 	.word	0x1000b0c8
10000cbc:	10009adc 	.word	0x10009adc
10000cc0:	10009cd0 	.word	0x10009cd0
10000cc4:	10000111 	.word	0x10000111
10000cc8:	200026b5 	.word	0x200026b5
10000ccc:	10009cdc 	.word	0x10009cdc

10000cd0 <user_irq_unclaim>:
10000cd0:	b508      	push	{r3, lr}
10000cd2:	f7ff fcab 	bl	1000062c <get_user_irq_claim_index>
10000cd6:	4601      	mov	r1, r0
10000cd8:	4801      	ldr	r0, [pc, #4]	@ (10000ce0 <user_irq_unclaim+0x10>)
10000cda:	f7ff fc2d 	bl	10000538 <hw_claim_clear>
10000cde:	bd08      	pop	{r3, pc}
10000ce0:	200026b9 	.word	0x200026b9

10000ce4 <user_irq_claim_unused>:
10000ce4:	b500      	push	{lr}
10000ce6:	b083      	sub	sp, #12
10000ce8:	4601      	mov	r1, r0
10000cea:	4b07      	ldr	r3, [pc, #28]	@ (10000d08 <user_irq_claim_unused+0x24>)
10000cec:	9300      	str	r3, [sp, #0]
10000cee:	2305      	movs	r3, #5
10000cf0:	2200      	movs	r2, #0
10000cf2:	4806      	ldr	r0, [pc, #24]	@ (10000d0c <user_irq_claim_unused+0x28>)
10000cf4:	f7ff fbf9 	bl	100004ea <hw_claim_unused_from_range>
10000cf8:	2800      	cmp	r0, #0
10000cfa:	db01      	blt.n	10000d00 <user_irq_claim_unused+0x1c>
10000cfc:	f1c0 0033 	rsb	r0, r0, #51	@ 0x33
10000d00:	b003      	add	sp, #12
10000d02:	f85d fb04 	ldr.w	pc, [sp], #4
10000d06:	bf00      	nop
10000d08:	10009ce4 	.word	0x10009ce4
10000d0c:	200026b9 	.word	0x200026b9

10000d10 <sem_init>:
10000d10:	b570      	push	{r4, r5, r6, lr}
10000d12:	4604      	mov	r4, r0
10000d14:	460e      	mov	r6, r1
10000d16:	4615      	mov	r5, r2
10000d18:	f7ff fc2e 	bl	10000578 <next_striped_spin_lock_num>
10000d1c:	4601      	mov	r1, r0
10000d1e:	4620      	mov	r0, r4
10000d20:	f000 f806 	bl	10000d30 <lock_init>
10000d24:	80a6      	strh	r6, [r4, #4]
10000d26:	80e5      	strh	r5, [r4, #6]
10000d28:	f3bf 8f5f 	dmb	sy
10000d2c:	bd70      	pop	{r4, r5, r6, pc}
	...

10000d30 <lock_init>:
10000d30:	4b01      	ldr	r3, [pc, #4]	@ (10000d38 <lock_init+0x8>)
10000d32:	440b      	add	r3, r1
10000d34:	6003      	str	r3, [r0, #0]
10000d36:	4770      	bx	lr
10000d38:	20001494 	.word	0x20001494

10000d3c <mutex_init>:
10000d3c:	b510      	push	{r4, lr}
10000d3e:	4604      	mov	r4, r0
10000d40:	f7ff fc1a 	bl	10000578 <next_striped_spin_lock_num>
10000d44:	4601      	mov	r1, r0
10000d46:	4620      	mov	r0, r4
10000d48:	f7ff fff2 	bl	10000d30 <lock_init>
10000d4c:	23ff      	movs	r3, #255	@ 0xff
10000d4e:	7123      	strb	r3, [r4, #4]
10000d50:	f3bf 8f5f 	dmb	sy
10000d54:	bd10      	pop	{r4, pc}

10000d56 <recursive_mutex_init>:
10000d56:	b510      	push	{r4, lr}
10000d58:	4604      	mov	r4, r0
10000d5a:	f7ff fc0d 	bl	10000578 <next_striped_spin_lock_num>
10000d5e:	4601      	mov	r1, r0
10000d60:	4620      	mov	r0, r4
10000d62:	f7ff ffe5 	bl	10000d30 <lock_init>
10000d66:	23ff      	movs	r3, #255	@ 0xff
10000d68:	7123      	strb	r3, [r4, #4]
10000d6a:	2300      	movs	r3, #0
10000d6c:	7163      	strb	r3, [r4, #5]
10000d6e:	f3bf 8f5f 	dmb	sy
10000d72:	bd10      	pop	{r4, pc}

10000d74 <runtime_init_mutex>:
10000d74:	b510      	push	{r4, lr}
10000d76:	4c0d      	ldr	r4, [pc, #52]	@ (10000dac <runtime_init_mutex+0x38>)
10000d78:	e009      	b.n	10000d8e <runtime_init_mutex+0x1a>
10000d7a:	4b0d      	ldr	r3, [pc, #52]	@ (10000db0 <runtime_init_mutex+0x3c>)
10000d7c:	4a0d      	ldr	r2, [pc, #52]	@ (10000db4 <runtime_init_mutex+0x40>)
10000d7e:	211a      	movs	r1, #26
10000d80:	480d      	ldr	r0, [pc, #52]	@ (10000db8 <runtime_init_mutex+0x44>)
10000d82:	f002 f9c5 	bl	10003110 <__assert_func>
10000d86:	4620      	mov	r0, r4
10000d88:	f7ff ffd8 	bl	10000d3c <mutex_init>
10000d8c:	3408      	adds	r4, #8
10000d8e:	4b0b      	ldr	r3, [pc, #44]	@ (10000dbc <runtime_init_mutex+0x48>)
10000d90:	429c      	cmp	r4, r3
10000d92:	d209      	bcs.n	10000da8 <runtime_init_mutex+0x34>
10000d94:	6823      	ldr	r3, [r4, #0]
10000d96:	2b00      	cmp	r3, #0
10000d98:	d0f5      	beq.n	10000d86 <runtime_init_mutex+0x12>
10000d9a:	2b01      	cmp	r3, #1
10000d9c:	d1ed      	bne.n	10000d7a <runtime_init_mutex+0x6>
10000d9e:	4620      	mov	r0, r4
10000da0:	f7ff ffd9 	bl	10000d56 <recursive_mutex_init>
10000da4:	3408      	adds	r4, #8
10000da6:	e7f2      	b.n	10000d8e <runtime_init_mutex+0x1a>
10000da8:	bd10      	pop	{r4, pc}
10000daa:	bf00      	nop
10000dac:	20001118 	.word	0x20001118
10000db0:	10009d00 	.word	0x10009d00
10000db4:	1000b1d0 	.word	0x1000b1d0
10000db8:	10009d20 	.word	0x10009d20
10000dbc:	20001120 	.word	0x20001120

10000dc0 <critical_section_init_with_lock_num>:
10000dc0:	4b02      	ldr	r3, [pc, #8]	@ (10000dcc <critical_section_init_with_lock_num+0xc>)
10000dc2:	440b      	add	r3, r1
10000dc4:	6003      	str	r3, [r0, #0]
10000dc6:	f3bf 8f5f 	dmb	sy
10000dca:	4770      	bx	lr
10000dcc:	20001494 	.word	0x20001494

10000dd0 <critical_section_init>:
10000dd0:	b510      	push	{r4, lr}
10000dd2:	4604      	mov	r4, r0
10000dd4:	2001      	movs	r0, #1
10000dd6:	f7ff fbdd 	bl	10000594 <spin_lock_claim_unused>
10000dda:	4601      	mov	r1, r0
10000ddc:	4620      	mov	r0, r4
10000dde:	f7ff ffef 	bl	10000dc0 <critical_section_init_with_lock_num>
10000de2:	bd10      	pop	{r4, pc}

10000de4 <ta_from_current_irq>:
10000de4:	4602      	mov	r2, r0
10000de6:	f3ef 8305 	mrs	r3, IPSR
10000dea:	b2db      	uxtb	r3, r3
10000dec:	3b10      	subs	r3, #16
10000dee:	0899      	lsrs	r1, r3, #2
10000df0:	d004      	beq.n	10000dfc <ta_from_current_irq+0x18>
10000df2:	4803      	ldr	r0, [pc, #12]	@ (10000e00 <ta_from_current_irq+0x1c>)
10000df4:	f003 0303 	and.w	r3, r3, #3
10000df8:	6013      	str	r3, [r2, #0]
10000dfa:	4770      	bx	lr
10000dfc:	4801      	ldr	r0, [pc, #4]	@ (10000e04 <ta_from_current_irq+0x20>)
10000dfe:	e7f9      	b.n	10000df4 <ta_from_current_irq+0x10>
10000e00:	400b8000 	.word	0x400b8000
10000e04:	400b0000 	.word	0x400b0000

10000e08 <ta_set_timeout>:
10000e08:	b410      	push	{r4}
10000e0a:	6a84      	ldr	r4, [r0, #40]	@ 0x28
10000e0c:	eba2 0c04 	sub.w	ip, r2, r4
10000e10:	1d0b      	adds	r3, r1, #4
10000e12:	f850 3023 	ldr.w	r3, [r0, r3, lsl #2]
10000e16:	1b1b      	subs	r3, r3, r4
10000e18:	459c      	cmp	ip, r3
10000e1a:	d304      	bcc.n	10000e26 <ta_set_timeout+0x1e>
10000e1c:	6a04      	ldr	r4, [r0, #32]
10000e1e:	2301      	movs	r3, #1
10000e20:	408b      	lsls	r3, r1
10000e22:	421c      	tst	r4, r3
10000e24:	d102      	bne.n	10000e2c <ta_set_timeout+0x24>
10000e26:	3104      	adds	r1, #4
10000e28:	f840 2021 	str.w	r2, [r0, r1, lsl #2]
10000e2c:	f85d 4b04 	ldr.w	r4, [sp], #4
10000e30:	4770      	bx	lr

10000e32 <make_alarm_id>:
10000e32:	ea41 4000 	orr.w	r0, r1, r0, lsl #16
10000e36:	4770      	bx	lr

10000e38 <sleep_until_callback>:
10000e38:	4b0d      	ldr	r3, [pc, #52]	@ (10000e70 <sleep_until_callback+0x38>)
10000e3a:	681a      	ldr	r2, [r3, #0]
10000e3c:	f3ef 8110 	mrs	r1, PRIMASK
10000e40:	b672      	cpsid	i
10000e42:	e8d2 cfcf 	ldaexb	ip, [r2]
10000e46:	2001      	movs	r0, #1
10000e48:	f1bc 0f00 	cmp.w	ip, #0
10000e4c:	d1f9      	bne.n	10000e42 <sleep_until_callback+0xa>
10000e4e:	e8c2 0f4c 	strexb	ip, r0, [r2]
10000e52:	f1bc 0f00 	cmp.w	ip, #0
10000e56:	d1f4      	bne.n	10000e42 <sleep_until_callback+0xa>
10000e58:	f3bf 8f5f 	dmb	sy
10000e5c:	681a      	ldr	r2, [r3, #0]
10000e5e:	2300      	movs	r3, #0
10000e60:	e8c2 3f8f 	stlb	r3, [r2]
10000e64:	f381 8810 	msr	PRIMASK, r1
10000e68:	bf40      	sev
10000e6a:	2000      	movs	r0, #0
10000e6c:	2100      	movs	r1, #0
10000e6e:	4770      	bx	lr
10000e70:	20002690 	.word	0x20002690

10000e74 <alarm_pool_irq_handler>:
10000e74:	e92d 4ff0 	stmdb	sp!, {r4, r5, r6, r7, r8, r9, sl, fp, lr}
10000e78:	b085      	sub	sp, #20
10000e7a:	a803      	add	r0, sp, #12
10000e7c:	f7ff ffb2 	bl	10000de4 <ta_from_current_irq>
10000e80:	4b95      	ldr	r3, [pc, #596]	@ (100010d8 <alarm_pool_irq_handler+0x264>)
10000e82:	4298      	cmp	r0, r3
10000e84:	bf14      	ite	ne
10000e86:	2300      	movne	r3, #0
10000e88:	2301      	moveq	r3, #1
10000e8a:	9903      	ldr	r1, [sp, #12]
10000e8c:	eb01 0383 	add.w	r3, r1, r3, lsl #2
10000e90:	4a92      	ldr	r2, [pc, #584]	@ (100010dc <alarm_pool_irq_handler+0x268>)
10000e92:	f852 4023 	ldr.w	r4, [r2, r3, lsl #2]
10000e96:	7823      	ldrb	r3, [r4, #0]
10000e98:	4299      	cmp	r1, r3
10000e9a:	d106      	bne.n	10000eaa <alarm_pool_irq_handler+0x36>
10000e9c:	4605      	mov	r5, r0
10000e9e:	2201      	movs	r2, #1
10000ea0:	408a      	lsls	r2, r1
10000ea2:	f500 5341 	add.w	r3, r0, #12352	@ 0x3040
10000ea6:	605a      	str	r2, [r3, #4]
10000ea8:	e12c      	b.n	10001104 <alarm_pool_irq_handler+0x290>
10000eaa:	4b8d      	ldr	r3, [pc, #564]	@ (100010e0 <alarm_pool_irq_handler+0x26c>)
10000eac:	4a8d      	ldr	r2, [pc, #564]	@ (100010e4 <alarm_pool_irq_handler+0x270>)
10000eae:	2192      	movs	r1, #146	@ 0x92
10000eb0:	488d      	ldr	r0, [pc, #564]	@ (100010e8 <alarm_pool_irq_handler+0x274>)
10000eb2:	f002 f92d 	bl	10003110 <__assert_func>
10000eb6:	f8d4 9014 	ldr.w	r9, [r4, #20]
10000eba:	eb06 0746 	add.w	r7, r6, r6, lsl #1
10000ebe:	ea4f 0ac7 	mov.w	sl, r7, lsl #3
10000ec2:	eb09 07c7 	add.w	r7, r9, r7, lsl #3
10000ec6:	f8d7 b008 	ldr.w	fp, [r7, #8]
10000eca:	f8d7 800c 	ldr.w	r8, [r7, #12]
10000ece:	4628      	mov	r0, r5
10000ed0:	f000 fbb4 	bl	1000163c <timer_time_us_64>
10000ed4:	ebb0 000b 	subs.w	r0, r0, fp
10000ed8:	eb61 0308 	sbc.w	r3, r1, r8
10000edc:	2b00      	cmp	r3, #0
10000ede:	f2c0 811a 	blt.w	10001116 <alarm_pool_irq_handler+0x2a2>
10000ee2:	f1b8 0f00 	cmp.w	r8, #0
10000ee6:	db64      	blt.n	10000fb2 <alarm_pool_irq_handler+0x13e>
10000ee8:	693b      	ldr	r3, [r7, #16]
10000eea:	461a      	mov	r2, r3
10000eec:	9300      	str	r3, [sp, #0]
10000eee:	4b7f      	ldr	r3, [pc, #508]	@ (100010ec <alarm_pool_irq_handler+0x278>)
10000ef0:	429a      	cmp	r2, r3
10000ef2:	d030      	beq.n	10000f56 <alarm_pool_irq_handler+0xe2>
10000ef4:	8879      	ldrh	r1, [r7, #2]
10000ef6:	b289      	uxth	r1, r1
10000ef8:	f9b4 0008 	ldrsh.w	r0, [r4, #8]
10000efc:	f7ff ff99 	bl	10000e32 <make_alarm_id>
10000f00:	6979      	ldr	r1, [r7, #20]
10000f02:	9b00      	ldr	r3, [sp, #0]
10000f04:	4798      	blx	r3
10000f06:	9000      	str	r0, [sp, #0]
10000f08:	9101      	str	r1, [sp, #4]
10000f0a:	9900      	ldr	r1, [sp, #0]
10000f0c:	9a01      	ldr	r2, [sp, #4]
10000f0e:	ea51 0302 	orrs.w	r3, r1, r2
10000f12:	d04e      	beq.n	10000fb2 <alarm_pool_irq_handler+0x13e>
10000f14:	4613      	mov	r3, r2
10000f16:	2a00      	cmp	r2, #0
10000f18:	da29      	bge.n	10000f6e <alarm_pool_irq_handler+0xfa>
10000f1a:	ebbb 0201 	subs.w	r2, fp, r1
10000f1e:	eb68 0803 	sbc.w	r8, r8, r3
10000f22:	60ba      	str	r2, [r7, #8]
10000f24:	f8c7 800c 	str.w	r8, [r7, #12]
10000f28:	f939 700a 	ldrsh.w	r7, [r9, sl]
10000f2c:	2f00      	cmp	r7, #0
10000f2e:	f2c0 80f2 	blt.w	10001116 <alarm_pool_irq_handler+0x2a2>
10000f32:	f8d4 e014 	ldr.w	lr, [r4, #20]
10000f36:	eb07 0347 	add.w	r3, r7, r7, lsl #1
10000f3a:	eb0e 03c3 	add.w	r3, lr, r3, lsl #3
10000f3e:	6899      	ldr	r1, [r3, #8]
10000f40:	68db      	ldr	r3, [r3, #12]
10000f42:	1a51      	subs	r1, r2, r1
10000f44:	eb68 0303 	sbc.w	r3, r8, r3
10000f48:	2b00      	cmp	r3, #0
10000f4a:	f2c0 80e4 	blt.w	10001116 <alarm_pool_irq_handler+0x2a2>
10000f4e:	46a4      	mov	ip, r4
10000f50:	f82c 7f08 	strh.w	r7, [ip, #8]!
10000f54:	e017      	b.n	10000f86 <alarm_pool_irq_handler+0x112>
10000f56:	697a      	ldr	r2, [r7, #20]
10000f58:	6913      	ldr	r3, [r2, #16]
10000f5a:	9200      	str	r2, [sp, #0]
10000f5c:	4610      	mov	r0, r2
10000f5e:	4798      	blx	r3
10000f60:	b338      	cbz	r0, 10000fb2 <alarm_pool_irq_handler+0x13e>
10000f62:	9a00      	ldr	r2, [sp, #0]
10000f64:	6813      	ldr	r3, [r2, #0]
10000f66:	9300      	str	r3, [sp, #0]
10000f68:	6853      	ldr	r3, [r2, #4]
10000f6a:	9301      	str	r3, [sp, #4]
10000f6c:	e7cd      	b.n	10000f0a <alarm_pool_irq_handler+0x96>
10000f6e:	4628      	mov	r0, r5
10000f70:	f000 fb64 	bl	1000163c <timer_time_us_64>
10000f74:	9b00      	ldr	r3, [sp, #0]
10000f76:	181a      	adds	r2, r3, r0
10000f78:	9b01      	ldr	r3, [sp, #4]
10000f7a:	eb43 0801 	adc.w	r8, r3, r1
10000f7e:	e7d0      	b.n	10000f22 <alarm_pool_irq_handler+0xae>
10000f80:	469c      	mov	ip, r3
10000f82:	f93e 700b 	ldrsh.w	r7, [lr, fp]
10000f86:	2f00      	cmp	r7, #0
10000f88:	db0e      	blt.n	10000fa8 <alarm_pool_irq_handler+0x134>
10000f8a:	f9bc 3000 	ldrsh.w	r3, [ip]
10000f8e:	eb03 0343 	add.w	r3, r3, r3, lsl #1
10000f92:	ea4f 0bc3 	mov.w	fp, r3, lsl #3
10000f96:	eb0e 03c3 	add.w	r3, lr, r3, lsl #3
10000f9a:	6898      	ldr	r0, [r3, #8]
10000f9c:	68d9      	ldr	r1, [r3, #12]
10000f9e:	1a10      	subs	r0, r2, r0
10000fa0:	eb68 0101 	sbc.w	r1, r8, r1
10000fa4:	2900      	cmp	r1, #0
10000fa6:	daeb      	bge.n	10000f80 <alarm_pool_irq_handler+0x10c>
10000fa8:	f829 700a 	strh.w	r7, [r9, sl]
10000fac:	f8ac 6000 	strh.w	r6, [ip]
10000fb0:	e0b1      	b.n	10001116 <alarm_pool_irq_handler+0x2a2>
10000fb2:	f939 300a 	ldrsh.w	r3, [r9, sl]
10000fb6:	8123      	strh	r3, [r4, #8]
10000fb8:	6923      	ldr	r3, [r4, #16]
10000fba:	f3ef 8210 	mrs	r2, PRIMASK
10000fbe:	b672      	cpsid	i
10000fc0:	e8d3 0fcf 	ldaexb	r0, [r3]
10000fc4:	2101      	movs	r1, #1
10000fc6:	2800      	cmp	r0, #0
10000fc8:	d1fa      	bne.n	10000fc0 <alarm_pool_irq_handler+0x14c>
10000fca:	e8c3 1f40 	strexb	r0, r1, [r3]
10000fce:	2800      	cmp	r0, #0
10000fd0:	d1f6      	bne.n	10000fc0 <alarm_pool_irq_handler+0x14c>
10000fd2:	f3bf 8f5f 	dmb	sy
10000fd6:	f9b4 3002 	ldrsh.w	r3, [r4, #2]
10000fda:	f829 300a 	strh.w	r3, [r9, sl]
10000fde:	8066      	strh	r6, [r4, #2]
10000fe0:	6921      	ldr	r1, [r4, #16]
10000fe2:	2300      	movs	r3, #0
10000fe4:	e8c1 3f8f 	stlb	r3, [r1]
10000fe8:	f382 8810 	msr	PRIMASK, r2
10000fec:	e093      	b.n	10001116 <alarm_pool_irq_handler+0x2a2>
10000fee:	6923      	ldr	r3, [r4, #16]
10000ff0:	f3ef 8210 	mrs	r2, PRIMASK
10000ff4:	b672      	cpsid	i
10000ff6:	e8d3 0fcf 	ldaexb	r0, [r3]
10000ffa:	2101      	movs	r1, #1
10000ffc:	2800      	cmp	r0, #0
10000ffe:	d1fa      	bne.n	10000ff6 <alarm_pool_irq_handler+0x182>
10001000:	e8c3 1f40 	strexb	r0, r1, [r3]
10001004:	2800      	cmp	r0, #0
10001006:	d1f6      	bne.n	10000ff6 <alarm_pool_irq_handler+0x182>
10001008:	f3bf 8f5f 	dmb	sy
1000100c:	f8b4 8004 	ldrh.w	r8, [r4, #4]
10001010:	fa0f f888 	sxth.w	r8, r8
10001014:	f64f 73ff 	movw	r3, #65535	@ 0xffff
10001018:	80a3      	strh	r3, [r4, #4]
1000101a:	6921      	ldr	r1, [r4, #16]
1000101c:	2300      	movs	r3, #0
1000101e:	e8c1 3f8f 	stlb	r3, [r1]
10001022:	f382 8810 	msr	PRIMASK, r2
10001026:	e01a      	b.n	1000105e <alarm_pool_irq_handler+0x1ea>
10001028:	461f      	mov	r7, r3
1000102a:	f930 600a 	ldrsh.w	r6, [r0, sl]
1000102e:	2e00      	cmp	r6, #0
10001030:	db0f      	blt.n	10001052 <alarm_pool_irq_handler+0x1de>
10001032:	f9b7 3000 	ldrsh.w	r3, [r7]
10001036:	eb03 0343 	add.w	r3, r3, r3, lsl #1
1000103a:	ea4f 0ac3 	mov.w	sl, r3, lsl #3
1000103e:	eb00 03c3 	add.w	r3, r0, r3, lsl #3
10001042:	6899      	ldr	r1, [r3, #8]
10001044:	68da      	ldr	r2, [r3, #12]
10001046:	ebbc 0101 	subs.w	r1, ip, r1
1000104a:	eb6e 0202 	sbc.w	r2, lr, r2
1000104e:	2a00      	cmp	r2, #0
10001050:	daea      	bge.n	10001028 <alarm_pool_irq_handler+0x1b4>
10001052:	f8a7 8000 	strh.w	r8, [r7]
10001056:	f930 8009 	ldrsh.w	r8, [r0, r9]
1000105a:	f820 6009 	strh.w	r6, [r0, r9]
1000105e:	f1b8 0f00 	cmp.w	r8, #0
10001062:	db5d      	blt.n	10001120 <alarm_pool_irq_handler+0x2ac>
10001064:	6960      	ldr	r0, [r4, #20]
10001066:	eb08 0348 	add.w	r3, r8, r8, lsl #1
1000106a:	ea4f 09c3 	mov.w	r9, r3, lsl #3
1000106e:	eb00 03c3 	add.w	r3, r0, r3, lsl #3
10001072:	f8d3 c008 	ldr.w	ip, [r3, #8]
10001076:	f8d3 e00c 	ldr.w	lr, [r3, #12]
1000107a:	f104 0708 	add.w	r7, r4, #8
1000107e:	f9b4 6008 	ldrsh.w	r6, [r4, #8]
10001082:	e7d4      	b.n	1000102e <alarm_pool_irq_handler+0x1ba>
10001084:	2300      	movs	r3, #0
10001086:	71a3      	strb	r3, [r4, #6]
10001088:	f104 0c08 	add.w	ip, r4, #8
1000108c:	f9b4 3008 	ldrsh.w	r3, [r4, #8]
10001090:	e010      	b.n	100010b4 <alarm_pool_irq_handler+0x240>
10001092:	f04f 38ff 	mov.w	r8, #4294967295	@ 0xffffffff
10001096:	f04f 39ff 	mov.w	r9, #4294967295	@ 0xffffffff
1000109a:	e9c0 8902 	strd	r8, r9, [r0, #8]
1000109e:	f9b4 0008 	ldrsh.w	r0, [r4, #8]
100010a2:	4298      	cmp	r0, r3
100010a4:	d005      	beq.n	100010b2 <alarm_pool_irq_handler+0x23e>
100010a6:	f8ac 2000 	strh.w	r2, [ip]
100010aa:	f9b4 0008 	ldrsh.w	r0, [r4, #8]
100010ae:	53c8      	strh	r0, [r1, r7]
100010b0:	8123      	strh	r3, [r4, #8]
100010b2:	4613      	mov	r3, r2
100010b4:	f1b3 3fff 	cmp.w	r3, #4294967295	@ 0xffffffff
100010b8:	d035      	beq.n	10001126 <alarm_pool_irq_handler+0x2b2>
100010ba:	6961      	ldr	r1, [r4, #20]
100010bc:	eb03 0243 	add.w	r2, r3, r3, lsl #1
100010c0:	00d7      	lsls	r7, r2, #3
100010c2:	eb01 00c2 	add.w	r0, r1, r2, lsl #3
100010c6:	f931 2032 	ldrsh.w	r2, [r1, r2, lsl #3]
100010ca:	8846      	ldrh	r6, [r0, #2]
100010cc:	f416 4f00 	tst.w	r6, #32768	@ 0x8000
100010d0:	d1df      	bne.n	10001092 <alarm_pool_irq_handler+0x21e>
100010d2:	4684      	mov	ip, r0
100010d4:	e7ed      	b.n	100010b2 <alarm_pool_irq_handler+0x23e>
100010d6:	bf00      	nop
100010d8:	400b8000 	.word	0x400b8000
100010dc:	20002660 	.word	0x20002660
100010e0:	10009db4 	.word	0x10009db4
100010e4:	1000b1fc 	.word	0x1000b1fc
100010e8:	10009de0 	.word	0x10009de0
100010ec:	10000e75 	.word	0x10000e75
100010f0:	4628      	mov	r0, r5
100010f2:	f000 faa3 	bl	1000163c <timer_time_us_64>
100010f6:	1a3f      	subs	r7, r7, r0
100010f8:	eb66 0601 	sbc.w	r6, r6, r1
100010fc:	2f01      	cmp	r7, #1
100010fe:	f176 0600 	sbcs.w	r6, r6, #0
10001102:	da28      	bge.n	10001156 <alarm_pool_irq_handler+0x2e2>
10001104:	9a03      	ldr	r2, [sp, #12]
10001106:	2301      	movs	r3, #1
10001108:	4093      	lsls	r3, r2
1000110a:	63eb      	str	r3, [r5, #60]	@ 0x3c
1000110c:	f9b4 6008 	ldrsh.w	r6, [r4, #8]
10001110:	2e00      	cmp	r6, #0
10001112:	f6bf aed0 	bge.w	10000eb6 <alarm_pool_irq_handler+0x42>
10001116:	88a3      	ldrh	r3, [r4, #4]
10001118:	f413 4f00 	tst.w	r3, #32768	@ 0x8000
1000111c:	f43f af67 	beq.w	10000fee <alarm_pool_irq_handler+0x17a>
10001120:	79a3      	ldrb	r3, [r4, #6]
10001122:	2b00      	cmp	r3, #0
10001124:	d1ae      	bne.n	10001084 <alarm_pool_irq_handler+0x210>
10001126:	f9b4 3008 	ldrsh.w	r3, [r4, #8]
1000112a:	2b00      	cmp	r3, #0
1000112c:	db13      	blt.n	10001156 <alarm_pool_irq_handler+0x2e2>
1000112e:	6962      	ldr	r2, [r4, #20]
10001130:	eb03 0343 	add.w	r3, r3, r3, lsl #1
10001134:	eb02 03c3 	add.w	r3, r2, r3, lsl #3
10001138:	689f      	ldr	r7, [r3, #8]
1000113a:	68de      	ldr	r6, [r3, #12]
1000113c:	f1b6 3fff 	cmp.w	r6, #4294967295	@ 0xffffffff
10001140:	bf08      	it	eq
10001142:	f1b7 3fff 	cmpeq.w	r7, #4294967295	@ 0xffffffff
10001146:	d0d3      	beq.n	100010f0 <alarm_pool_irq_handler+0x27c>
10001148:	463a      	mov	r2, r7
1000114a:	4633      	mov	r3, r6
1000114c:	9903      	ldr	r1, [sp, #12]
1000114e:	4628      	mov	r0, r5
10001150:	f7ff fe5a 	bl	10000e08 <ta_set_timeout>
10001154:	e7cc      	b.n	100010f0 <alarm_pool_irq_handler+0x27c>
10001156:	bf40      	sev
10001158:	b005      	add	sp, #20
1000115a:	e8bd 8ff0 	ldmia.w	sp!, {r4, r5, r6, r7, r8, r9, sl, fp, pc}
1000115e:	bf00      	nop

10001160 <ta_enable_irq_handler>:
10001160:	b5f8      	push	{r3, r4, r5, r6, r7, lr}
10001162:	4604      	mov	r4, r0
10001164:	460d      	mov	r5, r1
10001166:	4611      	mov	r1, r2
10001168:	4b0a      	ldr	r3, [pc, #40]	@ (10001194 <ta_enable_irq_handler+0x34>)
1000116a:	4298      	cmp	r0, r3
1000116c:	d010      	beq.n	10001190 <ta_enable_irq_handler+0x30>
1000116e:	2600      	movs	r6, #0
10001170:	442e      	add	r6, r5
10001172:	2701      	movs	r7, #1
10001174:	fa07 f505 	lsl.w	r5, r7, r5
10001178:	6225      	str	r5, [r4, #32]
1000117a:	4630      	mov	r0, r6
1000117c:	f7ff fb10 	bl	100007a0 <irq_set_exclusive_handler>
10001180:	4639      	mov	r1, r7
10001182:	4630      	mov	r0, r6
10001184:	f7ff fad2 	bl	1000072c <irq_set_enabled>
10001188:	f504 5401 	add.w	r4, r4, #8256	@ 0x2040
1000118c:	6025      	str	r5, [r4, #0]
1000118e:	bdf8      	pop	{r3, r4, r5, r6, r7, pc}
10001190:	2604      	movs	r6, #4
10001192:	e7ed      	b.n	10001170 <ta_enable_irq_handler+0x10>
10001194:	400b8000 	.word	0x400b8000

10001198 <alarm_pool_post_alloc_init>:
10001198:	b5f8      	push	{r3, r4, r5, r6, r7, lr}
1000119a:	4604      	mov	r4, r0
1000119c:	460e      	mov	r6, r1
1000119e:	4617      	mov	r7, r2
100011a0:	461d      	mov	r5, r3
100011a2:	60c1      	str	r1, [r0, #12]
100011a4:	f7ff f9e8 	bl	10000578 <next_striped_spin_lock_num>
100011a8:	4b16      	ldr	r3, [pc, #88]	@ (10001204 <alarm_pool_post_alloc_init+0x6c>)
100011aa:	4403      	add	r3, r0
100011ac:	6123      	str	r3, [r4, #16]
100011ae:	7027      	strb	r7, [r4, #0]
100011b0:	b2ab      	uxth	r3, r5
100011b2:	8163      	strh	r3, [r4, #10]
100011b4:	f04f 4250 	mov.w	r2, #3489660928	@ 0xd0000000
100011b8:	7812      	ldrb	r2, [r2, #0]
100011ba:	7062      	strb	r2, [r4, #1]
100011bc:	f64f 72ff 	movw	r2, #65535	@ 0xffff
100011c0:	8122      	strh	r2, [r4, #8]
100011c2:	80a2      	strh	r2, [r4, #4]
100011c4:	3b01      	subs	r3, #1
100011c6:	8063      	strh	r3, [r4, #2]
100011c8:	f04f 0c00 	mov.w	ip, #0
100011cc:	e008      	b.n	100011e0 <alarm_pool_post_alloc_init+0x48>
100011ce:	f10c 30ff 	add.w	r0, ip, #4294967295	@ 0xffffffff
100011d2:	eb0c 0e4c 	add.w	lr, ip, ip, lsl #1
100011d6:	6963      	ldr	r3, [r4, #20]
100011d8:	f823 003e 	strh.w	r0, [r3, lr, lsl #3]
100011dc:	f10c 0c01 	add.w	ip, ip, #1
100011e0:	45ac      	cmp	ip, r5
100011e2:	d3f4      	bcc.n	100011ce <alarm_pool_post_alloc_init+0x36>
100011e4:	4b08      	ldr	r3, [pc, #32]	@ (10001208 <alarm_pool_post_alloc_init+0x70>)
100011e6:	429e      	cmp	r6, r3
100011e8:	bf14      	ite	ne
100011ea:	2300      	movne	r3, #0
100011ec:	2301      	moveq	r3, #1
100011ee:	eb07 0383 	add.w	r3, r7, r3, lsl #2
100011f2:	4a06      	ldr	r2, [pc, #24]	@ (1000120c <alarm_pool_post_alloc_init+0x74>)
100011f4:	f842 4023 	str.w	r4, [r2, r3, lsl #2]
100011f8:	4a05      	ldr	r2, [pc, #20]	@ (10001210 <alarm_pool_post_alloc_init+0x78>)
100011fa:	4639      	mov	r1, r7
100011fc:	4630      	mov	r0, r6
100011fe:	f7ff ffaf 	bl	10001160 <ta_enable_irq_handler>
10001202:	bdf8      	pop	{r3, r4, r5, r6, r7, pc}
10001204:	20001494 	.word	0x20001494
10001208:	400b8000 	.word	0x400b8000
1000120c:	20002660 	.word	0x20002660
10001210:	10000e75 	.word	0x10000e75

10001214 <alarm_pool_get_default>:
10001214:	b508      	push	{r3, lr}
10001216:	4b05      	ldr	r3, [pc, #20]	@ (1000122c <alarm_pool_get_default+0x18>)
10001218:	691b      	ldr	r3, [r3, #16]
1000121a:	b10b      	cbz	r3, 10001220 <alarm_pool_get_default+0xc>
1000121c:	4803      	ldr	r0, [pc, #12]	@ (1000122c <alarm_pool_get_default+0x18>)
1000121e:	bd08      	pop	{r3, pc}
10001220:	4b03      	ldr	r3, [pc, #12]	@ (10001230 <alarm_pool_get_default+0x1c>)
10001222:	4a04      	ldr	r2, [pc, #16]	@ (10001234 <alarm_pool_get_default+0x20>)
10001224:	2165      	movs	r1, #101	@ 0x65
10001226:	4804      	ldr	r0, [pc, #16]	@ (10001238 <alarm_pool_get_default+0x24>)
10001228:	f001 ff72 	bl	10003110 <__assert_func>
1000122c:	2000109c 	.word	0x2000109c
10001230:	10009e1c 	.word	0x10009e1c
10001234:	1000b1e4 	.word	0x1000b1e4
10001238:	10009de0 	.word	0x10009de0

1000123c <alarm_pool_add_alarm_at_force_in_context>:
1000123c:	b5f8      	push	{r3, r4, r5, r6, r7, lr}
1000123e:	4604      	mov	r4, r0
10001240:	469e      	mov	lr, r3
10001242:	6900      	ldr	r0, [r0, #16]
10001244:	f3ef 8110 	mrs	r1, PRIMASK
10001248:	b672      	cpsid	i
1000124a:	e8d0 6fcf 	ldaexb	r6, [r0]
1000124e:	2501      	movs	r5, #1
10001250:	2e00      	cmp	r6, #0
10001252:	d1fa      	bne.n	1000124a <alarm_pool_add_alarm_at_force_in_context+0xe>
10001254:	e8c0 5f46 	strexb	r6, r5, [r0]
10001258:	2e00      	cmp	r6, #0
1000125a:	d1f6      	bne.n	1000124a <alarm_pool_add_alarm_at_force_in_context+0xe>
1000125c:	f3bf 8f5f 	dmb	sy
10001260:	f9b4 5002 	ldrsh.w	r5, [r4, #2]
10001264:	6966      	ldr	r6, [r4, #20]
10001266:	eb05 0045 	add.w	r0, r5, r5, lsl #1
1000126a:	00c7      	lsls	r7, r0, #3
1000126c:	eb06 00c0 	add.w	r0, r6, r0, lsl #3
10001270:	2d00      	cmp	r5, #0
10001272:	db03      	blt.n	1000127c <alarm_pool_add_alarm_at_force_in_context+0x40>
10001274:	f936 c007 	ldrsh.w	ip, [r6, r7]
10001278:	f8a4 c002 	strh.w	ip, [r4, #2]
1000127c:	f04f 0c00 	mov.w	ip, #0
10001280:	6923      	ldr	r3, [r4, #16]
10001282:	e8c3 cf8f 	stlb	ip, [r3]
10001286:	f381 8810 	msr	PRIMASK, r1
1000128a:	4565      	cmp	r5, ip
1000128c:	db33      	blt.n	100012f6 <alarm_pool_add_alarm_at_force_in_context+0xba>
1000128e:	9906      	ldr	r1, [sp, #24]
10001290:	6101      	str	r1, [r0, #16]
10001292:	9907      	ldr	r1, [sp, #28]
10001294:	6141      	str	r1, [r0, #20]
10001296:	6082      	str	r2, [r0, #8]
10001298:	f8c0 e00c 	str.w	lr, [r0, #12]
1000129c:	8841      	ldrh	r1, [r0, #2]
1000129e:	b289      	uxth	r1, r1
100012a0:	3101      	adds	r1, #1
100012a2:	f3c1 010e 	ubfx	r1, r1, #0, #15
100012a6:	b901      	cbnz	r1, 100012aa <alarm_pool_add_alarm_at_force_in_context+0x6e>
100012a8:	2101      	movs	r1, #1
100012aa:	8041      	strh	r1, [r0, #2]
100012ac:	4628      	mov	r0, r5
100012ae:	f7ff fdc0 	bl	10000e32 <make_alarm_id>
100012b2:	6923      	ldr	r3, [r4, #16]
100012b4:	f3ef 8210 	mrs	r2, PRIMASK
100012b8:	b672      	cpsid	i
100012ba:	e8d3 cfcf 	ldaexb	ip, [r3]
100012be:	2101      	movs	r1, #1
100012c0:	f1bc 0f00 	cmp.w	ip, #0
100012c4:	d1f9      	bne.n	100012ba <alarm_pool_add_alarm_at_force_in_context+0x7e>
100012c6:	e8c3 1f4c 	strexb	ip, r1, [r3]
100012ca:	f1bc 0f00 	cmp.w	ip, #0
100012ce:	d1f4      	bne.n	100012ba <alarm_pool_add_alarm_at_force_in_context+0x7e>
100012d0:	f3bf 8f5f 	dmb	sy
100012d4:	88a3      	ldrh	r3, [r4, #4]
100012d6:	53f3      	strh	r3, [r6, r7]
100012d8:	80a5      	strh	r5, [r4, #4]
100012da:	6921      	ldr	r1, [r4, #16]
100012dc:	2300      	movs	r3, #0
100012de:	e8c1 3f8f 	stlb	r3, [r1]
100012e2:	f382 8810 	msr	PRIMASK, r2
100012e6:	68e3      	ldr	r3, [r4, #12]
100012e8:	7821      	ldrb	r1, [r4, #0]
100012ea:	2201      	movs	r2, #1
100012ec:	408a      	lsls	r2, r1
100012ee:	f503 5301 	add.w	r3, r3, #8256	@ 0x2040
100012f2:	605a      	str	r2, [r3, #4]
100012f4:	bdf8      	pop	{r3, r4, r5, r6, r7, pc}
100012f6:	f04f 30ff 	mov.w	r0, #4294967295	@ 0xffffffff
100012fa:	e7fb      	b.n	100012f4 <alarm_pool_add_alarm_at_force_in_context+0xb8>

100012fc <alarm_pool_add_alarm_at>:
100012fc:	b570      	push	{r4, r5, r6, lr}
100012fe:	b082      	sub	sp, #8
10001300:	4606      	mov	r6, r0
10001302:	4615      	mov	r5, r2
10001304:	461c      	mov	r4, r3
10001306:	f89d 3020 	ldrb.w	r3, [sp, #32]
1000130a:	b933      	cbnz	r3, 1000131a <alarm_pool_add_alarm_at+0x1e>
1000130c:	f000 f9ac 	bl	10001668 <time_us_64>
10001310:	4285      	cmp	r5, r0
10001312:	eb64 0101 	sbc.w	r1, r4, r1
10001316:	2900      	cmp	r1, #0
10001318:	db0a      	blt.n	10001330 <alarm_pool_add_alarm_at+0x34>
1000131a:	9b07      	ldr	r3, [sp, #28]
1000131c:	9301      	str	r3, [sp, #4]
1000131e:	9b06      	ldr	r3, [sp, #24]
10001320:	9300      	str	r3, [sp, #0]
10001322:	462a      	mov	r2, r5
10001324:	4623      	mov	r3, r4
10001326:	4630      	mov	r0, r6
10001328:	f7ff ff88 	bl	1000123c <alarm_pool_add_alarm_at_force_in_context>
1000132c:	b002      	add	sp, #8
1000132e:	bd70      	pop	{r4, r5, r6, pc}
10001330:	2000      	movs	r0, #0
10001332:	e7fb      	b.n	1000132c <alarm_pool_add_alarm_at+0x30>

10001334 <add_alarm_at>:
10001334:	b5f0      	push	{r4, r5, r6, r7, lr}
10001336:	b085      	sub	sp, #20
10001338:	4605      	mov	r5, r0
1000133a:	460c      	mov	r4, r1
1000133c:	4616      	mov	r6, r2
1000133e:	461f      	mov	r7, r3
10001340:	f7ff ff68 	bl	10001214 <alarm_pool_get_default>
10001344:	f89d 3028 	ldrb.w	r3, [sp, #40]	@ 0x28
10001348:	9302      	str	r3, [sp, #8]
1000134a:	9701      	str	r7, [sp, #4]
1000134c:	9600      	str	r6, [sp, #0]
1000134e:	462a      	mov	r2, r5
10001350:	4623      	mov	r3, r4
10001352:	f7ff ffd3 	bl	100012fc <alarm_pool_add_alarm_at>
10001356:	b005      	add	sp, #20
10001358:	bdf0      	pop	{r4, r5, r6, r7, pc}

1000135a <alarm_pool_cancel_alarm>:
1000135a:	4603      	mov	r3, r0
1000135c:	8940      	ldrh	r0, [r0, #10]
1000135e:	ebb0 4f21 	cmp.w	r0, r1, asr #16
10001362:	dd31      	ble.n	100013c8 <alarm_pool_cancel_alarm+0x6e>
10001364:	b510      	push	{r4, lr}
10001366:	140a      	asrs	r2, r1, #16
10001368:	6958      	ldr	r0, [r3, #20]
1000136a:	eb02 0242 	add.w	r2, r2, r2, lsl #1
1000136e:	eb00 00c2 	add.w	r0, r0, r2, lsl #3
10001372:	691a      	ldr	r2, [r3, #16]
10001374:	f3ef 8c10 	mrs	ip, PRIMASK
10001378:	b672      	cpsid	i
1000137a:	e8d2 4fcf 	ldaexb	r4, [r2]
1000137e:	f05f 0e01 	movs.w	lr, #1
10001382:	2c00      	cmp	r4, #0
10001384:	d1f9      	bne.n	1000137a <alarm_pool_cancel_alarm+0x20>
10001386:	e8c2 ef44 	strexb	r4, lr, [r2]
1000138a:	2c00      	cmp	r4, #0
1000138c:	d1f5      	bne.n	1000137a <alarm_pool_cancel_alarm+0x20>
1000138e:	f3bf 8f5f 	dmb	sy
10001392:	8842      	ldrh	r2, [r0, #2]
10001394:	b292      	uxth	r2, r2
10001396:	b289      	uxth	r1, r1
10001398:	428a      	cmp	r2, r1
1000139a:	d00f      	beq.n	100013bc <alarm_pool_cancel_alarm+0x62>
1000139c:	2000      	movs	r0, #0
1000139e:	6919      	ldr	r1, [r3, #16]
100013a0:	2200      	movs	r2, #0
100013a2:	e8c1 2f8f 	stlb	r2, [r1]
100013a6:	f38c 8810 	msr	PRIMASK, ip
100013aa:	b130      	cbz	r0, 100013ba <alarm_pool_cancel_alarm+0x60>
100013ac:	68da      	ldr	r2, [r3, #12]
100013ae:	781b      	ldrb	r3, [r3, #0]
100013b0:	2101      	movs	r1, #1
100013b2:	4099      	lsls	r1, r3
100013b4:	f502 5301 	add.w	r3, r2, #8256	@ 0x2040
100013b8:	6059      	str	r1, [r3, #4]
100013ba:	bd10      	pop	{r4, pc}
100013bc:	f442 4200 	orr.w	r2, r2, #32768	@ 0x8000
100013c0:	8042      	strh	r2, [r0, #2]
100013c2:	2001      	movs	r0, #1
100013c4:	7198      	strb	r0, [r3, #6]
100013c6:	e7ea      	b.n	1000139e <alarm_pool_cancel_alarm+0x44>
100013c8:	2000      	movs	r0, #0
100013ca:	4770      	bx	lr

100013cc <cancel_alarm>:
100013cc:	b510      	push	{r4, lr}
100013ce:	4604      	mov	r4, r0
100013d0:	f7ff ff20 	bl	10001214 <alarm_pool_get_default>
100013d4:	4621      	mov	r1, r4
100013d6:	f7ff ffc0 	bl	1000135a <alarm_pool_cancel_alarm>
100013da:	bd10      	pop	{r4, pc}

100013dc <alarm_pool_core_num>:
100013dc:	7840      	ldrb	r0, [r0, #1]
100013de:	4770      	bx	lr

100013e0 <sleep_until>:
100013e0:	b5f0      	push	{r4, r5, r6, r7, lr}
100013e2:	b083      	sub	sp, #12
100013e4:	f3ef 8305 	mrs	r3, IPSR
100013e8:	b2db      	uxtb	r3, r3
100013ea:	b9cb      	cbnz	r3, 10001420 <sleep_until+0x40>
100013ec:	4604      	mov	r4, r0
100013ee:	460d      	mov	r5, r1
100013f0:	1f86      	subs	r6, r0, #6
100013f2:	f141 37ff 	adc.w	r7, r1, #4294967295	@ 0xffffffff
100013f6:	42b0      	cmp	r0, r6
100013f8:	eb71 0307 	sbcs.w	r3, r1, r7
100013fc:	d201      	bcs.n	10001402 <sleep_until+0x22>
100013fe:	2600      	movs	r6, #0
10001400:	4637      	mov	r7, r6
10001402:	f000 f931 	bl	10001668 <time_us_64>
10001406:	1a30      	subs	r0, r6, r0
10001408:	eb67 0301 	sbc.w	r3, r7, r1
1000140c:	2801      	cmp	r0, #1
1000140e:	f173 0300 	sbcs.w	r3, r3, #0
10001412:	da08      	bge.n	10001426 <sleep_until+0x46>
10001414:	4620      	mov	r0, r4
10001416:	4629      	mov	r1, r5
10001418:	f000 f92e 	bl	10001678 <busy_wait_until>
1000141c:	b003      	add	sp, #12
1000141e:	bdf0      	pop	{r4, r5, r6, r7, pc}
10001420:	4818      	ldr	r0, [pc, #96]	@ (10001484 <sleep_until+0xa4>)
10001422:	f7ff f815 	bl	10000450 <panic>
10001426:	2300      	movs	r3, #0
10001428:	9300      	str	r3, [sp, #0]
1000142a:	4a17      	ldr	r2, [pc, #92]	@ (10001488 <sleep_until+0xa8>)
1000142c:	4630      	mov	r0, r6
1000142e:	4639      	mov	r1, r7
10001430:	f7ff ff80 	bl	10001334 <add_alarm_at>
10001434:	2800      	cmp	r0, #0
10001436:	da19      	bge.n	1000146c <sleep_until+0x8c>
10001438:	e7ec      	b.n	10001414 <sleep_until+0x34>
1000143a:	4b14      	ldr	r3, [pc, #80]	@ (1000148c <sleep_until+0xac>)
1000143c:	681a      	ldr	r2, [r3, #0]
1000143e:	f3ef 8110 	mrs	r1, PRIMASK
10001442:	b672      	cpsid	i
10001444:	e8d2 cfcf 	ldaexb	ip, [r2]
10001448:	2001      	movs	r0, #1
1000144a:	f1bc 0f00 	cmp.w	ip, #0
1000144e:	d1f9      	bne.n	10001444 <sleep_until+0x64>
10001450:	e8c2 0f4c 	strexb	ip, r0, [r2]
10001454:	f1bc 0f00 	cmp.w	ip, #0
10001458:	d1f4      	bne.n	10001444 <sleep_until+0x64>
1000145a:	f3bf 8f5f 	dmb	sy
1000145e:	681a      	ldr	r2, [r3, #0]
10001460:	2300      	movs	r3, #0
10001462:	e8c2 3f8f 	stlb	r3, [r2]
10001466:	f381 8810 	msr	PRIMASK, r1
1000146a:	bf20      	wfe
1000146c:	4b08      	ldr	r3, [pc, #32]	@ (10001490 <sleep_until+0xb0>)
1000146e:	6a5b      	ldr	r3, [r3, #36]	@ 0x24
10001470:	429f      	cmp	r7, r3
10001472:	d8e2      	bhi.n	1000143a <sleep_until+0x5a>
10001474:	4a06      	ldr	r2, [pc, #24]	@ (10001490 <sleep_until+0xb0>)
10001476:	6a92      	ldr	r2, [r2, #40]	@ 0x28
10001478:	42b2      	cmp	r2, r6
1000147a:	d2cb      	bcs.n	10001414 <sleep_until+0x34>
1000147c:	429f      	cmp	r7, r3
1000147e:	d1c9      	bne.n	10001414 <sleep_until+0x34>
10001480:	e7db      	b.n	1000143a <sleep_until+0x5a>
10001482:	bf00      	nop
10001484:	10009e40 	.word	0x10009e40
10001488:	10000e39 	.word	0x10000e39
1000148c:	20002690 	.word	0x20002690
10001490:	400b0000 	.word	0x400b0000

10001494 <sleep_us>:
10001494:	b538      	push	{r3, r4, r5, lr}
10001496:	4604      	mov	r4, r0
10001498:	460d      	mov	r5, r1
1000149a:	f000 f8e5 	bl	10001668 <time_us_64>
1000149e:	1820      	adds	r0, r4, r0
100014a0:	eb45 0101 	adc.w	r1, r5, r1
100014a4:	2900      	cmp	r1, #0
100014a6:	db02      	blt.n	100014ae <sleep_us+0x1a>
100014a8:	f7ff ff9a 	bl	100013e0 <sleep_until>
100014ac:	bd38      	pop	{r3, r4, r5, pc}
100014ae:	f04f 30ff 	mov.w	r0, #4294967295	@ 0xffffffff
100014b2:	f06f 4100 	mvn.w	r1, #2147483648	@ 0x80000000
100014b6:	e7f7      	b.n	100014a8 <sleep_us+0x14>

100014b8 <sleep_ms>:
100014b8:	b508      	push	{r3, lr}
100014ba:	0ec3      	lsrs	r3, r0, #27
100014bc:	0141      	lsls	r1, r0, #5
100014be:	1a09      	subs	r1, r1, r0
100014c0:	f163 0300 	sbc.w	r3, r3, #0
100014c4:	009b      	lsls	r3, r3, #2
100014c6:	ea43 7391 	orr.w	r3, r3, r1, lsr #30
100014ca:	0089      	lsls	r1, r1, #2
100014cc:	1809      	adds	r1, r1, r0
100014ce:	f143 0300 	adc.w	r3, r3, #0
100014d2:	00db      	lsls	r3, r3, #3
100014d4:	00c8      	lsls	r0, r1, #3
100014d6:	ea43 7151 	orr.w	r1, r3, r1, lsr #29
100014da:	f7ff ffdb 	bl	10001494 <sleep_us>
100014de:	bd08      	pop	{r3, pc}

100014e0 <best_effort_wfe_or_timeout>:
100014e0:	b5f0      	push	{r4, r5, r6, r7, lr}
100014e2:	b083      	sub	sp, #12
100014e4:	4605      	mov	r5, r0
100014e6:	460c      	mov	r4, r1
100014e8:	f3ef 8305 	mrs	r3, IPSR
100014ec:	b2db      	uxtb	r3, r3
100014ee:	b193      	cbz	r3, 10001516 <best_effort_wfe_or_timeout+0x36>
100014f0:	4b38      	ldr	r3, [pc, #224]	@ (100015d4 <best_effort_wfe_or_timeout+0xf4>)
100014f2:	6a5b      	ldr	r3, [r3, #36]	@ 0x24
100014f4:	428b      	cmp	r3, r1
100014f6:	d309      	bcc.n	1000150c <best_effort_wfe_or_timeout+0x2c>
100014f8:	4a36      	ldr	r2, [pc, #216]	@ (100015d4 <best_effort_wfe_or_timeout+0xf4>)
100014fa:	6a92      	ldr	r2, [r2, #40]	@ 0x28
100014fc:	4282      	cmp	r2, r0
100014fe:	d208      	bcs.n	10001512 <best_effort_wfe_or_timeout+0x32>
10001500:	428b      	cmp	r3, r1
10001502:	d001      	beq.n	10001508 <best_effort_wfe_or_timeout+0x28>
10001504:	2001      	movs	r0, #1
10001506:	e002      	b.n	1000150e <best_effort_wfe_or_timeout+0x2e>
10001508:	2000      	movs	r0, #0
1000150a:	e000      	b.n	1000150e <best_effort_wfe_or_timeout+0x2e>
1000150c:	2000      	movs	r0, #0
1000150e:	b003      	add	sp, #12
10001510:	bdf0      	pop	{r4, r5, r6, r7, pc}
10001512:	2001      	movs	r0, #1
10001514:	e7fb      	b.n	1000150e <best_effort_wfe_or_timeout+0x2e>
10001516:	f7ff fe7d 	bl	10001214 <alarm_pool_get_default>
1000151a:	68c7      	ldr	r7, [r0, #12]
1000151c:	7806      	ldrb	r6, [r0, #0]
1000151e:	4638      	mov	r0, r7
10001520:	f000 f88c 	bl	1000163c <timer_time_us_64>
10001524:	1a2a      	subs	r2, r5, r0
10001526:	eb64 0101 	sbc.w	r1, r4, r1
1000152a:	3604      	adds	r6, #4
1000152c:	f857 3026 	ldr.w	r3, [r7, r6, lsl #2]
10001530:	1a1b      	subs	r3, r3, r0
10001532:	429a      	cmp	r2, r3
10001534:	f171 0100 	sbcs.w	r1, r1, #0
10001538:	db12      	blt.n	10001560 <best_effort_wfe_or_timeout+0x80>
1000153a:	bf20      	wfe
1000153c:	4b25      	ldr	r3, [pc, #148]	@ (100015d4 <best_effort_wfe_or_timeout+0xf4>)
1000153e:	6a5b      	ldr	r3, [r3, #36]	@ 0x24
10001540:	429c      	cmp	r4, r3
10001542:	d809      	bhi.n	10001558 <best_effort_wfe_or_timeout+0x78>
10001544:	4a23      	ldr	r2, [pc, #140]	@ (100015d4 <best_effort_wfe_or_timeout+0xf4>)
10001546:	6a92      	ldr	r2, [r2, #40]	@ 0x28
10001548:	42aa      	cmp	r2, r5
1000154a:	d207      	bcs.n	1000155c <best_effort_wfe_or_timeout+0x7c>
1000154c:	429c      	cmp	r4, r3
1000154e:	d001      	beq.n	10001554 <best_effort_wfe_or_timeout+0x74>
10001550:	2001      	movs	r0, #1
10001552:	e7dc      	b.n	1000150e <best_effort_wfe_or_timeout+0x2e>
10001554:	2000      	movs	r0, #0
10001556:	e7da      	b.n	1000150e <best_effort_wfe_or_timeout+0x2e>
10001558:	2000      	movs	r0, #0
1000155a:	e7d8      	b.n	1000150e <best_effort_wfe_or_timeout+0x2e>
1000155c:	2001      	movs	r0, #1
1000155e:	e7d6      	b.n	1000150e <best_effort_wfe_or_timeout+0x2e>
10001560:	2300      	movs	r3, #0
10001562:	9300      	str	r3, [sp, #0]
10001564:	4a1c      	ldr	r2, [pc, #112]	@ (100015d8 <best_effort_wfe_or_timeout+0xf8>)
10001566:	4628      	mov	r0, r5
10001568:	4621      	mov	r1, r4
1000156a:	f7ff fee3 	bl	10001334 <add_alarm_at>
1000156e:	2800      	cmp	r0, #0
10001570:	dd18      	ble.n	100015a4 <best_effort_wfe_or_timeout+0xc4>
10001572:	4b18      	ldr	r3, [pc, #96]	@ (100015d4 <best_effort_wfe_or_timeout+0xf4>)
10001574:	6a5b      	ldr	r3, [r3, #36]	@ 0x24
10001576:	429c      	cmp	r4, r3
10001578:	d805      	bhi.n	10001586 <best_effort_wfe_or_timeout+0xa6>
1000157a:	4a16      	ldr	r2, [pc, #88]	@ (100015d4 <best_effort_wfe_or_timeout+0xf4>)
1000157c:	6a92      	ldr	r2, [r2, #40]	@ 0x28
1000157e:	42aa      	cmp	r2, r5
10001580:	d202      	bcs.n	10001588 <best_effort_wfe_or_timeout+0xa8>
10001582:	429c      	cmp	r4, r3
10001584:	d100      	bne.n	10001588 <best_effort_wfe_or_timeout+0xa8>
10001586:	bf20      	wfe
10001588:	f7ff ff20 	bl	100013cc <cancel_alarm>
1000158c:	4b11      	ldr	r3, [pc, #68]	@ (100015d4 <best_effort_wfe_or_timeout+0xf4>)
1000158e:	6a5b      	ldr	r3, [r3, #36]	@ 0x24
10001590:	429c      	cmp	r4, r3
10001592:	d81b      	bhi.n	100015cc <best_effort_wfe_or_timeout+0xec>
10001594:	4a0f      	ldr	r2, [pc, #60]	@ (100015d4 <best_effort_wfe_or_timeout+0xf4>)
10001596:	6a92      	ldr	r2, [r2, #40]	@ 0x28
10001598:	42aa      	cmp	r2, r5
1000159a:	d219      	bcs.n	100015d0 <best_effort_wfe_or_timeout+0xf0>
1000159c:	429c      	cmp	r4, r3
1000159e:	d013      	beq.n	100015c8 <best_effort_wfe_or_timeout+0xe8>
100015a0:	2001      	movs	r0, #1
100015a2:	e7b4      	b.n	1000150e <best_effort_wfe_or_timeout+0x2e>
100015a4:	4b0b      	ldr	r3, [pc, #44]	@ (100015d4 <best_effort_wfe_or_timeout+0xf4>)
100015a6:	6a5b      	ldr	r3, [r3, #36]	@ 0x24
100015a8:	429c      	cmp	r4, r3
100015aa:	d809      	bhi.n	100015c0 <best_effort_wfe_or_timeout+0xe0>
100015ac:	4a09      	ldr	r2, [pc, #36]	@ (100015d4 <best_effort_wfe_or_timeout+0xf4>)
100015ae:	6a92      	ldr	r2, [r2, #40]	@ 0x28
100015b0:	42aa      	cmp	r2, r5
100015b2:	d207      	bcs.n	100015c4 <best_effort_wfe_or_timeout+0xe4>
100015b4:	429c      	cmp	r4, r3
100015b6:	d001      	beq.n	100015bc <best_effort_wfe_or_timeout+0xdc>
100015b8:	2001      	movs	r0, #1
100015ba:	e7a8      	b.n	1000150e <best_effort_wfe_or_timeout+0x2e>
100015bc:	2000      	movs	r0, #0
100015be:	e7a6      	b.n	1000150e <best_effort_wfe_or_timeout+0x2e>
100015c0:	2000      	movs	r0, #0
100015c2:	e7a4      	b.n	1000150e <best_effort_wfe_or_timeout+0x2e>
100015c4:	2001      	movs	r0, #1
100015c6:	e7a2      	b.n	1000150e <best_effort_wfe_or_timeout+0x2e>
100015c8:	2000      	movs	r0, #0
100015ca:	e7a0      	b.n	1000150e <best_effort_wfe_or_timeout+0x2e>
100015cc:	2000      	movs	r0, #0
100015ce:	e79e      	b.n	1000150e <best_effort_wfe_or_timeout+0x2e>
100015d0:	2001      	movs	r0, #1
100015d2:	e79c      	b.n	1000150e <best_effort_wfe_or_timeout+0x2e>
100015d4:	400b0000 	.word	0x400b0000
100015d8:	10000e39 	.word	0x10000e39

100015dc <alarm_pool_get_default_timer>:
100015dc:	4800      	ldr	r0, [pc, #0]	@ (100015e0 <alarm_pool_get_default_timer+0x4>)
100015de:	4770      	bx	lr
100015e0:	400b0000 	.word	0x400b0000

100015e4 <runtime_init_default_alarm_pool>:
100015e4:	b510      	push	{r4, lr}
100015e6:	4b0a      	ldr	r3, [pc, #40]	@ (10001610 <runtime_init_default_alarm_pool+0x2c>)
100015e8:	691b      	ldr	r3, [r3, #16]
100015ea:	b123      	cbz	r3, 100015f6 <runtime_init_default_alarm_pool+0x12>
100015ec:	210a      	movs	r1, #10
100015ee:	4809      	ldr	r0, [pc, #36]	@ (10001614 <runtime_init_default_alarm_pool+0x30>)
100015f0:	f7ff fb9e 	bl	10000d30 <lock_init>
100015f4:	bd10      	pop	{r4, pc}
100015f6:	f7ff fff1 	bl	100015dc <alarm_pool_get_default_timer>
100015fa:	4604      	mov	r4, r0
100015fc:	2103      	movs	r1, #3
100015fe:	f000 f80b 	bl	10001618 <timer_hardware_alarm_claim>
10001602:	2310      	movs	r3, #16
10001604:	2203      	movs	r2, #3
10001606:	4621      	mov	r1, r4
10001608:	4801      	ldr	r0, [pc, #4]	@ (10001610 <runtime_init_default_alarm_pool+0x2c>)
1000160a:	f7ff fdc5 	bl	10001198 <alarm_pool_post_alloc_init>
1000160e:	e7ed      	b.n	100015ec <runtime_init_default_alarm_pool+0x8>
10001610:	2000109c 	.word	0x2000109c
10001614:	20002690 	.word	0x20002690

10001618 <timer_hardware_alarm_claim>:
10001618:	b510      	push	{r4, lr}
1000161a:	4a05      	ldr	r2, [pc, #20]	@ (10001630 <timer_hardware_alarm_claim+0x18>)
1000161c:	4c05      	ldr	r4, [pc, #20]	@ (10001634 <timer_hardware_alarm_claim+0x1c>)
1000161e:	4b06      	ldr	r3, [pc, #24]	@ (10001638 <timer_hardware_alarm_claim+0x20>)
10001620:	42a0      	cmp	r0, r4
10001622:	bf14      	ite	ne
10001624:	4618      	movne	r0, r3
10001626:	1c58      	addeq	r0, r3, #1
10001628:	f7fe ff46 	bl	100004b8 <hw_claim_or_assert>
1000162c:	bd10      	pop	{r4, pc}
1000162e:	bf00      	nop
10001630:	10009e90 	.word	0x10009e90
10001634:	400b8000 	.word	0x400b8000
10001638:	200018ec 	.word	0x200018ec

1000163c <timer_time_us_64>:
1000163c:	4602      	mov	r2, r0
1000163e:	6a43      	ldr	r3, [r0, #36]	@ 0x24
10001640:	6a90      	ldr	r0, [r2, #40]	@ 0x28
10001642:	4619      	mov	r1, r3
10001644:	6a53      	ldr	r3, [r2, #36]	@ 0x24
10001646:	4299      	cmp	r1, r3
10001648:	d1fa      	bne.n	10001640 <timer_time_us_64+0x4>
1000164a:	4770      	bx	lr

1000164c <timer_busy_wait_until>:
1000164c:	6a41      	ldr	r1, [r0, #36]	@ 0x24
1000164e:	e000      	b.n	10001652 <timer_busy_wait_until+0x6>
10001650:	6a41      	ldr	r1, [r0, #36]	@ 0x24
10001652:	4299      	cmp	r1, r3
10001654:	d3fc      	bcc.n	10001650 <timer_busy_wait_until+0x4>
10001656:	e000      	b.n	1000165a <timer_busy_wait_until+0xe>
10001658:	6a41      	ldr	r1, [r0, #36]	@ 0x24
1000165a:	4299      	cmp	r1, r3
1000165c:	d102      	bne.n	10001664 <timer_busy_wait_until+0x18>
1000165e:	6a81      	ldr	r1, [r0, #40]	@ 0x28
10001660:	4291      	cmp	r1, r2
10001662:	d3f9      	bcc.n	10001658 <timer_busy_wait_until+0xc>
10001664:	4770      	bx	lr
	...

10001668 <time_us_64>:
10001668:	b508      	push	{r3, lr}
1000166a:	4802      	ldr	r0, [pc, #8]	@ (10001674 <time_us_64+0xc>)
1000166c:	f7ff ffe6 	bl	1000163c <timer_time_us_64>
10001670:	bd08      	pop	{r3, pc}
10001672:	bf00      	nop
10001674:	400b0000 	.word	0x400b0000

10001678 <busy_wait_until>:
10001678:	b508      	push	{r3, lr}
1000167a:	4602      	mov	r2, r0
1000167c:	460b      	mov	r3, r1
1000167e:	4802      	ldr	r0, [pc, #8]	@ (10001688 <busy_wait_until+0x10>)
10001680:	f7ff ffe4 	bl	1000164c <timer_busy_wait_until>
10001684:	bd08      	pop	{r3, pc}
10001686:	bf00      	nop
10001688:	400b0000 	.word	0x400b0000

1000168c <clock_configure_internal>:
1000168c:	b570      	push	{r4, r5, r6, lr}
1000168e:	4616      	mov	r6, r2
10001690:	9d04      	ldr	r5, [sp, #16]
10001692:	eb00 0c40 	add.w	ip, r0, r0, lsl #1
10001696:	ea4f 0c8c 	mov.w	ip, ip, lsl #2
1000169a:	f10c 4c80 	add.w	ip, ip, #1073741824	@ 0x40000000
1000169e:	f50c 3c80 	add.w	ip, ip, #65536	@ 0x10000
100016a2:	f8dc 2004 	ldr.w	r2, [ip, #4]
100016a6:	42aa      	cmp	r2, r5
100016a8:	d201      	bcs.n	100016ae <clock_configure_internal+0x22>
100016aa:	f8cc 5004 	str.w	r5, [ip, #4]
100016ae:	f1a0 0e04 	sub.w	lr, r0, #4
100016b2:	fa5f fe8e 	uxtb.w	lr, lr
100016b6:	f1be 0f01 	cmp.w	lr, #1
100016ba:	d928      	bls.n	1000170e <clock_configure_internal+0x82>
100016bc:	f50c 5240 	add.w	r2, ip, #12288	@ 0x3000
100016c0:	f44f 6400 	mov.w	r4, #2048	@ 0x800
100016c4:	6014      	str	r4, [r2, #0]
100016c6:	4a1e      	ldr	r2, [pc, #120]	@ (10001740 <clock_configure_internal+0xb4>)
100016c8:	f852 2020 	ldr.w	r2, [r2, r0, lsl #2]
100016cc:	b142      	cbz	r2, 100016e0 <clock_configure_internal+0x54>
100016ce:	4c1c      	ldr	r4, [pc, #112]	@ (10001740 <clock_configure_internal+0xb4>)
100016d0:	6964      	ldr	r4, [r4, #20]
100016d2:	fbb4 f4f2 	udiv	r4, r4, r2
100016d6:	3401      	adds	r4, #1
100016d8:	eb04 0444 	add.w	r4, r4, r4, lsl #1
100016dc:	3c03      	subs	r4, #3
100016de:	d2fd      	bcs.n	100016dc <clock_configure_internal+0x50>
100016e0:	f8dc 2000 	ldr.w	r2, [ip]
100016e4:	ea82 1246 	eor.w	r2, r2, r6, lsl #5
100016e8:	f002 02e0 	and.w	r2, r2, #224	@ 0xe0
100016ec:	f50c 5480 	add.w	r4, ip, #4096	@ 0x1000
100016f0:	6022      	str	r2, [r4, #0]
100016f2:	f1be 0f01 	cmp.w	lr, #1
100016f6:	d916      	bls.n	10001726 <clock_configure_internal+0x9a>
100016f8:	f50c 5200 	add.w	r2, ip, #8192	@ 0x2000
100016fc:	f44f 6100 	mov.w	r1, #2048	@ 0x800
10001700:	6011      	str	r1, [r2, #0]
10001702:	f8cc 5004 	str.w	r5, [ip, #4]
10001706:	4a0e      	ldr	r2, [pc, #56]	@ (10001740 <clock_configure_internal+0xb4>)
10001708:	f842 3020 	str.w	r3, [r2, r0, lsl #2]
1000170c:	bd70      	pop	{r4, r5, r6, pc}
1000170e:	2901      	cmp	r1, #1
10001710:	d1d4      	bne.n	100016bc <clock_configure_internal+0x30>
10001712:	f50c 5240 	add.w	r2, ip, #12288	@ 0x3000
10001716:	2403      	movs	r4, #3
10001718:	6014      	str	r4, [r2, #0]
1000171a:	f8dc 2008 	ldr.w	r2, [ip, #8]
1000171e:	f012 0f01 	tst.w	r2, #1
10001722:	d0fa      	beq.n	1000171a <clock_configure_internal+0x8e>
10001724:	e7dc      	b.n	100016e0 <clock_configure_internal+0x54>
10001726:	f8dc 2000 	ldr.w	r2, [ip]
1000172a:	404a      	eors	r2, r1
1000172c:	f002 0203 	and.w	r2, r2, #3
10001730:	6022      	str	r2, [r4, #0]
10001732:	f8dc 4008 	ldr.w	r4, [ip, #8]
10001736:	2201      	movs	r2, #1
10001738:	408a      	lsls	r2, r1
1000173a:	4214      	tst	r4, r2
1000173c:	d0f9      	beq.n	10001732 <clock_configure_internal+0xa6>
1000173e:	e7db      	b.n	100016f8 <clock_configure_internal+0x6c>
10001740:	200018f4 	.word	0x200018f4

10001744 <clock_configure_undivided>:
10001744:	b510      	push	{r4, lr}
10001746:	b082      	sub	sp, #8
10001748:	f44f 3480 	mov.w	r4, #65536	@ 0x10000
1000174c:	9400      	str	r4, [sp, #0]
1000174e:	f7ff ff9d 	bl	1000168c <clock_configure_internal>
10001752:	b002      	add	sp, #8
10001754:	bd10      	pop	{r4, pc}
	...

10001758 <clock_get_hz>:
10001758:	4b01      	ldr	r3, [pc, #4]	@ (10001760 <clock_get_hz+0x8>)
1000175a:	f853 0020 	ldr.w	r0, [r3, r0, lsl #2]
1000175e:	4770      	bx	lr
10001760:	200018f4 	.word	0x200018f4

10001764 <pll_init>:
10001764:	b570      	push	{r4, r5, r6, lr}
10001766:	9c04      	ldr	r4, [sp, #16]
10001768:	4d34      	ldr	r5, [pc, #208]	@ (1000183c <pll_init+0xd8>)
1000176a:	fbb5 fcf1 	udiv	ip, r5, r1
1000176e:	4d34      	ldr	r5, [pc, #208]	@ (10001840 <pll_init+0xdc>)
10001770:	4415      	add	r5, r2
10001772:	4e34      	ldr	r6, [pc, #208]	@ (10001844 <pll_init+0xe0>)
10001774:	42b5      	cmp	r5, r6
10001776:	d837      	bhi.n	100017e8 <pll_init+0x84>
10001778:	fbb2 f5fc 	udiv	r5, r2, ip
1000177c:	f1a5 0e10 	sub.w	lr, r5, #16
10001780:	f5be 7f98 	cmp.w	lr, #304	@ 0x130
10001784:	d836      	bhi.n	100017f4 <pll_init+0x90>
10001786:	f103 3eff 	add.w	lr, r3, #4294967295	@ 0xffffffff
1000178a:	f1be 0f06 	cmp.w	lr, #6
1000178e:	d837      	bhi.n	10001800 <pll_init+0x9c>
10001790:	f104 3eff 	add.w	lr, r4, #4294967295	@ 0xffffffff
10001794:	f1be 0f06 	cmp.w	lr, #6
10001798:	d832      	bhi.n	10001800 <pll_init+0x9c>
1000179a:	ebbc 1f12 	cmp.w	ip, r2, lsr #4
1000179e:	d835      	bhi.n	1000180c <pll_init+0xa8>
100017a0:	0324      	lsls	r4, r4, #12
100017a2:	ea44 4403 	orr.w	r4, r4, r3, lsl #16
100017a6:	6803      	ldr	r3, [r0, #0]
100017a8:	2b00      	cmp	r3, #0
100017aa:	db35      	blt.n	10001818 <pll_init+0xb4>
100017ac:	4b26      	ldr	r3, [pc, #152]	@ (10001848 <pll_init+0xe4>)
100017ae:	4298      	cmp	r0, r3
100017b0:	d042      	beq.n	10001838 <pll_init+0xd4>
100017b2:	230e      	movs	r3, #14
100017b4:	2201      	movs	r2, #1
100017b6:	409a      	lsls	r2, r3
100017b8:	4b24      	ldr	r3, [pc, #144]	@ (1000184c <pll_init+0xe8>)
100017ba:	601a      	str	r2, [r3, #0]
100017bc:	f503 5380 	add.w	r3, r3, #4096	@ 0x1000
100017c0:	601a      	str	r2, [r3, #0]
100017c2:	4b23      	ldr	r3, [pc, #140]	@ (10001850 <pll_init+0xec>)
100017c4:	689b      	ldr	r3, [r3, #8]
100017c6:	ea32 0303 	bics.w	r3, r2, r3
100017ca:	d1fa      	bne.n	100017c2 <pll_init+0x5e>
100017cc:	6001      	str	r1, [r0, #0]
100017ce:	6085      	str	r5, [r0, #8]
100017d0:	f500 5240 	add.w	r2, r0, #12288	@ 0x3000
100017d4:	3204      	adds	r2, #4
100017d6:	2321      	movs	r3, #33	@ 0x21
100017d8:	6013      	str	r3, [r2, #0]
100017da:	6803      	ldr	r3, [r0, #0]
100017dc:	2b00      	cmp	r3, #0
100017de:	dafc      	bge.n	100017da <pll_init+0x76>
100017e0:	60c4      	str	r4, [r0, #12]
100017e2:	2308      	movs	r3, #8
100017e4:	6013      	str	r3, [r2, #0]
100017e6:	bd70      	pop	{r4, r5, r6, pc}
100017e8:	4b1a      	ldr	r3, [pc, #104]	@ (10001854 <pll_init+0xf0>)
100017ea:	4a1b      	ldr	r2, [pc, #108]	@ (10001858 <pll_init+0xf4>)
100017ec:	2111      	movs	r1, #17
100017ee:	481b      	ldr	r0, [pc, #108]	@ (1000185c <pll_init+0xf8>)
100017f0:	f001 fc8e 	bl	10003110 <__assert_func>
100017f4:	4b1a      	ldr	r3, [pc, #104]	@ (10001860 <pll_init+0xfc>)
100017f6:	4a18      	ldr	r2, [pc, #96]	@ (10001858 <pll_init+0xf4>)
100017f8:	2119      	movs	r1, #25
100017fa:	4818      	ldr	r0, [pc, #96]	@ (1000185c <pll_init+0xf8>)
100017fc:	f001 fc88 	bl	10003110 <__assert_func>
10001800:	4b18      	ldr	r3, [pc, #96]	@ (10001864 <pll_init+0x100>)
10001802:	4a15      	ldr	r2, [pc, #84]	@ (10001858 <pll_init+0xf4>)
10001804:	211c      	movs	r1, #28
10001806:	4815      	ldr	r0, [pc, #84]	@ (1000185c <pll_init+0xf8>)
10001808:	f001 fc82 	bl	10003110 <__assert_func>
1000180c:	4b16      	ldr	r3, [pc, #88]	@ (10001868 <pll_init+0x104>)
1000180e:	4a12      	ldr	r2, [pc, #72]	@ (10001858 <pll_init+0xf4>)
10001810:	2123      	movs	r1, #35	@ 0x23
10001812:	4812      	ldr	r0, [pc, #72]	@ (1000185c <pll_init+0xf8>)
10001814:	f001 fc7c 	bl	10003110 <__assert_func>
10001818:	6803      	ldr	r3, [r0, #0]
1000181a:	f003 033f 	and.w	r3, r3, #63	@ 0x3f
1000181e:	428b      	cmp	r3, r1
10001820:	d1c4      	bne.n	100017ac <pll_init+0x48>
10001822:	6883      	ldr	r3, [r0, #8]
10001824:	f3c3 030b 	ubfx	r3, r3, #0, #12
10001828:	42ab      	cmp	r3, r5
1000182a:	d1bf      	bne.n	100017ac <pll_init+0x48>
1000182c:	68c3      	ldr	r3, [r0, #12]
1000182e:	f403 23ee 	and.w	r3, r3, #487424	@ 0x77000
10001832:	42a3      	cmp	r3, r4
10001834:	d1ba      	bne.n	100017ac <pll_init+0x48>
10001836:	e7d6      	b.n	100017e6 <pll_init+0x82>
10001838:	230f      	movs	r3, #15
1000183a:	e7bb      	b.n	100017b4 <pll_init+0x50>
1000183c:	00b71b00 	.word	0x00b71b00
10001840:	d34be880 	.word	0xd34be880
10001844:	32a9f880 	.word	0x32a9f880
10001848:	40058000 	.word	0x40058000
1000184c:	40022000 	.word	0x40022000
10001850:	40020000 	.word	0x40020000
10001854:	10009eb4 	.word	0x10009eb4
10001858:	1000b220 	.word	0x1000b220
1000185c:	10009f04 	.word	0x10009f04
10001860:	10009f48 	.word	0x10009f48
10001864:	10009f64 	.word	0x10009f64
10001868:	10009fb0 	.word	0x10009fb0

1000186c <watchdog_update>:
1000186c:	4b02      	ldr	r3, [pc, #8]	@ (10001878 <watchdog_update+0xc>)
1000186e:	681a      	ldr	r2, [r3, #0]
10001870:	4b02      	ldr	r3, [pc, #8]	@ (1000187c <watchdog_update+0x10>)
10001872:	605a      	str	r2, [r3, #4]
10001874:	4770      	bx	lr
10001876:	bf00      	nop
10001878:	20002638 	.word	0x20002638
1000187c:	400d8000 	.word	0x400d8000

10001880 <_watchdog_enable>:
10001880:	b508      	push	{r3, lr}
10001882:	4b16      	ldr	r3, [pc, #88]	@ (100018dc <_watchdog_enable+0x5c>)
10001884:	f04f 4280 	mov.w	r2, #1073741824	@ 0x40000000
10001888:	601a      	str	r2, [r3, #0]
1000188a:	f5a3 2341 	sub.w	r3, r3, #790528	@ 0xc1000
1000188e:	4a14      	ldr	r2, [pc, #80]	@ (100018e0 <_watchdog_enable+0x60>)
10001890:	609a      	str	r2, [r3, #8]
10001892:	b151      	cbz	r1, 100018aa <_watchdog_enable+0x2a>
10001894:	f503 2340 	add.w	r3, r3, #786432	@ 0xc0000
10001898:	f04f 62e0 	mov.w	r2, #117440512	@ 0x7000000
1000189c:	601a      	str	r2, [r3, #0]
1000189e:	b948      	cbnz	r0, 100018b4 <_watchdog_enable+0x34>
100018a0:	4b10      	ldr	r3, [pc, #64]	@ (100018e4 <_watchdog_enable+0x64>)
100018a2:	f04f 4200 	mov.w	r2, #2147483648	@ 0x80000000
100018a6:	601a      	str	r2, [r3, #0]
100018a8:	bd08      	pop	{r3, pc}
100018aa:	4b0c      	ldr	r3, [pc, #48]	@ (100018dc <_watchdog_enable+0x5c>)
100018ac:	f04f 62e0 	mov.w	r2, #117440512	@ 0x7000000
100018b0:	601a      	str	r2, [r3, #0]
100018b2:	e7f4      	b.n	1000189e <_watchdog_enable+0x1e>
100018b4:	f44f 737a 	mov.w	r3, #1000	@ 0x3e8
100018b8:	fb03 f000 	mul.w	r0, r3, r0
100018bc:	4b0a      	ldr	r3, [pc, #40]	@ (100018e8 <_watchdog_enable+0x68>)
100018be:	6018      	str	r0, [r3, #0]
100018c0:	f1b0 7f80 	cmp.w	r0, #16777216	@ 0x1000000
100018c4:	d302      	bcc.n	100018cc <_watchdog_enable+0x4c>
100018c6:	f06f 427f 	mvn.w	r2, #4278190080	@ 0xff000000
100018ca:	601a      	str	r2, [r3, #0]
100018cc:	f7ff ffce 	bl	1000186c <watchdog_update>
100018d0:	4b04      	ldr	r3, [pc, #16]	@ (100018e4 <_watchdog_enable+0x64>)
100018d2:	f04f 4280 	mov.w	r2, #1073741824	@ 0x40000000
100018d6:	601a      	str	r2, [r3, #0]
100018d8:	e7e6      	b.n	100018a8 <_watchdog_enable+0x28>
100018da:	bf00      	nop
100018dc:	400db000 	.word	0x400db000
100018e0:	01fffff3 	.word	0x01fffff3
100018e4:	400da000 	.word	0x400da000
100018e8:	20002638 	.word	0x20002638

100018ec <watchdog_reboot>:
100018ec:	b510      	push	{r4, lr}
100018ee:	4b0c      	ldr	r3, [pc, #48]	@ (10001920 <watchdog_reboot+0x34>)
100018f0:	f04f 4480 	mov.w	r4, #1073741824	@ 0x40000000
100018f4:	601c      	str	r4, [r3, #0]
100018f6:	b170      	cbz	r0, 10001916 <watchdog_reboot+0x2a>
100018f8:	f040 0301 	orr.w	r3, r0, #1
100018fc:	4809      	ldr	r0, [pc, #36]	@ (10001924 <watchdog_reboot+0x38>)
100018fe:	4c0a      	ldr	r4, [pc, #40]	@ (10001928 <watchdog_reboot+0x3c>)
10001900:	61c4      	str	r4, [r0, #28]
10001902:	4c0a      	ldr	r4, [pc, #40]	@ (1000192c <watchdog_reboot+0x40>)
10001904:	405c      	eors	r4, r3
10001906:	6204      	str	r4, [r0, #32]
10001908:	6241      	str	r1, [r0, #36]	@ 0x24
1000190a:	6283      	str	r3, [r0, #40]	@ 0x28
1000190c:	2100      	movs	r1, #0
1000190e:	4610      	mov	r0, r2
10001910:	f7ff ffb6 	bl	10001880 <_watchdog_enable>
10001914:	bd10      	pop	{r4, pc}
10001916:	4b03      	ldr	r3, [pc, #12]	@ (10001924 <watchdog_reboot+0x38>)
10001918:	2100      	movs	r1, #0
1000191a:	61d9      	str	r1, [r3, #28]
1000191c:	e7f6      	b.n	1000190c <watchdog_reboot+0x20>
1000191e:	bf00      	nop
10001920:	400db000 	.word	0x400db000
10001924:	400d8000 	.word	0x400d8000
10001928:	b007c0d3 	.word	0xb007c0d3
1000192c:	4ff83f2d 	.word	0x4ff83f2d

10001930 <tick_start>:
10001930:	4a05      	ldr	r2, [pc, #20]	@ (10001948 <tick_start+0x18>)
10001932:	eb00 0340 	add.w	r3, r0, r0, lsl #1
10001936:	eb02 0383 	add.w	r3, r2, r3, lsl #2
1000193a:	6059      	str	r1, [r3, #4]
1000193c:	eb00 0040 	add.w	r0, r0, r0, lsl #1
10001940:	0080      	lsls	r0, r0, #2
10001942:	2301      	movs	r3, #1
10001944:	5013      	str	r3, [r2, r0]
10001946:	4770      	bx	lr
10001948:	40108000 	.word	0x40108000

1000194c <rom_reboot>:
1000194c:	e92d 41f0 	stmdb	sp!, {r4, r5, r6, r7, r8, lr}
10001950:	4605      	mov	r5, r0
10001952:	460e      	mov	r6, r1
10001954:	4617      	mov	r7, r2
10001956:	4698      	mov	r8, r3
10001958:	2300      	movs	r3, #0
1000195a:	8adb      	ldrh	r3, [r3, #22]
1000195c:	2200      	movs	r2, #0
1000195e:	e842 f200 	tt	r2, r2
10001962:	f412 0f80 	tst.w	r2, #4194304	@ 0x400000
10001966:	d10b      	bne.n	10001980 <rom_reboot+0x34>
10001968:	2110      	movs	r1, #16
1000196a:	f244 2052 	movw	r0, #16978	@ 0x4252
1000196e:	4798      	blx	r3
10001970:	4604      	mov	r4, r0
10001972:	4643      	mov	r3, r8
10001974:	463a      	mov	r2, r7
10001976:	4631      	mov	r1, r6
10001978:	4628      	mov	r0, r5
1000197a:	47a0      	blx	r4
1000197c:	e8bd 81f0 	ldmia.w	sp!, {r4, r5, r6, r7, r8, pc}
10001980:	2104      	movs	r1, #4
10001982:	f244 2052 	movw	r0, #16978	@ 0x4252
10001986:	4798      	blx	r3
10001988:	4604      	mov	r4, r0
1000198a:	e7f2      	b.n	10001972 <rom_reboot+0x26>

1000198c <rom_func_lookup>:
1000198c:	b508      	push	{r3, lr}
1000198e:	2300      	movs	r3, #0
10001990:	8adb      	ldrh	r3, [r3, #22]
10001992:	2200      	movs	r2, #0
10001994:	e842 f200 	tt	r2, r2
10001998:	f412 0f80 	tst.w	r2, #4194304	@ 0x400000
1000199c:	d102      	bne.n	100019a4 <rom_func_lookup+0x18>
1000199e:	2110      	movs	r1, #16
100019a0:	4798      	blx	r3
100019a2:	bd08      	pop	{r3, pc}
100019a4:	2104      	movs	r1, #4
100019a6:	4798      	blx	r3
100019a8:	e7fb      	b.n	100019a2 <rom_func_lookup+0x16>

100019aa <rom_reset_usb_boot_extra>:
100019aa:	b508      	push	{r3, lr}
100019ac:	1e03      	subs	r3, r0, #0
100019ae:	db04      	blt.n	100019ba <rom_reset_usb_boot_extra+0x10>
100019b0:	f041 0020 	orr.w	r0, r1, #32
100019b4:	b13a      	cbz	r2, 100019c6 <rom_reset_usb_boot_extra+0x1c>
100019b6:	f041 0130 	orr.w	r1, r1, #48	@ 0x30
100019ba:	460a      	mov	r2, r1
100019bc:	210a      	movs	r1, #10
100019be:	f44f 7081 	mov.w	r0, #258	@ 0x102
100019c2:	f7ff ffc3 	bl	1000194c <rom_reboot>
100019c6:	4601      	mov	r1, r0
100019c8:	e7f7      	b.n	100019ba <rom_reset_usb_boot_extra+0x10>
	...

100019cc <runtime_init_bootrom_locking_enable>:
100019cc:	4b03      	ldr	r3, [pc, #12]	@ (100019dc <runtime_init_bootrom_locking_enable+0x10>)
100019ce:	f8d3 3828 	ldr.w	r3, [r3, #2088]	@ 0x828
100019d2:	2b00      	cmp	r3, #0
100019d4:	d0fa      	beq.n	100019cc <runtime_init_bootrom_locking_enable>
100019d6:	f3bf 8f5f 	dmb	sy
100019da:	4770      	bx	lr
100019dc:	400e0000 	.word	0x400e0000

100019e0 <boot_locks_reset>:
100019e0:	2200      	movs	r2, #0
100019e2:	e007      	b.n	100019f4 <boot_locks_reset+0x14>
100019e4:	4b05      	ldr	r3, [pc, #20]	@ (100019fc <boot_locks_reset+0x1c>)
100019e6:	4413      	add	r3, r2
100019e8:	009b      	lsls	r3, r3, #2
100019ea:	f3bf 8f5f 	dmb	sy
100019ee:	2100      	movs	r1, #0
100019f0:	6019      	str	r1, [r3, #0]
100019f2:	3201      	adds	r2, #1
100019f4:	2a07      	cmp	r2, #7
100019f6:	d9f5      	bls.n	100019e4 <boot_locks_reset+0x4>
100019f8:	4770      	bx	lr
100019fa:	bf00      	nop
100019fc:	10038203 	.word	0x10038203

10001a00 <runtime_init_boot_locks_reset>:
10001a00:	b508      	push	{r3, lr}
10001a02:	f7ff ffed 	bl	100019e0 <boot_locks_reset>
10001a06:	bd08      	pop	{r3, pc}

10001a08 <xosc_init>:
10001a08:	4b07      	ldr	r3, [pc, #28]	@ (10001a28 <xosc_init+0x20>)
10001a0a:	f44f 622a 	mov.w	r2, #2720	@ 0xaa0
10001a0e:	601a      	str	r2, [r3, #0]
10001a10:	f44f 728d 	mov.w	r2, #282	@ 0x11a
10001a14:	60da      	str	r2, [r3, #12]
10001a16:	f503 5300 	add.w	r3, r3, #8192	@ 0x2000
10001a1a:	4a04      	ldr	r2, [pc, #16]	@ (10001a2c <xosc_init+0x24>)
10001a1c:	601a      	str	r2, [r3, #0]
10001a1e:	4b02      	ldr	r3, [pc, #8]	@ (10001a28 <xosc_init+0x20>)
10001a20:	685b      	ldr	r3, [r3, #4]
10001a22:	2b00      	cmp	r3, #0
10001a24:	dafb      	bge.n	10001a1e <xosc_init+0x16>
10001a26:	4770      	bx	lr
10001a28:	40048000 	.word	0x40048000
10001a2c:	00fab000 	.word	0x00fab000

10001a30 <runtime_run_initializers_from>:
10001a30:	b510      	push	{r4, lr}
10001a32:	4604      	mov	r4, r0
10001a34:	e002      	b.n	10001a3c <runtime_run_initializers_from+0xc>
10001a36:	f854 3b04 	ldr.w	r3, [r4], #4
10001a3a:	4798      	blx	r3
10001a3c:	4b01      	ldr	r3, [pc, #4]	@ (10001a44 <runtime_run_initializers_from+0x14>)
10001a3e:	429c      	cmp	r4, r3
10001a40:	d3f9      	bcc.n	10001a36 <runtime_run_initializers_from+0x6>
10001a42:	bd10      	pop	{r4, pc}
10001a44:	10009940 	.word	0x10009940

10001a48 <first_per_core_initializer>:
10001a48:	4770      	bx	lr
	...

10001a4c <runtime_run_initializers>:
10001a4c:	b508      	push	{r3, lr}
10001a4e:	4802      	ldr	r0, [pc, #8]	@ (10001a58 <runtime_run_initializers+0xc>)
10001a50:	f7ff ffee 	bl	10001a30 <runtime_run_initializers_from>
10001a54:	bd08      	pop	{r3, pc}
10001a56:	bf00      	nop
10001a58:	10009900 	.word	0x10009900

10001a5c <runtime_init_early_resets>:
10001a5c:	4b06      	ldr	r3, [pc, #24]	@ (10001a78 <runtime_init_early_resets+0x1c>)
10001a5e:	4a07      	ldr	r2, [pc, #28]	@ (10001a7c <runtime_init_early_resets+0x20>)
10001a60:	601a      	str	r2, [r3, #0]
10001a62:	f503 5380 	add.w	r3, r3, #4096	@ 0x1000
10001a66:	4a06      	ldr	r2, [pc, #24]	@ (10001a80 <runtime_init_early_resets+0x24>)
10001a68:	601a      	str	r2, [r3, #0]
10001a6a:	4b06      	ldr	r3, [pc, #24]	@ (10001a84 <runtime_init_early_resets+0x28>)
10001a6c:	689a      	ldr	r2, [r3, #8]
10001a6e:	4b04      	ldr	r3, [pc, #16]	@ (10001a80 <runtime_init_early_resets+0x24>)
10001a70:	4393      	bics	r3, r2
10001a72:	d1fa      	bne.n	10001a6a <runtime_init_early_resets+0xe>
10001a74:	4770      	bx	lr
10001a76:	bf00      	nop
10001a78:	40022000 	.word	0x40022000
10001a7c:	efef3b7f 	.word	0xefef3b7f
10001a80:	03f3fff6 	.word	0x03f3fff6
10001a84:	40020000 	.word	0x40020000

10001a88 <runtime_init_usb_power_down>:
10001a88:	4b05      	ldr	r3, [pc, #20]	@ (10001aa0 <runtime_init_usb_power_down+0x18>)
10001a8a:	6cdb      	ldr	r3, [r3, #76]	@ 0x4c
10001a8c:	f5b3 4f00 	cmp.w	r3, #32768	@ 0x8000
10001a90:	d000      	beq.n	10001a94 <runtime_init_usb_power_down+0xc>
10001a92:	4770      	bx	lr
10001a94:	4b03      	ldr	r3, [pc, #12]	@ (10001aa4 <runtime_init_usb_power_down+0x1c>)
10001a96:	f44f 2280 	mov.w	r2, #262144	@ 0x40000
10001a9a:	64da      	str	r2, [r3, #76]	@ 0x4c
10001a9c:	e7f9      	b.n	10001a92 <runtime_init_usb_power_down+0xa>
10001a9e:	bf00      	nop
10001aa0:	50110000 	.word	0x50110000
10001aa4:	50112000 	.word	0x50112000

10001aa8 <runtime_init_per_core_enable_coprocessors>:
10001aa8:	f04f 22e0 	mov.w	r2, #3758153728	@ 0xe000e000
10001aac:	f8d2 1d88 	ldr.w	r1, [r2, #3464]	@ 0xd88
10001ab0:	4b03      	ldr	r3, [pc, #12]	@ (10001ac0 <runtime_init_per_core_enable_coprocessors+0x18>)
10001ab2:	430b      	orrs	r3, r1
10001ab4:	f8c2 3d88 	str.w	r3, [r2, #3464]	@ 0xd88
10001ab8:	ee10 0430 			dcp_rcmp r0
10001abc:	4770      	bx	lr
10001abe:	bf00      	nop
10001ac0:	00300303 	.word	0x00300303

10001ac4 <runtime_init_post_clock_resets>:
10001ac4:	4b05      	ldr	r3, [pc, #20]	@ (10001adc <runtime_init_post_clock_resets+0x18>)
10001ac6:	f06f 4260 	mvn.w	r2, #3758096384	@ 0xe0000000
10001aca:	601a      	str	r2, [r3, #0]
10001acc:	4b04      	ldr	r3, [pc, #16]	@ (10001ae0 <runtime_init_post_clock_resets+0x1c>)
10001ace:	689b      	ldr	r3, [r3, #8]
10001ad0:	43db      	mvns	r3, r3
10001ad2:	f033 4360 	bics.w	r3, r3, #3758096384	@ 0xe0000000
10001ad6:	d1f9      	bne.n	10001acc <runtime_init_post_clock_resets+0x8>
10001ad8:	4770      	bx	lr
10001ada:	bf00      	nop
10001adc:	40023000 	.word	0x40023000
10001ae0:	40020000 	.word	0x40020000

10001ae4 <runtime_init_bootrom_reset>:
10001ae4:	b508      	push	{r3, lr}
10001ae6:	f245 2053 	movw	r0, #21075	@ 0x5253
10001aea:	f7ff ff4f 	bl	1000198c <rom_func_lookup>
10001aee:	4603      	mov	r3, r0
10001af0:	2004      	movs	r0, #4
10001af2:	4798      	blx	r3
10001af4:	bd08      	pop	{r3, pc}

10001af6 <runtime_init_per_core_bootrom_reset>:
10001af6:	b508      	push	{r3, lr}
10001af8:	f245 2053 	movw	r0, #21075	@ 0x5253
10001afc:	f7ff ff46 	bl	1000198c <rom_func_lookup>
10001b00:	4603      	mov	r3, r0
10001b02:	2001      	movs	r0, #1
10001b04:	4798      	blx	r3
10001b06:	bd08      	pop	{r3, pc}

10001b08 <runtime_init_spin_locks_reset>:
10001b08:	b508      	push	{r3, lr}
10001b0a:	f7fe fd5d 	bl	100005c8 <spin_locks_reset>
10001b0e:	bd08      	pop	{r3, pc}

10001b10 <runtime_init_install_ram_vector_table>:
10001b10:	b510      	push	{r4, lr}
10001b12:	490c      	ldr	r1, [pc, #48]	@ (10001b44 <runtime_init_install_ram_vector_table+0x34>)
10001b14:	4a0c      	ldr	r2, [pc, #48]	@ (10001b48 <runtime_init_install_ram_vector_table+0x38>)
10001b16:	1a52      	subs	r2, r2, r1
10001b18:	1092      	asrs	r2, r2, #2
10001b1a:	4614      	mov	r4, r2
10001b1c:	2a44      	cmp	r2, #68	@ 0x44
10001b1e:	bf28      	it	cs
10001b20:	2244      	movcs	r2, #68	@ 0x44
10001b22:	0092      	lsls	r2, r2, #2
10001b24:	4809      	ldr	r0, [pc, #36]	@ (10001b4c <runtime_init_install_ram_vector_table+0x3c>)
10001b26:	f007 fe03 	bl	10009730 <memcpy>
10001b2a:	e004      	b.n	10001b36 <runtime_init_install_ram_vector_table+0x26>
10001b2c:	4a08      	ldr	r2, [pc, #32]	@ (10001b50 <runtime_init_install_ram_vector_table+0x40>)
10001b2e:	4b07      	ldr	r3, [pc, #28]	@ (10001b4c <runtime_init_install_ram_vector_table+0x3c>)
10001b30:	f843 2024 	str.w	r2, [r3, r4, lsl #2]
10001b34:	3401      	adds	r4, #1
10001b36:	2c43      	cmp	r4, #67	@ 0x43
10001b38:	d9f8      	bls.n	10001b2c <runtime_init_install_ram_vector_table+0x1c>
10001b3a:	4a04      	ldr	r2, [pc, #16]	@ (10001b4c <runtime_init_install_ram_vector_table+0x3c>)
10001b3c:	4b05      	ldr	r3, [pc, #20]	@ (10001b54 <runtime_init_install_ram_vector_table+0x44>)
10001b3e:	609a      	str	r2, [r3, #8]
10001b40:	bd10      	pop	{r4, pc}
10001b42:	bf00      	nop
10001b44:	10000000 	.word	0x10000000
10001b48:	10000110 	.word	0x10000110
10001b4c:	20000000 	.word	0x20000000
10001b50:	10000111 	.word	0x10000111
10001b54:	e000ed00 	.word	0xe000ed00

10001b58 <start_all_ticks>:
10001b58:	b538      	push	{r3, r4, r5, lr}
10001b5a:	2004      	movs	r0, #4
10001b5c:	f7ff fdfc 	bl	10001758 <clock_get_hz>
10001b60:	4b06      	ldr	r3, [pc, #24]	@ (10001b7c <start_all_ticks+0x24>)
10001b62:	fba3 3500 	umull	r3, r5, r3, r0
10001b66:	0cad      	lsrs	r5, r5, #18
10001b68:	2400      	movs	r4, #0
10001b6a:	e004      	b.n	10001b76 <start_all_ticks+0x1e>
10001b6c:	4629      	mov	r1, r5
10001b6e:	b2e0      	uxtb	r0, r4
10001b70:	f7ff fede 	bl	10001930 <tick_start>
10001b74:	3401      	adds	r4, #1
10001b76:	2c05      	cmp	r4, #5
10001b78:	ddf8      	ble.n	10001b6c <start_all_ticks+0x14>
10001b7a:	bd38      	pop	{r3, r4, r5, pc}
10001b7c:	431bde83 	.word	0x431bde83

10001b80 <runtime_init_clocks>:
10001b80:	b530      	push	{r4, r5, lr}
10001b82:	b083      	sub	sp, #12
10001b84:	4b26      	ldr	r3, [pc, #152]	@ (10001c20 <runtime_init_clocks+0xa0>)
10001b86:	2200      	movs	r2, #0
10001b88:	f8c3 2084 	str.w	r2, [r3, #132]	@ 0x84
10001b8c:	f7ff ff3c 	bl	10001a08 <xosc_init>
10001b90:	4b24      	ldr	r3, [pc, #144]	@ (10001c24 <runtime_init_clocks+0xa4>)
10001b92:	2201      	movs	r2, #1
10001b94:	63da      	str	r2, [r3, #60]	@ 0x3c
10001b96:	4b22      	ldr	r3, [pc, #136]	@ (10001c20 <runtime_init_clocks+0xa0>)
10001b98:	6c5b      	ldr	r3, [r3, #68]	@ 0x44
10001b9a:	2b01      	cmp	r3, #1
10001b9c:	d1fb      	bne.n	10001b96 <runtime_init_clocks+0x16>
10001b9e:	4b21      	ldr	r3, [pc, #132]	@ (10001c24 <runtime_init_clocks+0xa4>)
10001ba0:	2203      	movs	r2, #3
10001ba2:	631a      	str	r2, [r3, #48]	@ 0x30
10001ba4:	4b1e      	ldr	r3, [pc, #120]	@ (10001c20 <runtime_init_clocks+0xa0>)
10001ba6:	6b9b      	ldr	r3, [r3, #56]	@ 0x38
10001ba8:	2b01      	cmp	r3, #1
10001baa:	d1fb      	bne.n	10001ba4 <runtime_init_clocks+0x24>
10001bac:	2402      	movs	r4, #2
10001bae:	9400      	str	r4, [sp, #0]
10001bb0:	2305      	movs	r3, #5
10001bb2:	4a1d      	ldr	r2, [pc, #116]	@ (10001c28 <runtime_init_clocks+0xa8>)
10001bb4:	2101      	movs	r1, #1
10001bb6:	481d      	ldr	r0, [pc, #116]	@ (10001c2c <runtime_init_clocks+0xac>)
10001bb8:	f7ff fdd4 	bl	10001764 <pll_init>
10001bbc:	2505      	movs	r5, #5
10001bbe:	9500      	str	r5, [sp, #0]
10001bc0:	462b      	mov	r3, r5
10001bc2:	4a1b      	ldr	r2, [pc, #108]	@ (10001c30 <runtime_init_clocks+0xb0>)
10001bc4:	2101      	movs	r1, #1
10001bc6:	481b      	ldr	r0, [pc, #108]	@ (10001c34 <runtime_init_clocks+0xb4>)
10001bc8:	f7ff fdcc 	bl	10001764 <pll_init>
10001bcc:	4b1a      	ldr	r3, [pc, #104]	@ (10001c38 <runtime_init_clocks+0xb8>)
10001bce:	2200      	movs	r2, #0
10001bd0:	4621      	mov	r1, r4
10001bd2:	2004      	movs	r0, #4
10001bd4:	f7ff fdb6 	bl	10001744 <clock_configure_undivided>
10001bd8:	4c18      	ldr	r4, [pc, #96]	@ (10001c3c <runtime_init_clocks+0xbc>)
10001bda:	4623      	mov	r3, r4
10001bdc:	2200      	movs	r2, #0
10001bde:	2101      	movs	r1, #1
10001be0:	4628      	mov	r0, r5
10001be2:	f7ff fdaf 	bl	10001744 <clock_configure_undivided>
10001be6:	4d16      	ldr	r5, [pc, #88]	@ (10001c40 <runtime_init_clocks+0xc0>)
10001be8:	462b      	mov	r3, r5
10001bea:	2200      	movs	r2, #0
10001bec:	4611      	mov	r1, r2
10001bee:	2008      	movs	r0, #8
10001bf0:	f7ff fda8 	bl	10001744 <clock_configure_undivided>
10001bf4:	462b      	mov	r3, r5
10001bf6:	2200      	movs	r2, #0
10001bf8:	4611      	mov	r1, r2
10001bfa:	2009      	movs	r0, #9
10001bfc:	f7ff fda2 	bl	10001744 <clock_configure_undivided>
10001c00:	4623      	mov	r3, r4
10001c02:	2200      	movs	r2, #0
10001c04:	4611      	mov	r1, r2
10001c06:	2006      	movs	r0, #6
10001c08:	f7ff fd9c 	bl	10001744 <clock_configure_undivided>
10001c0c:	4623      	mov	r3, r4
10001c0e:	2200      	movs	r2, #0
10001c10:	4611      	mov	r1, r2
10001c12:	2007      	movs	r0, #7
10001c14:	f7ff fd96 	bl	10001744 <clock_configure_undivided>
10001c18:	f7ff ff9e 	bl	10001b58 <start_all_ticks>
10001c1c:	b003      	add	sp, #12
10001c1e:	bd30      	pop	{r4, r5, pc}
10001c20:	40010000 	.word	0x40010000
10001c24:	40013000 	.word	0x40013000
10001c28:	59682f00 	.word	0x59682f00
10001c2c:	40050000 	.word	0x40050000
10001c30:	47868c00 	.word	0x47868c00
10001c34:	40058000 	.word	0x40058000
10001c38:	00b71b00 	.word	0x00b71b00
10001c3c:	08f0d180 	.word	0x08f0d180
10001c40:	02dc6c00 	.word	0x02dc6c00

10001c44 <generic_save_state>:
10001c44:	b086      	sub	sp, #24
10001c46:	b403      	push	{r0, r1}
10001c48:	fc51 0408 	dcp_pxmd r0, r1
10001c4c:	e9cd 0102 	strd	r0, r1, [sp, #8]
10001c50:	fc51 0409 	dcp_pymd r0, r1
10001c54:	e9cd 0104 	strd	r0, r1, [sp, #16]
10001c58:	ec51 040a 	dcp_refd r0, r1
10001c5c:	e9cd 0106 	strd	r0, r1, [sp, #24]
10001c60:	bc03      	pop	{r0, r1}
10001c62:	47f0      	blx	lr

10001c64 <generic_restore_state>:
10001c64:	e8bd 5000 	ldmia.w	sp!, {ip, lr}
10001c68:	ec4e c400 	dcp_wxmd ip, lr
10001c6c:	e8bd 5000 	ldmia.w	sp!, {ip, lr}
10001c70:	ec4e c401 	dcp_wymd ip, lr
10001c74:	e8bd 5000 	ldmia.w	sp!, {ip, lr}
10001c78:	ec4e c402 	dcp_wefd ip, lr
10001c7c:	bd00      	pop	{pc}
10001c7e:	0000      	movs	r0, r0
10001c80:	b500      	push	{lr}
10001c82:	f7ff ffdf 	bl	10001c44 <generic_save_state>
10001c86:	e002      	b.n	10001c8e <__wrap___aeabi_dadd+0x6>

10001c88 <__wrap___aeabi_dadd>:
10001c88:	fe10 f430 	dcp_pcmp APSR_nzcv
10001c8c:	d4f8      	bmi.n	10001c80 <generic_restore_state+0x1c>
10001c8e:	ec41 0410 	dcp_wxup r0, r1
10001c92:	ec43 2411 	dcp_wyup r2, r3
10001c96:	ee00 0401 			dcp_add0
10001c9a:	ee10 0401 			dcp_add1
10001c9e:	ee80 0420 			dcp_nrdd
10001ca2:	ec51 0410 	dcp_rdda r0, r1
10001ca6:	4770      	bx	lr
10001ca8:	b500      	push	{lr}
10001caa:	f7ff ffcb 	bl	10001c44 <generic_save_state>
10001cae:	e002      	b.n	10001cb6 <__wrap___aeabi_dsub+0x6>

10001cb0 <__wrap___aeabi_dsub>:
10001cb0:	fe10 f430 	dcp_pcmp APSR_nzcv
10001cb4:	d4f8      	bmi.n	10001ca8 <__wrap___aeabi_dadd+0x20>
10001cb6:	ec41 0410 	dcp_wxup r0, r1
10001cba:	ec43 2411 	dcp_wyup r2, r3
10001cbe:	ee00 0401 			dcp_add0
10001cc2:	ee10 0421 			dcp_sub1
10001cc6:	ee80 0420 			dcp_nrdd
10001cca:	ec51 0430 	dcp_rdds r0, r1
10001cce:	4770      	bx	lr
10001cd0:	b500      	push	{lr}
10001cd2:	f7ff ffb7 	bl	10001c44 <generic_save_state>
10001cd6:	e002      	b.n	10001cde <__wrap___aeabi_dmul+0x6>

10001cd8 <__wrap___aeabi_dmul>:
10001cd8:	fe10 f430 	dcp_pcmp APSR_nzcv
10001cdc:	d4f8      	bmi.n	10001cd0 <__wrap___aeabi_dsub+0x20>
10001cde:	b510      	push	{r4, lr}
10001ce0:	ec41 0410 	dcp_wxup r0, r1
10001ce4:	ec43 2411 	dcp_wyup r2, r3
10001ce8:	ec51 0404 	dcp_rxms r0, r1, #0x0
10001cec:	ec53 2405 	dcp_ryms r2, r3, #0x0
10001cf0:	fba0 4c02 	umull	r4, ip, r0, r2
10001cf4:	f05f 0e00 	movs.w	lr, #0
10001cf8:	fbe0 ce03 	umlal	ip, lr, r0, r3
10001cfc:	fbe1 ce02 	umlal	ip, lr, r1, r2
10001d00:	ec4c 4420 	dcp_wxms r4, ip
10001d04:	2400      	movs	r4, #0
10001d06:	fbe1 e403 	umlal	lr, r4, r1, r3
10001d0a:	ec44 e430 	dcp_wxmo lr, r4
10001d0e:	ee80 0420 			dcp_nrdd
10001d12:	ec51 0450 	dcp_rddm r0, r1
10001d16:	e8bd 4010 	ldmia.w	sp!, {r4, lr}
10001d1a:	4770      	bx	lr
10001d1c:	b500      	push	{lr}
10001d1e:	f7ff ff91 	bl	10001c44 <generic_save_state>
10001d22:	e002      	b.n	10001d2a <__wrap___aeabi_ddiv+0x6>

10001d24 <__wrap___aeabi_ddiv>:
10001d24:	fe10 f430 	dcp_pcmp APSR_nzcv
10001d28:	d4f8      	bmi.n	10001d1c <__wrap___aeabi_dmul+0x44>
10001d2a:	ec41 0410 	dcp_wxup r0, r1
10001d2e:	ec43 2411 	dcp_wyup r2, r3
10001d32:	ec51 0421 	dcp_rymr r0, r1
10001d36:	fba0 1201 	umull	r1, r2, r0, r1
10001d3a:	ea6f 0282 	mvn.w	r2, r2, lsl #2
10001d3e:	fb52 0010 	smmlar	r0, r2, r0, r0
10001d42:	fb52 f212 	smmulr	r2, r2, r2
10001d46:	fb52 0010 	smmlar	r0, r2, r0, r0
10001d4a:	eba0 7cd0 	sub.w	ip, r0, r0, lsr #31
10001d4e:	ec53 2404 	dcp_rxms r2, r3, #0x0
10001d52:	fb5c f113 	smmulr	r1, ip, r3
10001d56:	ec53 2415 	dcp_ryms r2, r3, #0x1
10001d5a:	fba1 2002 	umull	r2, r0, r1, r2
10001d5e:	fb01 0003 	mla	r0, r1, r3, r0
10001d62:	ec53 2444 	dcp_rxms r2, r3, #0x4
10001d66:	eba2 0000 	sub.w	r0, r2, r0
10001d6a:	fb50 f21c 	smmulr	r2, r0, ip
10001d6e:	ea4f 1311 	mov.w	r3, r1, lsr #4
10001d72:	eb12 7001 	adds.w	r0, r2, r1, lsl #28
10001d76:	eb43 71e2 	adc.w	r1, r3, r2, asr #31
10001d7a:	ea40 5051 	orr.w	r0, r0, r1, lsr #21
10001d7e:	ea20 5091 	bic.w	r0, r0, r1, lsr #22
10001d82:	f020 0007 	bic.w	r0, r0, #7
10001d86:	ec53 2475 	dcp_ryms r2, r3, #0x7
10001d8a:	fba0 3c02 	umull	r3, ip, r0, r2
10001d8e:	ec53 2475 	dcp_ryms r2, r3, #0x7
10001d92:	fb00 cc03 	mla	ip, r0, r3, ip
10001d96:	fb01 cc02 	mla	ip, r1, r2, ip
10001d9a:	ec53 2404 	dcp_rxms r2, r3, #0x0
10001d9e:	ebac 4c82 	sub.w	ip, ip, r2, lsl #18
10001da2:	ea40 705c 	orr.w	r0, r0, ip, lsr #29
10001da6:	f1a0 0001 	sub.w	r0, r0, #1
10001daa:	ec41 0440 	dcp_wxdd r0, r1
10001dae:	ee80 0420 			dcp_nrdd
10001db2:	ec51 0470 	dcp_rddd r0, r1
10001db6:	4770      	bx	lr
10001db8:	b500      	push	{lr}
10001dba:	f7ff ff43 	bl	10001c44 <generic_save_state>
10001dbe:	e002      	b.n	10001dc6 <__wrap___aeabi_i2d+0x6>

10001dc0 <__wrap___aeabi_i2d>:
10001dc0:	fe10 f430 	dcp_pcmp APSR_nzcv
10001dc4:	d4f8      	bmi.n	10001db8 <__wrap___aeabi_ddiv+0x94>
10001dc6:	ec40 0470 	dcp_wxic r0, r0
10001dca:	ee00 0401 			dcp_add0
10001dce:	ee10 0421 			dcp_sub1
10001dd2:	ee80 0420 			dcp_nrdd
10001dd6:	ec51 0430 	dcp_rdds r0, r1
10001dda:	4770      	bx	lr
10001ddc:	b500      	push	{lr}
10001dde:	f7ff ff31 	bl	10001c44 <generic_save_state>
10001de2:	e002      	b.n	10001dea <__wrap___aeabi_ui2d+0x6>

10001de4 <__wrap___aeabi_ui2d>:
10001de4:	fe10 f430 	dcp_pcmp APSR_nzcv
10001de8:	d4f8      	bmi.n	10001ddc <__wrap___aeabi_i2d+0x1c>
10001dea:	ec40 0460 	dcp_wxuc r0, r0
10001dee:	ee00 0401 			dcp_add0
10001df2:	ee10 0421 			dcp_sub1
10001df6:	ee80 0420 			dcp_nrdd
10001dfa:	ec51 0430 	dcp_rdds r0, r1
10001dfe:	4770      	bx	lr
10001e00:	b500      	push	{lr}
10001e02:	f7ff ff1f 	bl	10001c44 <generic_save_state>
10001e06:	e002      	b.n	10001e0e <double2int_z_entry>

10001e08 <__wrap___aeabi_d2iz>:
10001e08:	fe10 f430 	dcp_pcmp APSR_nzcv
10001e0c:	d4f8      	bmi.n	10001e00 <__wrap___aeabi_ui2d+0x1c>

10001e0e <double2int_z_entry>:
10001e0e:	ec41 0480 	dcp_wxdc r0, r1
10001e12:	ee00 0401 			dcp_add0
10001e16:	ee10 0401 			dcp_add1
10001e1a:	ee80 0440 			dcp_ntdc
10001e1e:	ee10 0413 			dcp_rdic r0
10001e22:	4770      	bx	lr
10001e24:	b500      	push	{lr}
10001e26:	f7ff ff0d 	bl	10001c44 <generic_save_state>
10001e2a:	e002      	b.n	10001e32 <double2uint_z_entry>

10001e2c <__wrap___aeabi_d2uiz>:
10001e2c:	fe10 f430 	dcp_pcmp APSR_nzcv
10001e30:	d4f8      	bmi.n	10001e24 <double2int_z_entry+0x16>

10001e32 <double2uint_z_entry>:
10001e32:	ec41 0480 	dcp_wxdc r0, r1
10001e36:	ee00 0401 			dcp_add0
10001e3a:	ee10 0401 			dcp_add1
10001e3e:	ee80 0440 			dcp_ntdc
10001e42:	ee10 0433 			dcp_rduc r0
10001e46:	4770      	bx	lr
10001e48:	b500      	push	{lr}
10001e4a:	f7ff fefb 	bl	10001c44 <generic_save_state>
10001e4e:	e002      	b.n	10001e56 <__wrap___aeabi_dcmpun+0x6>

10001e50 <__wrap___aeabi_dcmpun>:
10001e50:	fe10 f430 	dcp_pcmp APSR_nzcv
10001e54:	d4f8      	bmi.n	10001e48 <double2uint_z_entry+0x16>
10001e56:	ec41 0410 	dcp_wxup r0, r1
10001e5a:	ec43 2411 	dcp_wyup r2, r3
10001e5e:	ee00 0401 			dcp_add0
10001e62:	ee10 0430 			dcp_rcmp r0
10001e66:	f3c0 7000 	ubfx	r0, r0, #28, #1
10001e6a:	4770      	bx	lr
10001e6c:	b500      	push	{lr}
10001e6e:	f7ff fee9 	bl	10001c44 <generic_save_state>
10001e72:	e002      	b.n	10001e7a <__wrap___aeabi_dcmplt+0x6>

10001e74 <__wrap___aeabi_dcmplt>:
10001e74:	fe10 f430 	dcp_pcmp APSR_nzcv
10001e78:	d4f8      	bmi.n	10001e6c <__wrap___aeabi_dcmpun+0x1c>
10001e7a:	ec43 2410 	dcp_wxup r2, r3
10001e7e:	ec41 0411 	dcp_wyup r0, r1
10001e82:	ee00 0401 			dcp_add0
10001e86:	ee10 f430 			dcp_rcmp APSR_nzcv
10001e8a:	bf8c      	ite	hi
10001e8c:	2001      	movhi	r0, #1
10001e8e:	2000      	movls	r0, #0
10001e90:	4770      	bx	lr
10001e92:	bf00      	nop
10001e94:	b500      	push	{lr}
10001e96:	f7ff fed5 	bl	10001c44 <generic_save_state>
10001e9a:	e002      	b.n	10001ea2 <__wrap___aeabi_dcmple+0x6>

10001e9c <__wrap___aeabi_dcmple>:
10001e9c:	fe10 f430 	dcp_pcmp APSR_nzcv
10001ea0:	d4f8      	bmi.n	10001e94 <__wrap___aeabi_dcmplt+0x20>
10001ea2:	ec43 2410 	dcp_wxup r2, r3
10001ea6:	ec41 0411 	dcp_wyup r0, r1
10001eaa:	ee00 0401 			dcp_add0
10001eae:	ee10 f430 			dcp_rcmp APSR_nzcv
10001eb2:	bf2c      	ite	cs
10001eb4:	2001      	movcs	r0, #1
10001eb6:	2000      	movcc	r0, #0
10001eb8:	4770      	bx	lr
10001eba:	bf00      	nop
10001ebc:	b500      	push	{lr}
10001ebe:	f7ff fec1 	bl	10001c44 <generic_save_state>
10001ec2:	e002      	b.n	10001eca <__wrap___aeabi_dcmpge+0x6>

10001ec4 <__wrap___aeabi_dcmpge>:
10001ec4:	fe10 f430 	dcp_pcmp APSR_nzcv
10001ec8:	d4f8      	bmi.n	10001ebc <__wrap___aeabi_dcmple+0x20>
10001eca:	ec41 0410 	dcp_wxup r0, r1
10001ece:	ec43 2411 	dcp_wyup r2, r3
10001ed2:	ee00 0401 			dcp_add0
10001ed6:	ee10 f430 			dcp_rcmp APSR_nzcv
10001eda:	bf2c      	ite	cs
10001edc:	2001      	movcs	r0, #1
10001ede:	2000      	movcc	r0, #0
10001ee0:	4770      	bx	lr
10001ee2:	bf00      	nop
10001ee4:	b500      	push	{lr}
10001ee6:	f7ff fead 	bl	10001c44 <generic_save_state>
10001eea:	e002      	b.n	10001ef2 <__wrap___aeabi_dcmpgt+0x6>

10001eec <__wrap___aeabi_dcmpgt>:
10001eec:	fe10 f430 	dcp_pcmp APSR_nzcv
10001ef0:	d4f8      	bmi.n	10001ee4 <__wrap___aeabi_dcmpge+0x20>
10001ef2:	ec41 0410 	dcp_wxup r0, r1
10001ef6:	ec43 2411 	dcp_wyup r2, r3
10001efa:	ee00 0401 			dcp_add0
10001efe:	ee10 f430 			dcp_rcmp APSR_nzcv
10001f02:	bf8c      	ite	hi
10001f04:	2001      	movhi	r0, #1
10001f06:	2000      	movls	r0, #0
10001f08:	4770      	bx	lr
10001f0a:	bf00      	nop

10001f0c <_out_null>:
10001f0c:	4770      	bx	lr

10001f0e <_out_fct>:
10001f0e:	b120      	cbz	r0, 10001f1a <_out_fct+0xc>
10001f10:	b508      	push	{r3, lr}
10001f12:	680a      	ldr	r2, [r1, #0]
10001f14:	6849      	ldr	r1, [r1, #4]
10001f16:	4790      	blx	r2
10001f18:	bd08      	pop	{r3, pc}
10001f1a:	4770      	bx	lr

10001f1c <_atoi>:
10001f1c:	4601      	mov	r1, r0
10001f1e:	2000      	movs	r0, #0
10001f20:	e008      	b.n	10001f34 <_atoi+0x18>
10001f22:	eb00 0080 	add.w	r0, r0, r0, lsl #2
10001f26:	1c53      	adds	r3, r2, #1
10001f28:	600b      	str	r3, [r1, #0]
10001f2a:	7813      	ldrb	r3, [r2, #0]
10001f2c:	eb03 0340 	add.w	r3, r3, r0, lsl #1
10001f30:	f1a3 0030 	sub.w	r0, r3, #48	@ 0x30
10001f34:	680a      	ldr	r2, [r1, #0]
10001f36:	7813      	ldrb	r3, [r2, #0]
10001f38:	3b30      	subs	r3, #48	@ 0x30
10001f3a:	b2db      	uxtb	r3, r3
10001f3c:	2b09      	cmp	r3, #9
10001f3e:	d9f0      	bls.n	10001f22 <_atoi+0x6>
10001f40:	4770      	bx	lr

10001f42 <_out_rev>:
10001f42:	e92d 4ff0 	stmdb	sp!, {r4, r5, r6, r7, r8, r9, sl, fp, lr}
10001f46:	b083      	sub	sp, #12
10001f48:	4605      	mov	r5, r0
10001f4a:	460e      	mov	r6, r1
10001f4c:	4693      	mov	fp, r2
10001f4e:	461f      	mov	r7, r3
10001f50:	f8dd a030 	ldr.w	sl, [sp, #48]	@ 0x30
10001f54:	9c0d      	ldr	r4, [sp, #52]	@ 0x34
10001f56:	f8dd 9038 	ldr.w	r9, [sp, #56]	@ 0x38
10001f5a:	9b0f      	ldr	r3, [sp, #60]	@ 0x3c
10001f5c:	f013 0f03 	tst.w	r3, #3
10001f60:	d119      	bne.n	10001f96 <_out_rev+0x54>
10001f62:	46a0      	mov	r8, r4
10001f64:	9201      	str	r2, [sp, #4]
10001f66:	e008      	b.n	10001f7a <_out_rev+0x38>
10001f68:	f102 0b01 	add.w	fp, r2, #1
10001f6c:	463b      	mov	r3, r7
10001f6e:	4631      	mov	r1, r6
10001f70:	2020      	movs	r0, #32
10001f72:	47a8      	blx	r5
10001f74:	f108 0801 	add.w	r8, r8, #1
10001f78:	465a      	mov	r2, fp
10001f7a:	45c8      	cmp	r8, r9
10001f7c:	d3f4      	bcc.n	10001f68 <_out_rev+0x26>
10001f7e:	f8dd b004 	ldr.w	fp, [sp, #4]
10001f82:	e008      	b.n	10001f96 <_out_rev+0x54>
10001f84:	3c01      	subs	r4, #1
10001f86:	f102 0801 	add.w	r8, r2, #1
10001f8a:	463b      	mov	r3, r7
10001f8c:	4631      	mov	r1, r6
10001f8e:	f81a 0004 	ldrb.w	r0, [sl, r4]
10001f92:	47a8      	blx	r5
10001f94:	4642      	mov	r2, r8
10001f96:	2c00      	cmp	r4, #0
10001f98:	d1f4      	bne.n	10001f84 <_out_rev+0x42>
10001f9a:	9b0f      	ldr	r3, [sp, #60]	@ 0x3c
10001f9c:	f013 0f02 	tst.w	r3, #2
10001fa0:	d109      	bne.n	10001fb6 <_out_rev+0x74>
10001fa2:	4610      	mov	r0, r2
10001fa4:	b003      	add	sp, #12
10001fa6:	e8bd 8ff0 	ldmia.w	sp!, {r4, r5, r6, r7, r8, r9, sl, fp, pc}
10001faa:	1c54      	adds	r4, r2, #1
10001fac:	463b      	mov	r3, r7
10001fae:	4631      	mov	r1, r6
10001fb0:	2020      	movs	r0, #32
10001fb2:	47a8      	blx	r5
10001fb4:	4622      	mov	r2, r4
10001fb6:	eba2 030b 	sub.w	r3, r2, fp
10001fba:	454b      	cmp	r3, r9
10001fbc:	d3f5      	bcc.n	10001faa <_out_rev+0x68>
10001fbe:	e7f0      	b.n	10001fa2 <_out_rev+0x60>

10001fc0 <_ntoa_format>:
10001fc0:	e92d 43f0 	stmdb	sp!, {r4, r5, r6, r7, r8, r9, lr}
10001fc4:	b085      	sub	sp, #20
10001fc6:	4699      	mov	r9, r3
10001fc8:	9d0c      	ldr	r5, [sp, #48]	@ 0x30
10001fca:	9c0d      	ldr	r4, [sp, #52]	@ 0x34
10001fcc:	f89d 8038 	ldrb.w	r8, [sp, #56]	@ 0x38
10001fd0:	f8dd e040 	ldr.w	lr, [sp, #64]	@ 0x40
10001fd4:	9f11      	ldr	r7, [sp, #68]	@ 0x44
10001fd6:	9e12      	ldr	r6, [sp, #72]	@ 0x48
10001fd8:	f016 0f02 	tst.w	r6, #2
10001fdc:	d121      	bne.n	10002022 <_ntoa_format+0x62>
10001fde:	b17f      	cbz	r7, 10002000 <_ntoa_format+0x40>
10001fe0:	f016 0f01 	tst.w	r6, #1
10001fe4:	d00c      	beq.n	10002000 <_ntoa_format+0x40>
10001fe6:	f1b8 0f00 	cmp.w	r8, #0
10001fea:	d102      	bne.n	10001ff2 <_ntoa_format+0x32>
10001fec:	f016 0f0c 	tst.w	r6, #12
10001ff0:	d006      	beq.n	10002000 <_ntoa_format+0x40>
10001ff2:	3f01      	subs	r7, #1
10001ff4:	e004      	b.n	10002000 <_ntoa_format+0x40>
10001ff6:	f04f 0c30 	mov.w	ip, #48	@ 0x30
10001ffa:	f805 c004 	strb.w	ip, [r5, r4]
10001ffe:	3401      	adds	r4, #1
10002000:	4574      	cmp	r4, lr
10002002:	d201      	bcs.n	10002008 <_ntoa_format+0x48>
10002004:	2c1f      	cmp	r4, #31
10002006:	d9f6      	bls.n	10001ff6 <_ntoa_format+0x36>
10002008:	f016 0f01 	tst.w	r6, #1
1000200c:	d009      	beq.n	10002022 <_ntoa_format+0x62>
1000200e:	42bc      	cmp	r4, r7
10002010:	d207      	bcs.n	10002022 <_ntoa_format+0x62>
10002012:	2c1f      	cmp	r4, #31
10002014:	d805      	bhi.n	10002022 <_ntoa_format+0x62>
10002016:	f04f 0c30 	mov.w	ip, #48	@ 0x30
1000201a:	f805 c004 	strb.w	ip, [r5, r4]
1000201e:	3401      	adds	r4, #1
10002020:	e7f2      	b.n	10002008 <_ntoa_format+0x48>
10002022:	f016 0f10 	tst.w	r6, #16
10002026:	d014      	beq.n	10002052 <_ntoa_format+0x92>
10002028:	f416 6f80 	tst.w	r6, #1024	@ 0x400
1000202c:	d104      	bne.n	10002038 <_ntoa_format+0x78>
1000202e:	b11c      	cbz	r4, 10002038 <_ntoa_format+0x78>
10002030:	4574      	cmp	r4, lr
10002032:	d022      	beq.n	1000207a <_ntoa_format+0xba>
10002034:	42bc      	cmp	r4, r7
10002036:	d020      	beq.n	1000207a <_ntoa_format+0xba>
10002038:	9b0f      	ldr	r3, [sp, #60]	@ 0x3c
1000203a:	2b10      	cmp	r3, #16
1000203c:	d033      	beq.n	100020a6 <_ntoa_format+0xe6>
1000203e:	9b0f      	ldr	r3, [sp, #60]	@ 0x3c
10002040:	2b02      	cmp	r3, #2
10002042:	d03d      	beq.n	100020c0 <_ntoa_format+0x100>
10002044:	2c1f      	cmp	r4, #31
10002046:	d80e      	bhi.n	10002066 <_ntoa_format+0xa6>
10002048:	f04f 0c30 	mov.w	ip, #48	@ 0x30
1000204c:	f805 c004 	strb.w	ip, [r5, r4]
10002050:	3401      	adds	r4, #1
10002052:	2c1f      	cmp	r4, #31
10002054:	d807      	bhi.n	10002066 <_ntoa_format+0xa6>
10002056:	f1b8 0f00 	cmp.w	r8, #0
1000205a:	d039      	beq.n	100020d0 <_ntoa_format+0x110>
1000205c:	f04f 0c2d 	mov.w	ip, #45	@ 0x2d
10002060:	f805 c004 	strb.w	ip, [r5, r4]
10002064:	3401      	adds	r4, #1
10002066:	9603      	str	r6, [sp, #12]
10002068:	9702      	str	r7, [sp, #8]
1000206a:	9401      	str	r4, [sp, #4]
1000206c:	9500      	str	r5, [sp, #0]
1000206e:	464b      	mov	r3, r9
10002070:	f7ff ff67 	bl	10001f42 <_out_rev>
10002074:	b005      	add	sp, #20
10002076:	e8bd 83f0 	ldmia.w	sp!, {r4, r5, r6, r7, r8, r9, pc}
1000207a:	f1b4 0c01 	subs.w	ip, r4, #1
1000207e:	d01d      	beq.n	100020bc <_ntoa_format+0xfc>
10002080:	9b0f      	ldr	r3, [sp, #60]	@ 0x3c
10002082:	2b10      	cmp	r3, #16
10002084:	d00e      	beq.n	100020a4 <_ntoa_format+0xe4>
10002086:	4664      	mov	r4, ip
10002088:	9b0f      	ldr	r3, [sp, #60]	@ 0x3c
1000208a:	2b10      	cmp	r3, #16
1000208c:	d1d7      	bne.n	1000203e <_ntoa_format+0x7e>
1000208e:	f016 0f20 	tst.w	r6, #32
10002092:	d0d4      	beq.n	1000203e <_ntoa_format+0x7e>
10002094:	2c1f      	cmp	r4, #31
10002096:	d8d2      	bhi.n	1000203e <_ntoa_format+0x7e>
10002098:	f04f 0c58 	mov.w	ip, #88	@ 0x58
1000209c:	f805 c004 	strb.w	ip, [r5, r4]
100020a0:	3401      	adds	r4, #1
100020a2:	e7cf      	b.n	10002044 <_ntoa_format+0x84>
100020a4:	3c02      	subs	r4, #2
100020a6:	f016 0f20 	tst.w	r6, #32
100020aa:	d1ed      	bne.n	10002088 <_ntoa_format+0xc8>
100020ac:	2c1f      	cmp	r4, #31
100020ae:	d8eb      	bhi.n	10002088 <_ntoa_format+0xc8>
100020b0:	f04f 0c78 	mov.w	ip, #120	@ 0x78
100020b4:	f805 c004 	strb.w	ip, [r5, r4]
100020b8:	3401      	adds	r4, #1
100020ba:	e7c3      	b.n	10002044 <_ntoa_format+0x84>
100020bc:	4664      	mov	r4, ip
100020be:	e7bb      	b.n	10002038 <_ntoa_format+0x78>
100020c0:	2c1f      	cmp	r4, #31
100020c2:	d8d0      	bhi.n	10002066 <_ntoa_format+0xa6>
100020c4:	f04f 0c62 	mov.w	ip, #98	@ 0x62
100020c8:	f805 c004 	strb.w	ip, [r5, r4]
100020cc:	3401      	adds	r4, #1
100020ce:	e7b9      	b.n	10002044 <_ntoa_format+0x84>
100020d0:	f016 0f04 	tst.w	r6, #4
100020d4:	d005      	beq.n	100020e2 <_ntoa_format+0x122>
100020d6:	f04f 0c2b 	mov.w	ip, #43	@ 0x2b
100020da:	f805 c004 	strb.w	ip, [r5, r4]
100020de:	3401      	adds	r4, #1
100020e0:	e7c1      	b.n	10002066 <_ntoa_format+0xa6>
100020e2:	f016 0f08 	tst.w	r6, #8
100020e6:	d0be      	beq.n	10002066 <_ntoa_format+0xa6>
100020e8:	f04f 0c20 	mov.w	ip, #32
100020ec:	f805 c004 	strb.w	ip, [r5, r4]
100020f0:	3401      	adds	r4, #1
100020f2:	e7b8      	b.n	10002066 <_ntoa_format+0xa6>

100020f4 <_ntoa_long>:
100020f4:	b5f0      	push	{r4, r5, r6, r7, lr}
100020f6:	b091      	sub	sp, #68	@ 0x44
100020f8:	9c16      	ldr	r4, [sp, #88]	@ 0x58
100020fa:	9d18      	ldr	r5, [sp, #96]	@ 0x60
100020fc:	9e1b      	ldr	r6, [sp, #108]	@ 0x6c
100020fe:	b90c      	cbnz	r4, 10002104 <_ntoa_long+0x10>
10002100:	f026 0610 	bic.w	r6, r6, #16
10002104:	f416 6e80 	ands.w	lr, r6, #1024	@ 0x400
10002108:	d01d      	beq.n	10002146 <_ntoa_long+0x52>
1000210a:	b364      	cbz	r4, 10002166 <_ntoa_long+0x72>
1000210c:	f04f 0e00 	mov.w	lr, #0
10002110:	e019      	b.n	10002146 <_ntoa_long+0x52>
10002112:	f016 0f20 	tst.w	r6, #32
10002116:	d024      	beq.n	10002162 <_ntoa_long+0x6e>
10002118:	2741      	movs	r7, #65	@ 0x41
1000211a:	44bc      	add	ip, r7
1000211c:	fa5f fc8c 	uxtb.w	ip, ip
10002120:	f1ac 0c0a 	sub.w	ip, ip, #10
10002124:	fa5f fc8c 	uxtb.w	ip, ip
10002128:	f10e 0701 	add.w	r7, lr, #1
1000212c:	f10e 0e40 	add.w	lr, lr, #64	@ 0x40
10002130:	44ee      	add	lr, sp
10002132:	f80e cc20 	strb.w	ip, [lr, #-32]
10002136:	fbb4 fcf5 	udiv	ip, r4, r5
1000213a:	42ac      	cmp	r4, r5
1000213c:	d314      	bcc.n	10002168 <_ntoa_long+0x74>
1000213e:	2f1f      	cmp	r7, #31
10002140:	d812      	bhi.n	10002168 <_ntoa_long+0x74>
10002142:	46be      	mov	lr, r7
10002144:	4664      	mov	r4, ip
10002146:	fbb4 fcf5 	udiv	ip, r4, r5
1000214a:	fb05 4c1c 	mls	ip, r5, ip, r4
1000214e:	fa5f fc8c 	uxtb.w	ip, ip
10002152:	f1bc 0f09 	cmp.w	ip, #9
10002156:	d8dc      	bhi.n	10002112 <_ntoa_long+0x1e>
10002158:	f10c 0c30 	add.w	ip, ip, #48	@ 0x30
1000215c:	fa5f fc8c 	uxtb.w	ip, ip
10002160:	e7e2      	b.n	10002128 <_ntoa_long+0x34>
10002162:	2761      	movs	r7, #97	@ 0x61
10002164:	e7d9      	b.n	1000211a <_ntoa_long+0x26>
10002166:	4627      	mov	r7, r4
10002168:	9606      	str	r6, [sp, #24]
1000216a:	9c1a      	ldr	r4, [sp, #104]	@ 0x68
1000216c:	9405      	str	r4, [sp, #20]
1000216e:	9c19      	ldr	r4, [sp, #100]	@ 0x64
10002170:	9404      	str	r4, [sp, #16]
10002172:	9503      	str	r5, [sp, #12]
10002174:	f89d 405c 	ldrb.w	r4, [sp, #92]	@ 0x5c
10002178:	9402      	str	r4, [sp, #8]
1000217a:	9701      	str	r7, [sp, #4]
1000217c:	ac08      	add	r4, sp, #32
1000217e:	9400      	str	r4, [sp, #0]
10002180:	f7ff ff1e 	bl	10001fc0 <_ntoa_format>
10002184:	b011      	add	sp, #68	@ 0x44
10002186:	bdf0      	pop	{r4, r5, r6, r7, pc}

10002188 <_ntoa_long_long>:
10002188:	e92d 4ff0 	stmdb	sp!, {r4, r5, r6, r7, r8, r9, sl, fp, lr}
1000218c:	b095      	sub	sp, #84	@ 0x54
1000218e:	9009      	str	r0, [sp, #36]	@ 0x24
10002190:	910a      	str	r1, [sp, #40]	@ 0x28
10002192:	920b      	str	r2, [sp, #44]	@ 0x2c
10002194:	4698      	mov	r8, r3
10002196:	f8dd b078 	ldr.w	fp, [sp, #120]	@ 0x78
1000219a:	f8dd 907c 	ldr.w	r9, [sp, #124]	@ 0x7c
1000219e:	9d22      	ldr	r5, [sp, #136]	@ 0x88
100021a0:	9f23      	ldr	r7, [sp, #140]	@ 0x8c
100021a2:	9e26      	ldr	r6, [sp, #152]	@ 0x98
100021a4:	ea5b 0209 	orrs.w	r2, fp, r9
100021a8:	d101      	bne.n	100021ae <_ntoa_long_long+0x26>
100021aa:	f026 0610 	bic.w	r6, r6, #16
100021ae:	f416 6480 	ands.w	r4, r6, #1024	@ 0x400
100021b2:	d024      	beq.n	100021fe <_ntoa_long_long+0x76>
100021b4:	ea5b 0209 	orrs.w	r2, fp, r9
100021b8:	d02f      	beq.n	1000221a <_ntoa_long_long+0x92>
100021ba:	2400      	movs	r4, #0
100021bc:	e01f      	b.n	100021fe <_ntoa_long_long+0x76>
100021be:	f016 0f20 	tst.w	r6, #32
100021c2:	d028      	beq.n	10002216 <_ntoa_long_long+0x8e>
100021c4:	2341      	movs	r3, #65	@ 0x41
100021c6:	4413      	add	r3, r2
100021c8:	b2db      	uxtb	r3, r3
100021ca:	3b0a      	subs	r3, #10
100021cc:	b2db      	uxtb	r3, r3
100021ce:	f104 0a01 	add.w	sl, r4, #1
100021d2:	f104 0250 	add.w	r2, r4, #80	@ 0x50
100021d6:	eb0d 0402 	add.w	r4, sp, r2
100021da:	f804 3c20 	strb.w	r3, [r4, #-32]
100021de:	462a      	mov	r2, r5
100021e0:	463b      	mov	r3, r7
100021e2:	4658      	mov	r0, fp
100021e4:	4649      	mov	r1, r9
100021e6:	f007 fb5f 	bl	100098a8 <____aeabi_uldivmod_veneer>
100021ea:	45ab      	cmp	fp, r5
100021ec:	eb79 0907 	sbcs.w	r9, r9, r7
100021f0:	d315      	bcc.n	1000221e <_ntoa_long_long+0x96>
100021f2:	f1ba 0f1f 	cmp.w	sl, #31
100021f6:	d812      	bhi.n	1000221e <_ntoa_long_long+0x96>
100021f8:	4654      	mov	r4, sl
100021fa:	4683      	mov	fp, r0
100021fc:	4689      	mov	r9, r1
100021fe:	462a      	mov	r2, r5
10002200:	463b      	mov	r3, r7
10002202:	4658      	mov	r0, fp
10002204:	4649      	mov	r1, r9
10002206:	f007 fb4f 	bl	100098a8 <____aeabi_uldivmod_veneer>
1000220a:	b2d2      	uxtb	r2, r2
1000220c:	2a09      	cmp	r2, #9
1000220e:	d8d6      	bhi.n	100021be <_ntoa_long_long+0x36>
10002210:	3230      	adds	r2, #48	@ 0x30
10002212:	b2d3      	uxtb	r3, r2
10002214:	e7db      	b.n	100021ce <_ntoa_long_long+0x46>
10002216:	2361      	movs	r3, #97	@ 0x61
10002218:	e7d5      	b.n	100021c6 <_ntoa_long_long+0x3e>
1000221a:	f04f 0a00 	mov.w	sl, #0
1000221e:	9606      	str	r6, [sp, #24]
10002220:	9b25      	ldr	r3, [sp, #148]	@ 0x94
10002222:	9305      	str	r3, [sp, #20]
10002224:	9b24      	ldr	r3, [sp, #144]	@ 0x90
10002226:	9304      	str	r3, [sp, #16]
10002228:	9503      	str	r5, [sp, #12]
1000222a:	f89d 3080 	ldrb.w	r3, [sp, #128]	@ 0x80
1000222e:	9302      	str	r3, [sp, #8]
10002230:	f8cd a004 	str.w	sl, [sp, #4]
10002234:	ab0c      	add	r3, sp, #48	@ 0x30
10002236:	9300      	str	r3, [sp, #0]
10002238:	4643      	mov	r3, r8
1000223a:	9a0b      	ldr	r2, [sp, #44]	@ 0x2c
1000223c:	990a      	ldr	r1, [sp, #40]	@ 0x28
1000223e:	9809      	ldr	r0, [sp, #36]	@ 0x24
10002240:	f7ff febe 	bl	10001fc0 <_ntoa_format>
10002244:	b015      	add	sp, #84	@ 0x54
10002246:	e8bd 8ff0 	ldmia.w	sp!, {r4, r5, r6, r7, r8, r9, sl, fp, pc}
1000224a:	0000      	movs	r0, r0
1000224c:	0000      	movs	r0, r0
	...

10002250 <_etoa>:
10002250:	e92d 4ff0 	stmdb	sp!, {r4, r5, r6, r7, r8, r9, sl, fp, lr}
10002254:	b093      	sub	sp, #76	@ 0x4c
10002256:	4604      	mov	r4, r0
10002258:	460d      	mov	r5, r1
1000225a:	4617      	mov	r7, r2
1000225c:	461e      	mov	r6, r3
1000225e:	e9dd ab1c 	ldrd	sl, fp, [sp, #112]	@ 0x70
10002262:	4652      	mov	r2, sl
10002264:	465b      	mov	r3, fp
10002266:	4650      	mov	r0, sl
10002268:	4659      	mov	r1, fp
1000226a:	f7ff fdf1 	bl	10001e50 <__wrap___aeabi_dcmpun>
1000226e:	2800      	cmp	r0, #0
10002270:	f040 80f3 	bne.w	1000245a <_etoa+0x20a>
10002274:	f04f 32ff 	mov.w	r2, #4294967295	@ 0xffffffff
10002278:	4bad      	ldr	r3, [pc, #692]	@ (10002530 <_etoa+0x2e0>)
1000227a:	4650      	mov	r0, sl
1000227c:	4659      	mov	r1, fp
1000227e:	f7ff fe35 	bl	10001eec <__wrap___aeabi_dcmpgt>
10002282:	2800      	cmp	r0, #0
10002284:	f040 80e9 	bne.w	1000245a <_etoa+0x20a>
10002288:	f04f 32ff 	mov.w	r2, #4294967295	@ 0xffffffff
1000228c:	f46f 1380 	mvn.w	r3, #1048576	@ 0x100000
10002290:	4650      	mov	r0, sl
10002292:	4659      	mov	r1, fp
10002294:	f7ff fdee 	bl	10001e74 <__wrap___aeabi_dcmplt>
10002298:	2800      	cmp	r0, #0
1000229a:	f040 80de 	bne.w	1000245a <_etoa+0x20a>
1000229e:	2200      	movs	r2, #0
100022a0:	2300      	movs	r3, #0
100022a2:	4650      	mov	r0, sl
100022a4:	4659      	mov	r1, fp
100022a6:	f7ff fde5 	bl	10001e74 <__wrap___aeabi_dcmplt>
100022aa:	2800      	cmp	r0, #0
100022ac:	f040 80e6 	bne.w	1000247c <_etoa+0x22c>
100022b0:	e9cd ab06 	strd	sl, fp, [sp, #24]
100022b4:	9b20      	ldr	r3, [sp, #128]	@ 0x80
100022b6:	f413 6380 	ands.w	r3, r3, #1024	@ 0x400
100022ba:	930f      	str	r3, [sp, #60]	@ 0x3c
100022bc:	d101      	bne.n	100022c2 <_etoa+0x72>
100022be:	2306      	movs	r3, #6
100022c0:	931e      	str	r3, [sp, #120]	@ 0x78
100022c2:	e9dd 2306 	ldrd	r2, r3, [sp, #24]
100022c6:	4610      	mov	r0, r2
100022c8:	4619      	mov	r1, r3
100022ca:	e9cd 010a 	strd	r0, r1, [sp, #40]	@ 0x28
100022ce:	9b07      	ldr	r3, [sp, #28]
100022d0:	ea52 0103 	orrs.w	r1, r2, r3
100022d4:	f000 80dc 	beq.w	10002490 <_etoa+0x240>
100022d8:	f3c3 500a 	ubfx	r0, r3, #20, #11
100022dc:	f3c3 0313 	ubfx	r3, r3, #0, #20
100022e0:	4690      	mov	r8, r2
100022e2:	f043 597f 	orr.w	r9, r3, #1069547520	@ 0x3fc00000
100022e6:	f449 1940 	orr.w	r9, r9, #3145728	@ 0x300000
100022ea:	f2a0 30ff 	subw	r0, r0, #1023	@ 0x3ff
100022ee:	f7ff fd67 	bl	10001dc0 <__wrap___aeabi_i2d>
100022f2:	a37d      	add	r3, pc, #500	@ (adr r3, 100024e8 <_etoa+0x298>)
100022f4:	e9d3 2300 	ldrd	r2, r3, [r3]
100022f8:	f7ff fcee 	bl	10001cd8 <__wrap___aeabi_dmul>
100022fc:	a37c      	add	r3, pc, #496	@ (adr r3, 100024f0 <_etoa+0x2a0>)
100022fe:	e9d3 2300 	ldrd	r2, r3, [r3]
10002302:	f7ff fcc1 	bl	10001c88 <__wrap___aeabi_dadd>
10002306:	e9cd 0108 	strd	r0, r1, [sp, #32]
1000230a:	2200      	movs	r2, #0
1000230c:	4b89      	ldr	r3, [pc, #548]	@ (10002534 <_etoa+0x2e4>)
1000230e:	4640      	mov	r0, r8
10002310:	4649      	mov	r1, r9
10002312:	f7ff fccd 	bl	10001cb0 <__wrap___aeabi_dsub>
10002316:	a378      	add	r3, pc, #480	@ (adr r3, 100024f8 <_etoa+0x2a8>)
10002318:	e9d3 2300 	ldrd	r2, r3, [r3]
1000231c:	f7ff fcdc 	bl	10001cd8 <__wrap___aeabi_dmul>
10002320:	4602      	mov	r2, r0
10002322:	460b      	mov	r3, r1
10002324:	e9dd 0108 	ldrd	r0, r1, [sp, #32]
10002328:	f7ff fcae 	bl	10001c88 <__wrap___aeabi_dadd>
1000232c:	f7ff fd6c 	bl	10001e08 <__wrap___aeabi_d2iz>
10002330:	9008      	str	r0, [sp, #32]
10002332:	f7ff fd45 	bl	10001dc0 <__wrap___aeabi_i2d>
10002336:	4680      	mov	r8, r0
10002338:	4689      	mov	r9, r1
1000233a:	a371      	add	r3, pc, #452	@ (adr r3, 10002500 <_etoa+0x2b0>)
1000233c:	e9d3 2300 	ldrd	r2, r3, [r3]
10002340:	f7ff fcca 	bl	10001cd8 <__wrap___aeabi_dmul>
10002344:	2200      	movs	r2, #0
10002346:	4b7c      	ldr	r3, [pc, #496]	@ (10002538 <_etoa+0x2e8>)
10002348:	f7ff fc9e 	bl	10001c88 <__wrap___aeabi_dadd>
1000234c:	f7ff fd5c 	bl	10001e08 <__wrap___aeabi_d2iz>
10002350:	900a      	str	r0, [sp, #40]	@ 0x28
10002352:	a36d      	add	r3, pc, #436	@ (adr r3, 10002508 <_etoa+0x2b8>)
10002354:	e9d3 2300 	ldrd	r2, r3, [r3]
10002358:	4640      	mov	r0, r8
1000235a:	4649      	mov	r1, r9
1000235c:	f7ff fcbc 	bl	10001cd8 <__wrap___aeabi_dmul>
10002360:	4680      	mov	r8, r0
10002362:	4689      	mov	r9, r1
10002364:	980a      	ldr	r0, [sp, #40]	@ 0x28
10002366:	f7ff fd2b 	bl	10001dc0 <__wrap___aeabi_i2d>
1000236a:	a369      	add	r3, pc, #420	@ (adr r3, 10002510 <_etoa+0x2c0>)
1000236c:	e9d3 2300 	ldrd	r2, r3, [r3]
10002370:	f7ff fcb2 	bl	10001cd8 <__wrap___aeabi_dmul>
10002374:	4602      	mov	r2, r0
10002376:	460b      	mov	r3, r1
10002378:	4640      	mov	r0, r8
1000237a:	4649      	mov	r1, r9
1000237c:	f7ff fc98 	bl	10001cb0 <__wrap___aeabi_dsub>
10002380:	4680      	mov	r8, r0
10002382:	4689      	mov	r9, r1
10002384:	4602      	mov	r2, r0
10002386:	460b      	mov	r3, r1
10002388:	f7ff fca6 	bl	10001cd8 <__wrap___aeabi_dmul>
1000238c:	e9cd 010c 	strd	r0, r1, [sp, #48]	@ 0x30
10002390:	9b0a      	ldr	r3, [sp, #40]	@ 0x28
10002392:	f203 33ff 	addw	r3, r3, #1023	@ 0x3ff
10002396:	2100      	movs	r1, #0
10002398:	2200      	movs	r2, #0
1000239a:	e9cd 120a 	strd	r1, r2, [sp, #40]	@ 0x28
1000239e:	051b      	lsls	r3, r3, #20
100023a0:	930b      	str	r3, [sp, #44]	@ 0x2c
100023a2:	2300      	movs	r3, #0
100023a4:	930a      	str	r3, [sp, #40]	@ 0x28
100023a6:	4642      	mov	r2, r8
100023a8:	464b      	mov	r3, r9
100023aa:	4640      	mov	r0, r8
100023ac:	4649      	mov	r1, r9
100023ae:	f7ff fc6b 	bl	10001c88 <__wrap___aeabi_dadd>
100023b2:	e9cd 0110 	strd	r0, r1, [sp, #64]	@ 0x40
100023b6:	4642      	mov	r2, r8
100023b8:	464b      	mov	r3, r9
100023ba:	2000      	movs	r0, #0
100023bc:	f04f 4180 	mov.w	r1, #1073741824	@ 0x40000000
100023c0:	f7ff fc76 	bl	10001cb0 <__wrap___aeabi_dsub>
100023c4:	4680      	mov	r8, r0
100023c6:	4689      	mov	r9, r1
100023c8:	2200      	movs	r2, #0
100023ca:	4b5c      	ldr	r3, [pc, #368]	@ (1000253c <_etoa+0x2ec>)
100023cc:	e9dd 010c 	ldrd	r0, r1, [sp, #48]	@ 0x30
100023d0:	f7ff fca8 	bl	10001d24 <__wrap___aeabi_ddiv>
100023d4:	2200      	movs	r2, #0
100023d6:	4b5a      	ldr	r3, [pc, #360]	@ (10002540 <_etoa+0x2f0>)
100023d8:	f7ff fc56 	bl	10001c88 <__wrap___aeabi_dadd>
100023dc:	4602      	mov	r2, r0
100023de:	460b      	mov	r3, r1
100023e0:	e9dd 010c 	ldrd	r0, r1, [sp, #48]	@ 0x30
100023e4:	f7ff fc9e 	bl	10001d24 <__wrap___aeabi_ddiv>
100023e8:	2200      	movs	r2, #0
100023ea:	4b56      	ldr	r3, [pc, #344]	@ (10002544 <_etoa+0x2f4>)
100023ec:	f7ff fc4c 	bl	10001c88 <__wrap___aeabi_dadd>
100023f0:	4602      	mov	r2, r0
100023f2:	460b      	mov	r3, r1
100023f4:	e9dd 010c 	ldrd	r0, r1, [sp, #48]	@ 0x30
100023f8:	f7ff fc94 	bl	10001d24 <__wrap___aeabi_ddiv>
100023fc:	4602      	mov	r2, r0
100023fe:	460b      	mov	r3, r1
10002400:	4640      	mov	r0, r8
10002402:	4649      	mov	r1, r9
10002404:	f7ff fc40 	bl	10001c88 <__wrap___aeabi_dadd>
10002408:	4602      	mov	r2, r0
1000240a:	460b      	mov	r3, r1
1000240c:	e9dd 0110 	ldrd	r0, r1, [sp, #64]	@ 0x40
10002410:	f7ff fc88 	bl	10001d24 <__wrap___aeabi_ddiv>
10002414:	2200      	movs	r2, #0
10002416:	4b4c      	ldr	r3, [pc, #304]	@ (10002548 <_etoa+0x2f8>)
10002418:	f7ff fc36 	bl	10001c88 <__wrap___aeabi_dadd>
1000241c:	e9dd 230a 	ldrd	r2, r3, [sp, #40]	@ 0x28
10002420:	f7ff fc5a 	bl	10001cd8 <__wrap___aeabi_dmul>
10002424:	4680      	mov	r8, r0
10002426:	4689      	mov	r9, r1
10002428:	e9cd 890a 	strd	r8, r9, [sp, #40]	@ 0x28
1000242c:	e9dd 2306 	ldrd	r2, r3, [sp, #24]
10002430:	f7ff fd5c 	bl	10001eec <__wrap___aeabi_dcmpgt>
10002434:	b150      	cbz	r0, 1000244c <_etoa+0x1fc>
10002436:	9b08      	ldr	r3, [sp, #32]
10002438:	3b01      	subs	r3, #1
1000243a:	9308      	str	r3, [sp, #32]
1000243c:	2200      	movs	r2, #0
1000243e:	4b40      	ldr	r3, [pc, #256]	@ (10002540 <_etoa+0x2f0>)
10002440:	4640      	mov	r0, r8
10002442:	4649      	mov	r1, r9
10002444:	f7ff fc6e 	bl	10001d24 <__wrap___aeabi_ddiv>
10002448:	e9cd 010a 	strd	r0, r1, [sp, #40]	@ 0x28
1000244c:	9b08      	ldr	r3, [sp, #32]
1000244e:	3363      	adds	r3, #99	@ 0x63
10002450:	2bc6      	cmp	r3, #198	@ 0xc6
10002452:	d846      	bhi.n	100024e2 <_etoa+0x292>
10002454:	f04f 0804 	mov.w	r8, #4
10002458:	e01e      	b.n	10002498 <_etoa+0x248>
1000245a:	9b20      	ldr	r3, [sp, #128]	@ 0x80
1000245c:	9304      	str	r3, [sp, #16]
1000245e:	9b1f      	ldr	r3, [sp, #124]	@ 0x7c
10002460:	9303      	str	r3, [sp, #12]
10002462:	9b1e      	ldr	r3, [sp, #120]	@ 0x78
10002464:	9302      	str	r3, [sp, #8]
10002466:	e9cd ab00 	strd	sl, fp, [sp]
1000246a:	4633      	mov	r3, r6
1000246c:	463a      	mov	r2, r7
1000246e:	4629      	mov	r1, r5
10002470:	4620      	mov	r0, r4
10002472:	f000 f8fd 	bl	10002670 <_ftoa>
10002476:	b013      	add	sp, #76	@ 0x4c
10002478:	e8bd 8ff0 	ldmia.w	sp!, {r4, r5, r6, r7, r8, r9, sl, fp, pc}
1000247c:	ed9f 7b26 	vldr	d7, [pc, #152]	@ 10002518 <_etoa+0x2c8>
10002480:	ed8d 7b06 	vstr	d7, [sp, #24]
10002484:	f8cd a018 	str.w	sl, [sp, #24]
10002488:	f10b 4300 	add.w	r3, fp, #2147483648	@ 0x80000000
1000248c:	9307      	str	r3, [sp, #28]
1000248e:	e711      	b.n	100022b4 <_etoa+0x64>
10002490:	2300      	movs	r3, #0
10002492:	9308      	str	r3, [sp, #32]
10002494:	f04f 0804 	mov.w	r8, #4
10002498:	9b20      	ldr	r3, [sp, #128]	@ 0x80
1000249a:	f413 6f00 	tst.w	r3, #2048	@ 0x800
1000249e:	d05f      	beq.n	10002560 <_etoa+0x310>
100024a0:	e9dd 120a 	ldrd	r1, r2, [sp, #40]	@ 0x28
100024a4:	4613      	mov	r3, r2
100024a6:	430b      	orrs	r3, r1
100024a8:	d013      	beq.n	100024d2 <_etoa+0x282>
100024aa:	a31d      	add	r3, pc, #116	@ (adr r3, 10002520 <_etoa+0x2d0>)
100024ac:	e9d3 2300 	ldrd	r2, r3, [r3]
100024b0:	e9dd 0106 	ldrd	r0, r1, [sp, #24]
100024b4:	f7ff fd06 	bl	10001ec4 <__wrap___aeabi_dcmpge>
100024b8:	2800      	cmp	r0, #0
100024ba:	f000 80b4 	beq.w	10002626 <_etoa+0x3d6>
100024be:	a31a      	add	r3, pc, #104	@ (adr r3, 10002528 <_etoa+0x2d8>)
100024c0:	e9d3 2300 	ldrd	r2, r3, [r3]
100024c4:	e9dd 0106 	ldrd	r0, r1, [sp, #24]
100024c8:	f7ff fcd4 	bl	10001e74 <__wrap___aeabi_dcmplt>
100024cc:	2800      	cmp	r0, #0
100024ce:	f000 80aa 	beq.w	10002626 <_etoa+0x3d6>
100024d2:	9a1e      	ldr	r2, [sp, #120]	@ 0x78
100024d4:	9b08      	ldr	r3, [sp, #32]
100024d6:	429a      	cmp	r2, r3
100024d8:	dd38      	ble.n	1000254c <_etoa+0x2fc>
100024da:	1ad3      	subs	r3, r2, r3
100024dc:	3b01      	subs	r3, #1
100024de:	931e      	str	r3, [sp, #120]	@ 0x78
100024e0:	e036      	b.n	10002550 <_etoa+0x300>
100024e2:	f04f 0805 	mov.w	r8, #5
100024e6:	e7d7      	b.n	10002498 <_etoa+0x248>
100024e8:	509f79fb 	.word	0x509f79fb
100024ec:	3fd34413 	.word	0x3fd34413
100024f0:	8b60c8b3 	.word	0x8b60c8b3
100024f4:	3fc68a28 	.word	0x3fc68a28
100024f8:	636f4361 	.word	0x636f4361
100024fc:	3fd287a7 	.word	0x3fd287a7
10002500:	0979a371 	.word	0x0979a371
10002504:	400a934f 	.word	0x400a934f
10002508:	bbb55516 	.word	0xbbb55516
1000250c:	40026bb1 	.word	0x40026bb1
10002510:	fefa39ef 	.word	0xfefa39ef
10002514:	3fe62e42 	.word	0x3fe62e42
	...
10002520:	eb1c432d 	.word	0xeb1c432d
10002524:	3f1a36e2 	.word	0x3f1a36e2
10002528:	00000000 	.word	0x00000000
1000252c:	412e8480 	.word	0x412e8480
10002530:	7fefffff 	.word	0x7fefffff
10002534:	3ff80000 	.word	0x3ff80000
10002538:	3fe00000 	.word	0x3fe00000
1000253c:	402c0000 	.word	0x402c0000
10002540:	40240000 	.word	0x40240000
10002544:	40180000 	.word	0x40180000
10002548:	3ff00000 	.word	0x3ff00000
1000254c:	2300      	movs	r3, #0
1000254e:	931e      	str	r3, [sp, #120]	@ 0x78
10002550:	9b20      	ldr	r3, [sp, #128]	@ 0x80
10002552:	f443 6380 	orr.w	r3, r3, #1024	@ 0x400
10002556:	9320      	str	r3, [sp, #128]	@ 0x80
10002558:	f04f 0800 	mov.w	r8, #0
1000255c:	f8cd 8020 	str.w	r8, [sp, #32]
10002560:	9b1f      	ldr	r3, [sp, #124]	@ 0x7c
10002562:	4598      	cmp	r8, r3
10002564:	d269      	bcs.n	1000263a <_etoa+0x3ea>
10002566:	eba3 0908 	sub.w	r9, r3, r8
1000256a:	9b20      	ldr	r3, [sp, #128]	@ 0x80
1000256c:	f013 0302 	ands.w	r3, r3, #2
10002570:	930c      	str	r3, [sp, #48]	@ 0x30
10002572:	d004      	beq.n	1000257e <_etoa+0x32e>
10002574:	f1b8 0f00 	cmp.w	r8, #0
10002578:	d001      	beq.n	1000257e <_etoa+0x32e>
1000257a:	f04f 0900 	mov.w	r9, #0
1000257e:	9b08      	ldr	r3, [sp, #32]
10002580:	b13b      	cbz	r3, 10002592 <_etoa+0x342>
10002582:	e9dd 230a 	ldrd	r2, r3, [sp, #40]	@ 0x28
10002586:	e9dd 0106 	ldrd	r0, r1, [sp, #24]
1000258a:	f7ff fbcb 	bl	10001d24 <__wrap___aeabi_ddiv>
1000258e:	e9cd 0106 	strd	r0, r1, [sp, #24]
10002592:	2200      	movs	r2, #0
10002594:	2300      	movs	r3, #0
10002596:	4650      	mov	r0, sl
10002598:	4659      	mov	r1, fp
1000259a:	f7ff fc6b 	bl	10001e74 <__wrap___aeabi_dcmplt>
1000259e:	2800      	cmp	r0, #0
100025a0:	d14e      	bne.n	10002640 <_etoa+0x3f0>
100025a2:	9b20      	ldr	r3, [sp, #128]	@ 0x80
100025a4:	f423 6300 	bic.w	r3, r3, #2048	@ 0x800
100025a8:	9304      	str	r3, [sp, #16]
100025aa:	f8cd 900c 	str.w	r9, [sp, #12]
100025ae:	9b1e      	ldr	r3, [sp, #120]	@ 0x78
100025b0:	9302      	str	r3, [sp, #8]
100025b2:	ed9d 7b06 	vldr	d7, [sp, #24]
100025b6:	ed8d 7b00 	vstr	d7, [sp]
100025ba:	4633      	mov	r3, r6
100025bc:	463a      	mov	r2, r7
100025be:	4629      	mov	r1, r5
100025c0:	4620      	mov	r0, r4
100025c2:	f000 f855 	bl	10002670 <_ftoa>
100025c6:	f1b8 0f00 	cmp.w	r8, #0
100025ca:	f43f af54 	beq.w	10002476 <_etoa+0x226>
100025ce:	9b20      	ldr	r3, [sp, #128]	@ 0x80
100025d0:	f013 0f20 	tst.w	r3, #32
100025d4:	d03c      	beq.n	10002650 <_etoa+0x400>
100025d6:	f04f 0c45 	mov.w	ip, #69	@ 0x45
100025da:	f100 0901 	add.w	r9, r0, #1
100025de:	4633      	mov	r3, r6
100025e0:	4602      	mov	r2, r0
100025e2:	4629      	mov	r1, r5
100025e4:	4660      	mov	r0, ip
100025e6:	47a0      	blx	r4
100025e8:	9908      	ldr	r1, [sp, #32]
100025ea:	ea81 72e1 	eor.w	r2, r1, r1, asr #31
100025ee:	eba2 72e1 	sub.w	r2, r2, r1, asr #31
100025f2:	2305      	movs	r3, #5
100025f4:	9305      	str	r3, [sp, #20]
100025f6:	f108 33ff 	add.w	r3, r8, #4294967295	@ 0xffffffff
100025fa:	9304      	str	r3, [sp, #16]
100025fc:	2300      	movs	r3, #0
100025fe:	9303      	str	r3, [sp, #12]
10002600:	230a      	movs	r3, #10
10002602:	9302      	str	r3, [sp, #8]
10002604:	0fcb      	lsrs	r3, r1, #31
10002606:	9301      	str	r3, [sp, #4]
10002608:	9200      	str	r2, [sp, #0]
1000260a:	4633      	mov	r3, r6
1000260c:	464a      	mov	r2, r9
1000260e:	4629      	mov	r1, r5
10002610:	4620      	mov	r0, r4
10002612:	f7ff fd6f 	bl	100020f4 <_ntoa_long>
10002616:	9b0c      	ldr	r3, [sp, #48]	@ 0x30
10002618:	2b00      	cmp	r3, #0
1000261a:	f43f af2c 	beq.w	10002476 <_etoa+0x226>
1000261e:	4602      	mov	r2, r0
10002620:	f8dd 907c 	ldr.w	r9, [sp, #124]	@ 0x7c
10002624:	e01e      	b.n	10002664 <_etoa+0x414>
10002626:	9b1e      	ldr	r3, [sp, #120]	@ 0x78
10002628:	2b00      	cmp	r3, #0
1000262a:	d099      	beq.n	10002560 <_etoa+0x310>
1000262c:	9b0f      	ldr	r3, [sp, #60]	@ 0x3c
1000262e:	2b00      	cmp	r3, #0
10002630:	d096      	beq.n	10002560 <_etoa+0x310>
10002632:	9b1e      	ldr	r3, [sp, #120]	@ 0x78
10002634:	3b01      	subs	r3, #1
10002636:	931e      	str	r3, [sp, #120]	@ 0x78
10002638:	e792      	b.n	10002560 <_etoa+0x310>
1000263a:	f04f 0900 	mov.w	r9, #0
1000263e:	e794      	b.n	1000256a <_etoa+0x31a>
10002640:	e9dd 0106 	ldrd	r0, r1, [sp, #24]
10002644:	4602      	mov	r2, r0
10002646:	f101 4300 	add.w	r3, r1, #2147483648	@ 0x80000000
1000264a:	e9cd 2306 	strd	r2, r3, [sp, #24]
1000264e:	e7a8      	b.n	100025a2 <_etoa+0x352>
10002650:	f04f 0c65 	mov.w	ip, #101	@ 0x65
10002654:	e7c1      	b.n	100025da <_etoa+0x38a>
10002656:	f102 0801 	add.w	r8, r2, #1
1000265a:	4633      	mov	r3, r6
1000265c:	4629      	mov	r1, r5
1000265e:	2020      	movs	r0, #32
10002660:	47a0      	blx	r4
10002662:	4642      	mov	r2, r8
10002664:	1bd3      	subs	r3, r2, r7
10002666:	454b      	cmp	r3, r9
10002668:	d3f5      	bcc.n	10002656 <_etoa+0x406>
1000266a:	4610      	mov	r0, r2
1000266c:	e703      	b.n	10002476 <_etoa+0x226>
1000266e:	bf00      	nop

10002670 <_ftoa>:
10002670:	e92d 4ff0 	stmdb	sp!, {r4, r5, r6, r7, r8, r9, sl, fp, lr}
10002674:	ed2d 8b02 	vpush	{d8}
10002678:	b095      	sub	sp, #84	@ 0x54
1000267a:	9007      	str	r0, [sp, #28]
1000267c:	910a      	str	r1, [sp, #40]	@ 0x28
1000267e:	4692      	mov	sl, r2
10002680:	469b      	mov	fp, r3
10002682:	e9dd 8920 	ldrd	r8, r9, [sp, #128]	@ 0x80
10002686:	9d22      	ldr	r5, [sp, #136]	@ 0x88
10002688:	4642      	mov	r2, r8
1000268a:	464b      	mov	r3, r9
1000268c:	4640      	mov	r0, r8
1000268e:	4649      	mov	r1, r9
10002690:	f7ff fbde 	bl	10001e50 <__wrap___aeabi_dcmpun>
10002694:	2800      	cmp	r0, #0
10002696:	d135      	bne.n	10002704 <_ftoa+0x94>
10002698:	f04f 32ff 	mov.w	r2, #4294967295	@ 0xffffffff
1000269c:	f46f 1380 	mvn.w	r3, #1048576	@ 0x100000
100026a0:	4640      	mov	r0, r8
100026a2:	4649      	mov	r1, r9
100026a4:	f7ff fbe6 	bl	10001e74 <__wrap___aeabi_dcmplt>
100026a8:	2800      	cmp	r0, #0
100026aa:	d13a      	bne.n	10002722 <_ftoa+0xb2>
100026ac:	f04f 32ff 	mov.w	r2, #4294967295	@ 0xffffffff
100026b0:	4bb1      	ldr	r3, [pc, #708]	@ (10002978 <_ftoa+0x308>)
100026b2:	4640      	mov	r0, r8
100026b4:	4649      	mov	r1, r9
100026b6:	f7ff fc19 	bl	10001eec <__wrap___aeabi_dcmpgt>
100026ba:	2800      	cmp	r0, #0
100026bc:	d140      	bne.n	10002740 <_ftoa+0xd0>
100026be:	a3aa      	add	r3, pc, #680	@ (adr r3, 10002968 <_ftoa+0x2f8>)
100026c0:	e9d3 2300 	ldrd	r2, r3, [r3]
100026c4:	4640      	mov	r0, r8
100026c6:	4649      	mov	r1, r9
100026c8:	f7ff fc10 	bl	10001eec <__wrap___aeabi_dcmpgt>
100026cc:	2800      	cmp	r0, #0
100026ce:	d14d      	bne.n	1000276c <_ftoa+0xfc>
100026d0:	a3a7      	add	r3, pc, #668	@ (adr r3, 10002970 <_ftoa+0x300>)
100026d2:	e9d3 2300 	ldrd	r2, r3, [r3]
100026d6:	4640      	mov	r0, r8
100026d8:	4649      	mov	r1, r9
100026da:	f7ff fbcb 	bl	10001e74 <__wrap___aeabi_dcmplt>
100026de:	2800      	cmp	r0, #0
100026e0:	d144      	bne.n	1000276c <_ftoa+0xfc>
100026e2:	2200      	movs	r2, #0
100026e4:	2300      	movs	r3, #0
100026e6:	4640      	mov	r0, r8
100026e8:	4649      	mov	r1, r9
100026ea:	f7ff fbc3 	bl	10001e74 <__wrap___aeabi_dcmplt>
100026ee:	2800      	cmp	r0, #0
100026f0:	d14a      	bne.n	10002788 <_ftoa+0x118>
100026f2:	2300      	movs	r3, #0
100026f4:	930b      	str	r3, [sp, #44]	@ 0x2c
100026f6:	9b24      	ldr	r3, [sp, #144]	@ 0x90
100026f8:	f413 6f80 	tst.w	r3, #1024	@ 0x400
100026fc:	f000 80b5 	beq.w	1000286a <_ftoa+0x1fa>
10002700:	2400      	movs	r4, #0
10002702:	e054      	b.n	100027ae <_ftoa+0x13e>
10002704:	9b24      	ldr	r3, [sp, #144]	@ 0x90
10002706:	9303      	str	r3, [sp, #12]
10002708:	9b23      	ldr	r3, [sp, #140]	@ 0x8c
1000270a:	9302      	str	r3, [sp, #8]
1000270c:	2303      	movs	r3, #3
1000270e:	9301      	str	r3, [sp, #4]
10002710:	4b9a      	ldr	r3, [pc, #616]	@ (1000297c <_ftoa+0x30c>)
10002712:	9300      	str	r3, [sp, #0]
10002714:	465b      	mov	r3, fp
10002716:	4652      	mov	r2, sl
10002718:	990a      	ldr	r1, [sp, #40]	@ 0x28
1000271a:	9807      	ldr	r0, [sp, #28]
1000271c:	f7ff fc11 	bl	10001f42 <_out_rev>
10002720:	e11b      	b.n	1000295a <_ftoa+0x2ea>
10002722:	9b24      	ldr	r3, [sp, #144]	@ 0x90
10002724:	9303      	str	r3, [sp, #12]
10002726:	9b23      	ldr	r3, [sp, #140]	@ 0x8c
10002728:	9302      	str	r3, [sp, #8]
1000272a:	2304      	movs	r3, #4
1000272c:	9301      	str	r3, [sp, #4]
1000272e:	4b94      	ldr	r3, [pc, #592]	@ (10002980 <_ftoa+0x310>)
10002730:	9300      	str	r3, [sp, #0]
10002732:	465b      	mov	r3, fp
10002734:	4652      	mov	r2, sl
10002736:	990a      	ldr	r1, [sp, #40]	@ 0x28
10002738:	9807      	ldr	r0, [sp, #28]
1000273a:	f7ff fc02 	bl	10001f42 <_out_rev>
1000273e:	e10c      	b.n	1000295a <_ftoa+0x2ea>
10002740:	9b24      	ldr	r3, [sp, #144]	@ 0x90
10002742:	f013 0f04 	tst.w	r3, #4
10002746:	d00e      	beq.n	10002766 <_ftoa+0xf6>
10002748:	4b8e      	ldr	r3, [pc, #568]	@ (10002984 <_ftoa+0x314>)
1000274a:	2204      	movs	r2, #4
1000274c:	9924      	ldr	r1, [sp, #144]	@ 0x90
1000274e:	9103      	str	r1, [sp, #12]
10002750:	9923      	ldr	r1, [sp, #140]	@ 0x8c
10002752:	9102      	str	r1, [sp, #8]
10002754:	9201      	str	r2, [sp, #4]
10002756:	9300      	str	r3, [sp, #0]
10002758:	465b      	mov	r3, fp
1000275a:	4652      	mov	r2, sl
1000275c:	990a      	ldr	r1, [sp, #40]	@ 0x28
1000275e:	9807      	ldr	r0, [sp, #28]
10002760:	f7ff fbef 	bl	10001f42 <_out_rev>
10002764:	e0f9      	b.n	1000295a <_ftoa+0x2ea>
10002766:	4b88      	ldr	r3, [pc, #544]	@ (10002988 <_ftoa+0x318>)
10002768:	2203      	movs	r2, #3
1000276a:	e7ef      	b.n	1000274c <_ftoa+0xdc>
1000276c:	9b24      	ldr	r3, [sp, #144]	@ 0x90
1000276e:	9304      	str	r3, [sp, #16]
10002770:	9b23      	ldr	r3, [sp, #140]	@ 0x8c
10002772:	9303      	str	r3, [sp, #12]
10002774:	9502      	str	r5, [sp, #8]
10002776:	e9cd 8900 	strd	r8, r9, [sp]
1000277a:	465b      	mov	r3, fp
1000277c:	4652      	mov	r2, sl
1000277e:	990a      	ldr	r1, [sp, #40]	@ 0x28
10002780:	9807      	ldr	r0, [sp, #28]
10002782:	f7ff fd65 	bl	10002250 <_etoa>
10002786:	e0e8      	b.n	1000295a <_ftoa+0x2ea>
10002788:	4642      	mov	r2, r8
1000278a:	464b      	mov	r3, r9
1000278c:	2000      	movs	r0, #0
1000278e:	2100      	movs	r1, #0
10002790:	f7ff fa8e 	bl	10001cb0 <__wrap___aeabi_dsub>
10002794:	4680      	mov	r8, r0
10002796:	4689      	mov	r9, r1
10002798:	2301      	movs	r3, #1
1000279a:	930b      	str	r3, [sp, #44]	@ 0x2c
1000279c:	e7ab      	b.n	100026f6 <_ftoa+0x86>
1000279e:	f104 0350 	add.w	r3, r4, #80	@ 0x50
100027a2:	446b      	add	r3, sp
100027a4:	2230      	movs	r2, #48	@ 0x30
100027a6:	f803 2c20 	strb.w	r2, [r3, #-32]
100027aa:	3d01      	subs	r5, #1
100027ac:	3401      	adds	r4, #1
100027ae:	2c1f      	cmp	r4, #31
100027b0:	d801      	bhi.n	100027b6 <_ftoa+0x146>
100027b2:	2d09      	cmp	r5, #9
100027b4:	d8f3      	bhi.n	1000279e <_ftoa+0x12e>
100027b6:	4640      	mov	r0, r8
100027b8:	4649      	mov	r1, r9
100027ba:	f7ff fb25 	bl	10001e08 <__wrap___aeabi_d2iz>
100027be:	4606      	mov	r6, r0
100027c0:	f7ff fafe 	bl	10001dc0 <__wrap___aeabi_i2d>
100027c4:	4602      	mov	r2, r0
100027c6:	460b      	mov	r3, r1
100027c8:	4640      	mov	r0, r8
100027ca:	4649      	mov	r1, r9
100027cc:	f7ff fa70 	bl	10001cb0 <__wrap___aeabi_dsub>
100027d0:	4b6e      	ldr	r3, [pc, #440]	@ (1000298c <_ftoa+0x31c>)
100027d2:	eb03 03c5 	add.w	r3, r3, r5, lsl #3
100027d6:	ed93 8b00 	vldr	d8, [r3]
100027da:	ec53 2b18 	vmov	r2, r3, d8
100027de:	f7ff fa7b 	bl	10001cd8 <__wrap___aeabi_dmul>
100027e2:	4602      	mov	r2, r0
100027e4:	460b      	mov	r3, r1
100027e6:	e9cd 2308 	strd	r2, r3, [sp, #32]
100027ea:	f7ff fb1f 	bl	10001e2c <__wrap___aeabi_d2uiz>
100027ee:	4607      	mov	r7, r0
100027f0:	f7ff faf8 	bl	10001de4 <__wrap___aeabi_ui2d>
100027f4:	4602      	mov	r2, r0
100027f6:	460b      	mov	r3, r1
100027f8:	e9dd 0108 	ldrd	r0, r1, [sp, #32]
100027fc:	f7ff fa58 	bl	10001cb0 <__wrap___aeabi_dsub>
10002800:	4602      	mov	r2, r0
10002802:	460b      	mov	r3, r1
10002804:	e9cd 2308 	strd	r2, r3, [sp, #32]
10002808:	2200      	movs	r2, #0
1000280a:	4b61      	ldr	r3, [pc, #388]	@ (10002990 <_ftoa+0x320>)
1000280c:	f7ff fb6e 	bl	10001eec <__wrap___aeabi_dcmpgt>
10002810:	b368      	cbz	r0, 1000286e <_ftoa+0x1fe>
10002812:	3701      	adds	r7, #1
10002814:	4638      	mov	r0, r7
10002816:	f7ff fae5 	bl	10001de4 <__wrap___aeabi_ui2d>
1000281a:	4602      	mov	r2, r0
1000281c:	460b      	mov	r3, r1
1000281e:	ec51 0b18 	vmov	r0, r1, d8
10002822:	f7ff fb3b 	bl	10001e9c <__wrap___aeabi_dcmple>
10002826:	b108      	cbz	r0, 1000282c <_ftoa+0x1bc>
10002828:	3601      	adds	r6, #1
1000282a:	2700      	movs	r7, #0
1000282c:	bb6d      	cbnz	r5, 1000288a <_ftoa+0x21a>
1000282e:	4630      	mov	r0, r6
10002830:	f7ff fac6 	bl	10001dc0 <__wrap___aeabi_i2d>
10002834:	4602      	mov	r2, r0
10002836:	460b      	mov	r3, r1
10002838:	4640      	mov	r0, r8
1000283a:	4649      	mov	r1, r9
1000283c:	f7ff fa38 	bl	10001cb0 <__wrap___aeabi_dsub>
10002840:	4607      	mov	r7, r0
10002842:	4688      	mov	r8, r1
10002844:	2200      	movs	r2, #0
10002846:	4b52      	ldr	r3, [pc, #328]	@ (10002990 <_ftoa+0x320>)
10002848:	f7ff fb14 	bl	10001e74 <__wrap___aeabi_dcmplt>
1000284c:	2800      	cmp	r0, #0
1000284e:	d14c      	bne.n	100028ea <_ftoa+0x27a>
10002850:	2200      	movs	r2, #0
10002852:	4b4f      	ldr	r3, [pc, #316]	@ (10002990 <_ftoa+0x320>)
10002854:	4638      	mov	r0, r7
10002856:	4641      	mov	r1, r8
10002858:	f7ff fb48 	bl	10001eec <__wrap___aeabi_dcmpgt>
1000285c:	2800      	cmp	r0, #0
1000285e:	d144      	bne.n	100028ea <_ftoa+0x27a>
10002860:	f016 0f01 	tst.w	r6, #1
10002864:	d041      	beq.n	100028ea <_ftoa+0x27a>
10002866:	3601      	adds	r6, #1
10002868:	e03f      	b.n	100028ea <_ftoa+0x27a>
1000286a:	2506      	movs	r5, #6
1000286c:	e748      	b.n	10002700 <_ftoa+0x90>
1000286e:	2200      	movs	r2, #0
10002870:	4b47      	ldr	r3, [pc, #284]	@ (10002990 <_ftoa+0x320>)
10002872:	e9dd 0108 	ldrd	r0, r1, [sp, #32]
10002876:	f7ff fafd 	bl	10001e74 <__wrap___aeabi_dcmplt>
1000287a:	2800      	cmp	r0, #0
1000287c:	d1d6      	bne.n	1000282c <_ftoa+0x1bc>
1000287e:	b117      	cbz	r7, 10002886 <_ftoa+0x216>
10002880:	f017 0f01 	tst.w	r7, #1
10002884:	d0d2      	beq.n	1000282c <_ftoa+0x1bc>
10002886:	3701      	adds	r7, #1
10002888:	e7d0      	b.n	1000282c <_ftoa+0x1bc>
1000288a:	2c1f      	cmp	r4, #31
1000288c:	d817      	bhi.n	100028be <_ftoa+0x24e>
1000288e:	3d01      	subs	r5, #1
10002890:	4b40      	ldr	r3, [pc, #256]	@ (10002994 <_ftoa+0x324>)
10002892:	fba3 2307 	umull	r2, r3, r3, r7
10002896:	08db      	lsrs	r3, r3, #3
10002898:	4619      	mov	r1, r3
1000289a:	eb03 0383 	add.w	r3, r3, r3, lsl #2
1000289e:	eba7 0343 	sub.w	r3, r7, r3, lsl #1
100028a2:	1c62      	adds	r2, r4, #1
100028a4:	3330      	adds	r3, #48	@ 0x30
100028a6:	f104 0050 	add.w	r0, r4, #80	@ 0x50
100028aa:	eb0d 0400 	add.w	r4, sp, r0
100028ae:	f804 3c20 	strb.w	r3, [r4, #-32]
100028b2:	2f09      	cmp	r7, #9
100028b4:	d902      	bls.n	100028bc <_ftoa+0x24c>
100028b6:	460f      	mov	r7, r1
100028b8:	4614      	mov	r4, r2
100028ba:	e7e6      	b.n	1000288a <_ftoa+0x21a>
100028bc:	4614      	mov	r4, r2
100028be:	2c1f      	cmp	r4, #31
100028c0:	d80a      	bhi.n	100028d8 <_ftoa+0x268>
100028c2:	1e6b      	subs	r3, r5, #1
100028c4:	b145      	cbz	r5, 100028d8 <_ftoa+0x268>
100028c6:	f104 0250 	add.w	r2, r4, #80	@ 0x50
100028ca:	446a      	add	r2, sp
100028cc:	2130      	movs	r1, #48	@ 0x30
100028ce:	f802 1c20 	strb.w	r1, [r2, #-32]
100028d2:	461d      	mov	r5, r3
100028d4:	3401      	adds	r4, #1
100028d6:	e7f2      	b.n	100028be <_ftoa+0x24e>
100028d8:	2c1f      	cmp	r4, #31
100028da:	d806      	bhi.n	100028ea <_ftoa+0x27a>
100028dc:	f104 0350 	add.w	r3, r4, #80	@ 0x50
100028e0:	446b      	add	r3, sp
100028e2:	222e      	movs	r2, #46	@ 0x2e
100028e4:	f803 2c20 	strb.w	r2, [r3, #-32]
100028e8:	3401      	adds	r4, #1
100028ea:	2c1f      	cmp	r4, #31
100028ec:	d817      	bhi.n	1000291e <_ftoa+0x2ae>
100028ee:	4a2a      	ldr	r2, [pc, #168]	@ (10002998 <_ftoa+0x328>)
100028f0:	fb82 3206 	smull	r3, r2, r2, r6
100028f4:	17f3      	asrs	r3, r6, #31
100028f6:	ebc3 03a2 	rsb	r3, r3, r2, asr #2
100028fa:	461a      	mov	r2, r3
100028fc:	eb03 0383 	add.w	r3, r3, r3, lsl #2
10002900:	eba6 0343 	sub.w	r3, r6, r3, lsl #1
10002904:	1c61      	adds	r1, r4, #1
10002906:	3330      	adds	r3, #48	@ 0x30
10002908:	f104 0050 	add.w	r0, r4, #80	@ 0x50
1000290c:	eb0d 0400 	add.w	r4, sp, r0
10002910:	f804 3c20 	strb.w	r3, [r4, #-32]
10002914:	4616      	mov	r6, r2
10002916:	b10a      	cbz	r2, 1000291c <_ftoa+0x2ac>
10002918:	460c      	mov	r4, r1
1000291a:	e7e6      	b.n	100028ea <_ftoa+0x27a>
1000291c:	460c      	mov	r4, r1
1000291e:	9b24      	ldr	r3, [sp, #144]	@ 0x90
10002920:	f003 0303 	and.w	r3, r3, #3
10002924:	2b01      	cmp	r3, #1
10002926:	d039      	beq.n	1000299c <_ftoa+0x32c>
10002928:	2c1f      	cmp	r4, #31
1000292a:	d809      	bhi.n	10002940 <_ftoa+0x2d0>
1000292c:	9b0b      	ldr	r3, [sp, #44]	@ 0x2c
1000292e:	2b00      	cmp	r3, #0
10002930:	d051      	beq.n	100029d6 <_ftoa+0x366>
10002932:	f104 0350 	add.w	r3, r4, #80	@ 0x50
10002936:	446b      	add	r3, sp
10002938:	222d      	movs	r2, #45	@ 0x2d
1000293a:	f803 2c20 	strb.w	r2, [r3, #-32]
1000293e:	3401      	adds	r4, #1
10002940:	9b24      	ldr	r3, [sp, #144]	@ 0x90
10002942:	9303      	str	r3, [sp, #12]
10002944:	9b23      	ldr	r3, [sp, #140]	@ 0x8c
10002946:	9302      	str	r3, [sp, #8]
10002948:	9401      	str	r4, [sp, #4]
1000294a:	ab0c      	add	r3, sp, #48	@ 0x30
1000294c:	9300      	str	r3, [sp, #0]
1000294e:	465b      	mov	r3, fp
10002950:	4652      	mov	r2, sl
10002952:	990a      	ldr	r1, [sp, #40]	@ 0x28
10002954:	9807      	ldr	r0, [sp, #28]
10002956:	f7ff faf4 	bl	10001f42 <_out_rev>
1000295a:	b015      	add	sp, #84	@ 0x54
1000295c:	ecbd 8b02 	vpop	{d8}
10002960:	e8bd 8ff0 	ldmia.w	sp!, {r4, r5, r6, r7, r8, r9, sl, fp, pc}
10002964:	f3af 8000 	nop.w
10002968:	00000000 	.word	0x00000000
1000296c:	41cdcd65 	.word	0x41cdcd65
10002970:	00000000 	.word	0x00000000
10002974:	c1cdcd65 	.word	0xc1cdcd65
10002978:	7fefffff 	.word	0x7fefffff
1000297c:	1000a018 	.word	0x1000a018
10002980:	1000a01c 	.word	0x1000a01c
10002984:	1000a00c 	.word	0x1000a00c
10002988:	1000a014 	.word	0x1000a014
1000298c:	1000b290 	.word	0x1000b290
10002990:	3fe00000 	.word	0x3fe00000
10002994:	cccccccd 	.word	0xcccccccd
10002998:	66666667 	.word	0x66666667
1000299c:	9b23      	ldr	r3, [sp, #140]	@ 0x8c
1000299e:	b1b3      	cbz	r3, 100029ce <_ftoa+0x35e>
100029a0:	9b0b      	ldr	r3, [sp, #44]	@ 0x2c
100029a2:	b91b      	cbnz	r3, 100029ac <_ftoa+0x33c>
100029a4:	9b24      	ldr	r3, [sp, #144]	@ 0x90
100029a6:	f013 0f0c 	tst.w	r3, #12
100029aa:	d012      	beq.n	100029d2 <_ftoa+0x362>
100029ac:	9b23      	ldr	r3, [sp, #140]	@ 0x8c
100029ae:	3b01      	subs	r3, #1
100029b0:	9323      	str	r3, [sp, #140]	@ 0x8c
100029b2:	4619      	mov	r1, r3
100029b4:	e006      	b.n	100029c4 <_ftoa+0x354>
100029b6:	f104 0350 	add.w	r3, r4, #80	@ 0x50
100029ba:	446b      	add	r3, sp
100029bc:	2230      	movs	r2, #48	@ 0x30
100029be:	f803 2c20 	strb.w	r2, [r3, #-32]
100029c2:	3401      	adds	r4, #1
100029c4:	428c      	cmp	r4, r1
100029c6:	d2af      	bcs.n	10002928 <_ftoa+0x2b8>
100029c8:	2c1f      	cmp	r4, #31
100029ca:	d9f4      	bls.n	100029b6 <_ftoa+0x346>
100029cc:	e7ac      	b.n	10002928 <_ftoa+0x2b8>
100029ce:	9923      	ldr	r1, [sp, #140]	@ 0x8c
100029d0:	e7f8      	b.n	100029c4 <_ftoa+0x354>
100029d2:	9923      	ldr	r1, [sp, #140]	@ 0x8c
100029d4:	e7f6      	b.n	100029c4 <_ftoa+0x354>
100029d6:	9b24      	ldr	r3, [sp, #144]	@ 0x90
100029d8:	f013 0f04 	tst.w	r3, #4
100029dc:	d007      	beq.n	100029ee <_ftoa+0x37e>
100029de:	f104 0350 	add.w	r3, r4, #80	@ 0x50
100029e2:	446b      	add	r3, sp
100029e4:	222b      	movs	r2, #43	@ 0x2b
100029e6:	f803 2c20 	strb.w	r2, [r3, #-32]
100029ea:	3401      	adds	r4, #1
100029ec:	e7a8      	b.n	10002940 <_ftoa+0x2d0>
100029ee:	9b24      	ldr	r3, [sp, #144]	@ 0x90
100029f0:	f013 0f08 	tst.w	r3, #8
100029f4:	d0a4      	beq.n	10002940 <_ftoa+0x2d0>
100029f6:	f104 0350 	add.w	r3, r4, #80	@ 0x50
100029fa:	446b      	add	r3, sp
100029fc:	2220      	movs	r2, #32
100029fe:	f803 2c20 	strb.w	r2, [r3, #-32]
10002a02:	3401      	adds	r4, #1
10002a04:	e79c      	b.n	10002940 <_ftoa+0x2d0>
10002a06:	bf00      	nop

10002a08 <_vsnprintf>:
10002a08:	e92d 4ff0 	stmdb	sp!, {r4, r5, r6, r7, r8, r9, sl, fp, lr}
10002a0c:	b08f      	sub	sp, #60	@ 0x3c
10002a0e:	4680      	mov	r8, r0
10002a10:	4617      	mov	r7, r2
10002a12:	930d      	str	r3, [sp, #52]	@ 0x34
10002a14:	4689      	mov	r9, r1
10002a16:	2900      	cmp	r1, #0
10002a18:	f000 834f 	beq.w	100030ba <_vsnprintf+0x6b2>
10002a1c:	2500      	movs	r5, #0
10002a1e:	e008      	b.n	10002a32 <_vsnprintf+0x2a>
10002a20:	1c6c      	adds	r4, r5, #1
10002a22:	463b      	mov	r3, r7
10002a24:	462a      	mov	r2, r5
10002a26:	4649      	mov	r1, r9
10002a28:	47c0      	blx	r8
10002a2a:	9b0d      	ldr	r3, [sp, #52]	@ 0x34
10002a2c:	3301      	adds	r3, #1
10002a2e:	930d      	str	r3, [sp, #52]	@ 0x34
10002a30:	4625      	mov	r5, r4
10002a32:	9b0d      	ldr	r3, [sp, #52]	@ 0x34
10002a34:	7818      	ldrb	r0, [r3, #0]
10002a36:	2800      	cmp	r0, #0
10002a38:	f000 8342 	beq.w	100030c0 <_vsnprintf+0x6b8>
10002a3c:	2825      	cmp	r0, #37	@ 0x25
10002a3e:	d1ef      	bne.n	10002a20 <_vsnprintf+0x18>
10002a40:	3301      	adds	r3, #1
10002a42:	930d      	str	r3, [sp, #52]	@ 0x34
10002a44:	2600      	movs	r6, #0
10002a46:	e01f      	b.n	10002a88 <_vsnprintf+0x80>
10002a48:	f046 0601 	orr.w	r6, r6, #1
10002a4c:	3201      	adds	r2, #1
10002a4e:	920d      	str	r2, [sp, #52]	@ 0x34
10002a50:	2301      	movs	r3, #1
10002a52:	e018      	b.n	10002a86 <_vsnprintf+0x7e>
10002a54:	f046 0602 	orr.w	r6, r6, #2
10002a58:	3201      	adds	r2, #1
10002a5a:	920d      	str	r2, [sp, #52]	@ 0x34
10002a5c:	2301      	movs	r3, #1
10002a5e:	e012      	b.n	10002a86 <_vsnprintf+0x7e>
10002a60:	f046 0604 	orr.w	r6, r6, #4
10002a64:	3201      	adds	r2, #1
10002a66:	920d      	str	r2, [sp, #52]	@ 0x34
10002a68:	2301      	movs	r3, #1
10002a6a:	e00c      	b.n	10002a86 <_vsnprintf+0x7e>
10002a6c:	f046 0608 	orr.w	r6, r6, #8
10002a70:	3201      	adds	r2, #1
10002a72:	920d      	str	r2, [sp, #52]	@ 0x34
10002a74:	2301      	movs	r3, #1
10002a76:	e006      	b.n	10002a86 <_vsnprintf+0x7e>
10002a78:	f046 0610 	orr.w	r6, r6, #16
10002a7c:	3201      	adds	r2, #1
10002a7e:	920d      	str	r2, [sp, #52]	@ 0x34
10002a80:	2301      	movs	r3, #1
10002a82:	e000      	b.n	10002a86 <_vsnprintf+0x7e>
10002a84:	2300      	movs	r3, #0
10002a86:	b34b      	cbz	r3, 10002adc <_vsnprintf+0xd4>
10002a88:	9a0d      	ldr	r2, [sp, #52]	@ 0x34
10002a8a:	7813      	ldrb	r3, [r2, #0]
10002a8c:	3b20      	subs	r3, #32
10002a8e:	2b10      	cmp	r3, #16
10002a90:	d8f8      	bhi.n	10002a84 <_vsnprintf+0x7c>
10002a92:	a101      	add	r1, pc, #4	@ (adr r1, 10002a98 <_vsnprintf+0x90>)
10002a94:	f851 f023 	ldr.w	pc, [r1, r3, lsl #2]
10002a98:	10002a6d 	.word	0x10002a6d
10002a9c:	10002a85 	.word	0x10002a85
10002aa0:	10002a85 	.word	0x10002a85
10002aa4:	10002a79 	.word	0x10002a79
10002aa8:	10002a85 	.word	0x10002a85
10002aac:	10002a85 	.word	0x10002a85
10002ab0:	10002a85 	.word	0x10002a85
10002ab4:	10002a85 	.word	0x10002a85
10002ab8:	10002a85 	.word	0x10002a85
10002abc:	10002a85 	.word	0x10002a85
10002ac0:	10002a85 	.word	0x10002a85
10002ac4:	10002a61 	.word	0x10002a61
10002ac8:	10002a85 	.word	0x10002a85
10002acc:	10002a55 	.word	0x10002a55
10002ad0:	10002a85 	.word	0x10002a85
10002ad4:	10002a85 	.word	0x10002a85
10002ad8:	10002a49 	.word	0x10002a49
10002adc:	930a      	str	r3, [sp, #40]	@ 0x28
10002ade:	9b0d      	ldr	r3, [sp, #52]	@ 0x34
10002ae0:	781a      	ldrb	r2, [r3, #0]
10002ae2:	f1a2 0330 	sub.w	r3, r2, #48	@ 0x30
10002ae6:	b2db      	uxtb	r3, r3
10002ae8:	2b09      	cmp	r3, #9
10002aea:	d918      	bls.n	10002b1e <_vsnprintf+0x116>
10002aec:	2a2a      	cmp	r2, #42	@ 0x2a
10002aee:	d01b      	beq.n	10002b28 <_vsnprintf+0x120>
10002af0:	9b0a      	ldr	r3, [sp, #40]	@ 0x28
10002af2:	930b      	str	r3, [sp, #44]	@ 0x2c
10002af4:	9b0d      	ldr	r3, [sp, #52]	@ 0x34
10002af6:	781a      	ldrb	r2, [r3, #0]
10002af8:	2a2e      	cmp	r2, #46	@ 0x2e
10002afa:	d025      	beq.n	10002b48 <_vsnprintf+0x140>
10002afc:	9a0d      	ldr	r2, [sp, #52]	@ 0x34
10002afe:	7813      	ldrb	r3, [r2, #0]
10002b00:	3b68      	subs	r3, #104	@ 0x68
10002b02:	2b12      	cmp	r3, #18
10002b04:	d85c      	bhi.n	10002bc0 <_vsnprintf+0x1b8>
10002b06:	e8df f003 	tbb	[pc, r3]
10002b0a:	5b49      	.short	0x5b49
10002b0c:	5b3b5bac 	.word	0x5b3b5bac
10002b10:	5b5b5b5b 	.word	0x5b5b5b5b
10002b14:	5b575b5b 	.word	0x5b575b5b
10002b18:	5b5b5b5b 	.word	0x5b5b5b5b
10002b1c:	b1          	.byte	0xb1
10002b1d:	00          	.byte	0x00
10002b1e:	a80d      	add	r0, sp, #52	@ 0x34
10002b20:	f7ff f9fc 	bl	10001f1c <_atoi>
10002b24:	900b      	str	r0, [sp, #44]	@ 0x2c
10002b26:	e7e5      	b.n	10002af4 <_vsnprintf+0xec>
10002b28:	9b18      	ldr	r3, [sp, #96]	@ 0x60
10002b2a:	1d1a      	adds	r2, r3, #4
10002b2c:	9218      	str	r2, [sp, #96]	@ 0x60
10002b2e:	681b      	ldr	r3, [r3, #0]
10002b30:	2b00      	cmp	r3, #0
10002b32:	db04      	blt.n	10002b3e <_vsnprintf+0x136>
10002b34:	930b      	str	r3, [sp, #44]	@ 0x2c
10002b36:	9b0d      	ldr	r3, [sp, #52]	@ 0x34
10002b38:	3301      	adds	r3, #1
10002b3a:	930d      	str	r3, [sp, #52]	@ 0x34
10002b3c:	e7da      	b.n	10002af4 <_vsnprintf+0xec>
10002b3e:	f046 0602 	orr.w	r6, r6, #2
10002b42:	425b      	negs	r3, r3
10002b44:	930b      	str	r3, [sp, #44]	@ 0x2c
10002b46:	e7f6      	b.n	10002b36 <_vsnprintf+0x12e>
10002b48:	f446 6680 	orr.w	r6, r6, #1024	@ 0x400
10002b4c:	1c5a      	adds	r2, r3, #1
10002b4e:	920d      	str	r2, [sp, #52]	@ 0x34
10002b50:	785a      	ldrb	r2, [r3, #1]
10002b52:	f1a2 0330 	sub.w	r3, r2, #48	@ 0x30
10002b56:	b2db      	uxtb	r3, r3
10002b58:	2b09      	cmp	r3, #9
10002b5a:	d90c      	bls.n	10002b76 <_vsnprintf+0x16e>
10002b5c:	2a2a      	cmp	r2, #42	@ 0x2a
10002b5e:	d1cd      	bne.n	10002afc <_vsnprintf+0xf4>
10002b60:	9b18      	ldr	r3, [sp, #96]	@ 0x60
10002b62:	1d1a      	adds	r2, r3, #4
10002b64:	9218      	str	r2, [sp, #96]	@ 0x60
10002b66:	681c      	ldr	r4, [r3, #0]
10002b68:	ea24 73e4 	bic.w	r3, r4, r4, asr #31
10002b6c:	930a      	str	r3, [sp, #40]	@ 0x28
10002b6e:	9b0d      	ldr	r3, [sp, #52]	@ 0x34
10002b70:	3301      	adds	r3, #1
10002b72:	930d      	str	r3, [sp, #52]	@ 0x34
10002b74:	e7c2      	b.n	10002afc <_vsnprintf+0xf4>
10002b76:	a80d      	add	r0, sp, #52	@ 0x34
10002b78:	f7ff f9d0 	bl	10001f1c <_atoi>
10002b7c:	900a      	str	r0, [sp, #40]	@ 0x28
10002b7e:	e7bd      	b.n	10002afc <_vsnprintf+0xf4>
10002b80:	f446 7180 	orr.w	r1, r6, #256	@ 0x100
10002b84:	1c53      	adds	r3, r2, #1
10002b86:	930d      	str	r3, [sp, #52]	@ 0x34
10002b88:	7853      	ldrb	r3, [r2, #1]
10002b8a:	2b6c      	cmp	r3, #108	@ 0x6c
10002b8c:	d001      	beq.n	10002b92 <_vsnprintf+0x18a>
10002b8e:	460e      	mov	r6, r1
10002b90:	e016      	b.n	10002bc0 <_vsnprintf+0x1b8>
10002b92:	f446 7640 	orr.w	r6, r6, #768	@ 0x300
10002b96:	3202      	adds	r2, #2
10002b98:	920d      	str	r2, [sp, #52]	@ 0x34
10002b9a:	e011      	b.n	10002bc0 <_vsnprintf+0x1b8>
10002b9c:	f046 0180 	orr.w	r1, r6, #128	@ 0x80
10002ba0:	1c53      	adds	r3, r2, #1
10002ba2:	930d      	str	r3, [sp, #52]	@ 0x34
10002ba4:	7853      	ldrb	r3, [r2, #1]
10002ba6:	2b68      	cmp	r3, #104	@ 0x68
10002ba8:	d001      	beq.n	10002bae <_vsnprintf+0x1a6>
10002baa:	460e      	mov	r6, r1
10002bac:	e008      	b.n	10002bc0 <_vsnprintf+0x1b8>
10002bae:	f046 06c0 	orr.w	r6, r6, #192	@ 0xc0
10002bb2:	3202      	adds	r2, #2
10002bb4:	920d      	str	r2, [sp, #52]	@ 0x34
10002bb6:	e003      	b.n	10002bc0 <_vsnprintf+0x1b8>
10002bb8:	f446 7680 	orr.w	r6, r6, #256	@ 0x100
10002bbc:	3201      	adds	r2, #1
10002bbe:	920d      	str	r2, [sp, #52]	@ 0x34
10002bc0:	9b0d      	ldr	r3, [sp, #52]	@ 0x34
10002bc2:	7818      	ldrb	r0, [r3, #0]
10002bc4:	2867      	cmp	r0, #103	@ 0x67
10002bc6:	d856      	bhi.n	10002c76 <_vsnprintf+0x26e>
10002bc8:	2825      	cmp	r0, #37	@ 0x25
10002bca:	f0c0 826c 	bcc.w	100030a6 <_vsnprintf+0x69e>
10002bce:	f1a0 0325 	sub.w	r3, r0, #37	@ 0x25
10002bd2:	2b42      	cmp	r3, #66	@ 0x42
10002bd4:	f200 8267 	bhi.w	100030a6 <_vsnprintf+0x69e>
10002bd8:	e8df f013 	tbh	[pc, r3, lsl #1]
10002bdc:	0265025a 	.word	0x0265025a
10002be0:	02650265 	.word	0x02650265
10002be4:	02650265 	.word	0x02650265
10002be8:	02650265 	.word	0x02650265
10002bec:	02650265 	.word	0x02650265
10002bf0:	02650265 	.word	0x02650265
10002bf4:	02650265 	.word	0x02650265
10002bf8:	02650265 	.word	0x02650265
10002bfc:	02650265 	.word	0x02650265
10002c00:	02650265 	.word	0x02650265
10002c04:	02650265 	.word	0x02650265
10002c08:	02650265 	.word	0x02650265
10002c0c:	02650265 	.word	0x02650265
10002c10:	02650265 	.word	0x02650265
10002c14:	02650265 	.word	0x02650265
10002c18:	02650265 	.word	0x02650265
10002c1c:	01680188 	.word	0x01680188
10002c20:	02650188 	.word	0x02650188
10002c24:	02650265 	.word	0x02650265
10002c28:	02650265 	.word	0x02650265
10002c2c:	02650265 	.word	0x02650265
10002c30:	02650265 	.word	0x02650265
10002c34:	02650265 	.word	0x02650265
10002c38:	02650265 	.word	0x02650265
10002c3c:	02650265 	.word	0x02650265
10002c40:	00710265 	.word	0x00710265
10002c44:	02650265 	.word	0x02650265
10002c48:	02650265 	.word	0x02650265
10002c4c:	02650265 	.word	0x02650265
10002c50:	02650265 	.word	0x02650265
10002c54:	00710265 	.word	0x00710265
10002c58:	007101af 	.word	0x007101af
10002c5c:	01680188 	.word	0x01680188
10002c60:	0188      	.short	0x0188
10002c62:	f446 7600 	orr.w	r6, r6, #512	@ 0x200
10002c66:	3201      	adds	r2, #1
10002c68:	920d      	str	r2, [sp, #52]	@ 0x34
10002c6a:	e7a9      	b.n	10002bc0 <_vsnprintf+0x1b8>
10002c6c:	f446 7680 	orr.w	r6, r6, #256	@ 0x100
10002c70:	3201      	adds	r2, #1
10002c72:	920d      	str	r2, [sp, #52]	@ 0x34
10002c74:	e7a4      	b.n	10002bc0 <_vsnprintf+0x1b8>
10002c76:	2878      	cmp	r0, #120	@ 0x78
10002c78:	f200 8215 	bhi.w	100030a6 <_vsnprintf+0x69e>
10002c7c:	2869      	cmp	r0, #105	@ 0x69
10002c7e:	f0c0 8212 	bcc.w	100030a6 <_vsnprintf+0x69e>
10002c82:	f1a0 0269 	sub.w	r2, r0, #105	@ 0x69
10002c86:	b2d2      	uxtb	r2, r2
10002c88:	2301      	movs	r3, #1
10002c8a:	4093      	lsls	r3, r2
10002c8c:	f249 0241 	movw	r2, #36929	@ 0x9041
10002c90:	4213      	tst	r3, r2
10002c92:	d114      	bne.n	10002cbe <_vsnprintf+0x2b6>
10002c94:	f013 0f80 	tst.w	r3, #128	@ 0x80
10002c98:	f040 81df 	bne.w	1000305a <_vsnprintf+0x652>
10002c9c:	f413 6f80 	tst.w	r3, #1024	@ 0x400
10002ca0:	f000 8201 	beq.w	100030a6 <_vsnprintf+0x69e>
10002ca4:	9b18      	ldr	r3, [sp, #96]	@ 0x60
10002ca6:	1d1a      	adds	r2, r3, #4
10002ca8:	9218      	str	r2, [sp, #96]	@ 0x60
10002caa:	f8d3 a000 	ldr.w	sl, [r3]
10002cae:	9b0a      	ldr	r3, [sp, #40]	@ 0x28
10002cb0:	2b00      	cmp	r3, #0
10002cb2:	f040 8190 	bne.w	10002fd6 <_vsnprintf+0x5ce>
10002cb6:	f04f 32ff 	mov.w	r2, #4294967295	@ 0xffffffff
10002cba:	4653      	mov	r3, sl
10002cbc:	e174      	b.n	10002fa8 <_vsnprintf+0x5a0>
10002cbe:	286f      	cmp	r0, #111	@ 0x6f
10002cc0:	d03d      	beq.n	10002d3e <_vsnprintf+0x336>
10002cc2:	d805      	bhi.n	10002cd0 <_vsnprintf+0x2c8>
10002cc4:	2858      	cmp	r0, #88	@ 0x58
10002cc6:	d03c      	beq.n	10002d42 <_vsnprintf+0x33a>
10002cc8:	2862      	cmp	r0, #98	@ 0x62
10002cca:	d103      	bne.n	10002cd4 <_vsnprintf+0x2cc>
10002ccc:	2302      	movs	r3, #2
10002cce:	e004      	b.n	10002cda <_vsnprintf+0x2d2>
10002cd0:	2878      	cmp	r0, #120	@ 0x78
10002cd2:	d038      	beq.n	10002d46 <_vsnprintf+0x33e>
10002cd4:	f026 0610 	bic.w	r6, r6, #16
10002cd8:	230a      	movs	r3, #10
10002cda:	2858      	cmp	r0, #88	@ 0x58
10002cdc:	d035      	beq.n	10002d4a <_vsnprintf+0x342>
10002cde:	2869      	cmp	r0, #105	@ 0x69
10002ce0:	d003      	beq.n	10002cea <_vsnprintf+0x2e2>
10002ce2:	2864      	cmp	r0, #100	@ 0x64
10002ce4:	d001      	beq.n	10002cea <_vsnprintf+0x2e2>
10002ce6:	f026 060c 	bic.w	r6, r6, #12
10002cea:	f416 6f80 	tst.w	r6, #1024	@ 0x400
10002cee:	d001      	beq.n	10002cf4 <_vsnprintf+0x2ec>
10002cf0:	f026 0601 	bic.w	r6, r6, #1
10002cf4:	2869      	cmp	r0, #105	@ 0x69
10002cf6:	d02b      	beq.n	10002d50 <_vsnprintf+0x348>
10002cf8:	2864      	cmp	r0, #100	@ 0x64
10002cfa:	d029      	beq.n	10002d50 <_vsnprintf+0x348>
10002cfc:	f416 7f00 	tst.w	r6, #512	@ 0x200
10002d00:	f040 8096 	bne.w	10002e30 <_vsnprintf+0x428>
10002d04:	f416 7f80 	tst.w	r6, #256	@ 0x100
10002d08:	f040 80ae 	bne.w	10002e68 <_vsnprintf+0x460>
10002d0c:	f016 0f40 	tst.w	r6, #64	@ 0x40
10002d10:	f000 80bf 	beq.w	10002e92 <_vsnprintf+0x48a>
10002d14:	9a18      	ldr	r2, [sp, #96]	@ 0x60
10002d16:	1d11      	adds	r1, r2, #4
10002d18:	9118      	str	r1, [sp, #96]	@ 0x60
10002d1a:	7812      	ldrb	r2, [r2, #0]
10002d1c:	9605      	str	r6, [sp, #20]
10002d1e:	990b      	ldr	r1, [sp, #44]	@ 0x2c
10002d20:	9104      	str	r1, [sp, #16]
10002d22:	990a      	ldr	r1, [sp, #40]	@ 0x28
10002d24:	9103      	str	r1, [sp, #12]
10002d26:	9302      	str	r3, [sp, #8]
10002d28:	2300      	movs	r3, #0
10002d2a:	9301      	str	r3, [sp, #4]
10002d2c:	9200      	str	r2, [sp, #0]
10002d2e:	463b      	mov	r3, r7
10002d30:	462a      	mov	r2, r5
10002d32:	4649      	mov	r1, r9
10002d34:	4640      	mov	r0, r8
10002d36:	f7ff f9dd 	bl	100020f4 <_ntoa_long>
10002d3a:	4605      	mov	r5, r0
10002d3c:	e029      	b.n	10002d92 <_vsnprintf+0x38a>
10002d3e:	2308      	movs	r3, #8
10002d40:	e7cb      	b.n	10002cda <_vsnprintf+0x2d2>
10002d42:	2310      	movs	r3, #16
10002d44:	e7c9      	b.n	10002cda <_vsnprintf+0x2d2>
10002d46:	2310      	movs	r3, #16
10002d48:	e7c7      	b.n	10002cda <_vsnprintf+0x2d2>
10002d4a:	f046 0620 	orr.w	r6, r6, #32
10002d4e:	e7c6      	b.n	10002cde <_vsnprintf+0x2d6>
10002d50:	f416 7f00 	tst.w	r6, #512	@ 0x200
10002d54:	d121      	bne.n	10002d9a <_vsnprintf+0x392>
10002d56:	f416 7f80 	tst.w	r6, #256	@ 0x100
10002d5a:	d142      	bne.n	10002de2 <_vsnprintf+0x3da>
10002d5c:	f016 0f40 	tst.w	r6, #64	@ 0x40
10002d60:	d058      	beq.n	10002e14 <_vsnprintf+0x40c>
10002d62:	9a18      	ldr	r2, [sp, #96]	@ 0x60
10002d64:	1d11      	adds	r1, r2, #4
10002d66:	9118      	str	r1, [sp, #96]	@ 0x60
10002d68:	7812      	ldrb	r2, [r2, #0]
10002d6a:	ea82 71e2 	eor.w	r1, r2, r2, asr #31
10002d6e:	eba1 71e2 	sub.w	r1, r1, r2, asr #31
10002d72:	9605      	str	r6, [sp, #20]
10002d74:	980b      	ldr	r0, [sp, #44]	@ 0x2c
10002d76:	9004      	str	r0, [sp, #16]
10002d78:	980a      	ldr	r0, [sp, #40]	@ 0x28
10002d7a:	9003      	str	r0, [sp, #12]
10002d7c:	9302      	str	r3, [sp, #8]
10002d7e:	0fd2      	lsrs	r2, r2, #31
10002d80:	9201      	str	r2, [sp, #4]
10002d82:	9100      	str	r1, [sp, #0]
10002d84:	463b      	mov	r3, r7
10002d86:	462a      	mov	r2, r5
10002d88:	4649      	mov	r1, r9
10002d8a:	4640      	mov	r0, r8
10002d8c:	f7ff f9b2 	bl	100020f4 <_ntoa_long>
10002d90:	4605      	mov	r5, r0
10002d92:	9b0d      	ldr	r3, [sp, #52]	@ 0x34
10002d94:	3301      	adds	r3, #1
10002d96:	930d      	str	r3, [sp, #52]	@ 0x34
10002d98:	e64b      	b.n	10002a32 <_vsnprintf+0x2a>
10002d9a:	9a18      	ldr	r2, [sp, #96]	@ 0x60
10002d9c:	3207      	adds	r2, #7
10002d9e:	f022 0207 	bic.w	r2, r2, #7
10002da2:	f102 0108 	add.w	r1, r2, #8
10002da6:	9118      	str	r1, [sp, #96]	@ 0x60
10002da8:	6851      	ldr	r1, [r2, #4]
10002daa:	6812      	ldr	r2, [r2, #0]
10002dac:	4608      	mov	r0, r1
10002dae:	2900      	cmp	r1, #0
10002db0:	db13      	blt.n	10002dda <_vsnprintf+0x3d2>
10002db2:	9608      	str	r6, [sp, #32]
10002db4:	9c0b      	ldr	r4, [sp, #44]	@ 0x2c
10002db6:	9407      	str	r4, [sp, #28]
10002db8:	9c0a      	ldr	r4, [sp, #40]	@ 0x28
10002dba:	9406      	str	r4, [sp, #24]
10002dbc:	9304      	str	r3, [sp, #16]
10002dbe:	2300      	movs	r3, #0
10002dc0:	9305      	str	r3, [sp, #20]
10002dc2:	0fc9      	lsrs	r1, r1, #31
10002dc4:	9102      	str	r1, [sp, #8]
10002dc6:	9200      	str	r2, [sp, #0]
10002dc8:	9001      	str	r0, [sp, #4]
10002dca:	463b      	mov	r3, r7
10002dcc:	462a      	mov	r2, r5
10002dce:	4649      	mov	r1, r9
10002dd0:	4640      	mov	r0, r8
10002dd2:	f7ff f9d9 	bl	10002188 <_ntoa_long_long>
10002dd6:	4605      	mov	r5, r0
10002dd8:	e7db      	b.n	10002d92 <_vsnprintf+0x38a>
10002dda:	4252      	negs	r2, r2
10002ddc:	eb61 0041 	sbc.w	r0, r1, r1, lsl #1
10002de0:	e7e7      	b.n	10002db2 <_vsnprintf+0x3aa>
10002de2:	9a18      	ldr	r2, [sp, #96]	@ 0x60
10002de4:	1d11      	adds	r1, r2, #4
10002de6:	9118      	str	r1, [sp, #96]	@ 0x60
10002de8:	6812      	ldr	r2, [r2, #0]
10002dea:	ea82 71e2 	eor.w	r1, r2, r2, asr #31
10002dee:	eba1 71e2 	sub.w	r1, r1, r2, asr #31
10002df2:	9605      	str	r6, [sp, #20]
10002df4:	980b      	ldr	r0, [sp, #44]	@ 0x2c
10002df6:	9004      	str	r0, [sp, #16]
10002df8:	980a      	ldr	r0, [sp, #40]	@ 0x28
10002dfa:	9003      	str	r0, [sp, #12]
10002dfc:	9302      	str	r3, [sp, #8]
10002dfe:	0fd2      	lsrs	r2, r2, #31
10002e00:	9201      	str	r2, [sp, #4]
10002e02:	9100      	str	r1, [sp, #0]
10002e04:	463b      	mov	r3, r7
10002e06:	462a      	mov	r2, r5
10002e08:	4649      	mov	r1, r9
10002e0a:	4640      	mov	r0, r8
10002e0c:	f7ff f972 	bl	100020f4 <_ntoa_long>
10002e10:	4605      	mov	r5, r0
10002e12:	e7be      	b.n	10002d92 <_vsnprintf+0x38a>
10002e14:	f016 0f80 	tst.w	r6, #128	@ 0x80
10002e18:	d005      	beq.n	10002e26 <_vsnprintf+0x41e>
10002e1a:	9a18      	ldr	r2, [sp, #96]	@ 0x60
10002e1c:	1d11      	adds	r1, r2, #4
10002e1e:	9118      	str	r1, [sp, #96]	@ 0x60
10002e20:	f9b2 2000 	ldrsh.w	r2, [r2]
10002e24:	e7a1      	b.n	10002d6a <_vsnprintf+0x362>
10002e26:	9a18      	ldr	r2, [sp, #96]	@ 0x60
10002e28:	1d11      	adds	r1, r2, #4
10002e2a:	9118      	str	r1, [sp, #96]	@ 0x60
10002e2c:	6812      	ldr	r2, [r2, #0]
10002e2e:	e79c      	b.n	10002d6a <_vsnprintf+0x362>
10002e30:	9a18      	ldr	r2, [sp, #96]	@ 0x60
10002e32:	3207      	adds	r2, #7
10002e34:	f022 0207 	bic.w	r2, r2, #7
10002e38:	f102 0108 	add.w	r1, r2, #8
10002e3c:	9118      	str	r1, [sp, #96]	@ 0x60
10002e3e:	9608      	str	r6, [sp, #32]
10002e40:	990b      	ldr	r1, [sp, #44]	@ 0x2c
10002e42:	9107      	str	r1, [sp, #28]
10002e44:	990a      	ldr	r1, [sp, #40]	@ 0x28
10002e46:	9106      	str	r1, [sp, #24]
10002e48:	2100      	movs	r1, #0
10002e4a:	9304      	str	r3, [sp, #16]
10002e4c:	9105      	str	r1, [sp, #20]
10002e4e:	9102      	str	r1, [sp, #8]
10002e50:	e9d2 2300 	ldrd	r2, r3, [r2]
10002e54:	e9cd 2300 	strd	r2, r3, [sp]
10002e58:	463b      	mov	r3, r7
10002e5a:	462a      	mov	r2, r5
10002e5c:	4649      	mov	r1, r9
10002e5e:	4640      	mov	r0, r8
10002e60:	f7ff f992 	bl	10002188 <_ntoa_long_long>
10002e64:	4605      	mov	r5, r0
10002e66:	e794      	b.n	10002d92 <_vsnprintf+0x38a>
10002e68:	9a18      	ldr	r2, [sp, #96]	@ 0x60
10002e6a:	1d11      	adds	r1, r2, #4
10002e6c:	9118      	str	r1, [sp, #96]	@ 0x60
10002e6e:	9605      	str	r6, [sp, #20]
10002e70:	990b      	ldr	r1, [sp, #44]	@ 0x2c
10002e72:	9104      	str	r1, [sp, #16]
10002e74:	990a      	ldr	r1, [sp, #40]	@ 0x28
10002e76:	9103      	str	r1, [sp, #12]
10002e78:	9302      	str	r3, [sp, #8]
10002e7a:	2300      	movs	r3, #0
10002e7c:	9301      	str	r3, [sp, #4]
10002e7e:	6813      	ldr	r3, [r2, #0]
10002e80:	9300      	str	r3, [sp, #0]
10002e82:	463b      	mov	r3, r7
10002e84:	462a      	mov	r2, r5
10002e86:	4649      	mov	r1, r9
10002e88:	4640      	mov	r0, r8
10002e8a:	f7ff f933 	bl	100020f4 <_ntoa_long>
10002e8e:	4605      	mov	r5, r0
10002e90:	e77f      	b.n	10002d92 <_vsnprintf+0x38a>
10002e92:	f016 0f80 	tst.w	r6, #128	@ 0x80
10002e96:	d004      	beq.n	10002ea2 <_vsnprintf+0x49a>
10002e98:	9a18      	ldr	r2, [sp, #96]	@ 0x60
10002e9a:	1d11      	adds	r1, r2, #4
10002e9c:	9118      	str	r1, [sp, #96]	@ 0x60
10002e9e:	8812      	ldrh	r2, [r2, #0]
10002ea0:	e73c      	b.n	10002d1c <_vsnprintf+0x314>
10002ea2:	9a18      	ldr	r2, [sp, #96]	@ 0x60
10002ea4:	1d11      	adds	r1, r2, #4
10002ea6:	9118      	str	r1, [sp, #96]	@ 0x60
10002ea8:	6812      	ldr	r2, [r2, #0]
10002eaa:	e737      	b.n	10002d1c <_vsnprintf+0x314>
10002eac:	2846      	cmp	r0, #70	@ 0x46
10002eae:	d01a      	beq.n	10002ee6 <_vsnprintf+0x4de>
10002eb0:	9b18      	ldr	r3, [sp, #96]	@ 0x60
10002eb2:	3307      	adds	r3, #7
10002eb4:	f023 0307 	bic.w	r3, r3, #7
10002eb8:	f103 0208 	add.w	r2, r3, #8
10002ebc:	9218      	str	r2, [sp, #96]	@ 0x60
10002ebe:	9604      	str	r6, [sp, #16]
10002ec0:	9a0b      	ldr	r2, [sp, #44]	@ 0x2c
10002ec2:	9203      	str	r2, [sp, #12]
10002ec4:	9a0a      	ldr	r2, [sp, #40]	@ 0x28
10002ec6:	9202      	str	r2, [sp, #8]
10002ec8:	e9d3 2300 	ldrd	r2, r3, [r3]
10002ecc:	e9cd 2300 	strd	r2, r3, [sp]
10002ed0:	463b      	mov	r3, r7
10002ed2:	462a      	mov	r2, r5
10002ed4:	4649      	mov	r1, r9
10002ed6:	4640      	mov	r0, r8
10002ed8:	f7ff fbca 	bl	10002670 <_ftoa>
10002edc:	4605      	mov	r5, r0
10002ede:	9b0d      	ldr	r3, [sp, #52]	@ 0x34
10002ee0:	3301      	adds	r3, #1
10002ee2:	930d      	str	r3, [sp, #52]	@ 0x34
10002ee4:	e5a5      	b.n	10002a32 <_vsnprintf+0x2a>
10002ee6:	f046 0620 	orr.w	r6, r6, #32
10002eea:	e7e1      	b.n	10002eb0 <_vsnprintf+0x4a8>
10002eec:	2867      	cmp	r0, #103	@ 0x67
10002eee:	d001      	beq.n	10002ef4 <_vsnprintf+0x4ec>
10002ef0:	2847      	cmp	r0, #71	@ 0x47
10002ef2:	d101      	bne.n	10002ef8 <_vsnprintf+0x4f0>
10002ef4:	f446 6600 	orr.w	r6, r6, #2048	@ 0x800
10002ef8:	2845      	cmp	r0, #69	@ 0x45
10002efa:	d001      	beq.n	10002f00 <_vsnprintf+0x4f8>
10002efc:	2847      	cmp	r0, #71	@ 0x47
10002efe:	d101      	bne.n	10002f04 <_vsnprintf+0x4fc>
10002f00:	f046 0620 	orr.w	r6, r6, #32
10002f04:	9b18      	ldr	r3, [sp, #96]	@ 0x60
10002f06:	3307      	adds	r3, #7
10002f08:	f023 0307 	bic.w	r3, r3, #7
10002f0c:	f103 0208 	add.w	r2, r3, #8
10002f10:	9218      	str	r2, [sp, #96]	@ 0x60
10002f12:	9604      	str	r6, [sp, #16]
10002f14:	9a0b      	ldr	r2, [sp, #44]	@ 0x2c
10002f16:	9203      	str	r2, [sp, #12]
10002f18:	9a0a      	ldr	r2, [sp, #40]	@ 0x28
10002f1a:	9202      	str	r2, [sp, #8]
10002f1c:	e9d3 2300 	ldrd	r2, r3, [r3]
10002f20:	e9cd 2300 	strd	r2, r3, [sp]
10002f24:	463b      	mov	r3, r7
10002f26:	462a      	mov	r2, r5
10002f28:	4649      	mov	r1, r9
10002f2a:	4640      	mov	r0, r8
10002f2c:	f7ff f990 	bl	10002250 <_etoa>
10002f30:	4605      	mov	r5, r0
10002f32:	9b0d      	ldr	r3, [sp, #52]	@ 0x34
10002f34:	3301      	adds	r3, #1
10002f36:	930d      	str	r3, [sp, #52]	@ 0x34
10002f38:	e57b      	b.n	10002a32 <_vsnprintf+0x2a>
10002f3a:	f016 0602 	ands.w	r6, r6, #2
10002f3e:	d01c      	beq.n	10002f7a <_vsnprintf+0x572>
10002f40:	2401      	movs	r4, #1
10002f42:	9818      	ldr	r0, [sp, #96]	@ 0x60
10002f44:	1d03      	adds	r3, r0, #4
10002f46:	9318      	str	r3, [sp, #96]	@ 0x60
10002f48:	f105 0a01 	add.w	sl, r5, #1
10002f4c:	463b      	mov	r3, r7
10002f4e:	462a      	mov	r2, r5
10002f50:	4649      	mov	r1, r9
10002f52:	7800      	ldrb	r0, [r0, #0]
10002f54:	47c0      	blx	r8
10002f56:	b9ae      	cbnz	r6, 10002f84 <_vsnprintf+0x57c>
10002f58:	9b0d      	ldr	r3, [sp, #52]	@ 0x34
10002f5a:	3301      	adds	r3, #1
10002f5c:	930d      	str	r3, [sp, #52]	@ 0x34
10002f5e:	4655      	mov	r5, sl
10002f60:	e567      	b.n	10002a32 <_vsnprintf+0x2a>
10002f62:	1c55      	adds	r5, r2, #1
10002f64:	463b      	mov	r3, r7
10002f66:	4649      	mov	r1, r9
10002f68:	2020      	movs	r0, #32
10002f6a:	47c0      	blx	r8
10002f6c:	4623      	mov	r3, r4
10002f6e:	462a      	mov	r2, r5
10002f70:	1c5c      	adds	r4, r3, #1
10002f72:	459a      	cmp	sl, r3
10002f74:	d8f5      	bhi.n	10002f62 <_vsnprintf+0x55a>
10002f76:	4615      	mov	r5, r2
10002f78:	e7e3      	b.n	10002f42 <_vsnprintf+0x53a>
10002f7a:	2301      	movs	r3, #1
10002f7c:	f8dd a02c 	ldr.w	sl, [sp, #44]	@ 0x2c
10002f80:	462a      	mov	r2, r5
10002f82:	e7f5      	b.n	10002f70 <_vsnprintf+0x568>
10002f84:	4652      	mov	r2, sl
10002f86:	f8dd a02c 	ldr.w	sl, [sp, #44]	@ 0x2c
10002f8a:	e006      	b.n	10002f9a <_vsnprintf+0x592>
10002f8c:	1c56      	adds	r6, r2, #1
10002f8e:	463b      	mov	r3, r7
10002f90:	4649      	mov	r1, r9
10002f92:	2020      	movs	r0, #32
10002f94:	47c0      	blx	r8
10002f96:	462c      	mov	r4, r5
10002f98:	4632      	mov	r2, r6
10002f9a:	1c65      	adds	r5, r4, #1
10002f9c:	45a2      	cmp	sl, r4
10002f9e:	d8f5      	bhi.n	10002f8c <_vsnprintf+0x584>
10002fa0:	4692      	mov	sl, r2
10002fa2:	e7d9      	b.n	10002f58 <_vsnprintf+0x550>
10002fa4:	3301      	adds	r3, #1
10002fa6:	460a      	mov	r2, r1
10002fa8:	7819      	ldrb	r1, [r3, #0]
10002faa:	b111      	cbz	r1, 10002fb2 <_vsnprintf+0x5aa>
10002fac:	1e51      	subs	r1, r2, #1
10002fae:	2a00      	cmp	r2, #0
10002fb0:	d1f8      	bne.n	10002fa4 <_vsnprintf+0x59c>
10002fb2:	eba3 030a 	sub.w	r3, r3, sl
10002fb6:	f416 6b80 	ands.w	fp, r6, #1024	@ 0x400
10002fba:	d003      	beq.n	10002fc4 <_vsnprintf+0x5bc>
10002fbc:	9a0a      	ldr	r2, [sp, #40]	@ 0x28
10002fbe:	4293      	cmp	r3, r2
10002fc0:	bf28      	it	cs
10002fc2:	4613      	movcs	r3, r2
10002fc4:	f016 0402 	ands.w	r4, r6, #2
10002fc8:	d007      	beq.n	10002fda <_vsnprintf+0x5d2>
10002fca:	940c      	str	r4, [sp, #48]	@ 0x30
10002fcc:	9e0a      	ldr	r6, [sp, #40]	@ 0x28
10002fce:	462a      	mov	r2, r5
10002fd0:	465d      	mov	r5, fp
10002fd2:	469b      	mov	fp, r3
10002fd4:	e023      	b.n	1000301e <_vsnprintf+0x616>
10002fd6:	9a0a      	ldr	r2, [sp, #40]	@ 0x28
10002fd8:	e66f      	b.n	10002cba <_vsnprintf+0x2b2>
10002fda:	f8cd b030 	str.w	fp, [sp, #48]	@ 0x30
10002fde:	462a      	mov	r2, r5
10002fe0:	4625      	mov	r5, r4
10002fe2:	9c0b      	ldr	r4, [sp, #44]	@ 0x2c
10002fe4:	e007      	b.n	10002ff6 <_vsnprintf+0x5ee>
10002fe6:	f102 0b01 	add.w	fp, r2, #1
10002fea:	463b      	mov	r3, r7
10002fec:	4649      	mov	r1, r9
10002fee:	2020      	movs	r0, #32
10002ff0:	47c0      	blx	r8
10002ff2:	4633      	mov	r3, r6
10002ff4:	465a      	mov	r2, fp
10002ff6:	1c5e      	adds	r6, r3, #1
10002ff8:	429c      	cmp	r4, r3
10002ffa:	d8f4      	bhi.n	10002fe6 <_vsnprintf+0x5de>
10002ffc:	f8dd b030 	ldr.w	fp, [sp, #48]	@ 0x30
10003000:	462c      	mov	r4, r5
10003002:	4633      	mov	r3, r6
10003004:	940c      	str	r4, [sp, #48]	@ 0x30
10003006:	9e0a      	ldr	r6, [sp, #40]	@ 0x28
10003008:	465d      	mov	r5, fp
1000300a:	469b      	mov	fp, r3
1000300c:	e007      	b.n	1000301e <_vsnprintf+0x616>
1000300e:	461e      	mov	r6, r3
10003010:	f10a 0a01 	add.w	sl, sl, #1
10003014:	1c54      	adds	r4, r2, #1
10003016:	463b      	mov	r3, r7
10003018:	4649      	mov	r1, r9
1000301a:	47c0      	blx	r8
1000301c:	4622      	mov	r2, r4
1000301e:	f89a 0000 	ldrb.w	r0, [sl]
10003022:	b120      	cbz	r0, 1000302e <_vsnprintf+0x626>
10003024:	2d00      	cmp	r5, #0
10003026:	d0f3      	beq.n	10003010 <_vsnprintf+0x608>
10003028:	1e73      	subs	r3, r6, #1
1000302a:	2e00      	cmp	r6, #0
1000302c:	d1ef      	bne.n	1000300e <_vsnprintf+0x606>
1000302e:	9c0c      	ldr	r4, [sp, #48]	@ 0x30
10003030:	4615      	mov	r5, r2
10003032:	465b      	mov	r3, fp
10003034:	b91c      	cbnz	r4, 1000303e <_vsnprintf+0x636>
10003036:	9b0d      	ldr	r3, [sp, #52]	@ 0x34
10003038:	3301      	adds	r3, #1
1000303a:	930d      	str	r3, [sp, #52]	@ 0x34
1000303c:	e4f9      	b.n	10002a32 <_vsnprintf+0x2a>
1000303e:	9e0b      	ldr	r6, [sp, #44]	@ 0x2c
10003040:	e006      	b.n	10003050 <_vsnprintf+0x648>
10003042:	1c55      	adds	r5, r2, #1
10003044:	463b      	mov	r3, r7
10003046:	4649      	mov	r1, r9
10003048:	2020      	movs	r0, #32
1000304a:	47c0      	blx	r8
1000304c:	4623      	mov	r3, r4
1000304e:	462a      	mov	r2, r5
10003050:	1c5c      	adds	r4, r3, #1
10003052:	429e      	cmp	r6, r3
10003054:	d8f5      	bhi.n	10003042 <_vsnprintf+0x63a>
10003056:	4615      	mov	r5, r2
10003058:	e7ed      	b.n	10003036 <_vsnprintf+0x62e>
1000305a:	f046 0621 	orr.w	r6, r6, #33	@ 0x21
1000305e:	9b18      	ldr	r3, [sp, #96]	@ 0x60
10003060:	1d1a      	adds	r2, r3, #4
10003062:	9218      	str	r2, [sp, #96]	@ 0x60
10003064:	681b      	ldr	r3, [r3, #0]
10003066:	9605      	str	r6, [sp, #20]
10003068:	2208      	movs	r2, #8
1000306a:	9204      	str	r2, [sp, #16]
1000306c:	9a0a      	ldr	r2, [sp, #40]	@ 0x28
1000306e:	9203      	str	r2, [sp, #12]
10003070:	2210      	movs	r2, #16
10003072:	9202      	str	r2, [sp, #8]
10003074:	2200      	movs	r2, #0
10003076:	9201      	str	r2, [sp, #4]
10003078:	9300      	str	r3, [sp, #0]
1000307a:	463b      	mov	r3, r7
1000307c:	462a      	mov	r2, r5
1000307e:	4649      	mov	r1, r9
10003080:	4640      	mov	r0, r8
10003082:	f7ff f837 	bl	100020f4 <_ntoa_long>
10003086:	4605      	mov	r5, r0
10003088:	9b0d      	ldr	r3, [sp, #52]	@ 0x34
1000308a:	3301      	adds	r3, #1
1000308c:	930d      	str	r3, [sp, #52]	@ 0x34
1000308e:	e4d0      	b.n	10002a32 <_vsnprintf+0x2a>
10003090:	1c6c      	adds	r4, r5, #1
10003092:	463b      	mov	r3, r7
10003094:	462a      	mov	r2, r5
10003096:	4649      	mov	r1, r9
10003098:	2025      	movs	r0, #37	@ 0x25
1000309a:	47c0      	blx	r8
1000309c:	9b0d      	ldr	r3, [sp, #52]	@ 0x34
1000309e:	3301      	adds	r3, #1
100030a0:	930d      	str	r3, [sp, #52]	@ 0x34
100030a2:	4625      	mov	r5, r4
100030a4:	e4c5      	b.n	10002a32 <_vsnprintf+0x2a>
100030a6:	1c6c      	adds	r4, r5, #1
100030a8:	463b      	mov	r3, r7
100030aa:	462a      	mov	r2, r5
100030ac:	4649      	mov	r1, r9
100030ae:	47c0      	blx	r8
100030b0:	9b0d      	ldr	r3, [sp, #52]	@ 0x34
100030b2:	3301      	adds	r3, #1
100030b4:	930d      	str	r3, [sp, #52]	@ 0x34
100030b6:	4625      	mov	r5, r4
100030b8:	e4bb      	b.n	10002a32 <_vsnprintf+0x2a>
100030ba:	f8df 8020 	ldr.w	r8, [pc, #32]	@ 100030dc <_vsnprintf+0x6d4>
100030be:	e4ad      	b.n	10002a1c <_vsnprintf+0x14>
100030c0:	42bd      	cmp	r5, r7
100030c2:	d308      	bcc.n	100030d6 <_vsnprintf+0x6ce>
100030c4:	1e7a      	subs	r2, r7, #1
100030c6:	463b      	mov	r3, r7
100030c8:	4649      	mov	r1, r9
100030ca:	2000      	movs	r0, #0
100030cc:	47c0      	blx	r8
100030ce:	4628      	mov	r0, r5
100030d0:	b00f      	add	sp, #60	@ 0x3c
100030d2:	e8bd 8ff0 	ldmia.w	sp!, {r4, r5, r6, r7, r8, r9, sl, fp, pc}
100030d6:	462a      	mov	r2, r5
100030d8:	e7f5      	b.n	100030c6 <_vsnprintf+0x6be>
100030da:	bf00      	nop
100030dc:	10001f0d 	.word	0x10001f0d

100030e0 <vfctprintf>:
100030e0:	b500      	push	{lr}
100030e2:	b085      	sub	sp, #20
100030e4:	9002      	str	r0, [sp, #8]
100030e6:	9103      	str	r1, [sp, #12]
100030e8:	9300      	str	r3, [sp, #0]
100030ea:	4613      	mov	r3, r2
100030ec:	f04f 32ff 	mov.w	r2, #4294967295	@ 0xffffffff
100030f0:	a902      	add	r1, sp, #8
100030f2:	4803      	ldr	r0, [pc, #12]	@ (10003100 <vfctprintf+0x20>)
100030f4:	f7ff fc88 	bl	10002a08 <_vsnprintf>
100030f8:	b005      	add	sp, #20
100030fa:	f85d fb04 	ldr.w	pc, [sp], #4
100030fe:	bf00      	nop
10003100:	10001f0f 	.word	0x10001f0f

10003104 <_exit>:
10003104:	be00      	bkpt	0x0000
10003106:	e7fd      	b.n	10003104 <_exit>

10003108 <exit>:
10003108:	b508      	push	{r3, lr}
1000310a:	f7ff fffb 	bl	10003104 <_exit>
	...

10003110 <__assert_func>:
10003110:	b500      	push	{lr}
10003112:	b083      	sub	sp, #12
10003114:	468c      	mov	ip, r1
10003116:	4619      	mov	r1, r3
10003118:	b15a      	cbz	r2, 10003132 <__assert_func+0x22>
1000311a:	4614      	mov	r4, r2
1000311c:	4b06      	ldr	r3, [pc, #24]	@ (10003138 <__assert_func+0x28>)
1000311e:	9401      	str	r4, [sp, #4]
10003120:	9300      	str	r3, [sp, #0]
10003122:	4663      	mov	r3, ip
10003124:	4602      	mov	r2, r0
10003126:	4805      	ldr	r0, [pc, #20]	@ (1000313c <__assert_func+0x2c>)
10003128:	f000 f956 	bl	100033d8 <__wrap_printf>
1000312c:	2001      	movs	r0, #1
1000312e:	f7ff ffe9 	bl	10003104 <_exit>
10003132:	4b03      	ldr	r3, [pc, #12]	@ (10003140 <__assert_func+0x30>)
10003134:	461c      	mov	r4, r3
10003136:	e7f2      	b.n	1000311e <__assert_func+0xe>
10003138:	1000a024 	.word	0x1000a024
1000313c:	1000a034 	.word	0x1000a034
10003140:	1000a910 	.word	0x1000a910

10003144 <runtime_init>:
10003144:	b510      	push	{r4, lr}
10003146:	f3ef 8305 	mrs	r3, IPSR
1000314a:	b2db      	uxtb	r3, r3
1000314c:	b103      	cbz	r3, 10003150 <runtime_init+0xc>
1000314e:	be00      	bkpt	0x0000
10003150:	f7fe fc7c 	bl	10001a4c <runtime_run_initializers>
10003154:	4c04      	ldr	r4, [pc, #16]	@ (10003168 <runtime_init+0x24>)
10003156:	e002      	b.n	1000315e <runtime_init+0x1a>
10003158:	f854 3b04 	ldr.w	r3, [r4], #4
1000315c:	4798      	blx	r3
1000315e:	4b03      	ldr	r3, [pc, #12]	@ (1000316c <runtime_init+0x28>)
10003160:	429c      	cmp	r4, r3
10003162:	d3f9      	bcc.n	10003158 <runtime_init+0x14>
10003164:	bd10      	pop	{r4, pc}
10003166:	bf00      	nop
10003168:	10009940 	.word	0x10009940
1000316c:	10009948 	.word	0x10009948

10003170 <stdio_out_chars_no_crlf>:
10003170:	b508      	push	{r3, lr}
10003172:	4603      	mov	r3, r0
10003174:	4608      	mov	r0, r1
10003176:	681b      	ldr	r3, [r3, #0]
10003178:	4611      	mov	r1, r2
1000317a:	4798      	blx	r3
1000317c:	bd08      	pop	{r3, pc}
	...

10003180 <stdio_out_chars_crlf>:
10003180:	b5f8      	push	{r3, r4, r5, r6, r7, lr}
10003182:	4607      	mov	r7, r0
10003184:	460d      	mov	r5, r1
10003186:	4616      	mov	r6, r2
10003188:	7d43      	ldrb	r3, [r0, #21]
1000318a:	b113      	cbz	r3, 10003192 <stdio_out_chars_crlf+0x12>
1000318c:	2400      	movs	r4, #0
1000318e:	4620      	mov	r0, r4
10003190:	e00c      	b.n	100031ac <stdio_out_chars_crlf+0x2c>
10003192:	6803      	ldr	r3, [r0, #0]
10003194:	4611      	mov	r1, r2
10003196:	4628      	mov	r0, r5
10003198:	4798      	blx	r3
1000319a:	e02e      	b.n	100031fa <stdio_out_chars_crlf+0x7a>
1000319c:	7d3b      	ldrb	r3, [r7, #20]
1000319e:	e010      	b.n	100031c2 <stdio_out_chars_crlf+0x42>
100031a0:	683b      	ldr	r3, [r7, #0]
100031a2:	2102      	movs	r1, #2
100031a4:	4815      	ldr	r0, [pc, #84]	@ (100031fc <stdio_out_chars_crlf+0x7c>)
100031a6:	4798      	blx	r3
100031a8:	1c60      	adds	r0, r4, #1
100031aa:	3401      	adds	r4, #1
100031ac:	42b4      	cmp	r4, r6
100031ae:	da14      	bge.n	100031da <stdio_out_chars_crlf+0x5a>
100031b0:	2c00      	cmp	r4, #0
100031b2:	ddf3      	ble.n	1000319c <stdio_out_chars_crlf+0x1c>
100031b4:	192b      	adds	r3, r5, r4
100031b6:	f813 3c01 	ldrb.w	r3, [r3, #-1]
100031ba:	2b0d      	cmp	r3, #13
100031bc:	bf14      	ite	ne
100031be:	2300      	movne	r3, #0
100031c0:	2301      	moveq	r3, #1
100031c2:	5d2a      	ldrb	r2, [r5, r4]
100031c4:	2a0a      	cmp	r2, #10
100031c6:	d1f0      	bne.n	100031aa <stdio_out_chars_crlf+0x2a>
100031c8:	2b00      	cmp	r3, #0
100031ca:	d1ee      	bne.n	100031aa <stdio_out_chars_crlf+0x2a>
100031cc:	42a0      	cmp	r0, r4
100031ce:	dae7      	bge.n	100031a0 <stdio_out_chars_crlf+0x20>
100031d0:	683b      	ldr	r3, [r7, #0]
100031d2:	1a21      	subs	r1, r4, r0
100031d4:	4428      	add	r0, r5
100031d6:	4798      	blx	r3
100031d8:	e7e2      	b.n	100031a0 <stdio_out_chars_crlf+0x20>
100031da:	42b0      	cmp	r0, r6
100031dc:	da03      	bge.n	100031e6 <stdio_out_chars_crlf+0x66>
100031de:	683b      	ldr	r3, [r7, #0]
100031e0:	1a31      	subs	r1, r6, r0
100031e2:	4428      	add	r0, r5
100031e4:	4798      	blx	r3
100031e6:	2e00      	cmp	r6, #0
100031e8:	dd07      	ble.n	100031fa <stdio_out_chars_crlf+0x7a>
100031ea:	4435      	add	r5, r6
100031ec:	f815 3c01 	ldrb.w	r3, [r5, #-1]
100031f0:	2b0d      	cmp	r3, #13
100031f2:	bf14      	ite	ne
100031f4:	2300      	movne	r3, #0
100031f6:	2301      	moveq	r3, #1
100031f8:	753b      	strb	r3, [r7, #20]
100031fa:	bdf8      	pop	{r3, r4, r5, r6, r7, pc}
100031fc:	1000b2e0 	.word	0x1000b2e0

10003200 <stdio_stack_buffer_flush>:
10003200:	b538      	push	{r3, r4, r5, lr}
10003202:	6803      	ldr	r3, [r0, #0]
10003204:	b1bb      	cbz	r3, 10003236 <stdio_stack_buffer_flush+0x36>
10003206:	4605      	mov	r5, r0
10003208:	4b0b      	ldr	r3, [pc, #44]	@ (10003238 <stdio_stack_buffer_flush+0x38>)
1000320a:	681c      	ldr	r4, [r3, #0]
1000320c:	e006      	b.n	1000321c <stdio_stack_buffer_flush+0x1c>
1000320e:	4629      	mov	r1, r5
10003210:	f851 2b04 	ldr.w	r2, [r1], #4
10003214:	4620      	mov	r0, r4
10003216:	f7ff ffb3 	bl	10003180 <stdio_out_chars_crlf>
1000321a:	6924      	ldr	r4, [r4, #16]
1000321c:	b14c      	cbz	r4, 10003232 <stdio_stack_buffer_flush+0x32>
1000321e:	6823      	ldr	r3, [r4, #0]
10003220:	2b00      	cmp	r3, #0
10003222:	d0fa      	beq.n	1000321a <stdio_stack_buffer_flush+0x1a>
10003224:	4b05      	ldr	r3, [pc, #20]	@ (1000323c <stdio_stack_buffer_flush+0x3c>)
10003226:	681b      	ldr	r3, [r3, #0]
10003228:	2b00      	cmp	r3, #0
1000322a:	d0f0      	beq.n	1000320e <stdio_stack_buffer_flush+0xe>
1000322c:	42a3      	cmp	r3, r4
1000322e:	d1f4      	bne.n	1000321a <stdio_stack_buffer_flush+0x1a>
10003230:	e7ed      	b.n	1000320e <stdio_stack_buffer_flush+0xe>
10003232:	2300      	movs	r3, #0
10003234:	602b      	str	r3, [r5, #0]
10003236:	bd38      	pop	{r3, r4, r5, pc}
10003238:	2000222c 	.word	0x2000222c
1000323c:	20002234 	.word	0x20002234

10003240 <stdio_buffered_printer>:
10003240:	b538      	push	{r3, r4, r5, lr}
10003242:	4605      	mov	r5, r0
10003244:	460c      	mov	r4, r1
10003246:	680b      	ldr	r3, [r1, #0]
10003248:	2b80      	cmp	r3, #128	@ 0x80
1000324a:	d005      	beq.n	10003258 <stdio_buffered_printer+0x18>
1000324c:	6823      	ldr	r3, [r4, #0]
1000324e:	1c5a      	adds	r2, r3, #1
10003250:	6022      	str	r2, [r4, #0]
10003252:	441c      	add	r4, r3
10003254:	7125      	strb	r5, [r4, #4]
10003256:	bd38      	pop	{r3, r4, r5, pc}
10003258:	4608      	mov	r0, r1
1000325a:	f7ff ffd1 	bl	10003200 <stdio_stack_buffer_flush>
1000325e:	e7f5      	b.n	1000324c <stdio_buffered_printer+0xc>

10003260 <stdout_serialize_begin>:
10003260:	b508      	push	{r3, lr}
10003262:	f7fe fa01 	bl	10001668 <time_us_64>
10003266:	4a07      	ldr	r2, [pc, #28]	@ (10003284 <stdout_serialize_begin+0x24>)
10003268:	1882      	adds	r2, r0, r2
1000326a:	f141 0300 	adc.w	r3, r1, #0
1000326e:	2b00      	cmp	r3, #0
10003270:	db03      	blt.n	1000327a <stdout_serialize_begin+0x1a>
10003272:	4805      	ldr	r0, [pc, #20]	@ (10003288 <stdout_serialize_begin+0x28>)
10003274:	f006 fb24 	bl	100098c0 <__mutex_try_enter_block_until_veneer>
10003278:	bd08      	pop	{r3, pc}
1000327a:	f04f 32ff 	mov.w	r2, #4294967295	@ 0xffffffff
1000327e:	f06f 4300 	mvn.w	r3, #2147483648	@ 0x80000000
10003282:	e7f6      	b.n	10003272 <stdout_serialize_begin+0x12>
10003284:	000f4240 	.word	0x000f4240
10003288:	20001118 	.word	0x20001118

1000328c <stdout_serialize_end>:
1000328c:	b508      	push	{r3, lr}
1000328e:	4802      	ldr	r0, [pc, #8]	@ (10003298 <stdout_serialize_end+0xc>)
10003290:	f006 fb0e 	bl	100098b0 <__mutex_exit_veneer>
10003294:	bd08      	pop	{r3, pc}
10003296:	bf00      	nop
10003298:	20001118 	.word	0x20001118

1000329c <stdio_put_string>:
1000329c:	e92d 43f0 	stmdb	sp!, {r4, r5, r6, r7, r8, r9, lr}
100032a0:	b083      	sub	sp, #12
100032a2:	4606      	mov	r6, r0
100032a4:	460d      	mov	r5, r1
100032a6:	4690      	mov	r8, r2
100032a8:	461c      	mov	r4, r3
100032aa:	f7ff ffd9 	bl	10003260 <stdout_serialize_begin>
100032ae:	4681      	mov	r9, r0
100032b0:	f1b5 3fff 	cmp.w	r5, #4294967295	@ 0xffffffff
100032b4:	d004      	beq.n	100032c0 <stdio_put_string+0x24>
100032b6:	b144      	cbz	r4, 100032ca <stdio_put_string+0x2e>
100032b8:	4f17      	ldr	r7, [pc, #92]	@ (10003318 <stdio_put_string+0x7c>)
100032ba:	4b18      	ldr	r3, [pc, #96]	@ (1000331c <stdio_put_string+0x80>)
100032bc:	681c      	ldr	r4, [r3, #0]
100032be:	e007      	b.n	100032d0 <stdio_put_string+0x34>
100032c0:	4630      	mov	r0, r6
100032c2:	f006 faab 	bl	1000981c <strlen>
100032c6:	4605      	mov	r5, r0
100032c8:	e7f5      	b.n	100032b6 <stdio_put_string+0x1a>
100032ca:	4f15      	ldr	r7, [pc, #84]	@ (10003320 <stdio_put_string+0x84>)
100032cc:	e7f5      	b.n	100032ba <stdio_put_string+0x1e>
100032ce:	6924      	ldr	r4, [r4, #16]
100032d0:	b1bc      	cbz	r4, 10003302 <stdio_put_string+0x66>
100032d2:	6823      	ldr	r3, [r4, #0]
100032d4:	2b00      	cmp	r3, #0
100032d6:	d0fa      	beq.n	100032ce <stdio_put_string+0x32>
100032d8:	4b12      	ldr	r3, [pc, #72]	@ (10003324 <stdio_put_string+0x88>)
100032da:	681b      	ldr	r3, [r3, #0]
100032dc:	b10b      	cbz	r3, 100032e2 <stdio_put_string+0x46>
100032de:	42a3      	cmp	r3, r4
100032e0:	d1f5      	bne.n	100032ce <stdio_put_string+0x32>
100032e2:	462a      	mov	r2, r5
100032e4:	4631      	mov	r1, r6
100032e6:	4620      	mov	r0, r4
100032e8:	47b8      	blx	r7
100032ea:	f1b8 0f00 	cmp.w	r8, #0
100032ee:	d0ee      	beq.n	100032ce <stdio_put_string+0x32>
100032f0:	230a      	movs	r3, #10
100032f2:	f88d 3007 	strb.w	r3, [sp, #7]
100032f6:	2201      	movs	r2, #1
100032f8:	f10d 0107 	add.w	r1, sp, #7
100032fc:	4620      	mov	r0, r4
100032fe:	47b8      	blx	r7
10003300:	e7e5      	b.n	100032ce <stdio_put_string+0x32>
10003302:	f1b9 0f00 	cmp.w	r9, #0
10003306:	d103      	bne.n	10003310 <stdio_put_string+0x74>
10003308:	4628      	mov	r0, r5
1000330a:	b003      	add	sp, #12
1000330c:	e8bd 83f0 	ldmia.w	sp!, {r4, r5, r6, r7, r8, r9, pc}
10003310:	f7ff ffbc 	bl	1000328c <stdout_serialize_end>
10003314:	e7f8      	b.n	10003308 <stdio_put_string+0x6c>
10003316:	bf00      	nop
10003318:	10003181 	.word	0x10003181
1000331c:	2000222c 	.word	0x2000222c
10003320:	10003171 	.word	0x10003171
10003324:	20002234 	.word	0x20002234

10003328 <stdio_set_driver_enabled>:
10003328:	4a09      	ldr	r2, [pc, #36]	@ (10003350 <stdio_set_driver_enabled+0x28>)
1000332a:	6813      	ldr	r3, [r2, #0]
1000332c:	e002      	b.n	10003334 <stdio_set_driver_enabled+0xc>
1000332e:	f103 0210 	add.w	r2, r3, #16
10003332:	691b      	ldr	r3, [r3, #16]
10003334:	b143      	cbz	r3, 10003348 <stdio_set_driver_enabled+0x20>
10003336:	6813      	ldr	r3, [r2, #0]
10003338:	4283      	cmp	r3, r0
1000333a:	d1f8      	bne.n	1000332e <stdio_set_driver_enabled+0x6>
1000333c:	b931      	cbnz	r1, 1000334c <stdio_set_driver_enabled+0x24>
1000333e:	6903      	ldr	r3, [r0, #16]
10003340:	6013      	str	r3, [r2, #0]
10003342:	2300      	movs	r3, #0
10003344:	6103      	str	r3, [r0, #16]
10003346:	4770      	bx	lr
10003348:	b101      	cbz	r1, 1000334c <stdio_set_driver_enabled+0x24>
1000334a:	6010      	str	r0, [r2, #0]
1000334c:	4770      	bx	lr
1000334e:	bf00      	nop
10003350:	2000222c 	.word	0x2000222c

10003354 <stdio_flush>:
10003354:	b510      	push	{r4, lr}
10003356:	4b05      	ldr	r3, [pc, #20]	@ (1000336c <stdio_flush+0x18>)
10003358:	681c      	ldr	r4, [r3, #0]
1000335a:	e000      	b.n	1000335e <stdio_flush+0xa>
1000335c:	6924      	ldr	r4, [r4, #16]
1000335e:	b124      	cbz	r4, 1000336a <stdio_flush+0x16>
10003360:	6863      	ldr	r3, [r4, #4]
10003362:	2b00      	cmp	r3, #0
10003364:	d0fa      	beq.n	1000335c <stdio_flush+0x8>
10003366:	4798      	blx	r3
10003368:	e7f8      	b.n	1000335c <stdio_flush+0x8>
1000336a:	bd10      	pop	{r4, pc}
1000336c:	2000222c 	.word	0x2000222c

10003370 <stdio_init_all>:
10003370:	b508      	push	{r3, lr}
10003372:	f000 f9ad 	bl	100036d0 <stdio_usb_init>
10003376:	bd08      	pop	{r3, pc}

10003378 <__wrap_puts>:
10003378:	b538      	push	{r3, r4, r5, lr}
1000337a:	4605      	mov	r5, r0
1000337c:	f006 fa4e 	bl	1000981c <strlen>
10003380:	4604      	mov	r4, r0
10003382:	2301      	movs	r3, #1
10003384:	461a      	mov	r2, r3
10003386:	4601      	mov	r1, r0
10003388:	4628      	mov	r0, r5
1000338a:	f7ff ff87 	bl	1000329c <stdio_put_string>
1000338e:	f7ff ffe1 	bl	10003354 <stdio_flush>
10003392:	4620      	mov	r0, r4
10003394:	bd38      	pop	{r3, r4, r5, pc}
	...

10003398 <__wrap_vprintf>:
10003398:	b5f0      	push	{r4, r5, r6, r7, lr}
1000339a:	b0a3      	sub	sp, #140	@ 0x8c
1000339c:	4604      	mov	r4, r0
1000339e:	460e      	mov	r6, r1
100033a0:	f7ff ff5e 	bl	10003260 <stdout_serialize_begin>
100033a4:	4605      	mov	r5, r0
100033a6:	2300      	movs	r3, #0
100033a8:	9301      	str	r3, [sp, #4]
100033aa:	af01      	add	r7, sp, #4
100033ac:	4633      	mov	r3, r6
100033ae:	4622      	mov	r2, r4
100033b0:	4639      	mov	r1, r7
100033b2:	4808      	ldr	r0, [pc, #32]	@ (100033d4 <__wrap_vprintf+0x3c>)
100033b4:	f7ff fe94 	bl	100030e0 <vfctprintf>
100033b8:	4604      	mov	r4, r0
100033ba:	4638      	mov	r0, r7
100033bc:	f7ff ff20 	bl	10003200 <stdio_stack_buffer_flush>
100033c0:	f7ff ffc8 	bl	10003354 <stdio_flush>
100033c4:	b915      	cbnz	r5, 100033cc <__wrap_vprintf+0x34>
100033c6:	4620      	mov	r0, r4
100033c8:	b023      	add	sp, #140	@ 0x8c
100033ca:	bdf0      	pop	{r4, r5, r6, r7, pc}
100033cc:	f7ff ff5e 	bl	1000328c <stdout_serialize_end>
100033d0:	e7f9      	b.n	100033c6 <__wrap_vprintf+0x2e>
100033d2:	bf00      	nop
100033d4:	10003241 	.word	0x10003241

100033d8 <__wrap_printf>:
100033d8:	b40f      	push	{r0, r1, r2, r3}
100033da:	b500      	push	{lr}
100033dc:	b083      	sub	sp, #12
100033de:	a904      	add	r1, sp, #16
100033e0:	f851 0b04 	ldr.w	r0, [r1], #4
100033e4:	9101      	str	r1, [sp, #4]
100033e6:	f7ff ffd7 	bl	10003398 <__wrap_vprintf>
100033ea:	b003      	add	sp, #12
100033ec:	f85d eb04 	ldr.w	lr, [sp], #4
100033f0:	b004      	add	sp, #16
100033f2:	4770      	bx	lr

100033f4 <resetd_init>:
100033f4:	4770      	bx	lr
	...

100033f8 <resetd_reset>:
100033f8:	4b01      	ldr	r3, [pc, #4]	@ (10003400 <resetd_reset+0x8>)
100033fa:	2200      	movs	r2, #0
100033fc:	701a      	strb	r2, [r3, #0]
100033fe:	4770      	bx	lr
10003400:	200026b6 	.word	0x200026b6

10003404 <resetd_open>:
10003404:	794b      	ldrb	r3, [r1, #5]
10003406:	2bff      	cmp	r3, #255	@ 0xff
10003408:	d10b      	bne.n	10003422 <resetd_open+0x1e>
1000340a:	798b      	ldrb	r3, [r1, #6]
1000340c:	b95b      	cbnz	r3, 10003426 <resetd_open+0x22>
1000340e:	79cb      	ldrb	r3, [r1, #7]
10003410:	2b01      	cmp	r3, #1
10003412:	d10a      	bne.n	1000342a <resetd_open+0x26>
10003414:	2a08      	cmp	r2, #8
10003416:	d90a      	bls.n	1000342e <resetd_open+0x2a>
10003418:	788a      	ldrb	r2, [r1, #2]
1000341a:	4b06      	ldr	r3, [pc, #24]	@ (10003434 <resetd_open+0x30>)
1000341c:	701a      	strb	r2, [r3, #0]
1000341e:	2009      	movs	r0, #9
10003420:	4770      	bx	lr
10003422:	2000      	movs	r0, #0
10003424:	4770      	bx	lr
10003426:	2000      	movs	r0, #0
10003428:	4770      	bx	lr
1000342a:	2000      	movs	r0, #0
1000342c:	4770      	bx	lr
1000342e:	2000      	movs	r0, #0
10003430:	4770      	bx	lr
10003432:	bf00      	nop
10003434:	200026b6 	.word	0x200026b6

10003438 <resetd_xfer_cb>:
10003438:	2001      	movs	r0, #1
1000343a:	4770      	bx	lr

1000343c <resetd_control_xfer_cb>:
1000343c:	2901      	cmp	r1, #1
1000343e:	d123      	bne.n	10003488 <resetd_control_xfer_cb+0x4c>
10003440:	b508      	push	{r3, lr}
10003442:	8891      	ldrh	r1, [r2, #4]
10003444:	4b11      	ldr	r3, [pc, #68]	@ (1000348c <resetd_control_xfer_cb+0x50>)
10003446:	781b      	ldrb	r3, [r3, #0]
10003448:	4299      	cmp	r1, r3
1000344a:	d001      	beq.n	10003450 <resetd_control_xfer_cb+0x14>
1000344c:	2000      	movs	r0, #0
1000344e:	bd08      	pop	{r3, pc}
10003450:	7853      	ldrb	r3, [r2, #1]
10003452:	2b01      	cmp	r3, #1
10003454:	d003      	beq.n	1000345e <resetd_control_xfer_cb+0x22>
10003456:	2b02      	cmp	r3, #2
10003458:	d00f      	beq.n	1000347a <resetd_control_xfer_cb+0x3e>
1000345a:	2000      	movs	r0, #0
1000345c:	e7f7      	b.n	1000344e <resetd_control_xfer_cb+0x12>
1000345e:	8851      	ldrh	r1, [r2, #2]
10003460:	f411 7f80 	tst.w	r1, #256	@ 0x100
10003464:	d006      	beq.n	10003474 <resetd_control_xfer_cb+0x38>
10003466:	0a48      	lsrs	r0, r1, #9
10003468:	f3c1 2240 	ubfx	r2, r1, #9, #1
1000346c:	f001 017f 	and.w	r1, r1, #127	@ 0x7f
10003470:	f7fe fa9b 	bl	100019aa <rom_reset_usb_boot_extra>
10003474:	f04f 30ff 	mov.w	r0, #4294967295	@ 0xffffffff
10003478:	e7f6      	b.n	10003468 <resetd_control_xfer_cb+0x2c>
1000347a:	2264      	movs	r2, #100	@ 0x64
1000347c:	2100      	movs	r1, #0
1000347e:	4608      	mov	r0, r1
10003480:	f7fe fa34 	bl	100018ec <watchdog_reboot>
10003484:	2001      	movs	r0, #1
10003486:	e7e2      	b.n	1000344e <resetd_control_xfer_cb+0x12>
10003488:	2001      	movs	r0, #1
1000348a:	4770      	bx	lr
1000348c:	200026b6 	.word	0x200026b6

10003490 <tud_descriptor_bos_cb>:
10003490:	4800      	ldr	r0, [pc, #0]	@ (10003494 <tud_descriptor_bos_cb+0x4>)
10003492:	4770      	bx	lr
10003494:	1000b3ac 	.word	0x1000b3ac

10003498 <tud_vendor_control_xfer_cb>:
10003498:	2901      	cmp	r1, #1
1000349a:	d10f      	bne.n	100034bc <tud_vendor_control_xfer_cb+0x24>
1000349c:	b508      	push	{r3, lr}
1000349e:	4694      	mov	ip, r2
100034a0:	7853      	ldrb	r3, [r2, #1]
100034a2:	2b01      	cmp	r3, #1
100034a4:	d10c      	bne.n	100034c0 <tud_vendor_control_xfer_cb+0x28>
100034a6:	8893      	ldrh	r3, [r2, #4]
100034a8:	2b07      	cmp	r3, #7
100034aa:	d001      	beq.n	100034b0 <tud_vendor_control_xfer_cb+0x18>
100034ac:	2000      	movs	r0, #0
100034ae:	e008      	b.n	100034c2 <tud_vendor_control_xfer_cb+0x2a>
100034b0:	23a6      	movs	r3, #166	@ 0xa6
100034b2:	4a04      	ldr	r2, [pc, #16]	@ (100034c4 <tud_vendor_control_xfer_cb+0x2c>)
100034b4:	4661      	mov	r1, ip
100034b6:	f001 fbf7 	bl	10004ca8 <tud_control_xfer>
100034ba:	e002      	b.n	100034c2 <tud_vendor_control_xfer_cb+0x2a>
100034bc:	2001      	movs	r0, #1
100034be:	4770      	bx	lr
100034c0:	2000      	movs	r0, #0
100034c2:	bd08      	pop	{r3, pc}
100034c4:	1000b304 	.word	0x1000b304

100034c8 <usbd_app_driver_get_cb>:
100034c8:	2301      	movs	r3, #1
100034ca:	7003      	strb	r3, [r0, #0]
100034cc:	4800      	ldr	r0, [pc, #0]	@ (100034d0 <usbd_app_driver_get_cb+0x8>)
100034ce:	4770      	bx	lr
100034d0:	1000b2e4 	.word	0x1000b2e4

100034d4 <tud_cdc_line_coding_cb>:
100034d4:	b508      	push	{r3, lr}
100034d6:	680b      	ldr	r3, [r1, #0]
100034d8:	f5b3 6f96 	cmp.w	r3, #1200	@ 0x4b0
100034dc:	d000      	beq.n	100034e0 <tud_cdc_line_coding_cb+0xc>
100034de:	bd08      	pop	{r3, pc}
100034e0:	2200      	movs	r2, #0
100034e2:	4611      	mov	r1, r2
100034e4:	f04f 30ff 	mov.w	r0, #4294967295	@ 0xffffffff
100034e8:	f7fe fa5f 	bl	100019aa <rom_reset_usb_boot_extra>

100034ec <stdio_usb_set_chars_available_callback>:
100034ec:	4b02      	ldr	r3, [pc, #8]	@ (100034f8 <stdio_usb_set_chars_available_callback+0xc>)
100034ee:	6018      	str	r0, [r3, #0]
100034f0:	4b02      	ldr	r3, [pc, #8]	@ (100034fc <stdio_usb_set_chars_available_callback+0x10>)
100034f2:	6019      	str	r1, [r3, #0]
100034f4:	4770      	bx	lr
100034f6:	bf00      	nop
100034f8:	200018e0 	.word	0x200018e0
100034fc:	200018e4 	.word	0x200018e4

10003500 <stdio_usb_out_flush>:
10003500:	b508      	push	{r3, lr}
10003502:	f7fe f8b1 	bl	10001668 <time_us_64>
10003506:	4a0e      	ldr	r2, [pc, #56]	@ (10003540 <stdio_usb_out_flush+0x40>)
10003508:	1882      	adds	r2, r0, r2
1000350a:	f141 0300 	adc.w	r3, r1, #0
1000350e:	2b00      	cmp	r3, #0
10003510:	db11      	blt.n	10003536 <stdio_usb_out_flush+0x36>
10003512:	480c      	ldr	r0, [pc, #48]	@ (10003544 <stdio_usb_out_flush+0x44>)
10003514:	f006 f9d4 	bl	100098c0 <__mutex_try_enter_block_until_veneer>
10003518:	b160      	cbz	r0, 10003534 <stdio_usb_out_flush+0x34>
1000351a:	2100      	movs	r1, #0
1000351c:	f04f 30ff 	mov.w	r0, #4294967295	@ 0xffffffff
10003520:	f001 fa4a 	bl	100049b8 <tud_task_ext>
10003524:	2000      	movs	r0, #0
10003526:	f001 fd43 	bl	10004fb0 <tud_cdc_n_write_flush>
1000352a:	2800      	cmp	r0, #0
1000352c:	d1f5      	bne.n	1000351a <stdio_usb_out_flush+0x1a>
1000352e:	4805      	ldr	r0, [pc, #20]	@ (10003544 <stdio_usb_out_flush+0x44>)
10003530:	f006 f9be 	bl	100098b0 <__mutex_exit_veneer>
10003534:	bd08      	pop	{r3, pc}
10003536:	f04f 32ff 	mov.w	r2, #4294967295	@ 0xffffffff
1000353a:	f06f 4300 	mvn.w	r3, #2147483648	@ 0x80000000
1000353e:	e7e8      	b.n	10003512 <stdio_usb_out_flush+0x12>
10003540:	000f4240 	.word	0x000f4240
10003544:	20002694 	.word	0x20002694

10003548 <timer_task>:
10003548:	b538      	push	{r3, r4, r5, lr}
1000354a:	4b18      	ldr	r3, [pc, #96]	@ (100035ac <timer_task+0x64>)
1000354c:	681b      	ldr	r3, [r3, #0]
1000354e:	b31b      	cbz	r3, 10003598 <timer_task+0x50>
10003550:	f3ef 8210 	mrs	r2, PRIMASK
10003554:	b672      	cpsid	i
10003556:	e8d3 0fcf 	ldaexb	r0, [r3]
1000355a:	2101      	movs	r1, #1
1000355c:	2800      	cmp	r0, #0
1000355e:	d1fa      	bne.n	10003556 <timer_task+0xe>
10003560:	e8c3 1f40 	strexb	r0, r1, [r3]
10003564:	2800      	cmp	r0, #0
10003566:	d1f6      	bne.n	10003556 <timer_task+0xe>
10003568:	f3bf 8f5f 	dmb	sy
1000356c:	490f      	ldr	r1, [pc, #60]	@ (100035ac <timer_task+0x64>)
1000356e:	604a      	str	r2, [r1, #4]
10003570:	2300      	movs	r3, #0
10003572:	480f      	ldr	r0, [pc, #60]	@ (100035b0 <timer_task+0x68>)
10003574:	7003      	strb	r3, [r0, #0]
10003576:	6809      	ldr	r1, [r1, #0]
10003578:	e8c1 3f8f 	stlb	r3, [r1]
1000357c:	f382 8810 	msr	PRIMASK, r2
10003580:	2400      	movs	r4, #0
10003582:	2500      	movs	r5, #0
10003584:	4b0b      	ldr	r3, [pc, #44]	@ (100035b4 <timer_task+0x6c>)
10003586:	7818      	ldrb	r0, [r3, #0]
10003588:	f7fd f8b0 	bl	100006ec <irq_is_enabled>
1000358c:	b940      	cbnz	r0, 100035a0 <timer_task+0x58>
1000358e:	2400      	movs	r4, #0
10003590:	2500      	movs	r5, #0
10003592:	4620      	mov	r0, r4
10003594:	4629      	mov	r1, r5
10003596:	bd38      	pop	{r3, r4, r5, pc}
10003598:	f44f 747a 	mov.w	r4, #1000	@ 0x3e8
1000359c:	2500      	movs	r5, #0
1000359e:	e7f1      	b.n	10003584 <timer_task+0x3c>
100035a0:	4b04      	ldr	r3, [pc, #16]	@ (100035b4 <timer_task+0x6c>)
100035a2:	7818      	ldrb	r0, [r3, #0]
100035a4:	f7fd f8cc 	bl	10000740 <irq_set_pending>
100035a8:	e7f3      	b.n	10003592 <timer_task+0x4a>
100035aa:	bf00      	nop
100035ac:	20002658 	.word	0x20002658
100035b0:	200026b8 	.word	0x200026b8
100035b4:	200026b7 	.word	0x200026b7

100035b8 <usb_irq>:
100035b8:	b508      	push	{r3, lr}
100035ba:	4b02      	ldr	r3, [pc, #8]	@ (100035c4 <usb_irq+0xc>)
100035bc:	7818      	ldrb	r0, [r3, #0]
100035be:	f7fd f8bf 	bl	10000740 <irq_set_pending>
100035c2:	bd08      	pop	{r3, pc}
100035c4:	200026b7 	.word	0x200026b7

100035c8 <alarm_pool_add_alarm_in_us>:
100035c8:	b570      	push	{r4, r5, r6, lr}
100035ca:	b084      	sub	sp, #16
100035cc:	4606      	mov	r6, r0
100035ce:	4614      	mov	r4, r2
100035d0:	461d      	mov	r5, r3
100035d2:	f7fe f849 	bl	10001668 <time_us_64>
100035d6:	1822      	adds	r2, r4, r0
100035d8:	eb45 0301 	adc.w	r3, r5, r1
100035dc:	2b00      	cmp	r3, #0
100035de:	db0b      	blt.n	100035f8 <alarm_pool_add_alarm_in_us+0x30>
100035e0:	f89d 1028 	ldrb.w	r1, [sp, #40]	@ 0x28
100035e4:	9102      	str	r1, [sp, #8]
100035e6:	9909      	ldr	r1, [sp, #36]	@ 0x24
100035e8:	9101      	str	r1, [sp, #4]
100035ea:	9908      	ldr	r1, [sp, #32]
100035ec:	9100      	str	r1, [sp, #0]
100035ee:	4630      	mov	r0, r6
100035f0:	f7fd fe84 	bl	100012fc <alarm_pool_add_alarm_at>
100035f4:	b004      	add	sp, #16
100035f6:	bd70      	pop	{r4, r5, r6, pc}
100035f8:	f04f 32ff 	mov.w	r2, #4294967295	@ 0xffffffff
100035fc:	f06f 4300 	mvn.w	r3, #2147483648	@ 0x80000000
10003600:	e7ee      	b.n	100035e0 <alarm_pool_add_alarm_in_us+0x18>

10003602 <add_alarm_in_us>:
10003602:	b5f0      	push	{r4, r5, r6, r7, lr}
10003604:	b085      	sub	sp, #20
10003606:	4605      	mov	r5, r0
10003608:	460c      	mov	r4, r1
1000360a:	4616      	mov	r6, r2
1000360c:	461f      	mov	r7, r3
1000360e:	f7fd fe01 	bl	10001214 <alarm_pool_get_default>
10003612:	f89d 3028 	ldrb.w	r3, [sp, #40]	@ 0x28
10003616:	9302      	str	r3, [sp, #8]
10003618:	9701      	str	r7, [sp, #4]
1000361a:	9600      	str	r6, [sp, #0]
1000361c:	462a      	mov	r2, r5
1000361e:	4623      	mov	r3, r4
10003620:	f7ff ffd2 	bl	100035c8 <alarm_pool_add_alarm_in_us>
10003624:	b005      	add	sp, #20
10003626:	bdf0      	pop	{r4, r5, r6, r7, pc}

10003628 <low_priority_worker_irq>:
10003628:	b510      	push	{r4, lr}
1000362a:	b082      	sub	sp, #8
1000362c:	2100      	movs	r1, #0
1000362e:	4822      	ldr	r0, [pc, #136]	@ (100036b8 <low_priority_worker_irq+0x90>)
10003630:	f006 f956 	bl	100098e0 <__mutex_try_enter_veneer>
10003634:	bb00      	cbnz	r0, 10003678 <low_priority_worker_irq+0x50>
10003636:	4b21      	ldr	r3, [pc, #132]	@ (100036bc <low_priority_worker_irq+0x94>)
10003638:	681b      	ldr	r3, [r3, #0]
1000363a:	b1db      	cbz	r3, 10003674 <low_priority_worker_irq+0x4c>
1000363c:	f3ef 8210 	mrs	r2, PRIMASK
10003640:	b672      	cpsid	i
10003642:	e8d3 0fcf 	ldaexb	r0, [r3]
10003646:	2101      	movs	r1, #1
10003648:	2800      	cmp	r0, #0
1000364a:	d1fa      	bne.n	10003642 <low_priority_worker_irq+0x1a>
1000364c:	e8c3 1f40 	strexb	r0, r1, [r3]
10003650:	2800      	cmp	r0, #0
10003652:	d1f6      	bne.n	10003642 <low_priority_worker_irq+0x1a>
10003654:	f3bf 8f5f 	dmb	sy
10003658:	4918      	ldr	r1, [pc, #96]	@ (100036bc <low_priority_worker_irq+0x94>)
1000365a:	604a      	str	r2, [r1, #4]
1000365c:	4818      	ldr	r0, [pc, #96]	@ (100036c0 <low_priority_worker_irq+0x98>)
1000365e:	7803      	ldrb	r3, [r0, #0]
10003660:	b2db      	uxtb	r3, r3
10003662:	2401      	movs	r4, #1
10003664:	7004      	strb	r4, [r0, #0]
10003666:	6808      	ldr	r0, [r1, #0]
10003668:	2100      	movs	r1, #0
1000366a:	e8c0 1f8f 	stlb	r1, [r0]
1000366e:	f382 8810 	msr	PRIMASK, r2
10003672:	b1bb      	cbz	r3, 100036a4 <low_priority_worker_irq+0x7c>
10003674:	b002      	add	sp, #8
10003676:	bd10      	pop	{r4, pc}
10003678:	2100      	movs	r1, #0
1000367a:	f04f 30ff 	mov.w	r0, #4294967295	@ 0xffffffff
1000367e:	f001 f99b 	bl	100049b8 <tud_task_ext>
10003682:	2000      	movs	r0, #0
10003684:	f001 fc6e 	bl	10004f64 <tud_cdc_n_available>
10003688:	4604      	mov	r4, r0
1000368a:	480b      	ldr	r0, [pc, #44]	@ (100036b8 <low_priority_worker_irq+0x90>)
1000368c:	f006 f910 	bl	100098b0 <__mutex_exit_veneer>
10003690:	2c00      	cmp	r4, #0
10003692:	d0ef      	beq.n	10003674 <low_priority_worker_irq+0x4c>
10003694:	4b0b      	ldr	r3, [pc, #44]	@ (100036c4 <low_priority_worker_irq+0x9c>)
10003696:	681b      	ldr	r3, [r3, #0]
10003698:	2b00      	cmp	r3, #0
1000369a:	d0eb      	beq.n	10003674 <low_priority_worker_irq+0x4c>
1000369c:	4a0a      	ldr	r2, [pc, #40]	@ (100036c8 <low_priority_worker_irq+0xa0>)
1000369e:	6810      	ldr	r0, [r2, #0]
100036a0:	4798      	blx	r3
100036a2:	e7e7      	b.n	10003674 <low_priority_worker_irq+0x4c>
100036a4:	9400      	str	r4, [sp, #0]
100036a6:	460b      	mov	r3, r1
100036a8:	4a08      	ldr	r2, [pc, #32]	@ (100036cc <low_priority_worker_irq+0xa4>)
100036aa:	f44f 707a 	mov.w	r0, #1000	@ 0x3e8
100036ae:	2100      	movs	r1, #0
100036b0:	f7ff ffa7 	bl	10003602 <add_alarm_in_us>
100036b4:	e7de      	b.n	10003674 <low_priority_worker_irq+0x4c>
100036b6:	bf00      	nop
100036b8:	20002694 	.word	0x20002694
100036bc:	20002658 	.word	0x20002658
100036c0:	200026b8 	.word	0x200026b8
100036c4:	200018e0 	.word	0x200018e0
100036c8:	200018e4 	.word	0x200018e4
100036cc:	10003549 	.word	0x10003549

100036d0 <stdio_usb_init>:
100036d0:	b510      	push	{r4, lr}
100036d2:	b082      	sub	sp, #8
100036d4:	f04f 4350 	mov.w	r3, #3489660928	@ 0xd0000000
100036d8:	681c      	ldr	r4, [r3, #0]
100036da:	f7fd fd9b 	bl	10001214 <alarm_pool_get_default>
100036de:	f7fd fe7d 	bl	100013dc <alarm_pool_core_num>
100036e2:	42a0      	cmp	r0, r4
100036e4:	d12d      	bne.n	10003742 <stdio_usb_init+0x72>
100036e6:	4b24      	ldr	r3, [pc, #144]	@ (10003778 <stdio_usb_init+0xa8>)
100036e8:	781b      	ldrb	r3, [r3, #0]
100036ea:	2100      	movs	r1, #0
100036ec:	4608      	mov	r0, r1
100036ee:	f002 f901 	bl	100058f4 <tusb_rhport_init>
100036f2:	4b22      	ldr	r3, [pc, #136]	@ (1000377c <stdio_usb_init+0xac>)
100036f4:	681b      	ldr	r3, [r3, #0]
100036f6:	b353      	cbz	r3, 1000374e <stdio_usb_init+0x7e>
100036f8:	2001      	movs	r0, #1
100036fa:	f7fd faf3 	bl	10000ce4 <user_irq_claim_unused>
100036fe:	b2c0      	uxtb	r0, r0
10003700:	4c1f      	ldr	r4, [pc, #124]	@ (10003780 <stdio_usb_init+0xb0>)
10003702:	7020      	strb	r0, [r4, #0]
10003704:	491f      	ldr	r1, [pc, #124]	@ (10003784 <stdio_usb_init+0xb4>)
10003706:	f7fd f84b 	bl	100007a0 <irq_set_exclusive_handler>
1000370a:	2101      	movs	r1, #1
1000370c:	7820      	ldrb	r0, [r4, #0]
1000370e:	f7fd f80d 	bl	1000072c <irq_set_enabled>
10003712:	200e      	movs	r0, #14
10003714:	f7fd f828 	bl	10000768 <irq_has_shared_handler>
10003718:	4604      	mov	r4, r0
1000371a:	b1e0      	cbz	r0, 10003756 <stdio_usb_init+0x86>
1000371c:	2001      	movs	r0, #1
1000371e:	f7fc ff39 	bl	10000594 <spin_lock_claim_unused>
10003722:	4601      	mov	r1, r0
10003724:	4818      	ldr	r0, [pc, #96]	@ (10003788 <stdio_usb_init+0xb8>)
10003726:	f7fd fb4b 	bl	10000dc0 <critical_section_init_with_lock_num>
1000372a:	2200      	movs	r2, #0
1000372c:	4917      	ldr	r1, [pc, #92]	@ (1000378c <stdio_usb_init+0xbc>)
1000372e:	200e      	movs	r0, #14
10003730:	f7fd f866 	bl	10000800 <irq_add_shared_handler>
10003734:	2101      	movs	r1, #1
10003736:	4816      	ldr	r0, [pc, #88]	@ (10003790 <stdio_usb_init+0xc0>)
10003738:	f7ff fdf6 	bl	10003328 <stdio_set_driver_enabled>
1000373c:	4620      	mov	r0, r4
1000373e:	b002      	add	sp, #8
10003740:	bd10      	pop	{r4, pc}
10003742:	4b14      	ldr	r3, [pc, #80]	@ (10003794 <stdio_usb_init+0xc4>)
10003744:	4a14      	ldr	r2, [pc, #80]	@ (10003798 <stdio_usb_init+0xc8>)
10003746:	21c6      	movs	r1, #198	@ 0xc6
10003748:	4814      	ldr	r0, [pc, #80]	@ (1000379c <stdio_usb_init+0xcc>)
1000374a:	f7ff fce1 	bl	10003110 <__assert_func>
1000374e:	480b      	ldr	r0, [pc, #44]	@ (1000377c <stdio_usb_init+0xac>)
10003750:	f7fd faf4 	bl	10000d3c <mutex_init>
10003754:	e7d0      	b.n	100036f8 <stdio_usb_init+0x28>
10003756:	4a0c      	ldr	r2, [pc, #48]	@ (10003788 <stdio_usb_init+0xb8>)
10003758:	2300      	movs	r3, #0
1000375a:	6013      	str	r3, [r2, #0]
1000375c:	6053      	str	r3, [r2, #4]
1000375e:	2201      	movs	r2, #1
10003760:	9200      	str	r2, [sp, #0]
10003762:	4a0f      	ldr	r2, [pc, #60]	@ (100037a0 <stdio_usb_init+0xd0>)
10003764:	f44f 707a 	mov.w	r0, #1000	@ 0x3e8
10003768:	2100      	movs	r1, #0
1000376a:	f7ff ff4a 	bl	10003602 <add_alarm_in_us>
1000376e:	43c4      	mvns	r4, r0
10003770:	0fe4      	lsrs	r4, r4, #31
10003772:	2c00      	cmp	r4, #0
10003774:	d0e2      	beq.n	1000373c <stdio_usb_init+0x6c>
10003776:	e7dd      	b.n	10003734 <stdio_usb_init+0x64>
10003778:	10042e94 	.word	0x10042e94
1000377c:	20002694 	.word	0x20002694
10003780:	200026b7 	.word	0x200026b7
10003784:	10003629 	.word	0x10003629
10003788:	20002658 	.word	0x20002658
1000378c:	100035b9 	.word	0x100035b9
10003790:	200010b4 	.word	0x200010b4
10003794:	10009ca0 	.word	0x10009ca0
10003798:	1000b3dc 	.word	0x1000b3dc
1000379c:	1000a064 	.word	0x1000a064
100037a0:	10003549 	.word	0x10003549

100037a4 <stdio_usb_connected>:
100037a4:	b508      	push	{r3, lr}
100037a6:	2000      	movs	r0, #0
100037a8:	f001 fbc2 	bl	10004f30 <tud_cdc_n_connected>
100037ac:	bd08      	pop	{r3, pc}
	...

100037b0 <stdio_usb_in_chars>:
100037b0:	b538      	push	{r3, r4, r5, lr}
100037b2:	4604      	mov	r4, r0
100037b4:	460d      	mov	r5, r1
100037b6:	f7ff fff5 	bl	100037a4 <stdio_usb_connected>
100037ba:	b390      	cbz	r0, 10003822 <stdio_usb_in_chars+0x72>
100037bc:	2000      	movs	r0, #0
100037be:	f001 fbd1 	bl	10004f64 <tud_cdc_n_available>
100037c2:	b388      	cbz	r0, 10003828 <stdio_usb_in_chars+0x78>
100037c4:	f7fd ff50 	bl	10001668 <time_us_64>
100037c8:	4a1a      	ldr	r2, [pc, #104]	@ (10003834 <stdio_usb_in_chars+0x84>)
100037ca:	1882      	adds	r2, r0, r2
100037cc:	f141 0300 	adc.w	r3, r1, #0
100037d0:	2b00      	cmp	r3, #0
100037d2:	db16      	blt.n	10003802 <stdio_usb_in_chars+0x52>
100037d4:	4818      	ldr	r0, [pc, #96]	@ (10003838 <stdio_usb_in_chars+0x88>)
100037d6:	f006 f873 	bl	100098c0 <__mutex_try_enter_block_until_veneer>
100037da:	b340      	cbz	r0, 1000382e <stdio_usb_in_chars+0x7e>
100037dc:	f7ff ffe2 	bl	100037a4 <stdio_usb_connected>
100037e0:	b118      	cbz	r0, 100037ea <stdio_usb_in_chars+0x3a>
100037e2:	2000      	movs	r0, #0
100037e4:	f001 fbbe 	bl	10004f64 <tud_cdc_n_available>
100037e8:	b980      	cbnz	r0, 1000380c <stdio_usb_in_chars+0x5c>
100037ea:	2100      	movs	r1, #0
100037ec:	f04f 30ff 	mov.w	r0, #4294967295	@ 0xffffffff
100037f0:	f001 f8e2 	bl	100049b8 <tud_task_ext>
100037f4:	f06f 0402 	mvn.w	r4, #2
100037f8:	480f      	ldr	r0, [pc, #60]	@ (10003838 <stdio_usb_in_chars+0x88>)
100037fa:	f006 f859 	bl	100098b0 <__mutex_exit_veneer>
100037fe:	4620      	mov	r0, r4
10003800:	bd38      	pop	{r3, r4, r5, pc}
10003802:	f04f 32ff 	mov.w	r2, #4294967295	@ 0xffffffff
10003806:	f06f 4300 	mvn.w	r3, #2147483648	@ 0x80000000
1000380a:	e7e3      	b.n	100037d4 <stdio_usb_in_chars+0x24>
1000380c:	462a      	mov	r2, r5
1000380e:	4621      	mov	r1, r4
10003810:	2000      	movs	r0, #0
10003812:	f001 fbb3 	bl	10004f7c <tud_cdc_n_read>
10003816:	4604      	mov	r4, r0
10003818:	2800      	cmp	r0, #0
1000381a:	d1ed      	bne.n	100037f8 <stdio_usb_in_chars+0x48>
1000381c:	f06f 0402 	mvn.w	r4, #2
10003820:	e7ea      	b.n	100037f8 <stdio_usb_in_chars+0x48>
10003822:	f06f 0402 	mvn.w	r4, #2
10003826:	e7ea      	b.n	100037fe <stdio_usb_in_chars+0x4e>
10003828:	f06f 0402 	mvn.w	r4, #2
1000382c:	e7e7      	b.n	100037fe <stdio_usb_in_chars+0x4e>
1000382e:	f06f 0402 	mvn.w	r4, #2
10003832:	e7e4      	b.n	100037fe <stdio_usb_in_chars+0x4e>
10003834:	000f4240 	.word	0x000f4240
10003838:	20002694 	.word	0x20002694

1000383c <stdio_usb_out_chars>:
1000383c:	b5f8      	push	{r3, r4, r5, r6, r7, lr}
1000383e:	4607      	mov	r7, r0
10003840:	460d      	mov	r5, r1
10003842:	f7fd ff11 	bl	10001668 <time_us_64>
10003846:	4a2e      	ldr	r2, [pc, #184]	@ (10003900 <stdio_usb_out_chars+0xc4>)
10003848:	1882      	adds	r2, r0, r2
1000384a:	f141 0300 	adc.w	r3, r1, #0
1000384e:	2b00      	cmp	r3, #0
10003850:	db04      	blt.n	1000385c <stdio_usb_out_chars+0x20>
10003852:	482c      	ldr	r0, [pc, #176]	@ (10003904 <stdio_usb_out_chars+0xc8>)
10003854:	f006 f834 	bl	100098c0 <__mutex_try_enter_block_until_veneer>
10003858:	b928      	cbnz	r0, 10003866 <stdio_usb_out_chars+0x2a>
1000385a:	bdf8      	pop	{r3, r4, r5, r6, r7, pc}
1000385c:	f04f 32ff 	mov.w	r2, #4294967295	@ 0xffffffff
10003860:	f06f 4300 	mvn.w	r3, #2147483648	@ 0x80000000
10003864:	e7f5      	b.n	10003852 <stdio_usb_out_chars+0x16>
10003866:	f7ff ff9d 	bl	100037a4 <stdio_usb_connected>
1000386a:	2800      	cmp	r0, #0
1000386c:	d145      	bne.n	100038fa <stdio_usb_out_chars+0xbe>
1000386e:	4b26      	ldr	r3, [pc, #152]	@ (10003908 <stdio_usb_out_chars+0xcc>)
10003870:	2000      	movs	r0, #0
10003872:	2100      	movs	r1, #0
10003874:	e9c3 0100 	strd	r0, r1, [r3]
10003878:	4822      	ldr	r0, [pc, #136]	@ (10003904 <stdio_usb_out_chars+0xc8>)
1000387a:	f006 f819 	bl	100098b0 <__mutex_exit_veneer>
1000387e:	e7ec      	b.n	1000385a <stdio_usb_out_chars+0x1e>
10003880:	2100      	movs	r1, #0
10003882:	f04f 30ff 	mov.w	r0, #4294967295	@ 0xffffffff
10003886:	f001 f897 	bl	100049b8 <tud_task_ext>
1000388a:	2000      	movs	r0, #0
1000388c:	f001 fb90 	bl	10004fb0 <tud_cdc_n_write_flush>
10003890:	f7ff ff88 	bl	100037a4 <stdio_usb_connected>
10003894:	2800      	cmp	r0, #0
10003896:	d0ef      	beq.n	10003878 <stdio_usb_out_chars+0x3c>
10003898:	2000      	movs	r0, #0
1000389a:	f001 fc07 	bl	100050ac <tud_cdc_n_write_available>
1000389e:	b1f8      	cbz	r0, 100038e0 <stdio_usb_out_chars+0xa4>
100038a0:	42ac      	cmp	r4, r5
100038a2:	dae9      	bge.n	10003878 <stdio_usb_out_chars+0x3c>
100038a4:	1b2e      	subs	r6, r5, r4
100038a6:	2000      	movs	r0, #0
100038a8:	f001 fc00 	bl	100050ac <tud_cdc_n_write_available>
100038ac:	4286      	cmp	r6, r0
100038ae:	dc00      	bgt.n	100038b2 <stdio_usb_out_chars+0x76>
100038b0:	4630      	mov	r0, r6
100038b2:	2800      	cmp	r0, #0
100038b4:	d0e4      	beq.n	10003880 <stdio_usb_out_chars+0x44>
100038b6:	4602      	mov	r2, r0
100038b8:	1939      	adds	r1, r7, r4
100038ba:	2000      	movs	r0, #0
100038bc:	f001 fbd4 	bl	10005068 <tud_cdc_n_write>
100038c0:	4606      	mov	r6, r0
100038c2:	2100      	movs	r1, #0
100038c4:	f04f 30ff 	mov.w	r0, #4294967295	@ 0xffffffff
100038c8:	f001 f876 	bl	100049b8 <tud_task_ext>
100038cc:	2000      	movs	r0, #0
100038ce:	f001 fb6f 	bl	10004fb0 <tud_cdc_n_write_flush>
100038d2:	4434      	add	r4, r6
100038d4:	f7fd fec8 	bl	10001668 <time_us_64>
100038d8:	4b0b      	ldr	r3, [pc, #44]	@ (10003908 <stdio_usb_out_chars+0xcc>)
100038da:	e9c3 0100 	strd	r0, r1, [r3]
100038de:	e7df      	b.n	100038a0 <stdio_usb_out_chars+0x64>
100038e0:	f7fd fec2 	bl	10001668 <time_us_64>
100038e4:	4a08      	ldr	r2, [pc, #32]	@ (10003908 <stdio_usb_out_chars+0xcc>)
100038e6:	6813      	ldr	r3, [r2, #0]
100038e8:	6852      	ldr	r2, [r2, #4]
100038ea:	4e08      	ldr	r6, [pc, #32]	@ (1000390c <stdio_usb_out_chars+0xd0>)
100038ec:	199b      	adds	r3, r3, r6
100038ee:	f142 0200 	adc.w	r2, r2, #0
100038f2:	4283      	cmp	r3, r0
100038f4:	418a      	sbcs	r2, r1
100038f6:	d2d3      	bcs.n	100038a0 <stdio_usb_out_chars+0x64>
100038f8:	e7be      	b.n	10003878 <stdio_usb_out_chars+0x3c>
100038fa:	2400      	movs	r4, #0
100038fc:	e7d0      	b.n	100038a0 <stdio_usb_out_chars+0x64>
100038fe:	bf00      	nop
10003900:	000f4240 	.word	0x000f4240
10003904:	20002694 	.word	0x20002694
10003908:	200012e8 	.word	0x200012e8
1000390c:	0007a120 	.word	0x0007a120

10003910 <tud_descriptor_device_cb>:
10003910:	4800      	ldr	r0, [pc, #0]	@ (10003914 <tud_descriptor_device_cb+0x4>)
10003912:	4770      	bx	lr
10003914:	1000b458 	.word	0x1000b458

10003918 <tud_descriptor_configuration_cb>:
10003918:	4800      	ldr	r0, [pc, #0]	@ (1000391c <tud_descriptor_configuration_cb+0x4>)
1000391a:	4770      	bx	lr
1000391c:	1000b404 	.word	0x1000b404

10003920 <tud_descriptor_string_cb>:
10003920:	b510      	push	{r4, lr}
10003922:	4604      	mov	r4, r0
10003924:	4b14      	ldr	r3, [pc, #80]	@ (10003978 <tud_descriptor_string_cb+0x58>)
10003926:	781b      	ldrb	r3, [r3, #0]
10003928:	b16b      	cbz	r3, 10003946 <tud_descriptor_string_cb+0x26>
1000392a:	b98c      	cbnz	r4, 10003950 <tud_descriptor_string_cb+0x30>
1000392c:	4b13      	ldr	r3, [pc, #76]	@ (1000397c <tud_descriptor_string_cb+0x5c>)
1000392e:	f240 4209 	movw	r2, #1033	@ 0x409
10003932:	805a      	strh	r2, [r3, #2]
10003934:	2301      	movs	r3, #1
10003936:	3301      	adds	r3, #1
10003938:	005b      	lsls	r3, r3, #1
1000393a:	b29b      	uxth	r3, r3
1000393c:	480f      	ldr	r0, [pc, #60]	@ (1000397c <tud_descriptor_string_cb+0x5c>)
1000393e:	f443 7340 	orr.w	r3, r3, #768	@ 0x300
10003942:	8003      	strh	r3, [r0, #0]
10003944:	bd10      	pop	{r4, pc}
10003946:	2111      	movs	r1, #17
10003948:	480b      	ldr	r0, [pc, #44]	@ (10003978 <tud_descriptor_string_cb+0x58>)
1000394a:	f000 f84f 	bl	100039ec <pico_get_unique_board_id_string>
1000394e:	e7ec      	b.n	1000392a <tud_descriptor_string_cb+0xa>
10003950:	2c05      	cmp	r4, #5
10003952:	d80e      	bhi.n	10003972 <tud_descriptor_string_cb+0x52>
10003954:	4b0a      	ldr	r3, [pc, #40]	@ (10003980 <tud_descriptor_string_cb+0x60>)
10003956:	f853 0024 	ldr.w	r0, [r3, r4, lsl #2]
1000395a:	2300      	movs	r3, #0
1000395c:	2b12      	cmp	r3, #18
1000395e:	d8ea      	bhi.n	10003936 <tud_descriptor_string_cb+0x16>
10003960:	5cc2      	ldrb	r2, [r0, r3]
10003962:	2a00      	cmp	r2, #0
10003964:	d0e7      	beq.n	10003936 <tud_descriptor_string_cb+0x16>
10003966:	3301      	adds	r3, #1
10003968:	4904      	ldr	r1, [pc, #16]	@ (1000397c <tud_descriptor_string_cb+0x5c>)
1000396a:	f821 2013 	strh.w	r2, [r1, r3, lsl #1]
1000396e:	b2db      	uxtb	r3, r3
10003970:	e7f4      	b.n	1000395c <tud_descriptor_string_cb+0x3c>
10003972:	2000      	movs	r0, #0
10003974:	e7e6      	b.n	10003944 <tud_descriptor_string_cb+0x24>
10003976:	bf00      	nop
10003978:	2000269c 	.word	0x2000269c
1000397c:	20002204 	.word	0x20002204
10003980:	1000b3ec 	.word	0x1000b3ec

10003984 <_retrieve_unique_id_on_boot>:
10003984:	b500      	push	{lr}
10003986:	b08b      	sub	sp, #44	@ 0x2c
10003988:	f245 3047 	movw	r0, #21319	@ 0x5347
1000398c:	f7fd fffe 	bl	1000198c <rom_func_lookup>
10003990:	4603      	mov	r3, r0
10003992:	2201      	movs	r2, #1
10003994:	2109      	movs	r1, #9
10003996:	a801      	add	r0, sp, #4
10003998:	4798      	blx	r3
1000399a:	2804      	cmp	r0, #4
1000399c:	d101      	bne.n	100039a2 <_retrieve_unique_id_on_boot+0x1e>
1000399e:	2300      	movs	r3, #0
100039a0:	e00e      	b.n	100039c0 <_retrieve_unique_id_on_boot+0x3c>
100039a2:	4b0a      	ldr	r3, [pc, #40]	@ (100039cc <_retrieve_unique_id_on_boot+0x48>)
100039a4:	4a0a      	ldr	r2, [pc, #40]	@ (100039d0 <_retrieve_unique_id_on_boot+0x4c>)
100039a6:	212f      	movs	r1, #47	@ 0x2f
100039a8:	480a      	ldr	r0, [pc, #40]	@ (100039d4 <_retrieve_unique_id_on_boot+0x50>)
100039aa:	f7ff fbb1 	bl	10003110 <__assert_func>
100039ae:	f1c3 020f 	rsb	r2, r3, #15
100039b2:	3228      	adds	r2, #40	@ 0x28
100039b4:	446a      	add	r2, sp
100039b6:	f812 1c24 	ldrb.w	r1, [r2, #-36]
100039ba:	4a07      	ldr	r2, [pc, #28]	@ (100039d8 <_retrieve_unique_id_on_boot+0x54>)
100039bc:	54d1      	strb	r1, [r2, r3]
100039be:	3301      	adds	r3, #1
100039c0:	2b07      	cmp	r3, #7
100039c2:	ddf4      	ble.n	100039ae <_retrieve_unique_id_on_boot+0x2a>
100039c4:	b00b      	add	sp, #44	@ 0x2c
100039c6:	f85d fb04 	ldr.w	pc, [sp], #4
100039ca:	bf00      	nop
100039cc:	1000a0f0 	.word	0x1000a0f0
100039d0:	1000b48c 	.word	0x1000b48c
100039d4:	1000a0f8 	.word	0x1000a0f8
100039d8:	20002688 	.word	0x20002688

100039dc <pico_get_unique_board_id>:
100039dc:	4603      	mov	r3, r0
100039de:	4a02      	ldr	r2, [pc, #8]	@ (100039e8 <pico_get_unique_board_id+0xc>)
100039e0:	ca03      	ldmia	r2!, {r0, r1}
100039e2:	6018      	str	r0, [r3, #0]
100039e4:	6059      	str	r1, [r3, #4]
100039e6:	4770      	bx	lr
100039e8:	20002688 	.word	0x20002688

100039ec <pico_get_unique_board_id_string>:
100039ec:	b508      	push	{r3, lr}
100039ee:	b111      	cbz	r1, 100039f6 <pico_get_unique_board_id_string+0xa>
100039f0:	468c      	mov	ip, r1
100039f2:	2200      	movs	r2, #0
100039f4:	e008      	b.n	10003a08 <pico_get_unique_board_id_string+0x1c>
100039f6:	4b10      	ldr	r3, [pc, #64]	@ (10003a38 <pico_get_unique_board_id_string+0x4c>)
100039f8:	4a10      	ldr	r2, [pc, #64]	@ (10003a3c <pico_get_unique_board_id_string+0x50>)
100039fa:	213b      	movs	r1, #59	@ 0x3b
100039fc:	4810      	ldr	r0, [pc, #64]	@ (10003a40 <pico_get_unique_board_id_string+0x54>)
100039fe:	f7ff fb87 	bl	10003110 <__assert_func>
10003a02:	3337      	adds	r3, #55	@ 0x37
10003a04:	5483      	strb	r3, [r0, r2]
10003a06:	3201      	adds	r2, #1
10003a08:	f10c 33ff 	add.w	r3, ip, #4294967295	@ 0xffffffff
10003a0c:	4293      	cmp	r3, r2
10003a0e:	d90f      	bls.n	10003a30 <pico_get_unique_board_id_string+0x44>
10003a10:	2a0f      	cmp	r2, #15
10003a12:	d80d      	bhi.n	10003a30 <pico_get_unique_board_id_string+0x44>
10003a14:	0853      	lsrs	r3, r2, #1
10003a16:	490b      	ldr	r1, [pc, #44]	@ (10003a44 <pico_get_unique_board_id_string+0x58>)
10003a18:	5ccb      	ldrb	r3, [r1, r3]
10003a1a:	43d1      	mvns	r1, r2
10003a1c:	f001 0101 	and.w	r1, r1, #1
10003a20:	0089      	lsls	r1, r1, #2
10003a22:	410b      	asrs	r3, r1
10003a24:	f003 030f 	and.w	r3, r3, #15
10003a28:	2b09      	cmp	r3, #9
10003a2a:	dcea      	bgt.n	10003a02 <pico_get_unique_board_id_string+0x16>
10003a2c:	3330      	adds	r3, #48	@ 0x30
10003a2e:	e7e9      	b.n	10003a04 <pico_get_unique_board_id_string+0x18>
10003a30:	2300      	movs	r3, #0
10003a32:	5483      	strb	r3, [r0, r2]
10003a34:	bd08      	pop	{r3, pc}
10003a36:	bf00      	nop
10003a38:	1000a144 	.word	0x1000a144
10003a3c:	1000b46c 	.word	0x1000b46c
10003a40:	1000a0f8 	.word	0x1000a0f8
10003a44:	20002688 	.word	0x20002688

10003a48 <hw_endpoint_init>:
10003a48:	b430      	push	{r4, r5}
10003a4a:	f000 057f 	and.w	r5, r0, #127	@ 0x7f
10003a4e:	09c3      	lsrs	r3, r0, #7
10003a50:	ea4f 0c45 	mov.w	ip, r5, lsl #1
10003a54:	eb0c 1cd0 	add.w	ip, ip, r0, lsr #7
10003a58:	4c24      	ldr	r4, [pc, #144]	@ (10003aec <hw_endpoint_init+0xa4>)
10003a5a:	eb04 1c4c 	add.w	ip, r4, ip, lsl #5
10003a5e:	f88c 0002 	strb.w	r0, [ip, #2]
10003a62:	f083 0001 	eor.w	r0, r3, #1
10003a66:	f88c 0001 	strb.w	r0, [ip, #1]
10003a6a:	2000      	movs	r0, #0
10003a6c:	f88c 0003 	strb.w	r0, [ip, #3]
10003a70:	f8ac 1018 	strh.w	r1, [ip, #24]
10003a74:	f88c 201b 	strb.w	r2, [ip, #27]
10003a78:	b9db      	cbnz	r3, 10003ab2 <hw_endpoint_init+0x6a>
10003a7a:	00ea      	lsls	r2, r5, #3
10003a7c:	491c      	ldr	r1, [pc, #112]	@ (10003af0 <hw_endpoint_init+0xa8>)
10003a7e:	4411      	add	r1, r2
10003a80:	eb03 0045 	add.w	r0, r3, r5, lsl #1
10003a84:	4a19      	ldr	r2, [pc, #100]	@ (10003aec <hw_endpoint_init+0xa4>)
10003a86:	eb02 1240 	add.w	r2, r2, r0, lsl #5
10003a8a:	6091      	str	r1, [r2, #8]
10003a8c:	eb03 0145 	add.w	r1, r3, r5, lsl #1
10003a90:	4a16      	ldr	r2, [pc, #88]	@ (10003aec <hw_endpoint_init+0xa4>)
10003a92:	eb02 1241 	add.w	r2, r2, r1, lsl #5
10003a96:	6892      	ldr	r2, [r2, #8]
10003a98:	2100      	movs	r1, #0
10003a9a:	6011      	str	r1, [r2, #0]
10003a9c:	b97d      	cbnz	r5, 10003abe <hw_endpoint_init+0x76>
10003a9e:	eb03 0245 	add.w	r2, r3, r5, lsl #1
10003aa2:	4b12      	ldr	r3, [pc, #72]	@ (10003aec <hw_endpoint_init+0xa4>)
10003aa4:	eb03 1342 	add.w	r3, r3, r2, lsl #5
10003aa8:	6059      	str	r1, [r3, #4]
10003aaa:	4a12      	ldr	r2, [pc, #72]	@ (10003af4 <hw_endpoint_init+0xac>)
10003aac:	60da      	str	r2, [r3, #12]
10003aae:	bc30      	pop	{r4, r5}
10003ab0:	4770      	bx	lr
10003ab2:	4911      	ldr	r1, [pc, #68]	@ (10003af8 <hw_endpoint_init+0xb0>)
10003ab4:	eb01 01c5 	add.w	r1, r1, r5, lsl #3
10003ab8:	f8cc 1008 	str.w	r1, [ip, #8]
10003abc:	e7e6      	b.n	10003a8c <hw_endpoint_init+0x44>
10003abe:	b953      	cbnz	r3, 10003ad6 <hw_endpoint_init+0x8e>
10003ac0:	1e6a      	subs	r2, r5, #1
10003ac2:	00d2      	lsls	r2, r2, #3
10003ac4:	490d      	ldr	r1, [pc, #52]	@ (10003afc <hw_endpoint_init+0xb4>)
10003ac6:	4411      	add	r1, r2
10003ac8:	eb03 0345 	add.w	r3, r3, r5, lsl #1
10003acc:	4a07      	ldr	r2, [pc, #28]	@ (10003aec <hw_endpoint_init+0xa4>)
10003ace:	eb02 1343 	add.w	r3, r2, r3, lsl #5
10003ad2:	6059      	str	r1, [r3, #4]
10003ad4:	e7eb      	b.n	10003aae <hw_endpoint_init+0x66>
10003ad6:	1e69      	subs	r1, r5, #1
10003ad8:	4a09      	ldr	r2, [pc, #36]	@ (10003b00 <hw_endpoint_init+0xb8>)
10003ada:	eb02 02c1 	add.w	r2, r2, r1, lsl #3
10003ade:	eb03 0145 	add.w	r1, r3, r5, lsl #1
10003ae2:	4b02      	ldr	r3, [pc, #8]	@ (10003aec <hw_endpoint_init+0xa4>)
10003ae4:	eb03 1341 	add.w	r3, r3, r1, lsl #5
10003ae8:	605a      	str	r2, [r3, #4]
10003aea:	e7e0      	b.n	10003aae <hw_endpoint_init+0x66>
10003aec:	20002238 	.word	0x20002238
10003af0:	50100084 	.word	0x50100084
10003af4:	50100100 	.word	0x50100100
10003af8:	50100080 	.word	0x50100080
10003afc:	5010000c 	.word	0x5010000c
10003b00:	50100008 	.word	0x50100008

10003b04 <hw_endpoint_alloc>:
10003b04:	b508      	push	{r3, lr}
10003b06:	8b03      	ldrh	r3, [r0, #24]
10003b08:	333f      	adds	r3, #63	@ 0x3f
10003b0a:	f023 033f 	bic.w	r3, r3, #63	@ 0x3f
10003b0e:	7ec2      	ldrb	r2, [r0, #27]
10003b10:	2a02      	cmp	r2, #2
10003b12:	d008      	beq.n	10003b26 <hw_endpoint_alloc+0x22>
10003b14:	4908      	ldr	r1, [pc, #32]	@ (10003b38 <hw_endpoint_alloc+0x34>)
10003b16:	680a      	ldr	r2, [r1, #0]
10003b18:	60c2      	str	r2, [r0, #12]
10003b1a:	4413      	add	r3, r2
10003b1c:	600b      	str	r3, [r1, #0]
10003b1e:	4a07      	ldr	r2, [pc, #28]	@ (10003b3c <hw_endpoint_alloc+0x38>)
10003b20:	4293      	cmp	r3, r2
10003b22:	d802      	bhi.n	10003b2a <hw_endpoint_alloc+0x26>
10003b24:	bd08      	pop	{r3, pc}
10003b26:	005b      	lsls	r3, r3, #1
10003b28:	e7f4      	b.n	10003b14 <hw_endpoint_alloc+0x10>
10003b2a:	4b05      	ldr	r3, [pc, #20]	@ (10003b40 <hw_endpoint_alloc+0x3c>)
10003b2c:	4a05      	ldr	r2, [pc, #20]	@ (10003b44 <hw_endpoint_alloc+0x40>)
10003b2e:	2152      	movs	r1, #82	@ 0x52
10003b30:	4805      	ldr	r0, [pc, #20]	@ (10003b48 <hw_endpoint_alloc+0x44>)
10003b32:	f7ff faed 	bl	10003110 <__assert_func>
10003b36:	bf00      	nop
10003b38:	2000263c 	.word	0x2000263c
10003b3c:	50100fff 	.word	0x50100fff
10003b40:	1000a14c 	.word	0x1000a14c
10003b44:	1000b4d8 	.word	0x1000b4d8
10003b48:	1000a190 	.word	0x1000a190

10003b4c <hw_endpoint_open>:
10003b4c:	b570      	push	{r4, r5, r6, lr}
10003b4e:	f000 057f 	and.w	r5, r0, #127	@ 0x7f
10003b52:	ea4f 0c45 	mov.w	ip, r5, lsl #1
10003b56:	eb0c 13d0 	add.w	r3, ip, r0, lsr #7
10003b5a:	4c0c      	ldr	r4, [pc, #48]	@ (10003b8c <hw_endpoint_open+0x40>)
10003b5c:	eb04 1443 	add.w	r4, r4, r3, lsl #5
10003b60:	f7ff ff72 	bl	10003a48 <hw_endpoint_init>
10003b64:	b905      	cbnz	r5, 10003b68 <hw_endpoint_open+0x1c>
10003b66:	bd70      	pop	{r4, r5, r6, pc}
10003b68:	8b21      	ldrh	r1, [r4, #24]
10003b6a:	4620      	mov	r0, r4
10003b6c:	f7ff ffca 	bl	10003b04 <hw_endpoint_alloc>
10003b70:	7ee2      	ldrb	r2, [r4, #27]
10003b72:	68e3      	ldr	r3, [r4, #12]
10003b74:	f083 43a0 	eor.w	r3, r3, #1342177280	@ 0x50000000
10003b78:	f483 1380 	eor.w	r3, r3, #1048576	@ 0x100000
10003b7c:	ea43 6382 	orr.w	r3, r3, r2, lsl #26
10003b80:	f043 4300 	orr.w	r3, r3, #2147483648	@ 0x80000000
10003b84:	6862      	ldr	r2, [r4, #4]
10003b86:	6013      	str	r3, [r2, #0]
10003b88:	e7ed      	b.n	10003b66 <hw_endpoint_open+0x1a>
10003b8a:	bf00      	nop
10003b8c:	20002238 	.word	0x20002238

10003b90 <hw_endpoint_xfer>:
10003b90:	b508      	push	{r3, lr}
10003b92:	f000 037f 	and.w	r3, r0, #127	@ 0x7f
10003b96:	005b      	lsls	r3, r3, #1
10003b98:	eb03 10d0 	add.w	r0, r3, r0, lsr #7
10003b9c:	4b02      	ldr	r3, [pc, #8]	@ (10003ba8 <hw_endpoint_xfer+0x18>)
10003b9e:	eb03 1040 	add.w	r0, r3, r0, lsl #5
10003ba2:	f000 f91b 	bl	10003ddc <hw_endpoint_xfer_start>
10003ba6:	bd08      	pop	{r3, pc}
10003ba8:	20002238 	.word	0x20002238

10003bac <dcd_int_enable>:
10003bac:	b508      	push	{r3, lr}
10003bae:	b920      	cbnz	r0, 10003bba <dcd_int_enable+0xe>
10003bb0:	2101      	movs	r1, #1
10003bb2:	200e      	movs	r0, #14
10003bb4:	f7fc fdba 	bl	1000072c <irq_set_enabled>
10003bb8:	bd08      	pop	{r3, pc}
10003bba:	4b03      	ldr	r3, [pc, #12]	@ (10003bc8 <dcd_int_enable+0x1c>)
10003bbc:	4a03      	ldr	r2, [pc, #12]	@ (10003bcc <dcd_int_enable+0x20>)
10003bbe:	f240 1197 	movw	r1, #407	@ 0x197
10003bc2:	4803      	ldr	r0, [pc, #12]	@ (10003bd0 <dcd_int_enable+0x24>)
10003bc4:	f7ff faa4 	bl	10003110 <__assert_func>
10003bc8:	1000a200 	.word	0x1000a200
10003bcc:	1000b4c8 	.word	0x1000b4c8
10003bd0:	1000a190 	.word	0x1000a190

10003bd4 <dcd_set_address>:
10003bd4:	b508      	push	{r3, lr}
10003bd6:	b928      	cbnz	r0, 10003be4 <dcd_set_address+0x10>
10003bd8:	2200      	movs	r2, #0
10003bda:	4611      	mov	r1, r2
10003bdc:	2080      	movs	r0, #128	@ 0x80
10003bde:	f7ff ffd7 	bl	10003b90 <hw_endpoint_xfer>
10003be2:	bd08      	pop	{r3, pc}
10003be4:	4b03      	ldr	r3, [pc, #12]	@ (10003bf4 <dcd_set_address+0x20>)
10003be6:	4a04      	ldr	r2, [pc, #16]	@ (10003bf8 <dcd_set_address+0x24>)
10003be8:	f240 11a1 	movw	r1, #417	@ 0x1a1
10003bec:	4803      	ldr	r0, [pc, #12]	@ (10003bfc <dcd_set_address+0x28>)
10003bee:	f7ff fa8f 	bl	10003110 <__assert_func>
10003bf2:	bf00      	nop
10003bf4:	1000a200 	.word	0x1000a200
10003bf8:	1000b4b8 	.word	0x1000b4b8
10003bfc:	1000a190 	.word	0x1000a190

10003c00 <dcd_connect>:
10003c00:	4b02      	ldr	r3, [pc, #8]	@ (10003c0c <dcd_connect+0xc>)
10003c02:	f44f 3280 	mov.w	r2, #65536	@ 0x10000
10003c06:	64da      	str	r2, [r3, #76]	@ 0x4c
10003c08:	4770      	bx	lr
10003c0a:	bf00      	nop
10003c0c:	50112000 	.word	0x50112000

10003c10 <dcd_init>:
10003c10:	b570      	push	{r4, r5, r6, lr}
10003c12:	bb48      	cbnz	r0, 10003c68 <dcd_init+0x58>
10003c14:	4606      	mov	r6, r0
10003c16:	f000 f8c1 	bl	10003d9c <rp2040_usb_init>
10003c1a:	4c17      	ldr	r4, [pc, #92]	@ (10003c78 <dcd_init+0x68>)
10003c1c:	230c      	movs	r3, #12
10003c1e:	67a3      	str	r3, [r4, #120]	@ 0x78
10003c20:	22ff      	movs	r2, #255	@ 0xff
10003c22:	4916      	ldr	r1, [pc, #88]	@ (10003c7c <dcd_init+0x6c>)
10003c24:	200e      	movs	r0, #14
10003c26:	f7fc fdeb 	bl	10000800 <irq_add_shared_handler>
10003c2a:	2540      	movs	r5, #64	@ 0x40
10003c2c:	462a      	mov	r2, r5
10003c2e:	2100      	movs	r1, #0
10003c30:	4813      	ldr	r0, [pc, #76]	@ (10003c80 <dcd_init+0x70>)
10003c32:	f005 fcf5 	bl	10009620 <memset>
10003c36:	2200      	movs	r2, #0
10003c38:	4629      	mov	r1, r5
10003c3a:	4610      	mov	r0, r2
10003c3c:	f7ff ff86 	bl	10003b4c <hw_endpoint_open>
10003c40:	2200      	movs	r2, #0
10003c42:	4629      	mov	r1, r5
10003c44:	2080      	movs	r0, #128	@ 0x80
10003c46:	f7ff ff81 	bl	10003b4c <hw_endpoint_open>
10003c4a:	f005 fe21 	bl	10009890 <__reset_non_control_endpoints_veneer>
10003c4e:	2501      	movs	r5, #1
10003c50:	6425      	str	r5, [r4, #64]	@ 0x40
10003c52:	f04f 5300 	mov.w	r3, #536870912	@ 0x20000000
10003c56:	64e3      	str	r3, [r4, #76]	@ 0x4c
10003c58:	4b0a      	ldr	r3, [pc, #40]	@ (10003c84 <dcd_init+0x74>)
10003c5a:	f8c4 3090 	str.w	r3, [r4, #144]	@ 0x90
10003c5e:	4630      	mov	r0, r6
10003c60:	f7ff ffce 	bl	10003c00 <dcd_connect>
10003c64:	4628      	mov	r0, r5
10003c66:	bd70      	pop	{r4, r5, r6, pc}
10003c68:	4b07      	ldr	r3, [pc, #28]	@ (10003c88 <dcd_init+0x78>)
10003c6a:	4a08      	ldr	r2, [pc, #32]	@ (10003c8c <dcd_init+0x7c>)
10003c6c:	f240 1163 	movw	r1, #355	@ 0x163
10003c70:	4807      	ldr	r0, [pc, #28]	@ (10003c90 <dcd_init+0x80>)
10003c72:	f7ff fa4d 	bl	10003110 <__assert_func>
10003c76:	bf00      	nop
10003c78:	50110000 	.word	0x50110000
10003c7c:	200005d1 	.word	0x200005d1
10003c80:	20002238 	.word	0x20002238
10003c84:	0001d010 	.word	0x0001d010
10003c88:	1000a200 	.word	0x1000a200
10003c8c:	1000b4ec 	.word	0x1000b4ec
10003c90:	1000a190 	.word	0x1000a190

10003c94 <dcd_sof_enable>:
10003c94:	4b04      	ldr	r3, [pc, #16]	@ (10003ca8 <dcd_sof_enable+0x14>)
10003c96:	7019      	strb	r1, [r3, #0]
10003c98:	b121      	cbz	r1, 10003ca4 <dcd_sof_enable+0x10>
10003c9a:	4b04      	ldr	r3, [pc, #16]	@ (10003cac <dcd_sof_enable+0x18>)
10003c9c:	f44f 3200 	mov.w	r2, #131072	@ 0x20000
10003ca0:	f8c3 2090 	str.w	r2, [r3, #144]	@ 0x90
10003ca4:	4770      	bx	lr
10003ca6:	bf00      	nop
10003ca8:	200026b3 	.word	0x200026b3
10003cac:	50112000 	.word	0x50112000

10003cb0 <dcd_edpt0_status_complete>:
10003cb0:	780b      	ldrb	r3, [r1, #0]
10003cb2:	f013 0f7f 	tst.w	r3, #127	@ 0x7f
10003cb6:	d102      	bne.n	10003cbe <dcd_edpt0_status_complete+0xe>
10003cb8:	784b      	ldrb	r3, [r1, #1]
10003cba:	2b05      	cmp	r3, #5
10003cbc:	d000      	beq.n	10003cc0 <dcd_edpt0_status_complete+0x10>
10003cbe:	4770      	bx	lr
10003cc0:	884b      	ldrh	r3, [r1, #2]
10003cc2:	b2db      	uxtb	r3, r3
10003cc4:	4a01      	ldr	r2, [pc, #4]	@ (10003ccc <dcd_edpt0_status_complete+0x1c>)
10003cc6:	6013      	str	r3, [r2, #0]
10003cc8:	e7f9      	b.n	10003cbe <dcd_edpt0_status_complete+0xe>
10003cca:	bf00      	nop
10003ccc:	50110000 	.word	0x50110000

10003cd0 <dcd_edpt_open>:
10003cd0:	78ca      	ldrb	r2, [r1, #3]
10003cd2:	f002 0203 	and.w	r2, r2, #3
10003cd6:	2a01      	cmp	r2, #1
10003cd8:	d009      	beq.n	10003cee <dcd_edpt_open+0x1e>
10003cda:	b508      	push	{r3, lr}
10003cdc:	460b      	mov	r3, r1
10003cde:	8889      	ldrh	r1, [r1, #4]
10003ce0:	f3c1 010a 	ubfx	r1, r1, #0, #11
10003ce4:	7898      	ldrb	r0, [r3, #2]
10003ce6:	f7ff ff31 	bl	10003b4c <hw_endpoint_open>
10003cea:	2001      	movs	r0, #1
10003cec:	bd08      	pop	{r3, pc}
10003cee:	2000      	movs	r0, #0
10003cf0:	4770      	bx	lr

10003cf2 <dcd_edpt_close_all>:
10003cf2:	b508      	push	{r3, lr}
10003cf4:	f005 fdcc 	bl	10009890 <__reset_non_control_endpoints_veneer>
10003cf8:	bd08      	pop	{r3, pc}
	...

10003cfc <dcd_edpt_xfer>:
10003cfc:	b510      	push	{r4, lr}
10003cfe:	b930      	cbnz	r0, 10003d0e <dcd_edpt_xfer+0x12>
10003d00:	4608      	mov	r0, r1
10003d02:	4611      	mov	r1, r2
10003d04:	461a      	mov	r2, r3
10003d06:	f7ff ff43 	bl	10003b90 <hw_endpoint_xfer>
10003d0a:	2001      	movs	r0, #1
10003d0c:	bd10      	pop	{r4, pc}
10003d0e:	4b03      	ldr	r3, [pc, #12]	@ (10003d1c <dcd_edpt_xfer+0x20>)
10003d10:	4a03      	ldr	r2, [pc, #12]	@ (10003d20 <dcd_edpt_xfer+0x24>)
10003d12:	f44f 7101 	mov.w	r1, #516	@ 0x204
10003d16:	4803      	ldr	r0, [pc, #12]	@ (10003d24 <dcd_edpt_xfer+0x28>)
10003d18:	f7ff f9fa 	bl	10003110 <__assert_func>
10003d1c:	1000a200 	.word	0x1000a200
10003d20:	1000b4a8 	.word	0x1000b4a8
10003d24:	1000a190 	.word	0x1000a190

10003d28 <dcd_edpt_stall>:
10003d28:	b508      	push	{r3, lr}
10003d2a:	f011 037f 	ands.w	r3, r1, #127	@ 0x7f
10003d2e:	d104      	bne.n	10003d3a <dcd_edpt_stall+0x12>
10003d30:	09ca      	lsrs	r2, r1, #7
10003d32:	d10e      	bne.n	10003d52 <dcd_edpt_stall+0x2a>
10003d34:	2002      	movs	r0, #2
10003d36:	4a08      	ldr	r2, [pc, #32]	@ (10003d58 <dcd_edpt_stall+0x30>)
10003d38:	6690      	str	r0, [r2, #104]	@ 0x68
10003d3a:	005b      	lsls	r3, r3, #1
10003d3c:	eb03 13d1 	add.w	r3, r3, r1, lsr #7
10003d40:	f44f 6200 	mov.w	r2, #2048	@ 0x800
10003d44:	2100      	movs	r1, #0
10003d46:	4805      	ldr	r0, [pc, #20]	@ (10003d5c <dcd_edpt_stall+0x34>)
10003d48:	eb00 1043 	add.w	r0, r0, r3, lsl #5
10003d4c:	f005 fdb4 	bl	100098b8 <___hw_endpoint_buffer_control_update32_veneer>
10003d50:	bd08      	pop	{r3, pc}
10003d52:	2001      	movs	r0, #1
10003d54:	e7ef      	b.n	10003d36 <dcd_edpt_stall+0xe>
10003d56:	bf00      	nop
10003d58:	50112000 	.word	0x50112000
10003d5c:	20002238 	.word	0x20002238

10003d60 <dcd_edpt_clear_stall>:
10003d60:	b508      	push	{r3, lr}
10003d62:	f011 037f 	ands.w	r3, r1, #127	@ 0x7f
10003d66:	d100      	bne.n	10003d6a <dcd_edpt_clear_stall+0xa>
10003d68:	bd08      	pop	{r3, pc}
10003d6a:	005b      	lsls	r3, r3, #1
10003d6c:	eb03 13d1 	add.w	r3, r3, r1, lsr #7
10003d70:	4804      	ldr	r0, [pc, #16]	@ (10003d84 <dcd_edpt_clear_stall+0x24>)
10003d72:	eb00 1043 	add.w	r0, r0, r3, lsl #5
10003d76:	2200      	movs	r2, #0
10003d78:	70c2      	strb	r2, [r0, #3]
10003d7a:	f46f 6100 	mvn.w	r1, #2048	@ 0x800
10003d7e:	f005 fd9b 	bl	100098b8 <___hw_endpoint_buffer_control_update32_veneer>
10003d82:	e7f1      	b.n	10003d68 <dcd_edpt_clear_stall+0x8>
10003d84:	20002238 	.word	0x20002238

10003d88 <unaligned_memcpy>:
10003d88:	e004      	b.n	10003d94 <unaligned_memcpy+0xc>
10003d8a:	f811 2b01 	ldrb.w	r2, [r1], #1
10003d8e:	f800 2b01 	strb.w	r2, [r0], #1
10003d92:	461a      	mov	r2, r3
10003d94:	1e53      	subs	r3, r2, #1
10003d96:	2a00      	cmp	r2, #0
10003d98:	d1f7      	bne.n	10003d8a <unaligned_memcpy+0x2>
10003d9a:	4770      	bx	lr

10003d9c <rp2040_usb_init>:
10003d9c:	b508      	push	{r3, lr}
10003d9e:	f04f 5380 	mov.w	r3, #268435456	@ 0x10000000
10003da2:	4a0a      	ldr	r2, [pc, #40]	@ (10003dcc <rp2040_usb_init+0x30>)
10003da4:	6013      	str	r3, [r2, #0]
10003da6:	f502 5280 	add.w	r2, r2, #4096	@ 0x1000
10003daa:	6013      	str	r3, [r2, #0]
10003dac:	4b08      	ldr	r3, [pc, #32]	@ (10003dd0 <rp2040_usb_init+0x34>)
10003dae:	689b      	ldr	r3, [r3, #8]
10003db0:	f013 5f80 	tst.w	r3, #268435456	@ 0x10000000
10003db4:	d0fa      	beq.n	10003dac <rp2040_usb_init+0x10>
10003db6:	f44f 5280 	mov.w	r2, #4096	@ 0x1000
10003dba:	2100      	movs	r1, #0
10003dbc:	4805      	ldr	r0, [pc, #20]	@ (10003dd4 <rp2040_usb_init+0x38>)
10003dbe:	f005 fc2f 	bl	10009620 <memset>
10003dc2:	4b05      	ldr	r3, [pc, #20]	@ (10003dd8 <rp2040_usb_init+0x3c>)
10003dc4:	2209      	movs	r2, #9
10003dc6:	675a      	str	r2, [r3, #116]	@ 0x74
10003dc8:	bd08      	pop	{r3, pc}
10003dca:	bf00      	nop
10003dcc:	40022000 	.word	0x40022000
10003dd0:	40020000 	.word	0x40020000
10003dd4:	50100000 	.word	0x50100000
10003dd8:	50110000 	.word	0x50110000

10003ddc <hw_endpoint_xfer_start>:
10003ddc:	b570      	push	{r4, r5, r6, lr}
10003dde:	4604      	mov	r4, r0
10003de0:	460d      	mov	r5, r1
10003de2:	4616      	mov	r6, r2
10003de4:	7e83      	ldrb	r3, [r0, #26]
10003de6:	b9ab      	cbnz	r3, 10003e14 <hw_endpoint_xfer_start+0x38>
10003de8:	82a6      	strh	r6, [r4, #20]
10003dea:	2300      	movs	r3, #0
10003dec:	82e3      	strh	r3, [r4, #22]
10003dee:	2301      	movs	r3, #1
10003df0:	76a3      	strb	r3, [r4, #26]
10003df2:	6125      	str	r5, [r4, #16]
10003df4:	4620      	mov	r0, r4
10003df6:	f005 fd47 	bl	10009888 <__e15_is_bulkin_ep_veneer>
10003dfa:	b120      	cbz	r0, 10003e06 <hw_endpoint_xfer_start+0x2a>
10003dfc:	4b0b      	ldr	r3, [pc, #44]	@ (10003e2c <hw_endpoint_xfer_start+0x50>)
10003dfe:	f44f 3200 	mov.w	r2, #131072	@ 0x20000
10003e02:	f8c3 2090 	str.w	r2, [r3, #144]	@ 0x90
10003e06:	4620      	mov	r0, r4
10003e08:	f005 fd76 	bl	100098f8 <__e15_is_critical_frame_period_veneer>
10003e0c:	b150      	cbz	r0, 10003e24 <hw_endpoint_xfer_start+0x48>
10003e0e:	2301      	movs	r3, #1
10003e10:	7723      	strb	r3, [r4, #28]
10003e12:	bd70      	pop	{r4, r5, r6, pc}
10003e14:	7881      	ldrb	r1, [r0, #2]
10003e16:	4806      	ldr	r0, [pc, #24]	@ (10003e30 <hw_endpoint_xfer_start+0x54>)
10003e18:	f7ff fade 	bl	100033d8 <__wrap_printf>
10003e1c:	4620      	mov	r0, r4
10003e1e:	f005 fd2f 	bl	10009880 <__hw_endpoint_reset_transfer_veneer>
10003e22:	e7e1      	b.n	10003de8 <hw_endpoint_xfer_start+0xc>
10003e24:	4620      	mov	r0, r4
10003e26:	f005 fd3b 	bl	100098a0 <__hw_endpoint_start_next_buffer_veneer>
10003e2a:	e7f2      	b.n	10003e12 <hw_endpoint_xfer_start+0x36>
10003e2c:	50112000 	.word	0x50112000
10003e30:	1000a2f0 	.word	0x1000a2f0

10003e34 <configuration_reset>:
10003e34:	b538      	push	{r3, r4, r5, lr}
10003e36:	4605      	mov	r5, r0
10003e38:	2400      	movs	r4, #0
10003e3a:	e008      	b.n	10003e4e <configuration_reset+0x1a>
10003e3c:	1ad2      	subs	r2, r2, r3
10003e3e:	4b1b      	ldr	r3, [pc, #108]	@ (10003eac <configuration_reset+0x78>)
10003e40:	eb03 1342 	add.w	r3, r3, r2, lsl #5
10003e44:	68db      	ldr	r3, [r3, #12]
10003e46:	4628      	mov	r0, r5
10003e48:	4798      	blx	r3
10003e4a:	3401      	adds	r4, #1
10003e4c:	b2e4      	uxtb	r4, r4
10003e4e:	4b18      	ldr	r3, [pc, #96]	@ (10003eb0 <configuration_reset+0x7c>)
10003e50:	781b      	ldrb	r3, [r3, #0]
10003e52:	4622      	mov	r2, r4
10003e54:	1c59      	adds	r1, r3, #1
10003e56:	42a1      	cmp	r1, r4
10003e58:	db15      	blt.n	10003e86 <configuration_reset+0x52>
10003e5a:	42a3      	cmp	r3, r4
10003e5c:	d9ee      	bls.n	10003e3c <configuration_reset+0x8>
10003e5e:	4b15      	ldr	r3, [pc, #84]	@ (10003eb4 <configuration_reset+0x80>)
10003e60:	681b      	ldr	r3, [r3, #0]
10003e62:	eb13 1344 	adds.w	r3, r3, r4, lsl #5
10003e66:	d1ed      	bne.n	10003e44 <configuration_reset+0x10>
10003e68:	f240 2225 	movw	r2, #549	@ 0x225
10003e6c:	4912      	ldr	r1, [pc, #72]	@ (10003eb8 <configuration_reset+0x84>)
10003e6e:	4813      	ldr	r0, [pc, #76]	@ (10003ebc <configuration_reset+0x88>)
10003e70:	f7ff fab2 	bl	100033d8 <__wrap_printf>
10003e74:	f04f 23e0 	mov.w	r3, #3758153728	@ 0xe000e000
10003e78:	f8d3 3df0 	ldr.w	r3, [r3, #3568]	@ 0xdf0
10003e7c:	f013 0f01 	tst.w	r3, #1
10003e80:	d013      	beq.n	10003eaa <configuration_reset+0x76>
10003e82:	be00      	bkpt	0x0000
10003e84:	e011      	b.n	10003eaa <configuration_reset+0x76>
10003e86:	4c0e      	ldr	r4, [pc, #56]	@ (10003ec0 <configuration_reset+0x8c>)
10003e88:	2254      	movs	r2, #84	@ 0x54
10003e8a:	2100      	movs	r1, #0
10003e8c:	4620      	mov	r0, r4
10003e8e:	f005 fbc7 	bl	10009620 <memset>
10003e92:	f04f 33ff 	mov.w	r3, #4294967295	@ 0xffffffff
10003e96:	6063      	str	r3, [r4, #4]
10003e98:	60a3      	str	r3, [r4, #8]
10003e9a:	60e3      	str	r3, [r4, #12]
10003e9c:	6123      	str	r3, [r4, #16]
10003e9e:	2220      	movs	r2, #32
10003ea0:	21ff      	movs	r1, #255	@ 0xff
10003ea2:	f104 0014 	add.w	r0, r4, #20
10003ea6:	f005 fbbb 	bl	10009620 <memset>
10003eaa:	bd38      	pop	{r3, r4, r5, pc}
10003eac:	1000b5c0 	.word	0x1000b5c0
10003eb0:	200026b2 	.word	0x200026b2
10003eb4:	200012f0 	.word	0x200012f0
10003eb8:	1000b58c 	.word	0x1000b58c
10003ebc:	1000a328 	.word	0x1000a328
10003ec0:	200014c0 	.word	0x200014c0

10003ec4 <usbd_reset>:
10003ec4:	b508      	push	{r3, lr}
10003ec6:	f7ff ffb5 	bl	10003e34 <configuration_reset>
10003eca:	f000 ff43 	bl	10004d54 <usbd_control_reset>
10003ece:	bd08      	pop	{r3, pc}

10003ed0 <invoke_class_control>:
10003ed0:	b570      	push	{r4, r5, r6, lr}
10003ed2:	4605      	mov	r5, r0
10003ed4:	460c      	mov	r4, r1
10003ed6:	4616      	mov	r6, r2
10003ed8:	6948      	ldr	r0, [r1, #20]
10003eda:	f000 ff45 	bl	10004d68 <usbd_control_set_complete_callback>
10003ede:	6963      	ldr	r3, [r4, #20]
10003ee0:	4632      	mov	r2, r6
10003ee2:	2101      	movs	r1, #1
10003ee4:	4628      	mov	r0, r5
10003ee6:	4798      	blx	r3
10003ee8:	bd70      	pop	{r4, r5, r6, pc}
	...

10003eec <process_set_config>:
10003eec:	e92d 4ff0 	stmdb	sp!, {r4, r5, r6, r7, r8, r9, sl, fp, lr}
10003ef0:	b083      	sub	sp, #12
10003ef2:	4682      	mov	sl, r0
10003ef4:	1e48      	subs	r0, r1, #1
10003ef6:	b2c0      	uxtb	r0, r0
10003ef8:	f7ff fd0e 	bl	10003918 <tud_descriptor_configuration_cb>
10003efc:	b120      	cbz	r0, 10003f08 <process_set_config+0x1c>
10003efe:	4683      	mov	fp, r0
10003f00:	7843      	ldrb	r3, [r0, #1]
10003f02:	9301      	str	r3, [sp, #4]
10003f04:	2b02      	cmp	r3, #2
10003f06:	d011      	beq.n	10003f2c <process_set_config+0x40>
10003f08:	f240 32d6 	movw	r2, #982	@ 0x3d6
10003f0c:	4962      	ldr	r1, [pc, #392]	@ (10004098 <process_set_config+0x1ac>)
10003f0e:	4863      	ldr	r0, [pc, #396]	@ (1000409c <process_set_config+0x1b0>)
10003f10:	f7ff fa62 	bl	100033d8 <__wrap_printf>
10003f14:	f04f 23e0 	mov.w	r3, #3758153728	@ 0xe000e000
10003f18:	f8d3 3df0 	ldr.w	r3, [r3, #3568]	@ 0xdf0
10003f1c:	f013 0f01 	tst.w	r3, #1
10003f20:	d000      	beq.n	10003f24 <process_set_config+0x38>
10003f22:	be00      	bkpt	0x0000
10003f24:	2000      	movs	r0, #0
10003f26:	b003      	add	sp, #12
10003f28:	e8bd 8ff0 	ldmia.w	sp!, {r4, r5, r6, r7, r8, r9, sl, fp, pc}
10003f2c:	79c2      	ldrb	r2, [r0, #7]
10003f2e:	f3c2 1040 	ubfx	r0, r2, #5, #1
10003f32:	4b5b      	ldr	r3, [pc, #364]	@ (100040a0 <process_set_config+0x1b4>)
10003f34:	7819      	ldrb	r1, [r3, #0]
10003f36:	f360 1104 	bfi	r1, r0, #4, #1
10003f3a:	7019      	strb	r1, [r3, #0]
10003f3c:	f3c2 1280 	ubfx	r2, r2, #6, #1
10003f40:	b2c9      	uxtb	r1, r1
10003f42:	f362 1145 	bfi	r1, r2, #5, #1
10003f46:	7019      	strb	r1, [r3, #0]
10003f48:	f10b 0809 	add.w	r8, fp, #9
10003f4c:	f8bb 3002 	ldrh.w	r3, [fp, #2]
10003f50:	449b      	add	fp, r3
10003f52:	e07b      	b.n	1000404c <process_set_config+0x160>
10003f54:	f898 3003 	ldrb.w	r3, [r8, #3]
10003f58:	f898 2000 	ldrb.w	r2, [r8]
10003f5c:	4490      	add	r8, r2
10003f5e:	e07d      	b.n	1000405c <process_set_config+0x170>
10003f60:	f240 32f1 	movw	r2, #1009	@ 0x3f1
10003f64:	494c      	ldr	r1, [pc, #304]	@ (10004098 <process_set_config+0x1ac>)
10003f66:	484d      	ldr	r0, [pc, #308]	@ (1000409c <process_set_config+0x1b0>)
10003f68:	f7ff fa36 	bl	100033d8 <__wrap_printf>
10003f6c:	f04f 23e0 	mov.w	r3, #3758153728	@ 0xe000e000
10003f70:	f8d3 3df0 	ldr.w	r3, [r3, #3568]	@ 0xdf0
10003f74:	f013 0f01 	tst.w	r3, #1
10003f78:	d000      	beq.n	10003f7c <process_set_config+0x90>
10003f7a:	be00      	bkpt	0x0000
10003f7c:	2000      	movs	r0, #0
10003f7e:	e7d2      	b.n	10003f26 <process_set_config+0x3a>
10003f80:	1af3      	subs	r3, r6, r3
10003f82:	4a48      	ldr	r2, [pc, #288]	@ (100040a4 <process_set_config+0x1b8>)
10003f84:	eb02 1943 	add.w	r9, r2, r3, lsl #5
10003f88:	f8d9 3010 	ldr.w	r3, [r9, #16]
10003f8c:	462a      	mov	r2, r5
10003f8e:	4641      	mov	r1, r8
10003f90:	4650      	mov	r0, sl
10003f92:	4798      	blx	r3
10003f94:	2808      	cmp	r0, #8
10003f96:	d901      	bls.n	10003f9c <process_set_config+0xb0>
10003f98:	4285      	cmp	r5, r0
10003f9a:	d21e      	bcs.n	10003fda <process_set_config+0xee>
10003f9c:	3401      	adds	r4, #1
10003f9e:	b2e4      	uxtb	r4, r4
10003fa0:	4b41      	ldr	r3, [pc, #260]	@ (100040a8 <process_set_config+0x1bc>)
10003fa2:	781b      	ldrb	r3, [r3, #0]
10003fa4:	4626      	mov	r6, r4
10003fa6:	1c5a      	adds	r2, r3, #1
10003fa8:	42a2      	cmp	r2, r4
10003faa:	db4a      	blt.n	10004042 <process_set_config+0x156>
10003fac:	42a3      	cmp	r3, r4
10003fae:	d9e7      	bls.n	10003f80 <process_set_config+0x94>
10003fb0:	4b3e      	ldr	r3, [pc, #248]	@ (100040ac <process_set_config+0x1c0>)
10003fb2:	681b      	ldr	r3, [r3, #0]
10003fb4:	eb13 1944 	adds.w	r9, r3, r4, lsl #5
10003fb8:	d1e6      	bne.n	10003f88 <process_set_config+0x9c>
10003fba:	f240 32fa 	movw	r2, #1018	@ 0x3fa
10003fbe:	4936      	ldr	r1, [pc, #216]	@ (10004098 <process_set_config+0x1ac>)
10003fc0:	4836      	ldr	r0, [pc, #216]	@ (1000409c <process_set_config+0x1b0>)
10003fc2:	f7ff fa09 	bl	100033d8 <__wrap_printf>
10003fc6:	f04f 23e0 	mov.w	r3, #3758153728	@ 0xe000e000
10003fca:	f8d3 3df0 	ldr.w	r3, [r3, #3568]	@ 0xdf0
10003fce:	f013 0f01 	tst.w	r3, #1
10003fd2:	d000      	beq.n	10003fd6 <process_set_config+0xea>
10003fd4:	be00      	bkpt	0x0000
10003fd6:	2000      	movs	r0, #0
10003fd8:	e7a5      	b.n	10003f26 <process_set_config+0x3a>
10003fda:	463b      	mov	r3, r7
10003fdc:	464f      	mov	r7, r9
10003fde:	4681      	mov	r9, r0
10003fe0:	2b01      	cmp	r3, #1
10003fe2:	d011      	beq.n	10004008 <process_set_config+0x11c>
10003fe4:	2100      	movs	r1, #0
10003fe6:	428b      	cmp	r3, r1
10003fe8:	d924      	bls.n	10004034 <process_set_config+0x148>
10003fea:	f898 2002 	ldrb.w	r2, [r8, #2]
10003fee:	440a      	add	r2, r1
10003ff0:	b2d2      	uxtb	r2, r2
10003ff2:	482b      	ldr	r0, [pc, #172]	@ (100040a0 <process_set_config+0x1b4>)
10003ff4:	4410      	add	r0, r2
10003ff6:	7900      	ldrb	r0, [r0, #4]
10003ff8:	28ff      	cmp	r0, #255	@ 0xff
10003ffa:	d10b      	bne.n	10004014 <process_set_config+0x128>
10003ffc:	4828      	ldr	r0, [pc, #160]	@ (100040a0 <process_set_config+0x1b4>)
10003ffe:	4402      	add	r2, r0
10004000:	7114      	strb	r4, [r2, #4]
10004002:	3101      	adds	r1, #1
10004004:	b2c9      	uxtb	r1, r1
10004006:	e7ee      	b.n	10003fe6 <process_set_config+0xfa>
10004008:	6939      	ldr	r1, [r7, #16]
1000400a:	4a29      	ldr	r2, [pc, #164]	@ (100040b0 <process_set_config+0x1c4>)
1000400c:	4291      	cmp	r1, r2
1000400e:	d1e9      	bne.n	10003fe4 <process_set_config+0xf8>
10004010:	9b01      	ldr	r3, [sp, #4]
10004012:	e7e7      	b.n	10003fe4 <process_set_config+0xf8>
10004014:	f240 4219 	movw	r2, #1049	@ 0x419
10004018:	491f      	ldr	r1, [pc, #124]	@ (10004098 <process_set_config+0x1ac>)
1000401a:	4820      	ldr	r0, [pc, #128]	@ (1000409c <process_set_config+0x1b0>)
1000401c:	f7ff f9dc 	bl	100033d8 <__wrap_printf>
10004020:	f04f 23e0 	mov.w	r3, #3758153728	@ 0xe000e000
10004024:	f8d3 3df0 	ldr.w	r3, [r3, #3568]	@ 0xdf0
10004028:	f013 0f01 	tst.w	r3, #1
1000402c:	d000      	beq.n	10004030 <process_set_config+0x144>
1000402e:	be00      	bkpt	0x0000
10004030:	2000      	movs	r0, #0
10004032:	e778      	b.n	10003f26 <process_set_config+0x3a>
10004034:	4623      	mov	r3, r4
10004036:	464a      	mov	r2, r9
10004038:	4641      	mov	r1, r8
1000403a:	481e      	ldr	r0, [pc, #120]	@ (100040b4 <process_set_config+0x1c8>)
1000403c:	f001 fd66 	bl	10005b0c <tu_edpt_bind_driver>
10004040:	44c8      	add	r8, r9
10004042:	4b19      	ldr	r3, [pc, #100]	@ (100040a8 <process_set_config+0x1bc>)
10004044:	781b      	ldrb	r3, [r3, #0]
10004046:	3301      	adds	r3, #1
10004048:	429e      	cmp	r6, r3
1000404a:	dc12      	bgt.n	10004072 <process_set_config+0x186>
1000404c:	45d8      	cmp	r8, fp
1000404e:	d220      	bcs.n	10004092 <process_set_config+0x1a6>
10004050:	f898 3001 	ldrb.w	r3, [r8, #1]
10004054:	2b0b      	cmp	r3, #11
10004056:	f43f af7d 	beq.w	10003f54 <process_set_config+0x68>
1000405a:	2301      	movs	r3, #1
1000405c:	f898 2001 	ldrb.w	r2, [r8, #1]
10004060:	2a04      	cmp	r2, #4
10004062:	f47f af7d 	bne.w	10003f60 <process_set_config+0x74>
10004066:	ebab 0508 	sub.w	r5, fp, r8
1000406a:	b2ad      	uxth	r5, r5
1000406c:	2400      	movs	r4, #0
1000406e:	461f      	mov	r7, r3
10004070:	e796      	b.n	10003fa0 <process_set_config+0xb4>
10004072:	f44f 6285 	mov.w	r2, #1064	@ 0x428
10004076:	4908      	ldr	r1, [pc, #32]	@ (10004098 <process_set_config+0x1ac>)
10004078:	4808      	ldr	r0, [pc, #32]	@ (1000409c <process_set_config+0x1b0>)
1000407a:	f7ff f9ad 	bl	100033d8 <__wrap_printf>
1000407e:	f04f 23e0 	mov.w	r3, #3758153728	@ 0xe000e000
10004082:	f8d3 3df0 	ldr.w	r3, [r3, #3568]	@ 0xdf0
10004086:	f013 0f01 	tst.w	r3, #1
1000408a:	d000      	beq.n	1000408e <process_set_config+0x1a2>
1000408c:	be00      	bkpt	0x0000
1000408e:	2000      	movs	r0, #0
10004090:	e749      	b.n	10003f26 <process_set_config+0x3a>
10004092:	2001      	movs	r0, #1
10004094:	e747      	b.n	10003f26 <process_set_config+0x3a>
10004096:	bf00      	nop
10004098:	1000b560 	.word	0x1000b560
1000409c:	1000a328 	.word	0x1000a328
100040a0:	200014c0 	.word	0x200014c0
100040a4:	1000b5c0 	.word	0x1000b5c0
100040a8:	200026b2 	.word	0x200026b2
100040ac:	200012f0 	.word	0x200012f0
100040b0:	10005225 	.word	0x10005225
100040b4:	200014d4 	.word	0x200014d4

100040b8 <tud_event_hook_cb>:
100040b8:	4770      	bx	lr

100040ba <tud_sof_cb>:
100040ba:	4770      	bx	lr

100040bc <tud_descriptor_device_qualifier_cb>:
100040bc:	2000      	movs	r0, #0
100040be:	4770      	bx	lr

100040c0 <tud_descriptor_other_speed_configuration_cb>:
100040c0:	2000      	movs	r0, #0
100040c2:	4770      	bx	lr

100040c4 <process_get_descriptor>:
100040c4:	b538      	push	{r3, r4, r5, lr}
100040c6:	4605      	mov	r5, r0
100040c8:	460c      	mov	r4, r1
100040ca:	884b      	ldrh	r3, [r1, #2]
100040cc:	0a1a      	lsrs	r2, r3, #8
100040ce:	b2d8      	uxtb	r0, r3
100040d0:	1e53      	subs	r3, r2, #1
100040d2:	2b0e      	cmp	r3, #14
100040d4:	d864      	bhi.n	100041a0 <process_get_descriptor+0xdc>
100040d6:	e8df f003 	tbb	[pc, r3]
100040da:	2d08      	.short	0x2d08
100040dc:	5963634e 	.word	0x5963634e
100040e0:	6363632d 	.word	0x6363632d
100040e4:	63636363 	.word	0x63636363
100040e8:	22          	.byte	0x22
100040e9:	00          	.byte	0x00
100040ea:	f7ff fc11 	bl	10003910 <tud_descriptor_device_cb>
100040ee:	4602      	mov	r2, r0
100040f0:	b128      	cbz	r0, 100040fe <process_get_descriptor+0x3a>
100040f2:	2312      	movs	r3, #18
100040f4:	4621      	mov	r1, r4
100040f6:	4628      	mov	r0, r5
100040f8:	f000 fdd6 	bl	10004ca8 <tud_control_xfer>
100040fc:	e051      	b.n	100041a2 <process_get_descriptor+0xde>
100040fe:	f240 423a 	movw	r2, #1082	@ 0x43a
10004102:	492c      	ldr	r1, [pc, #176]	@ (100041b4 <process_get_descriptor+0xf0>)
10004104:	482c      	ldr	r0, [pc, #176]	@ (100041b8 <process_get_descriptor+0xf4>)
10004106:	f7ff f967 	bl	100033d8 <__wrap_printf>
1000410a:	f04f 23e0 	mov.w	r3, #3758153728	@ 0xe000e000
1000410e:	f8d3 3df0 	ldr.w	r3, [r3, #3568]	@ 0xdf0
10004112:	f013 0f01 	tst.w	r3, #1
10004116:	d000      	beq.n	1000411a <process_get_descriptor+0x56>
10004118:	be00      	bkpt	0x0000
1000411a:	2000      	movs	r0, #0
1000411c:	e041      	b.n	100041a2 <process_get_descriptor+0xde>
1000411e:	f7ff f9b7 	bl	10003490 <tud_descriptor_bos_cb>
10004122:	4602      	mov	r2, r0
10004124:	2800      	cmp	r0, #0
10004126:	d03d      	beq.n	100041a4 <process_get_descriptor+0xe0>
10004128:	8843      	ldrh	r3, [r0, #2]
1000412a:	4621      	mov	r1, r4
1000412c:	4628      	mov	r0, r5
1000412e:	f000 fdbb 	bl	10004ca8 <tud_control_xfer>
10004132:	e036      	b.n	100041a2 <process_get_descriptor+0xde>
10004134:	2a02      	cmp	r2, #2
10004136:	d009      	beq.n	1000414c <process_get_descriptor+0x88>
10004138:	f7ff ffc2 	bl	100040c0 <tud_descriptor_other_speed_configuration_cb>
1000413c:	4602      	mov	r2, r0
1000413e:	b398      	cbz	r0, 100041a8 <process_get_descriptor+0xe4>
10004140:	8853      	ldrh	r3, [r2, #2]
10004142:	4621      	mov	r1, r4
10004144:	4628      	mov	r0, r5
10004146:	f000 fdaf 	bl	10004ca8 <tud_control_xfer>
1000414a:	e02a      	b.n	100041a2 <process_get_descriptor+0xde>
1000414c:	f7ff fbe4 	bl	10003918 <tud_descriptor_configuration_cb>
10004150:	4602      	mov	r2, r0
10004152:	2800      	cmp	r0, #0
10004154:	d1f4      	bne.n	10004140 <process_get_descriptor+0x7c>
10004156:	f240 4261 	movw	r2, #1121	@ 0x461
1000415a:	4916      	ldr	r1, [pc, #88]	@ (100041b4 <process_get_descriptor+0xf0>)
1000415c:	4816      	ldr	r0, [pc, #88]	@ (100041b8 <process_get_descriptor+0xf4>)
1000415e:	f7ff f93b 	bl	100033d8 <__wrap_printf>
10004162:	f04f 23e0 	mov.w	r3, #3758153728	@ 0xe000e000
10004166:	f8d3 3df0 	ldr.w	r3, [r3, #3568]	@ 0xdf0
1000416a:	f013 0f01 	tst.w	r3, #1
1000416e:	d000      	beq.n	10004172 <process_get_descriptor+0xae>
10004170:	be00      	bkpt	0x0000
10004172:	2000      	movs	r0, #0
10004174:	e015      	b.n	100041a2 <process_get_descriptor+0xde>
10004176:	88a1      	ldrh	r1, [r4, #4]
10004178:	f7ff fbd2 	bl	10003920 <tud_descriptor_string_cb>
1000417c:	4602      	mov	r2, r0
1000417e:	b1a8      	cbz	r0, 100041ac <process_get_descriptor+0xe8>
10004180:	7803      	ldrb	r3, [r0, #0]
10004182:	4621      	mov	r1, r4
10004184:	4628      	mov	r0, r5
10004186:	f000 fd8f 	bl	10004ca8 <tud_control_xfer>
1000418a:	e00a      	b.n	100041a2 <process_get_descriptor+0xde>
1000418c:	f7ff ff96 	bl	100040bc <tud_descriptor_device_qualifier_cb>
10004190:	4602      	mov	r2, r0
10004192:	b168      	cbz	r0, 100041b0 <process_get_descriptor+0xec>
10004194:	7803      	ldrb	r3, [r0, #0]
10004196:	4621      	mov	r1, r4
10004198:	4628      	mov	r0, r5
1000419a:	f000 fd85 	bl	10004ca8 <tud_control_xfer>
1000419e:	e000      	b.n	100041a2 <process_get_descriptor+0xde>
100041a0:	2000      	movs	r0, #0
100041a2:	bd38      	pop	{r3, r4, r5, pc}
100041a4:	2000      	movs	r0, #0
100041a6:	e7fc      	b.n	100041a2 <process_get_descriptor+0xde>
100041a8:	2000      	movs	r0, #0
100041aa:	e7fa      	b.n	100041a2 <process_get_descriptor+0xde>
100041ac:	2000      	movs	r0, #0
100041ae:	e7f8      	b.n	100041a2 <process_get_descriptor+0xde>
100041b0:	2000      	movs	r0, #0
100041b2:	e7f6      	b.n	100041a2 <process_get_descriptor+0xde>
100041b4:	1000b548 	.word	0x1000b548
100041b8:	1000a328 	.word	0x1000a328

100041bc <tud_mount_cb>:
100041bc:	4770      	bx	lr

100041be <tud_umount_cb>:
100041be:	4770      	bx	lr

100041c0 <tud_suspend_cb>:
100041c0:	4770      	bx	lr

100041c2 <tud_resume_cb>:
100041c2:	4770      	bx	lr

100041c4 <tud_mounted>:
100041c4:	4b03      	ldr	r3, [pc, #12]	@ (100041d4 <tud_mounted+0x10>)
100041c6:	7858      	ldrb	r0, [r3, #1]
100041c8:	b2c0      	uxtb	r0, r0
100041ca:	3800      	subs	r0, #0
100041cc:	bf18      	it	ne
100041ce:	2001      	movne	r0, #1
100041d0:	4770      	bx	lr
100041d2:	bf00      	nop
100041d4:	200014c0 	.word	0x200014c0

100041d8 <tud_suspended>:
100041d8:	4b02      	ldr	r3, [pc, #8]	@ (100041e4 <tud_suspended+0xc>)
100041da:	7818      	ldrb	r0, [r3, #0]
100041dc:	f3c0 0080 	ubfx	r0, r0, #2, #1
100041e0:	4770      	bx	lr
100041e2:	bf00      	nop
100041e4:	200014c0 	.word	0x200014c0

100041e8 <tud_inited>:
100041e8:	4b02      	ldr	r3, [pc, #8]	@ (100041f4 <tud_inited+0xc>)
100041ea:	7818      	ldrb	r0, [r3, #0]
100041ec:	38ff      	subs	r0, #255	@ 0xff
100041ee:	bf18      	it	ne
100041f0:	2001      	movne	r0, #1
100041f2:	4770      	bx	lr
100041f4:	200010e8 	.word	0x200010e8

100041f8 <tud_rhport_init>:
100041f8:	b5f8      	push	{r3, r4, r5, r6, r7, lr}
100041fa:	4606      	mov	r6, r0
100041fc:	460d      	mov	r5, r1
100041fe:	f7ff fff3 	bl	100041e8 <tud_inited>
10004202:	4607      	mov	r7, r0
10004204:	2800      	cmp	r0, #0
10004206:	d154      	bne.n	100042b2 <tud_rhport_init+0xba>
10004208:	b305      	cbz	r5, 1000424c <tud_rhport_init+0x54>
1000420a:	2254      	movs	r2, #84	@ 0x54
1000420c:	2100      	movs	r1, #0
1000420e:	4837      	ldr	r0, [pc, #220]	@ (100042ec <tud_rhport_init+0xf4>)
10004210:	f005 fa06 	bl	10009620 <memset>
10004214:	4b36      	ldr	r3, [pc, #216]	@ (100042f0 <tud_rhport_init+0xf8>)
10004216:	2200      	movs	r2, #0
10004218:	701a      	strb	r2, [r3, #0]
1000421a:	4c36      	ldr	r4, [pc, #216]	@ (100042f4 <tud_rhport_init+0xfc>)
1000421c:	4620      	mov	r0, r4
1000421e:	f7fc fd8d 	bl	10000d3c <mutex_init>
10004222:	4b35      	ldr	r3, [pc, #212]	@ (100042f8 <tud_rhport_init+0x100>)
10004224:	601c      	str	r4, [r3, #0]
10004226:	4c35      	ldr	r4, [pc, #212]	@ (100042fc <tud_rhport_init+0x104>)
10004228:	4620      	mov	r0, r4
1000422a:	f7fc fdd1 	bl	10000dd0 <critical_section_init>
1000422e:	3c14      	subs	r4, #20
10004230:	4620      	mov	r0, r4
10004232:	f002 f825 	bl	10006280 <tu_fifo_clear>
10004236:	4b32      	ldr	r3, [pc, #200]	@ (10004300 <tud_rhport_init+0x108>)
10004238:	601c      	str	r4, [r3, #0]
1000423a:	4b32      	ldr	r3, [pc, #200]	@ (10004304 <tud_rhport_init+0x10c>)
1000423c:	b123      	cbz	r3, 10004248 <tud_rhport_init+0x50>
1000423e:	4832      	ldr	r0, [pc, #200]	@ (10004308 <tud_rhport_init+0x110>)
10004240:	f7ff f942 	bl	100034c8 <usbd_app_driver_get_cb>
10004244:	4b31      	ldr	r3, [pc, #196]	@ (1000430c <tud_rhport_init+0x114>)
10004246:	6018      	str	r0, [r3, #0]
10004248:	2400      	movs	r4, #0
1000424a:	e017      	b.n	1000427c <tud_rhport_init+0x84>
1000424c:	f44f 72e9 	mov.w	r2, #466	@ 0x1d2
10004250:	492f      	ldr	r1, [pc, #188]	@ (10004310 <tud_rhport_init+0x118>)
10004252:	4830      	ldr	r0, [pc, #192]	@ (10004314 <tud_rhport_init+0x11c>)
10004254:	f7ff f8c0 	bl	100033d8 <__wrap_printf>
10004258:	f04f 23e0 	mov.w	r3, #3758153728	@ 0xe000e000
1000425c:	f8d3 3df0 	ldr.w	r3, [r3, #3568]	@ 0xdf0
10004260:	f013 0f01 	tst.w	r3, #1
10004264:	d025      	beq.n	100042b2 <tud_rhport_init+0xba>
10004266:	be00      	bkpt	0x0000
10004268:	e023      	b.n	100042b2 <tud_rhport_init+0xba>
1000426a:	1ad2      	subs	r2, r2, r3
1000426c:	4b2a      	ldr	r3, [pc, #168]	@ (10004318 <tud_rhport_init+0x120>)
1000426e:	eb03 1342 	add.w	r3, r3, r2, lsl #5
10004272:	685b      	ldr	r3, [r3, #4]
10004274:	b17b      	cbz	r3, 10004296 <tud_rhport_init+0x9e>
10004276:	4798      	blx	r3
10004278:	3401      	adds	r4, #1
1000427a:	b2e4      	uxtb	r4, r4
1000427c:	4b22      	ldr	r3, [pc, #136]	@ (10004308 <tud_rhport_init+0x110>)
1000427e:	781b      	ldrb	r3, [r3, #0]
10004280:	4622      	mov	r2, r4
10004282:	1c59      	adds	r1, r3, #1
10004284:	42a1      	cmp	r1, r4
10004286:	db16      	blt.n	100042b6 <tud_rhport_init+0xbe>
10004288:	42a3      	cmp	r3, r4
1000428a:	d9ee      	bls.n	1000426a <tud_rhport_init+0x72>
1000428c:	4b1f      	ldr	r3, [pc, #124]	@ (1000430c <tud_rhport_init+0x114>)
1000428e:	681b      	ldr	r3, [r3, #0]
10004290:	eb13 1344 	adds.w	r3, r3, r4, lsl #5
10004294:	d1ed      	bne.n	10004272 <tud_rhport_init+0x7a>
10004296:	f44f 72f8 	mov.w	r2, #496	@ 0x1f0
1000429a:	491d      	ldr	r1, [pc, #116]	@ (10004310 <tud_rhport_init+0x118>)
1000429c:	481d      	ldr	r0, [pc, #116]	@ (10004314 <tud_rhport_init+0x11c>)
1000429e:	f7ff f89b 	bl	100033d8 <__wrap_printf>
100042a2:	f04f 23e0 	mov.w	r3, #3758153728	@ 0xe000e000
100042a6:	f8d3 3df0 	ldr.w	r3, [r3, #3568]	@ 0xdf0
100042aa:	f013 0f01 	tst.w	r3, #1
100042ae:	d000      	beq.n	100042b2 <tud_rhport_init+0xba>
100042b0:	be00      	bkpt	0x0000
100042b2:	4638      	mov	r0, r7
100042b4:	bdf8      	pop	{r3, r4, r5, r6, r7, pc}
100042b6:	4b19      	ldr	r3, [pc, #100]	@ (1000431c <tud_rhport_init+0x124>)
100042b8:	701e      	strb	r6, [r3, #0]
100042ba:	4629      	mov	r1, r5
100042bc:	4630      	mov	r0, r6
100042be:	f7ff fca7 	bl	10003c10 <dcd_init>
100042c2:	4607      	mov	r7, r0
100042c4:	b118      	cbz	r0, 100042ce <tud_rhport_init+0xd6>
100042c6:	4630      	mov	r0, r6
100042c8:	f7ff fc70 	bl	10003bac <dcd_int_enable>
100042cc:	e7f1      	b.n	100042b2 <tud_rhport_init+0xba>
100042ce:	f44f 72fc 	mov.w	r2, #504	@ 0x1f8
100042d2:	490f      	ldr	r1, [pc, #60]	@ (10004310 <tud_rhport_init+0x118>)
100042d4:	480f      	ldr	r0, [pc, #60]	@ (10004314 <tud_rhport_init+0x11c>)
100042d6:	f7ff f87f 	bl	100033d8 <__wrap_printf>
100042da:	f04f 23e0 	mov.w	r3, #3758153728	@ 0xe000e000
100042de:	f8d3 3df0 	ldr.w	r3, [r3, #3568]	@ 0xdf0
100042e2:	f013 0f01 	tst.w	r3, #1
100042e6:	d0e4      	beq.n	100042b2 <tud_rhport_init+0xba>
100042e8:	be00      	bkpt	0x0000
100042ea:	e7e2      	b.n	100042b2 <tud_rhport_init+0xba>
100042ec:	200014c0 	.word	0x200014c0
100042f0:	200026b4 	.word	0x200026b4
100042f4:	200014b8 	.word	0x200014b8
100042f8:	20001514 	.word	0x20001514
100042fc:	200010e0 	.word	0x200010e0
10004300:	20001518 	.word	0x20001518
10004304:	100034c9 	.word	0x100034c9
10004308:	200026b2 	.word	0x200026b2
1000430c:	200012f0 	.word	0x200012f0
10004310:	1000b5b0 	.word	0x1000b5b0
10004314:	1000a328 	.word	0x1000a328
10004318:	1000b5c0 	.word	0x1000b5c0
1000431c:	200010e8 	.word	0x200010e8

10004320 <usbd_edpt_open>:
10004320:	b570      	push	{r4, r5, r6, lr}
10004322:	4b1a      	ldr	r3, [pc, #104]	@ (1000438c <usbd_edpt_open+0x6c>)
10004324:	781e      	ldrb	r6, [r3, #0]
10004326:	788b      	ldrb	r3, [r1, #2]
10004328:	f013 0f70 	tst.w	r3, #112	@ 0x70
1000432c:	d10e      	bne.n	1000434c <usbd_edpt_open+0x2c>
1000432e:	460c      	mov	r4, r1
10004330:	4b17      	ldr	r3, [pc, #92]	@ (10004390 <usbd_edpt_open+0x70>)
10004332:	7899      	ldrb	r1, [r3, #2]
10004334:	4620      	mov	r0, r4
10004336:	f001 fb79 	bl	10005a2c <tu_edpt_validate>
1000433a:	4605      	mov	r5, r0
1000433c:	b1b0      	cbz	r0, 1000436c <usbd_edpt_open+0x4c>
1000433e:	4621      	mov	r1, r4
10004340:	4630      	mov	r0, r6
10004342:	f7ff fcc5 	bl	10003cd0 <dcd_edpt_open>
10004346:	4605      	mov	r5, r0
10004348:	4628      	mov	r0, r5
1000434a:	bd70      	pop	{r4, r5, r6, pc}
1000434c:	f240 520b 	movw	r2, #1291	@ 0x50b
10004350:	4910      	ldr	r1, [pc, #64]	@ (10004394 <usbd_edpt_open+0x74>)
10004352:	4811      	ldr	r0, [pc, #68]	@ (10004398 <usbd_edpt_open+0x78>)
10004354:	f7ff f840 	bl	100033d8 <__wrap_printf>
10004358:	f04f 23e0 	mov.w	r3, #3758153728	@ 0xe000e000
1000435c:	f8d3 3df0 	ldr.w	r3, [r3, #3568]	@ 0xdf0
10004360:	f013 0f01 	tst.w	r3, #1
10004364:	d000      	beq.n	10004368 <usbd_edpt_open+0x48>
10004366:	be00      	bkpt	0x0000
10004368:	2500      	movs	r5, #0
1000436a:	e7ed      	b.n	10004348 <usbd_edpt_open+0x28>
1000436c:	f240 520c 	movw	r2, #1292	@ 0x50c
10004370:	4908      	ldr	r1, [pc, #32]	@ (10004394 <usbd_edpt_open+0x74>)
10004372:	4809      	ldr	r0, [pc, #36]	@ (10004398 <usbd_edpt_open+0x78>)
10004374:	f7ff f830 	bl	100033d8 <__wrap_printf>
10004378:	f04f 23e0 	mov.w	r3, #3758153728	@ 0xe000e000
1000437c:	f8d3 3df0 	ldr.w	r3, [r3, #3568]	@ 0xdf0
10004380:	f013 0f01 	tst.w	r3, #1
10004384:	d0e0      	beq.n	10004348 <usbd_edpt_open+0x28>
10004386:	be00      	bkpt	0x0000
10004388:	e7de      	b.n	10004348 <usbd_edpt_open+0x28>
1000438a:	bf00      	nop
1000438c:	200010e8 	.word	0x200010e8
10004390:	200014c0 	.word	0x200014c0
10004394:	1000b518 	.word	0x1000b518
10004398:	1000a328 	.word	0x1000a328

1000439c <usbd_open_edpt_pair>:
1000439c:	e92d 4ff8 	stmdb	sp!, {r3, r4, r5, r6, r7, r8, r9, sl, fp, lr}
100043a0:	4680      	mov	r8, r0
100043a2:	460c      	mov	r4, r1
100043a4:	4616      	mov	r6, r2
100043a6:	461f      	mov	r7, r3
100043a8:	f8dd 9028 	ldr.w	r9, [sp, #40]	@ 0x28
100043ac:	f8dd a02c 	ldr.w	sl, [sp, #44]	@ 0x2c
100043b0:	2500      	movs	r5, #0
100043b2:	e026      	b.n	10004402 <usbd_open_edpt_pair+0x66>
100043b4:	f240 42e7 	movw	r2, #1255	@ 0x4e7
100043b8:	491f      	ldr	r1, [pc, #124]	@ (10004438 <usbd_open_edpt_pair+0x9c>)
100043ba:	4820      	ldr	r0, [pc, #128]	@ (1000443c <usbd_open_edpt_pair+0xa0>)
100043bc:	f7ff f80c 	bl	100033d8 <__wrap_printf>
100043c0:	f04f 23e0 	mov.w	r3, #3758153728	@ 0xe000e000
100043c4:	f8d3 3df0 	ldr.w	r3, [r3, #3568]	@ 0xdf0
100043c8:	f013 0f01 	tst.w	r3, #1
100043cc:	d000      	beq.n	100043d0 <usbd_open_edpt_pair+0x34>
100043ce:	be00      	bkpt	0x0000
100043d0:	f04f 0b00 	mov.w	fp, #0
100043d4:	4658      	mov	r0, fp
100043d6:	e8bd 8ff8 	ldmia.w	sp!, {r3, r4, r5, r6, r7, r8, r9, sl, fp, pc}
100043da:	f44f 629d 	mov.w	r2, #1256	@ 0x4e8
100043de:	4916      	ldr	r1, [pc, #88]	@ (10004438 <usbd_open_edpt_pair+0x9c>)
100043e0:	4816      	ldr	r0, [pc, #88]	@ (1000443c <usbd_open_edpt_pair+0xa0>)
100043e2:	f7fe fff9 	bl	100033d8 <__wrap_printf>
100043e6:	f04f 23e0 	mov.w	r3, #3758153728	@ 0xe000e000
100043ea:	f8d3 3df0 	ldr.w	r3, [r3, #3568]	@ 0xdf0
100043ee:	f013 0f01 	tst.w	r3, #1
100043f2:	d0ef      	beq.n	100043d4 <usbd_open_edpt_pair+0x38>
100043f4:	be00      	bkpt	0x0000
100043f6:	e7ed      	b.n	100043d4 <usbd_open_edpt_pair+0x38>
100043f8:	f88a 3000 	strb.w	r3, [sl]
100043fc:	7823      	ldrb	r3, [r4, #0]
100043fe:	441c      	add	r4, r3
10004400:	3501      	adds	r5, #1
10004402:	42ae      	cmp	r6, r5
10004404:	dd14      	ble.n	10004430 <usbd_open_edpt_pair+0x94>
10004406:	7863      	ldrb	r3, [r4, #1]
10004408:	2b05      	cmp	r3, #5
1000440a:	d1d3      	bne.n	100043b4 <usbd_open_edpt_pair+0x18>
1000440c:	78e1      	ldrb	r1, [r4, #3]
1000440e:	f001 0103 	and.w	r1, r1, #3
10004412:	42b9      	cmp	r1, r7
10004414:	d1ce      	bne.n	100043b4 <usbd_open_edpt_pair+0x18>
10004416:	4621      	mov	r1, r4
10004418:	4640      	mov	r0, r8
1000441a:	f7ff ff81 	bl	10004320 <usbd_edpt_open>
1000441e:	4683      	mov	fp, r0
10004420:	2800      	cmp	r0, #0
10004422:	d0da      	beq.n	100043da <usbd_open_edpt_pair+0x3e>
10004424:	78a3      	ldrb	r3, [r4, #2]
10004426:	09da      	lsrs	r2, r3, #7
10004428:	d1e6      	bne.n	100043f8 <usbd_open_edpt_pair+0x5c>
1000442a:	f889 3000 	strb.w	r3, [r9]
1000442e:	e7e5      	b.n	100043fc <usbd_open_edpt_pair+0x60>
10004430:	f04f 0b01 	mov.w	fp, #1
10004434:	e7ce      	b.n	100043d4 <usbd_open_edpt_pair+0x38>
10004436:	bf00      	nop
10004438:	1000b528 	.word	0x1000b528
1000443c:	1000a328 	.word	0x1000a328

10004440 <usbd_edpt_claim>:
10004440:	b508      	push	{r3, lr}
10004442:	f001 007f 	and.w	r0, r1, #127	@ 0x7f
10004446:	0040      	lsls	r0, r0, #1
10004448:	eb00 10d1 	add.w	r0, r0, r1, lsr #7
1000444c:	3030      	adds	r0, #48	@ 0x30
1000444e:	4b04      	ldr	r3, [pc, #16]	@ (10004460 <usbd_edpt_claim+0x20>)
10004450:	4418      	add	r0, r3
10004452:	4b04      	ldr	r3, [pc, #16]	@ (10004464 <usbd_edpt_claim+0x24>)
10004454:	6819      	ldr	r1, [r3, #0]
10004456:	3004      	adds	r0, #4
10004458:	f001 faa2 	bl	100059a0 <tu_edpt_claim>
1000445c:	bd08      	pop	{r3, pc}
1000445e:	bf00      	nop
10004460:	200014c0 	.word	0x200014c0
10004464:	20001514 	.word	0x20001514

10004468 <usbd_edpt_release>:
10004468:	b508      	push	{r3, lr}
1000446a:	f001 007f 	and.w	r0, r1, #127	@ 0x7f
1000446e:	0040      	lsls	r0, r0, #1
10004470:	eb00 10d1 	add.w	r0, r0, r1, lsr #7
10004474:	3030      	adds	r0, #48	@ 0x30
10004476:	4b04      	ldr	r3, [pc, #16]	@ (10004488 <usbd_edpt_release+0x20>)
10004478:	4418      	add	r0, r3
1000447a:	4b04      	ldr	r3, [pc, #16]	@ (1000448c <usbd_edpt_release+0x24>)
1000447c:	6819      	ldr	r1, [r3, #0]
1000447e:	3004      	adds	r0, #4
10004480:	f001 fab6 	bl	100059f0 <tu_edpt_release>
10004484:	bd08      	pop	{r3, pc}
10004486:	bf00      	nop
10004488:	200014c0 	.word	0x200014c0
1000448c:	20001514 	.word	0x20001514

10004490 <usbd_edpt_xfer>:
10004490:	b570      	push	{r4, r5, r6, lr}
10004492:	481f      	ldr	r0, [pc, #124]	@ (10004510 <usbd_edpt_xfer+0x80>)
10004494:	7800      	ldrb	r0, [r0, #0]
10004496:	f001 057f 	and.w	r5, r1, #127	@ 0x7f
1000449a:	4c1e      	ldr	r4, [pc, #120]	@ (10004514 <usbd_edpt_xfer+0x84>)
1000449c:	eb04 0c45 	add.w	ip, r4, r5, lsl #1
100044a0:	eb0c 1cd1 	add.w	ip, ip, r1, lsr #7
100044a4:	f89c 4034 	ldrb.w	r4, [ip, #52]	@ 0x34
100044a8:	f014 0f01 	tst.w	r4, #1
100044ac:	d11f      	bne.n	100044ee <usbd_edpt_xfer+0x5e>
100044ae:	09ce      	lsrs	r6, r1, #7
100044b0:	4c18      	ldr	r4, [pc, #96]	@ (10004514 <usbd_edpt_xfer+0x84>)
100044b2:	eb04 0445 	add.w	r4, r4, r5, lsl #1
100044b6:	4434      	add	r4, r6
100044b8:	f894 c034 	ldrb.w	ip, [r4, #52]	@ 0x34
100044bc:	f04c 0c01 	orr.w	ip, ip, #1
100044c0:	f884 c034 	strb.w	ip, [r4, #52]	@ 0x34
100044c4:	3430      	adds	r4, #48	@ 0x30
100044c6:	f7ff fc19 	bl	10003cfc <dcd_edpt_xfer>
100044ca:	b9f8      	cbnz	r0, 1000450c <usbd_edpt_xfer+0x7c>
100044cc:	7922      	ldrb	r2, [r4, #4]
100044ce:	f022 0201 	bic.w	r2, r2, #1
100044d2:	7122      	strb	r2, [r4, #4]
100044d4:	7922      	ldrb	r2, [r4, #4]
100044d6:	f022 0204 	bic.w	r2, r2, #4
100044da:	7122      	strb	r2, [r4, #4]
100044dc:	f04f 23e0 	mov.w	r3, #3758153728	@ 0xe000e000
100044e0:	f8d3 3df0 	ldr.w	r3, [r3, #3568]	@ 0xdf0
100044e4:	f013 0f01 	tst.w	r3, #1
100044e8:	d010      	beq.n	1000450c <usbd_edpt_xfer+0x7c>
100044ea:	be00      	bkpt	0x0000
100044ec:	e00e      	b.n	1000450c <usbd_edpt_xfer+0x7c>
100044ee:	f240 5239 	movw	r2, #1337	@ 0x539
100044f2:	4909      	ldr	r1, [pc, #36]	@ (10004518 <usbd_edpt_xfer+0x88>)
100044f4:	4809      	ldr	r0, [pc, #36]	@ (1000451c <usbd_edpt_xfer+0x8c>)
100044f6:	f7fe ff6f 	bl	100033d8 <__wrap_printf>
100044fa:	f04f 23e0 	mov.w	r3, #3758153728	@ 0xe000e000
100044fe:	f8d3 3df0 	ldr.w	r3, [r3, #3568]	@ 0xdf0
10004502:	f013 0f01 	tst.w	r3, #1
10004506:	d000      	beq.n	1000450a <usbd_edpt_xfer+0x7a>
10004508:	be00      	bkpt	0x0000
1000450a:	2000      	movs	r0, #0
1000450c:	bd70      	pop	{r4, r5, r6, pc}
1000450e:	bf00      	nop
10004510:	200010e8 	.word	0x200010e8
10004514:	200014c0 	.word	0x200014c0
10004518:	1000b508 	.word	0x1000b508
1000451c:	1000a328 	.word	0x1000a328

10004520 <usbd_edpt_stall>:
10004520:	b538      	push	{r3, r4, r5, lr}
10004522:	f001 057f 	and.w	r5, r1, #127	@ 0x7f
10004526:	09cc      	lsrs	r4, r1, #7
10004528:	4b0a      	ldr	r3, [pc, #40]	@ (10004554 <usbd_edpt_stall+0x34>)
1000452a:	7818      	ldrb	r0, [r3, #0]
1000452c:	f7ff fbfc 	bl	10003d28 <dcd_edpt_stall>
10004530:	4b09      	ldr	r3, [pc, #36]	@ (10004558 <usbd_edpt_stall+0x38>)
10004532:	eb03 0345 	add.w	r3, r3, r5, lsl #1
10004536:	4423      	add	r3, r4
10004538:	f893 2034 	ldrb.w	r2, [r3, #52]	@ 0x34
1000453c:	f042 0202 	orr.w	r2, r2, #2
10004540:	f883 2034 	strb.w	r2, [r3, #52]	@ 0x34
10004544:	f893 2034 	ldrb.w	r2, [r3, #52]	@ 0x34
10004548:	f042 0201 	orr.w	r2, r2, #1
1000454c:	f883 2034 	strb.w	r2, [r3, #52]	@ 0x34
10004550:	bd38      	pop	{r3, r4, r5, pc}
10004552:	bf00      	nop
10004554:	200010e8 	.word	0x200010e8
10004558:	200014c0 	.word	0x200014c0

1000455c <usbd_edpt_clear_stall>:
1000455c:	b538      	push	{r3, r4, r5, lr}
1000455e:	f001 057f 	and.w	r5, r1, #127	@ 0x7f
10004562:	09cc      	lsrs	r4, r1, #7
10004564:	4b0a      	ldr	r3, [pc, #40]	@ (10004590 <usbd_edpt_clear_stall+0x34>)
10004566:	7818      	ldrb	r0, [r3, #0]
10004568:	f7ff fbfa 	bl	10003d60 <dcd_edpt_clear_stall>
1000456c:	4b09      	ldr	r3, [pc, #36]	@ (10004594 <usbd_edpt_clear_stall+0x38>)
1000456e:	eb03 0345 	add.w	r3, r3, r5, lsl #1
10004572:	4423      	add	r3, r4
10004574:	f893 2034 	ldrb.w	r2, [r3, #52]	@ 0x34
10004578:	f022 0202 	bic.w	r2, r2, #2
1000457c:	f883 2034 	strb.w	r2, [r3, #52]	@ 0x34
10004580:	f893 2034 	ldrb.w	r2, [r3, #52]	@ 0x34
10004584:	f022 0201 	bic.w	r2, r2, #1
10004588:	f883 2034 	strb.w	r2, [r3, #52]	@ 0x34
1000458c:	bd38      	pop	{r3, r4, r5, pc}
1000458e:	bf00      	nop
10004590:	200010e8 	.word	0x200010e8
10004594:	200014c0 	.word	0x200014c0

10004598 <usbd_edpt_stalled>:
10004598:	f001 027f 	and.w	r2, r1, #127	@ 0x7f
1000459c:	4b04      	ldr	r3, [pc, #16]	@ (100045b0 <usbd_edpt_stalled+0x18>)
1000459e:	eb03 0342 	add.w	r3, r3, r2, lsl #1
100045a2:	eb03 11d1 	add.w	r1, r3, r1, lsr #7
100045a6:	f891 0034 	ldrb.w	r0, [r1, #52]	@ 0x34
100045aa:	f3c0 0040 	ubfx	r0, r0, #1, #1
100045ae:	4770      	bx	lr
100045b0:	200014c0 	.word	0x200014c0

100045b4 <process_control_request>:
100045b4:	e92d 41f0 	stmdb	sp!, {r4, r5, r6, r7, r8, lr}
100045b8:	b082      	sub	sp, #8
100045ba:	4606      	mov	r6, r0
100045bc:	460c      	mov	r4, r1
100045be:	2000      	movs	r0, #0
100045c0:	f000 fbd2 	bl	10004d68 <usbd_control_set_complete_callback>
100045c4:	7823      	ldrb	r3, [r4, #0]
100045c6:	f003 0360 	and.w	r3, r3, #96	@ 0x60
100045ca:	2b60      	cmp	r3, #96	@ 0x60
100045cc:	d021      	beq.n	10004612 <process_control_request+0x5e>
100045ce:	2b40      	cmp	r3, #64	@ 0x40
100045d0:	d032      	beq.n	10004638 <process_control_request+0x84>
100045d2:	7822      	ldrb	r2, [r4, #0]
100045d4:	f002 021f 	and.w	r2, r2, #31
100045d8:	2a01      	cmp	r2, #1
100045da:	f000 8101 	beq.w	100047e0 <process_control_request+0x22c>
100045de:	2a02      	cmp	r2, #2
100045e0:	f000 8142 	beq.w	10004868 <process_control_request+0x2b4>
100045e4:	2a00      	cmp	r2, #0
100045e6:	f040 81c9 	bne.w	1000497c <process_control_request+0x3c8>
100045ea:	2b20      	cmp	r3, #32
100045ec:	d02e      	beq.n	1000464c <process_control_request+0x98>
100045ee:	2b00      	cmp	r3, #0
100045f0:	d14d      	bne.n	1000468e <process_control_request+0xda>
100045f2:	7863      	ldrb	r3, [r4, #1]
100045f4:	2b09      	cmp	r3, #9
100045f6:	f200 80e8 	bhi.w	100047ca <process_control_request+0x216>
100045fa:	e8df f013 	tbh	[pc, r3, lsl #1]
100045fe:	00d3      	.short	0x00d3
10004600:	00e600c3 	.word	0x00e600c3
10004604:	00e600b3 	.word	0x00e600b3
10004608:	00ad0052 	.word	0x00ad0052
1000460c:	006100e6 	.word	0x006100e6
10004610:	006e      	.short	0x006e
10004612:	f44f 7235 	mov.w	r2, #724	@ 0x2d4
10004616:	49b2      	ldr	r1, [pc, #712]	@ (100048e0 <process_control_request+0x32c>)
10004618:	48b2      	ldr	r0, [pc, #712]	@ (100048e4 <process_control_request+0x330>)
1000461a:	f7fe fedd 	bl	100033d8 <__wrap_printf>
1000461e:	f04f 23e0 	mov.w	r3, #3758153728	@ 0xe000e000
10004622:	f8d3 3df0 	ldr.w	r3, [r3, #3568]	@ 0xdf0
10004626:	f013 0f01 	tst.w	r3, #1
1000462a:	d000      	beq.n	1000462e <process_control_request+0x7a>
1000462c:	be00      	bkpt	0x0000
1000462e:	2500      	movs	r5, #0
10004630:	4628      	mov	r0, r5
10004632:	b002      	add	sp, #8
10004634:	e8bd 81f0 	ldmia.w	sp!, {r4, r5, r6, r7, r8, pc}
10004638:	48ab      	ldr	r0, [pc, #684]	@ (100048e8 <process_control_request+0x334>)
1000463a:	f000 fb95 	bl	10004d68 <usbd_control_set_complete_callback>
1000463e:	4622      	mov	r2, r4
10004640:	2101      	movs	r1, #1
10004642:	4630      	mov	r0, r6
10004644:	f7fe ff28 	bl	10003498 <tud_vendor_control_xfer_cb>
10004648:	4605      	mov	r5, r0
1000464a:	e7f1      	b.n	10004630 <process_control_request+0x7c>
1000464c:	88a3      	ldrh	r3, [r4, #4]
1000464e:	b2db      	uxtb	r3, r3
10004650:	2b0f      	cmp	r3, #15
10004652:	f200 819d 	bhi.w	10004990 <process_control_request+0x3dc>
10004656:	4aa5      	ldr	r2, [pc, #660]	@ (100048ec <process_control_request+0x338>)
10004658:	4413      	add	r3, r2
1000465a:	791b      	ldrb	r3, [r3, #4]
1000465c:	4aa4      	ldr	r2, [pc, #656]	@ (100048f0 <process_control_request+0x33c>)
1000465e:	7812      	ldrb	r2, [r2, #0]
10004660:	4293      	cmp	r3, r2
10004662:	d206      	bcs.n	10004672 <process_control_request+0xbe>
10004664:	4aa3      	ldr	r2, [pc, #652]	@ (100048f4 <process_control_request+0x340>)
10004666:	6811      	ldr	r1, [r2, #0]
10004668:	eb11 1143 	adds.w	r1, r1, r3, lsl #5
1000466c:	d109      	bne.n	10004682 <process_control_request+0xce>
1000466e:	2500      	movs	r5, #0
10004670:	e7de      	b.n	10004630 <process_control_request+0x7c>
10004672:	1c51      	adds	r1, r2, #1
10004674:	4299      	cmp	r1, r3
10004676:	f2c0 818d 	blt.w	10004994 <process_control_request+0x3e0>
1000467a:	1a9b      	subs	r3, r3, r2
1000467c:	499e      	ldr	r1, [pc, #632]	@ (100048f8 <process_control_request+0x344>)
1000467e:	eb01 1143 	add.w	r1, r1, r3, lsl #5
10004682:	4622      	mov	r2, r4
10004684:	4630      	mov	r0, r6
10004686:	f7ff fc23 	bl	10003ed0 <invoke_class_control>
1000468a:	4605      	mov	r5, r0
1000468c:	e7d0      	b.n	10004630 <process_control_request+0x7c>
1000468e:	f04f 23e0 	mov.w	r3, #3758153728	@ 0xe000e000
10004692:	f8d3 3df0 	ldr.w	r3, [r3, #3568]	@ 0xdf0
10004696:	f013 0f01 	tst.w	r3, #1
1000469a:	d000      	beq.n	1000469e <process_control_request+0xea>
1000469c:	be00      	bkpt	0x0000
1000469e:	2500      	movs	r5, #0
100046a0:	e7c6      	b.n	10004630 <process_control_request+0x7c>
100046a2:	4620      	mov	r0, r4
100046a4:	f000 fb66 	bl	10004d74 <usbd_control_set_request>
100046a8:	8861      	ldrh	r1, [r4, #2]
100046aa:	b2c9      	uxtb	r1, r1
100046ac:	4630      	mov	r0, r6
100046ae:	f7ff fa91 	bl	10003bd4 <dcd_set_address>
100046b2:	4a8e      	ldr	r2, [pc, #568]	@ (100048ec <process_control_request+0x338>)
100046b4:	7813      	ldrb	r3, [r2, #0]
100046b6:	f043 0302 	orr.w	r3, r3, #2
100046ba:	7013      	strb	r3, [r2, #0]
100046bc:	2501      	movs	r5, #1
100046be:	e7b7      	b.n	10004630 <process_control_request+0x7c>
100046c0:	4b8a      	ldr	r3, [pc, #552]	@ (100048ec <process_control_request+0x338>)
100046c2:	785b      	ldrb	r3, [r3, #1]
100046c4:	f88d 3006 	strb.w	r3, [sp, #6]
100046c8:	2301      	movs	r3, #1
100046ca:	f10d 0206 	add.w	r2, sp, #6
100046ce:	4621      	mov	r1, r4
100046d0:	4630      	mov	r0, r6
100046d2:	f000 fae9 	bl	10004ca8 <tud_control_xfer>
100046d6:	2501      	movs	r5, #1
100046d8:	e7aa      	b.n	10004630 <process_control_request+0x7c>
100046da:	8865      	ldrh	r5, [r4, #2]
100046dc:	b2ed      	uxtb	r5, r5
100046de:	4b83      	ldr	r3, [pc, #524]	@ (100048ec <process_control_request+0x338>)
100046e0:	785b      	ldrb	r3, [r3, #1]
100046e2:	42ab      	cmp	r3, r5
100046e4:	d032      	beq.n	1000474c <process_control_request+0x198>
100046e6:	4b81      	ldr	r3, [pc, #516]	@ (100048ec <process_control_request+0x338>)
100046e8:	785b      	ldrb	r3, [r3, #1]
100046ea:	b95b      	cbnz	r3, 10004704 <process_control_request+0x150>
100046ec:	4b7f      	ldr	r3, [pc, #508]	@ (100048ec <process_control_request+0x338>)
100046ee:	705d      	strb	r5, [r3, #1]
100046f0:	b355      	cbz	r5, 10004748 <process_control_request+0x194>
100046f2:	4629      	mov	r1, r5
100046f4:	4630      	mov	r0, r6
100046f6:	f7ff fbf9 	bl	10003eec <process_set_config>
100046fa:	4605      	mov	r5, r0
100046fc:	b190      	cbz	r0, 10004724 <process_control_request+0x170>
100046fe:	f7ff fd5d 	bl	100041bc <tud_mount_cb>
10004702:	e023      	b.n	1000474c <process_control_request+0x198>
10004704:	2100      	movs	r1, #0
10004706:	4630      	mov	r0, r6
10004708:	f7ff fac4 	bl	10003c94 <dcd_sof_enable>
1000470c:	4630      	mov	r0, r6
1000470e:	f7ff faf0 	bl	10003cf2 <dcd_edpt_close_all>
10004712:	4f76      	ldr	r7, [pc, #472]	@ (100048ec <process_control_request+0x338>)
10004714:	f897 8002 	ldrb.w	r8, [r7, #2]
10004718:	4630      	mov	r0, r6
1000471a:	f7ff fb8b 	bl	10003e34 <configuration_reset>
1000471e:	f887 8002 	strb.w	r8, [r7, #2]
10004722:	e7e3      	b.n	100046ec <process_control_request+0x138>
10004724:	f44f 7249 	mov.w	r2, #804	@ 0x324
10004728:	496d      	ldr	r1, [pc, #436]	@ (100048e0 <process_control_request+0x32c>)
1000472a:	486e      	ldr	r0, [pc, #440]	@ (100048e4 <process_control_request+0x330>)
1000472c:	f7fe fe54 	bl	100033d8 <__wrap_printf>
10004730:	f04f 23e0 	mov.w	r3, #3758153728	@ 0xe000e000
10004734:	f8d3 3df0 	ldr.w	r3, [r3, #3568]	@ 0xdf0
10004738:	f013 0f01 	tst.w	r3, #1
1000473c:	d000      	beq.n	10004740 <process_control_request+0x18c>
1000473e:	be00      	bkpt	0x0000
10004740:	4b6a      	ldr	r3, [pc, #424]	@ (100048ec <process_control_request+0x338>)
10004742:	2200      	movs	r2, #0
10004744:	705a      	strb	r2, [r3, #1]
10004746:	e773      	b.n	10004630 <process_control_request+0x7c>
10004748:	f7ff fd39 	bl	100041be <tud_umount_cb>
1000474c:	4621      	mov	r1, r4
1000474e:	4630      	mov	r0, r6
10004750:	f000 fa96 	bl	10004c80 <tud_control_status>
10004754:	2501      	movs	r5, #1
10004756:	e76b      	b.n	10004630 <process_control_request+0x7c>
10004758:	4621      	mov	r1, r4
1000475a:	4630      	mov	r0, r6
1000475c:	f7ff fcb2 	bl	100040c4 <process_get_descriptor>
10004760:	4605      	mov	r5, r0
10004762:	e765      	b.n	10004630 <process_control_request+0x7c>
10004764:	8863      	ldrh	r3, [r4, #2]
10004766:	2b01      	cmp	r3, #1
10004768:	d001      	beq.n	1000476e <process_control_request+0x1ba>
1000476a:	2500      	movs	r5, #0
1000476c:	e760      	b.n	10004630 <process_control_request+0x7c>
1000476e:	4a5f      	ldr	r2, [pc, #380]	@ (100048ec <process_control_request+0x338>)
10004770:	7813      	ldrb	r3, [r2, #0]
10004772:	f043 0308 	orr.w	r3, r3, #8
10004776:	7013      	strb	r3, [r2, #0]
10004778:	4621      	mov	r1, r4
1000477a:	4630      	mov	r0, r6
1000477c:	f000 fa80 	bl	10004c80 <tud_control_status>
10004780:	2501      	movs	r5, #1
10004782:	e755      	b.n	10004630 <process_control_request+0x7c>
10004784:	8863      	ldrh	r3, [r4, #2]
10004786:	2b01      	cmp	r3, #1
10004788:	d001      	beq.n	1000478e <process_control_request+0x1da>
1000478a:	2500      	movs	r5, #0
1000478c:	e750      	b.n	10004630 <process_control_request+0x7c>
1000478e:	4a57      	ldr	r2, [pc, #348]	@ (100048ec <process_control_request+0x338>)
10004790:	7813      	ldrb	r3, [r2, #0]
10004792:	f023 0308 	bic.w	r3, r3, #8
10004796:	7013      	strb	r3, [r2, #0]
10004798:	4621      	mov	r1, r4
1000479a:	4630      	mov	r0, r6
1000479c:	f000 fa70 	bl	10004c80 <tud_control_status>
100047a0:	2501      	movs	r5, #1
100047a2:	e745      	b.n	10004630 <process_control_request+0x7c>
100047a4:	4b51      	ldr	r3, [pc, #324]	@ (100048ec <process_control_request+0x338>)
100047a6:	781a      	ldrb	r2, [r3, #0]
100047a8:	0893      	lsrs	r3, r2, #2
100047aa:	f003 0302 	and.w	r3, r3, #2
100047ae:	f3c2 1240 	ubfx	r2, r2, #5, #1
100047b2:	4313      	orrs	r3, r2
100047b4:	f8ad 3006 	strh.w	r3, [sp, #6]
100047b8:	2302      	movs	r3, #2
100047ba:	f10d 0206 	add.w	r2, sp, #6
100047be:	4621      	mov	r1, r4
100047c0:	4630      	mov	r0, r6
100047c2:	f000 fa71 	bl	10004ca8 <tud_control_xfer>
100047c6:	2501      	movs	r5, #1
100047c8:	e732      	b.n	10004630 <process_control_request+0x7c>
100047ca:	f04f 23e0 	mov.w	r3, #3758153728	@ 0xe000e000
100047ce:	f8d3 3df0 	ldr.w	r3, [r3, #3568]	@ 0xdf0
100047d2:	f013 0f01 	tst.w	r3, #1
100047d6:	f000 80df 	beq.w	10004998 <process_control_request+0x3e4>
100047da:	be00      	bkpt	0x0000
100047dc:	2500      	movs	r5, #0
100047de:	e727      	b.n	10004630 <process_control_request+0x7c>
100047e0:	88a3      	ldrh	r3, [r4, #4]
100047e2:	b2db      	uxtb	r3, r3
100047e4:	2b0f      	cmp	r3, #15
100047e6:	f200 80d9 	bhi.w	1000499c <process_control_request+0x3e8>
100047ea:	4a40      	ldr	r2, [pc, #256]	@ (100048ec <process_control_request+0x338>)
100047ec:	4413      	add	r3, r2
100047ee:	791b      	ldrb	r3, [r3, #4]
100047f0:	4a3f      	ldr	r2, [pc, #252]	@ (100048f0 <process_control_request+0x33c>)
100047f2:	7812      	ldrb	r2, [r2, #0]
100047f4:	4293      	cmp	r3, r2
100047f6:	d222      	bcs.n	1000483e <process_control_request+0x28a>
100047f8:	4a3e      	ldr	r2, [pc, #248]	@ (100048f4 <process_control_request+0x340>)
100047fa:	6811      	ldr	r1, [r2, #0]
100047fc:	eb11 1143 	adds.w	r1, r1, r3, lsl #5
10004800:	f000 80ce 	beq.w	100049a0 <process_control_request+0x3ec>
10004804:	4622      	mov	r2, r4
10004806:	4630      	mov	r0, r6
10004808:	f7ff fb62 	bl	10003ed0 <invoke_class_control>
1000480c:	4605      	mov	r5, r0
1000480e:	2800      	cmp	r0, #0
10004810:	f47f af0e 	bne.w	10004630 <process_control_request+0x7c>
10004814:	7823      	ldrb	r3, [r4, #0]
10004816:	f013 0f60 	tst.w	r3, #96	@ 0x60
1000481a:	f47f af09 	bne.w	10004630 <process_control_request+0x7c>
1000481e:	7863      	ldrb	r3, [r4, #1]
10004820:	3b0a      	subs	r3, #10
10004822:	2b01      	cmp	r3, #1
10004824:	f63f af04 	bhi.w	10004630 <process_control_request+0x7c>
10004828:	f000 fa9e 	bl	10004d68 <usbd_control_set_complete_callback>
1000482c:	7863      	ldrb	r3, [r4, #1]
1000482e:	2b0a      	cmp	r3, #10
10004830:	d00e      	beq.n	10004850 <process_control_request+0x29c>
10004832:	4621      	mov	r1, r4
10004834:	4630      	mov	r0, r6
10004836:	f000 fa23 	bl	10004c80 <tud_control_status>
1000483a:	2501      	movs	r5, #1
1000483c:	e6f8      	b.n	10004630 <process_control_request+0x7c>
1000483e:	1c51      	adds	r1, r2, #1
10004840:	4299      	cmp	r1, r3
10004842:	f2c0 80af 	blt.w	100049a4 <process_control_request+0x3f0>
10004846:	1a9b      	subs	r3, r3, r2
10004848:	492b      	ldr	r1, [pc, #172]	@ (100048f8 <process_control_request+0x344>)
1000484a:	eb01 1143 	add.w	r1, r1, r3, lsl #5
1000484e:	e7d9      	b.n	10004804 <process_control_request+0x250>
10004850:	2300      	movs	r3, #0
10004852:	f88d 3006 	strb.w	r3, [sp, #6]
10004856:	2301      	movs	r3, #1
10004858:	f10d 0206 	add.w	r2, sp, #6
1000485c:	4621      	mov	r1, r4
1000485e:	4630      	mov	r0, r6
10004860:	f000 fa22 	bl	10004ca8 <tud_control_xfer>
10004864:	2501      	movs	r5, #1
10004866:	e6e3      	b.n	10004630 <process_control_request+0x7c>
10004868:	88a2      	ldrh	r2, [r4, #4]
1000486a:	b2d1      	uxtb	r1, r2
1000486c:	f002 057f 	and.w	r5, r2, #127	@ 0x7f
10004870:	f3c2 10c0 	ubfx	r0, r2, #7, #1
10004874:	f012 0f70 	tst.w	r2, #112	@ 0x70
10004878:	d117      	bne.n	100048aa <process_control_request+0x2f6>
1000487a:	4a1c      	ldr	r2, [pc, #112]	@ (100048ec <process_control_request+0x338>)
1000487c:	eb02 0245 	add.w	r2, r2, r5, lsl #1
10004880:	4402      	add	r2, r0
10004882:	7d12      	ldrb	r2, [r2, #20]
10004884:	481a      	ldr	r0, [pc, #104]	@ (100048f0 <process_control_request+0x33c>)
10004886:	7800      	ldrb	r0, [r0, #0]
10004888:	4282      	cmp	r2, r0
1000488a:	d21e      	bcs.n	100048ca <process_control_request+0x316>
1000488c:	4819      	ldr	r0, [pc, #100]	@ (100048f4 <process_control_request+0x340>)
1000488e:	6805      	ldr	r5, [r0, #0]
10004890:	eb05 1542 	add.w	r5, r5, r2, lsl #5
10004894:	b393      	cbz	r3, 100048fc <process_control_request+0x348>
10004896:	2d00      	cmp	r5, #0
10004898:	f000 8086 	beq.w	100049a8 <process_control_request+0x3f4>
1000489c:	4622      	mov	r2, r4
1000489e:	4629      	mov	r1, r5
100048a0:	4630      	mov	r0, r6
100048a2:	f7ff fb15 	bl	10003ed0 <invoke_class_control>
100048a6:	4605      	mov	r5, r0
100048a8:	e6c2      	b.n	10004630 <process_control_request+0x7c>
100048aa:	f240 3295 	movw	r2, #917	@ 0x395
100048ae:	490c      	ldr	r1, [pc, #48]	@ (100048e0 <process_control_request+0x32c>)
100048b0:	480c      	ldr	r0, [pc, #48]	@ (100048e4 <process_control_request+0x330>)
100048b2:	f7fe fd91 	bl	100033d8 <__wrap_printf>
100048b6:	f04f 23e0 	mov.w	r3, #3758153728	@ 0xe000e000
100048ba:	f8d3 3df0 	ldr.w	r3, [r3, #3568]	@ 0xdf0
100048be:	f013 0f01 	tst.w	r3, #1
100048c2:	d000      	beq.n	100048c6 <process_control_request+0x312>
100048c4:	be00      	bkpt	0x0000
100048c6:	2500      	movs	r5, #0
100048c8:	e6b2      	b.n	10004630 <process_control_request+0x7c>
100048ca:	1c45      	adds	r5, r0, #1
100048cc:	4295      	cmp	r5, r2
100048ce:	db04      	blt.n	100048da <process_control_request+0x326>
100048d0:	1a12      	subs	r2, r2, r0
100048d2:	4d09      	ldr	r5, [pc, #36]	@ (100048f8 <process_control_request+0x344>)
100048d4:	eb05 1542 	add.w	r5, r5, r2, lsl #5
100048d8:	e7dc      	b.n	10004894 <process_control_request+0x2e0>
100048da:	2500      	movs	r5, #0
100048dc:	e7da      	b.n	10004894 <process_control_request+0x2e0>
100048de:	bf00      	nop
100048e0:	1000b574 	.word	0x1000b574
100048e4:	1000a328 	.word	0x1000a328
100048e8:	10003499 	.word	0x10003499
100048ec:	200014c0 	.word	0x200014c0
100048f0:	200026b2 	.word	0x200026b2
100048f4:	200012f0 	.word	0x200012f0
100048f8:	1000b5c0 	.word	0x1000b5c0
100048fc:	7863      	ldrb	r3, [r4, #1]
100048fe:	2b01      	cmp	r3, #1
10004900:	d010      	beq.n	10004924 <process_control_request+0x370>
10004902:	2b03      	cmp	r3, #3
10004904:	d00e      	beq.n	10004924 <process_control_request+0x370>
10004906:	bb7b      	cbnz	r3, 10004968 <process_control_request+0x3b4>
10004908:	4630      	mov	r0, r6
1000490a:	f7ff fe45 	bl	10004598 <usbd_edpt_stalled>
1000490e:	f8ad 0006 	strh.w	r0, [sp, #6]
10004912:	2302      	movs	r3, #2
10004914:	f10d 0206 	add.w	r2, sp, #6
10004918:	4621      	mov	r1, r4
1000491a:	4630      	mov	r0, r6
1000491c:	f000 f9c4 	bl	10004ca8 <tud_control_xfer>
10004920:	2501      	movs	r5, #1
10004922:	e685      	b.n	10004630 <process_control_request+0x7c>
10004924:	8862      	ldrh	r2, [r4, #2]
10004926:	b922      	cbnz	r2, 10004932 <process_control_request+0x37e>
10004928:	2b01      	cmp	r3, #1
1000492a:	d019      	beq.n	10004960 <process_control_request+0x3ac>
1000492c:	4630      	mov	r0, r6
1000492e:	f7ff fdf7 	bl	10004520 <usbd_edpt_stall>
10004932:	2d00      	cmp	r5, #0
10004934:	d03a      	beq.n	100049ac <process_control_request+0x3f8>
10004936:	4622      	mov	r2, r4
10004938:	4629      	mov	r1, r5
1000493a:	4630      	mov	r0, r6
1000493c:	f7ff fac8 	bl	10003ed0 <invoke_class_control>
10004940:	2000      	movs	r0, #0
10004942:	f000 fa11 	bl	10004d68 <usbd_control_set_complete_callback>
10004946:	4b1b      	ldr	r3, [pc, #108]	@ (100049b4 <process_control_request+0x400>)
10004948:	f893 5035 	ldrb.w	r5, [r3, #53]	@ 0x35
1000494c:	f015 0501 	ands.w	r5, r5, #1
10004950:	f47f ae6e 	bne.w	10004630 <process_control_request+0x7c>
10004954:	4621      	mov	r1, r4
10004956:	4630      	mov	r0, r6
10004958:	f000 f992 	bl	10004c80 <tud_control_status>
1000495c:	2501      	movs	r5, #1
1000495e:	e667      	b.n	10004630 <process_control_request+0x7c>
10004960:	4630      	mov	r0, r6
10004962:	f7ff fdfb 	bl	1000455c <usbd_edpt_clear_stall>
10004966:	e7e4      	b.n	10004932 <process_control_request+0x37e>
10004968:	f04f 23e0 	mov.w	r3, #3758153728	@ 0xe000e000
1000496c:	f8d3 3df0 	ldr.w	r3, [r3, #3568]	@ 0xdf0
10004970:	f013 0f01 	tst.w	r3, #1
10004974:	d000      	beq.n	10004978 <process_control_request+0x3c4>
10004976:	be00      	bkpt	0x0000
10004978:	2500      	movs	r5, #0
1000497a:	e659      	b.n	10004630 <process_control_request+0x7c>
1000497c:	f04f 23e0 	mov.w	r3, #3758153728	@ 0xe000e000
10004980:	f8d3 3df0 	ldr.w	r3, [r3, #3568]	@ 0xdf0
10004984:	f013 0f01 	tst.w	r3, #1
10004988:	d012      	beq.n	100049b0 <process_control_request+0x3fc>
1000498a:	be00      	bkpt	0x0000
1000498c:	2500      	movs	r5, #0
1000498e:	e64f      	b.n	10004630 <process_control_request+0x7c>
10004990:	2500      	movs	r5, #0
10004992:	e64d      	b.n	10004630 <process_control_request+0x7c>
10004994:	2500      	movs	r5, #0
10004996:	e64b      	b.n	10004630 <process_control_request+0x7c>
10004998:	2500      	movs	r5, #0
1000499a:	e649      	b.n	10004630 <process_control_request+0x7c>
1000499c:	2500      	movs	r5, #0
1000499e:	e647      	b.n	10004630 <process_control_request+0x7c>
100049a0:	2500      	movs	r5, #0
100049a2:	e645      	b.n	10004630 <process_control_request+0x7c>
100049a4:	2500      	movs	r5, #0
100049a6:	e643      	b.n	10004630 <process_control_request+0x7c>
100049a8:	2500      	movs	r5, #0
100049aa:	e641      	b.n	10004630 <process_control_request+0x7c>
100049ac:	2501      	movs	r5, #1
100049ae:	e63f      	b.n	10004630 <process_control_request+0x7c>
100049b0:	2500      	movs	r5, #0
100049b2:	e63d      	b.n	10004630 <process_control_request+0x7c>
100049b4:	200014c0 	.word	0x200014c0

100049b8 <tud_task_ext>:
100049b8:	b510      	push	{r4, lr}
100049ba:	b084      	sub	sp, #16
100049bc:	f7ff fc14 	bl	100041e8 <tud_inited>
100049c0:	b948      	cbnz	r0, 100049d6 <tud_task_ext+0x1e>
100049c2:	b004      	add	sp, #16
100049c4:	bd10      	pop	{r4, pc}
100049c6:	f89d 0004 	ldrb.w	r0, [sp, #4]
100049ca:	f7ff fa7b 	bl	10003ec4 <usbd_reset>
100049ce:	f89d 2008 	ldrb.w	r2, [sp, #8]
100049d2:	4b85      	ldr	r3, [pc, #532]	@ (10004be8 <tud_task_ext+0x230>)
100049d4:	709a      	strb	r2, [r3, #2]
100049d6:	4b85      	ldr	r3, [pc, #532]	@ (10004bec <tud_task_ext+0x234>)
100049d8:	681c      	ldr	r4, [r3, #0]
100049da:	6963      	ldr	r3, [r4, #20]
100049dc:	f3ef 8210 	mrs	r2, PRIMASK
100049e0:	b672      	cpsid	i
100049e2:	e8d3 0fcf 	ldaexb	r0, [r3]
100049e6:	2101      	movs	r1, #1
100049e8:	2800      	cmp	r0, #0
100049ea:	d1fa      	bne.n	100049e2 <tud_task_ext+0x2a>
100049ec:	e8c3 1f40 	strexb	r0, r1, [r3]
100049f0:	2800      	cmp	r0, #0
100049f2:	d1f6      	bne.n	100049e2 <tud_task_ext+0x2a>
100049f4:	f3bf 8f5f 	dmb	sy
100049f8:	61a2      	str	r2, [r4, #24]
100049fa:	a901      	add	r1, sp, #4
100049fc:	4620      	mov	r0, r4
100049fe:	f001 fbe7 	bl	100061d0 <tu_fifo_read>
10004a02:	6961      	ldr	r1, [r4, #20]
10004a04:	69a3      	ldr	r3, [r4, #24]
10004a06:	2200      	movs	r2, #0
10004a08:	e8c1 2f8f 	stlb	r2, [r1]
10004a0c:	f383 8810 	msr	PRIMASK, r3
10004a10:	2800      	cmp	r0, #0
10004a12:	d0d6      	beq.n	100049c2 <tud_task_ext+0xa>
10004a14:	f89d 3005 	ldrb.w	r3, [sp, #5]
10004a18:	3b01      	subs	r3, #1
10004a1a:	2b07      	cmp	r3, #7
10004a1c:	f200 80da 	bhi.w	10004bd4 <tud_task_ext+0x21c>
10004a20:	a201      	add	r2, pc, #4	@ (adr r2, 10004a28 <tud_task_ext+0x70>)
10004a22:	f852 f023 	ldr.w	pc, [r2, r3, lsl #2]
10004a26:	bf00      	nop
10004a28:	100049c7 	.word	0x100049c7
10004a2c:	10004a49 	.word	0x10004a49
10004a30:	10004bc1 	.word	0x10004bc1
10004a34:	10004b87 	.word	0x10004b87
10004a38:	10004ba1 	.word	0x10004ba1
10004a3c:	10004a57 	.word	0x10004a57
10004a40:	10004aed 	.word	0x10004aed
10004a44:	10004bb3 	.word	0x10004bb3
10004a48:	f89d 0004 	ldrb.w	r0, [sp, #4]
10004a4c:	f7ff fa3a 	bl	10003ec4 <usbd_reset>
10004a50:	f7ff fbb5 	bl	100041be <tud_umount_cb>
10004a54:	e7bf      	b.n	100049d6 <tud_task_ext+0x1e>
10004a56:	4b66      	ldr	r3, [pc, #408]	@ (10004bf0 <tud_task_ext+0x238>)
10004a58:	781b      	ldrb	r3, [r3, #0]
10004a5a:	2b00      	cmp	r3, #0
10004a5c:	d036      	beq.n	10004acc <tud_task_ext+0x114>
10004a5e:	4a64      	ldr	r2, [pc, #400]	@ (10004bf0 <tud_task_ext+0x238>)
10004a60:	7813      	ldrb	r3, [r2, #0]
10004a62:	3b01      	subs	r3, #1
10004a64:	b2db      	uxtb	r3, r3
10004a66:	7013      	strb	r3, [r2, #0]
10004a68:	7813      	ldrb	r3, [r2, #0]
10004a6a:	2b00      	cmp	r3, #0
10004a6c:	d1b3      	bne.n	100049d6 <tud_task_ext+0x1e>
10004a6e:	4b5e      	ldr	r3, [pc, #376]	@ (10004be8 <tud_task_ext+0x230>)
10004a70:	781a      	ldrb	r2, [r3, #0]
10004a72:	f042 0201 	orr.w	r2, r2, #1
10004a76:	701a      	strb	r2, [r3, #0]
10004a78:	f893 2034 	ldrb.w	r2, [r3, #52]	@ 0x34
10004a7c:	f022 0201 	bic.w	r2, r2, #1
10004a80:	f883 2034 	strb.w	r2, [r3, #52]	@ 0x34
10004a84:	f893 2034 	ldrb.w	r2, [r3, #52]	@ 0x34
10004a88:	f022 0204 	bic.w	r2, r2, #4
10004a8c:	f883 2034 	strb.w	r2, [r3, #52]	@ 0x34
10004a90:	f893 2035 	ldrb.w	r2, [r3, #53]	@ 0x35
10004a94:	f022 0201 	bic.w	r2, r2, #1
10004a98:	f883 2035 	strb.w	r2, [r3, #53]	@ 0x35
10004a9c:	f893 2035 	ldrb.w	r2, [r3, #53]	@ 0x35
10004aa0:	f022 0204 	bic.w	r2, r2, #4
10004aa4:	f883 2035 	strb.w	r2, [r3, #53]	@ 0x35
10004aa8:	a902      	add	r1, sp, #8
10004aaa:	f89d 0004 	ldrb.w	r0, [sp, #4]
10004aae:	f7ff fd81 	bl	100045b4 <process_control_request>
10004ab2:	2800      	cmp	r0, #0
10004ab4:	d18f      	bne.n	100049d6 <tud_task_ext+0x1e>
10004ab6:	2100      	movs	r1, #0
10004ab8:	f89d 0004 	ldrb.w	r0, [sp, #4]
10004abc:	f7ff f934 	bl	10003d28 <dcd_edpt_stall>
10004ac0:	2180      	movs	r1, #128	@ 0x80
10004ac2:	f89d 0004 	ldrb.w	r0, [sp, #4]
10004ac6:	f7ff f92f 	bl	10003d28 <dcd_edpt_stall>
10004aca:	e784      	b.n	100049d6 <tud_task_ext+0x1e>
10004acc:	f240 2265 	movw	r2, #613	@ 0x265
10004ad0:	4948      	ldr	r1, [pc, #288]	@ (10004bf4 <tud_task_ext+0x23c>)
10004ad2:	4849      	ldr	r0, [pc, #292]	@ (10004bf8 <tud_task_ext+0x240>)
10004ad4:	f7fe fc80 	bl	100033d8 <__wrap_printf>
10004ad8:	f04f 23e0 	mov.w	r3, #3758153728	@ 0xe000e000
10004adc:	f8d3 3df0 	ldr.w	r3, [r3, #3568]	@ 0xdf0
10004ae0:	f013 0f01 	tst.w	r3, #1
10004ae4:	f43f af6d 	beq.w	100049c2 <tud_task_ext+0xa>
10004ae8:	be00      	bkpt	0x0000
10004aea:	e76a      	b.n	100049c2 <tud_task_ext+0xa>
10004aec:	f89d 1008 	ldrb.w	r1, [sp, #8]
10004af0:	f001 007f 	and.w	r0, r1, #127	@ 0x7f
10004af4:	09cc      	lsrs	r4, r1, #7
10004af6:	4b3c      	ldr	r3, [pc, #240]	@ (10004be8 <tud_task_ext+0x230>)
10004af8:	eb03 0340 	add.w	r3, r3, r0, lsl #1
10004afc:	eb03 13d1 	add.w	r3, r3, r1, lsr #7
10004b00:	f893 2034 	ldrb.w	r2, [r3, #52]	@ 0x34
10004b04:	f022 0201 	bic.w	r2, r2, #1
10004b08:	f883 2034 	strb.w	r2, [r3, #52]	@ 0x34
10004b0c:	f893 2034 	ldrb.w	r2, [r3, #52]	@ 0x34
10004b10:	f022 0204 	bic.w	r2, r2, #4
10004b14:	f883 2034 	strb.w	r2, [r3, #52]	@ 0x34
10004b18:	b1a8      	cbz	r0, 10004b46 <tud_task_ext+0x18e>
10004b1a:	4b33      	ldr	r3, [pc, #204]	@ (10004be8 <tud_task_ext+0x230>)
10004b1c:	eb03 0340 	add.w	r3, r3, r0, lsl #1
10004b20:	4423      	add	r3, r4
10004b22:	7d1b      	ldrb	r3, [r3, #20]
10004b24:	4a35      	ldr	r2, [pc, #212]	@ (10004bfc <tud_task_ext+0x244>)
10004b26:	7812      	ldrb	r2, [r2, #0]
10004b28:	4293      	cmp	r3, r2
10004b2a:	d214      	bcs.n	10004b56 <tud_task_ext+0x19e>
10004b2c:	4a34      	ldr	r2, [pc, #208]	@ (10004c00 <tud_task_ext+0x248>)
10004b2e:	6812      	ldr	r2, [r2, #0]
10004b30:	eb12 1343 	adds.w	r3, r2, r3, lsl #5
10004b34:	d017      	beq.n	10004b66 <tud_task_ext+0x1ae>
10004b36:	699c      	ldr	r4, [r3, #24]
10004b38:	9b03      	ldr	r3, [sp, #12]
10004b3a:	f89d 2009 	ldrb.w	r2, [sp, #9]
10004b3e:	f89d 0004 	ldrb.w	r0, [sp, #4]
10004b42:	47a0      	blx	r4
10004b44:	e747      	b.n	100049d6 <tud_task_ext+0x1e>
10004b46:	9b03      	ldr	r3, [sp, #12]
10004b48:	f89d 2009 	ldrb.w	r2, [sp, #9]
10004b4c:	f89d 0004 	ldrb.w	r0, [sp, #4]
10004b50:	f000 f91e 	bl	10004d90 <usbd_control_xfer_cb>
10004b54:	e73f      	b.n	100049d6 <tud_task_ext+0x1e>
10004b56:	1c50      	adds	r0, r2, #1
10004b58:	4298      	cmp	r0, r3
10004b5a:	db04      	blt.n	10004b66 <tud_task_ext+0x1ae>
10004b5c:	1a9b      	subs	r3, r3, r2
10004b5e:	4a29      	ldr	r2, [pc, #164]	@ (10004c04 <tud_task_ext+0x24c>)
10004b60:	eb02 1343 	add.w	r3, r2, r3, lsl #5
10004b64:	e7e7      	b.n	10004b36 <tud_task_ext+0x17e>
10004b66:	f44f 7224 	mov.w	r2, #656	@ 0x290
10004b6a:	4922      	ldr	r1, [pc, #136]	@ (10004bf4 <tud_task_ext+0x23c>)
10004b6c:	4822      	ldr	r0, [pc, #136]	@ (10004bf8 <tud_task_ext+0x240>)
10004b6e:	f7fe fc33 	bl	100033d8 <__wrap_printf>
10004b72:	f04f 23e0 	mov.w	r3, #3758153728	@ 0xe000e000
10004b76:	f8d3 3df0 	ldr.w	r3, [r3, #3568]	@ 0xdf0
10004b7a:	f013 0f01 	tst.w	r3, #1
10004b7e:	f43f af20 	beq.w	100049c2 <tud_task_ext+0xa>
10004b82:	be00      	bkpt	0x0000
10004b84:	e71d      	b.n	100049c2 <tud_task_ext+0xa>
10004b86:	4b18      	ldr	r3, [pc, #96]	@ (10004be8 <tud_task_ext+0x230>)
10004b88:	781b      	ldrb	r3, [r3, #0]
10004b8a:	f013 0f01 	tst.w	r3, #1
10004b8e:	f43f af22 	beq.w	100049d6 <tud_task_ext+0x1e>
10004b92:	4b15      	ldr	r3, [pc, #84]	@ (10004be8 <tud_task_ext+0x230>)
10004b94:	7818      	ldrb	r0, [r3, #0]
10004b96:	f3c0 00c0 	ubfx	r0, r0, #3, #1
10004b9a:	f7ff fb11 	bl	100041c0 <tud_suspend_cb>
10004b9e:	e71a      	b.n	100049d6 <tud_task_ext+0x1e>
10004ba0:	4b11      	ldr	r3, [pc, #68]	@ (10004be8 <tud_task_ext+0x230>)
10004ba2:	781b      	ldrb	r3, [r3, #0]
10004ba4:	f013 0f01 	tst.w	r3, #1
10004ba8:	f43f af15 	beq.w	100049d6 <tud_task_ext+0x1e>
10004bac:	f7ff fb09 	bl	100041c2 <tud_resume_cb>
10004bb0:	e711      	b.n	100049d6 <tud_task_ext+0x1e>
10004bb2:	9b02      	ldr	r3, [sp, #8]
10004bb4:	2b00      	cmp	r3, #0
10004bb6:	f43f af0e 	beq.w	100049d6 <tud_task_ext+0x1e>
10004bba:	9803      	ldr	r0, [sp, #12]
10004bbc:	4798      	blx	r3
10004bbe:	e70a      	b.n	100049d6 <tud_task_ext+0x1e>
10004bc0:	4b09      	ldr	r3, [pc, #36]	@ (10004be8 <tud_task_ext+0x230>)
10004bc2:	78db      	ldrb	r3, [r3, #3]
10004bc4:	f013 0f01 	tst.w	r3, #1
10004bc8:	f43f af05 	beq.w	100049d6 <tud_task_ext+0x1e>
10004bcc:	9802      	ldr	r0, [sp, #8]
10004bce:	f7ff fa74 	bl	100040ba <tud_sof_cb>
10004bd2:	e700      	b.n	100049d6 <tud_task_ext+0x1e>
10004bd4:	f04f 23e0 	mov.w	r3, #3758153728	@ 0xe000e000
10004bd8:	f8d3 3df0 	ldr.w	r3, [r3, #3568]	@ 0xdf0
10004bdc:	f013 0f01 	tst.w	r3, #1
10004be0:	f43f aef9 	beq.w	100049d6 <tud_task_ext+0x1e>
10004be4:	be00      	bkpt	0x0000
10004be6:	e6f6      	b.n	100049d6 <tud_task_ext+0x1e>
10004be8:	200014c0 	.word	0x200014c0
10004bec:	20001518 	.word	0x20001518
10004bf0:	200026b4 	.word	0x200026b4
10004bf4:	1000b5a0 	.word	0x1000b5a0
10004bf8:	1000a328 	.word	0x1000a328
10004bfc:	200026b2 	.word	0x200026b2
10004c00:	200012f0 	.word	0x200012f0
10004c04:	1000b5c0 	.word	0x1000b5c0

10004c08 <status_stage_xact>:
10004c08:	b508      	push	{r3, lr}
10004c0a:	f991 3000 	ldrsb.w	r3, [r1]
10004c0e:	2b00      	cmp	r3, #0
10004c10:	db05      	blt.n	10004c1e <status_stage_xact+0x16>
10004c12:	2180      	movs	r1, #128	@ 0x80
10004c14:	2300      	movs	r3, #0
10004c16:	461a      	mov	r2, r3
10004c18:	f7ff fc3a 	bl	10004490 <usbd_edpt_xfer>
10004c1c:	bd08      	pop	{r3, pc}
10004c1e:	2100      	movs	r1, #0
10004c20:	e7f8      	b.n	10004c14 <status_stage_xact+0xc>
	...

10004c24 <data_stage_xact>:
10004c24:	b5f8      	push	{r3, r4, r5, r6, r7, lr}
10004c26:	4607      	mov	r7, r0
10004c28:	4b13      	ldr	r3, [pc, #76]	@ (10004c78 <data_stage_xact+0x54>)
10004c2a:	899e      	ldrh	r6, [r3, #12]
10004c2c:	89dd      	ldrh	r5, [r3, #14]
10004c2e:	1b74      	subs	r4, r6, r5
10004c30:	b2a4      	uxth	r4, r4
10004c32:	2c40      	cmp	r4, #64	@ 0x40
10004c34:	bf28      	it	cs
10004c36:	2440      	movcs	r4, #64	@ 0x40
10004c38:	f993 3000 	ldrsb.w	r3, [r3]
10004c3c:	2b00      	cmp	r3, #0
10004c3e:	db08      	blt.n	10004c52 <data_stage_xact+0x2e>
10004c40:	2100      	movs	r1, #0
10004c42:	42ae      	cmp	r6, r5
10004c44:	d013      	beq.n	10004c6e <data_stage_xact+0x4a>
10004c46:	4a0d      	ldr	r2, [pc, #52]	@ (10004c7c <data_stage_xact+0x58>)
10004c48:	4623      	mov	r3, r4
10004c4a:	4638      	mov	r0, r7
10004c4c:	f7ff fc20 	bl	10004490 <usbd_edpt_xfer>
10004c50:	bdf8      	pop	{r3, r4, r5, r6, r7, pc}
10004c52:	42ae      	cmp	r6, r5
10004c54:	d009      	beq.n	10004c6a <data_stage_xact+0x46>
10004c56:	4b08      	ldr	r3, [pc, #32]	@ (10004c78 <data_stage_xact+0x54>)
10004c58:	6899      	ldr	r1, [r3, #8]
10004c5a:	2c40      	cmp	r4, #64	@ 0x40
10004c5c:	d809      	bhi.n	10004c72 <data_stage_xact+0x4e>
10004c5e:	4622      	mov	r2, r4
10004c60:	4806      	ldr	r0, [pc, #24]	@ (10004c7c <data_stage_xact+0x58>)
10004c62:	f004 fd65 	bl	10009730 <memcpy>
10004c66:	2180      	movs	r1, #128	@ 0x80
10004c68:	e7eb      	b.n	10004c42 <data_stage_xact+0x1e>
10004c6a:	2180      	movs	r1, #128	@ 0x80
10004c6c:	e7e9      	b.n	10004c42 <data_stage_xact+0x1e>
10004c6e:	2200      	movs	r2, #0
10004c70:	e7ea      	b.n	10004c48 <data_stage_xact+0x24>
10004c72:	2000      	movs	r0, #0
10004c74:	e7ec      	b.n	10004c50 <data_stage_xact+0x2c>
10004c76:	bf00      	nop
10004c78:	20001480 	.word	0x20001480
10004c7c:	20001440 	.word	0x20001440

10004c80 <tud_control_status>:
10004c80:	b508      	push	{r3, lr}
10004c82:	4686      	mov	lr, r0
10004c84:	460b      	mov	r3, r1
10004c86:	4a07      	ldr	r2, [pc, #28]	@ (10004ca4 <tud_control_status+0x24>)
10004c88:	4694      	mov	ip, r2
10004c8a:	6808      	ldr	r0, [r1, #0]
10004c8c:	6849      	ldr	r1, [r1, #4]
10004c8e:	e8ac 0003 	stmia.w	ip!, {r0, r1}
10004c92:	2100      	movs	r1, #0
10004c94:	6091      	str	r1, [r2, #8]
10004c96:	81d1      	strh	r1, [r2, #14]
10004c98:	8191      	strh	r1, [r2, #12]
10004c9a:	4619      	mov	r1, r3
10004c9c:	4670      	mov	r0, lr
10004c9e:	f7ff ffb3 	bl	10004c08 <status_stage_xact>
10004ca2:	bd08      	pop	{r3, pc}
10004ca4:	20001480 	.word	0x20001480

10004ca8 <tud_control_xfer>:
10004ca8:	b538      	push	{r3, r4, r5, lr}
10004caa:	4605      	mov	r5, r0
10004cac:	468c      	mov	ip, r1
10004cae:	4c26      	ldr	r4, [pc, #152]	@ (10004d48 <tud_control_xfer+0xa0>)
10004cb0:	46a6      	mov	lr, r4
10004cb2:	6808      	ldr	r0, [r1, #0]
10004cb4:	6849      	ldr	r1, [r1, #4]
10004cb6:	e8ae 0003 	stmia.w	lr!, {r0, r1}
10004cba:	60a2      	str	r2, [r4, #8]
10004cbc:	2100      	movs	r1, #0
10004cbe:	81e1      	strh	r1, [r4, #14]
10004cc0:	f8bc 1006 	ldrh.w	r1, [ip, #6]
10004cc4:	428b      	cmp	r3, r1
10004cc6:	bf28      	it	cs
10004cc8:	460b      	movcs	r3, r1
10004cca:	81a3      	strh	r3, [r4, #12]
10004ccc:	f8bc 1006 	ldrh.w	r1, [ip, #6]
10004cd0:	b329      	cbz	r1, 10004d1e <tud_control_xfer+0x76>
10004cd2:	b103      	cbz	r3, 10004cd6 <tud_control_xfer+0x2e>
10004cd4:	b132      	cbz	r2, 10004ce4 <tud_control_xfer+0x3c>
10004cd6:	4628      	mov	r0, r5
10004cd8:	f7ff ffa4 	bl	10004c24 <data_stage_xact>
10004cdc:	4604      	mov	r4, r0
10004cde:	b180      	cbz	r0, 10004d02 <tud_control_xfer+0x5a>
10004ce0:	4620      	mov	r0, r4
10004ce2:	bd38      	pop	{r3, r4, r5, pc}
10004ce4:	2272      	movs	r2, #114	@ 0x72
10004ce6:	4919      	ldr	r1, [pc, #100]	@ (10004d4c <tud_control_xfer+0xa4>)
10004ce8:	4819      	ldr	r0, [pc, #100]	@ (10004d50 <tud_control_xfer+0xa8>)
10004cea:	f7fe fb75 	bl	100033d8 <__wrap_printf>
10004cee:	f04f 23e0 	mov.w	r3, #3758153728	@ 0xe000e000
10004cf2:	f8d3 3df0 	ldr.w	r3, [r3, #3568]	@ 0xdf0
10004cf6:	f013 0f01 	tst.w	r3, #1
10004cfa:	d000      	beq.n	10004cfe <tud_control_xfer+0x56>
10004cfc:	be00      	bkpt	0x0000
10004cfe:	2400      	movs	r4, #0
10004d00:	e7ee      	b.n	10004ce0 <tud_control_xfer+0x38>
10004d02:	2274      	movs	r2, #116	@ 0x74
10004d04:	4911      	ldr	r1, [pc, #68]	@ (10004d4c <tud_control_xfer+0xa4>)
10004d06:	4812      	ldr	r0, [pc, #72]	@ (10004d50 <tud_control_xfer+0xa8>)
10004d08:	f7fe fb66 	bl	100033d8 <__wrap_printf>
10004d0c:	f04f 23e0 	mov.w	r3, #3758153728	@ 0xe000e000
10004d10:	f8d3 3df0 	ldr.w	r3, [r3, #3568]	@ 0xdf0
10004d14:	f013 0f01 	tst.w	r3, #1
10004d18:	d0e2      	beq.n	10004ce0 <tud_control_xfer+0x38>
10004d1a:	be00      	bkpt	0x0000
10004d1c:	e7e0      	b.n	10004ce0 <tud_control_xfer+0x38>
10004d1e:	4661      	mov	r1, ip
10004d20:	4628      	mov	r0, r5
10004d22:	f7ff ff71 	bl	10004c08 <status_stage_xact>
10004d26:	4604      	mov	r4, r0
10004d28:	2800      	cmp	r0, #0
10004d2a:	d1d9      	bne.n	10004ce0 <tud_control_xfer+0x38>
10004d2c:	2276      	movs	r2, #118	@ 0x76
10004d2e:	4907      	ldr	r1, [pc, #28]	@ (10004d4c <tud_control_xfer+0xa4>)
10004d30:	4807      	ldr	r0, [pc, #28]	@ (10004d50 <tud_control_xfer+0xa8>)
10004d32:	f7fe fb51 	bl	100033d8 <__wrap_printf>
10004d36:	f04f 23e0 	mov.w	r3, #3758153728	@ 0xe000e000
10004d3a:	f8d3 3df0 	ldr.w	r3, [r3, #3568]	@ 0xdf0
10004d3e:	f013 0f01 	tst.w	r3, #1
10004d42:	d0cd      	beq.n	10004ce0 <tud_control_xfer+0x38>
10004d44:	be00      	bkpt	0x0000
10004d46:	e7cb      	b.n	10004ce0 <tud_control_xfer+0x38>
10004d48:	20001480 	.word	0x20001480
10004d4c:	1000b618 	.word	0x1000b618
10004d50:	1000a328 	.word	0x1000a328

10004d54 <usbd_control_reset>:
10004d54:	4b03      	ldr	r3, [pc, #12]	@ (10004d64 <usbd_control_reset+0x10>)
10004d56:	2200      	movs	r2, #0
10004d58:	601a      	str	r2, [r3, #0]
10004d5a:	605a      	str	r2, [r3, #4]
10004d5c:	609a      	str	r2, [r3, #8]
10004d5e:	60da      	str	r2, [r3, #12]
10004d60:	611a      	str	r2, [r3, #16]
10004d62:	4770      	bx	lr
10004d64:	20001480 	.word	0x20001480

10004d68 <usbd_control_set_complete_callback>:
10004d68:	4b01      	ldr	r3, [pc, #4]	@ (10004d70 <usbd_control_set_complete_callback+0x8>)
10004d6a:	6118      	str	r0, [r3, #16]
10004d6c:	4770      	bx	lr
10004d6e:	bf00      	nop
10004d70:	20001480 	.word	0x20001480

10004d74 <usbd_control_set_request>:
10004d74:	4601      	mov	r1, r0
10004d76:	4b05      	ldr	r3, [pc, #20]	@ (10004d8c <usbd_control_set_request+0x18>)
10004d78:	461a      	mov	r2, r3
10004d7a:	6800      	ldr	r0, [r0, #0]
10004d7c:	6849      	ldr	r1, [r1, #4]
10004d7e:	c203      	stmia	r2!, {r0, r1}
10004d80:	2200      	movs	r2, #0
10004d82:	609a      	str	r2, [r3, #8]
10004d84:	81da      	strh	r2, [r3, #14]
10004d86:	819a      	strh	r2, [r3, #12]
10004d88:	4770      	bx	lr
10004d8a:	bf00      	nop
10004d8c:	20001480 	.word	0x20001480

10004d90 <usbd_control_xfer_cb>:
10004d90:	b538      	push	{r3, r4, r5, lr}
10004d92:	4605      	mov	r5, r0
10004d94:	461c      	mov	r4, r3
10004d96:	4b3d      	ldr	r3, [pc, #244]	@ (10004e8c <usbd_control_xfer_cb+0xfc>)
10004d98:	781b      	ldrb	r3, [r3, #0]
10004d9a:	09db      	lsrs	r3, r3, #7
10004d9c:	ebb3 1fd1 	cmp.w	r3, r1, lsr #7
10004da0:	d01c      	beq.n	10004ddc <usbd_control_xfer_cb+0x4c>
10004da2:	b17c      	cbz	r4, 10004dc4 <usbd_control_xfer_cb+0x34>
10004da4:	229d      	movs	r2, #157	@ 0x9d
10004da6:	493a      	ldr	r1, [pc, #232]	@ (10004e90 <usbd_control_xfer_cb+0x100>)
10004da8:	483a      	ldr	r0, [pc, #232]	@ (10004e94 <usbd_control_xfer_cb+0x104>)
10004daa:	f7fe fb15 	bl	100033d8 <__wrap_printf>
10004dae:	f04f 23e0 	mov.w	r3, #3758153728	@ 0xe000e000
10004db2:	f8d3 3df0 	ldr.w	r3, [r3, #3568]	@ 0xdf0
10004db6:	f013 0f01 	tst.w	r3, #1
10004dba:	d000      	beq.n	10004dbe <usbd_control_xfer_cb+0x2e>
10004dbc:	be00      	bkpt	0x0000
10004dbe:	2400      	movs	r4, #0
10004dc0:	4620      	mov	r0, r4
10004dc2:	bd38      	pop	{r3, r4, r5, pc}
10004dc4:	4c31      	ldr	r4, [pc, #196]	@ (10004e8c <usbd_control_xfer_cb+0xfc>)
10004dc6:	4621      	mov	r1, r4
10004dc8:	f7fe ff72 	bl	10003cb0 <dcd_edpt0_status_complete>
10004dcc:	6923      	ldr	r3, [r4, #16]
10004dce:	b11b      	cbz	r3, 10004dd8 <usbd_control_xfer_cb+0x48>
10004dd0:	4622      	mov	r2, r4
10004dd2:	2103      	movs	r1, #3
10004dd4:	4628      	mov	r0, r5
10004dd6:	4798      	blx	r3
10004dd8:	2401      	movs	r4, #1
10004dda:	e7f1      	b.n	10004dc0 <usbd_control_xfer_cb+0x30>
10004ddc:	4b2b      	ldr	r3, [pc, #172]	@ (10004e8c <usbd_control_xfer_cb+0xfc>)
10004dde:	f993 3000 	ldrsb.w	r3, [r3]
10004de2:	2b00      	cmp	r3, #0
10004de4:	db07      	blt.n	10004df6 <usbd_control_xfer_cb+0x66>
10004de6:	4b29      	ldr	r3, [pc, #164]	@ (10004e8c <usbd_control_xfer_cb+0xfc>)
10004de8:	6898      	ldr	r0, [r3, #8]
10004dea:	2800      	cmp	r0, #0
10004dec:	d04c      	beq.n	10004e88 <usbd_control_xfer_cb+0xf8>
10004dee:	4622      	mov	r2, r4
10004df0:	4929      	ldr	r1, [pc, #164]	@ (10004e98 <usbd_control_xfer_cb+0x108>)
10004df2:	f004 fc9d 	bl	10009730 <memcpy>
10004df6:	4a25      	ldr	r2, [pc, #148]	@ (10004e8c <usbd_control_xfer_cb+0xfc>)
10004df8:	89d3      	ldrh	r3, [r2, #14]
10004dfa:	fa13 f384 	uxtah	r3, r3, r4
10004dfe:	b29b      	uxth	r3, r3
10004e00:	81d3      	strh	r3, [r2, #14]
10004e02:	6891      	ldr	r1, [r2, #8]
10004e04:	4421      	add	r1, r4
10004e06:	6091      	str	r1, [r2, #8]
10004e08:	88d2      	ldrh	r2, [r2, #6]
10004e0a:	4293      	cmp	r3, r2
10004e0c:	d001      	beq.n	10004e12 <usbd_control_xfer_cb+0x82>
10004e0e:	2c3f      	cmp	r4, #63	@ 0x3f
10004e10:	d826      	bhi.n	10004e60 <usbd_control_xfer_cb+0xd0>
10004e12:	4b1e      	ldr	r3, [pc, #120]	@ (10004e8c <usbd_control_xfer_cb+0xfc>)
10004e14:	691b      	ldr	r3, [r3, #16]
10004e16:	b123      	cbz	r3, 10004e22 <usbd_control_xfer_cb+0x92>
10004e18:	4a1c      	ldr	r2, [pc, #112]	@ (10004e8c <usbd_control_xfer_cb+0xfc>)
10004e1a:	2102      	movs	r1, #2
10004e1c:	4628      	mov	r0, r5
10004e1e:	4798      	blx	r3
10004e20:	b1a0      	cbz	r0, 10004e4c <usbd_control_xfer_cb+0xbc>
10004e22:	491a      	ldr	r1, [pc, #104]	@ (10004e8c <usbd_control_xfer_cb+0xfc>)
10004e24:	4628      	mov	r0, r5
10004e26:	f7ff feef 	bl	10004c08 <status_stage_xact>
10004e2a:	4604      	mov	r4, r0
10004e2c:	2800      	cmp	r0, #0
10004e2e:	d1c7      	bne.n	10004dc0 <usbd_control_xfer_cb+0x30>
10004e30:	22c5      	movs	r2, #197	@ 0xc5
10004e32:	4917      	ldr	r1, [pc, #92]	@ (10004e90 <usbd_control_xfer_cb+0x100>)
10004e34:	4817      	ldr	r0, [pc, #92]	@ (10004e94 <usbd_control_xfer_cb+0x104>)
10004e36:	f7fe facf 	bl	100033d8 <__wrap_printf>
10004e3a:	f04f 23e0 	mov.w	r3, #3758153728	@ 0xe000e000
10004e3e:	f8d3 3df0 	ldr.w	r3, [r3, #3568]	@ 0xdf0
10004e42:	f013 0f01 	tst.w	r3, #1
10004e46:	d0bb      	beq.n	10004dc0 <usbd_control_xfer_cb+0x30>
10004e48:	be00      	bkpt	0x0000
10004e4a:	e7b9      	b.n	10004dc0 <usbd_control_xfer_cb+0x30>
10004e4c:	2100      	movs	r1, #0
10004e4e:	4628      	mov	r0, r5
10004e50:	f7fe ff6a 	bl	10003d28 <dcd_edpt_stall>
10004e54:	2180      	movs	r1, #128	@ 0x80
10004e56:	4628      	mov	r0, r5
10004e58:	f7fe ff66 	bl	10003d28 <dcd_edpt_stall>
10004e5c:	2401      	movs	r4, #1
10004e5e:	e7af      	b.n	10004dc0 <usbd_control_xfer_cb+0x30>
10004e60:	4628      	mov	r0, r5
10004e62:	f7ff fedf 	bl	10004c24 <data_stage_xact>
10004e66:	4604      	mov	r4, r0
10004e68:	2800      	cmp	r0, #0
10004e6a:	d1a9      	bne.n	10004dc0 <usbd_control_xfer_cb+0x30>
10004e6c:	22cd      	movs	r2, #205	@ 0xcd
10004e6e:	4908      	ldr	r1, [pc, #32]	@ (10004e90 <usbd_control_xfer_cb+0x100>)
10004e70:	4808      	ldr	r0, [pc, #32]	@ (10004e94 <usbd_control_xfer_cb+0x104>)
10004e72:	f7fe fab1 	bl	100033d8 <__wrap_printf>
10004e76:	f04f 23e0 	mov.w	r3, #3758153728	@ 0xe000e000
10004e7a:	f8d3 3df0 	ldr.w	r3, [r3, #3568]	@ 0xdf0
10004e7e:	f013 0f01 	tst.w	r3, #1
10004e82:	d09d      	beq.n	10004dc0 <usbd_control_xfer_cb+0x30>
10004e84:	be00      	bkpt	0x0000
10004e86:	e79b      	b.n	10004dc0 <usbd_control_xfer_cb+0x30>
10004e88:	2400      	movs	r4, #0
10004e8a:	e799      	b.n	10004dc0 <usbd_control_xfer_cb+0x30>
10004e8c:	20001480 	.word	0x20001480
10004e90:	1000b600 	.word	0x1000b600
10004e94:	1000a328 	.word	0x1000a328
10004e98:	20001440 	.word	0x20001440

10004e9c <_prep_out_transaction>:
10004e9c:	b570      	push	{r4, r5, r6, lr}
10004e9e:	4605      	mov	r5, r0
10004ea0:	f7ff f990 	bl	100041c4 <tud_mounted>
10004ea4:	b910      	cbnz	r0, 10004eac <_prep_out_transaction+0x10>
10004ea6:	2400      	movs	r4, #0
10004ea8:	4620      	mov	r0, r4
10004eaa:	bd70      	pop	{r4, r5, r6, pc}
10004eac:	f7ff f994 	bl	100041d8 <tud_suspended>
10004eb0:	4604      	mov	r4, r0
10004eb2:	2800      	cmp	r0, #0
10004eb4:	d1f7      	bne.n	10004ea6 <_prep_out_transaction+0xa>
10004eb6:	4b1c      	ldr	r3, [pc, #112]	@ (10004f28 <_prep_out_transaction+0x8c>)
10004eb8:	22c8      	movs	r2, #200	@ 0xc8
10004eba:	fb02 3305 	mla	r3, r2, r5, r3
10004ebe:	78db      	ldrb	r3, [r3, #3]
10004ec0:	2b00      	cmp	r3, #0
10004ec2:	d0f0      	beq.n	10004ea6 <_prep_out_transaction+0xa>
10004ec4:	26c8      	movs	r6, #200	@ 0xc8
10004ec6:	fb05 f606 	mul.w	r6, r5, r6
10004eca:	3610      	adds	r6, #16
10004ecc:	4b16      	ldr	r3, [pc, #88]	@ (10004f28 <_prep_out_transaction+0x8c>)
10004ece:	441e      	add	r6, r3
10004ed0:	4630      	mov	r0, r6
10004ed2:	f001 f967 	bl	100061a4 <tu_fifo_remaining>
10004ed6:	283f      	cmp	r0, #63	@ 0x3f
10004ed8:	d9e6      	bls.n	10004ea8 <_prep_out_transaction+0xc>
10004eda:	4b13      	ldr	r3, [pc, #76]	@ (10004f28 <_prep_out_transaction+0x8c>)
10004edc:	22c8      	movs	r2, #200	@ 0xc8
10004ede:	fb02 3305 	mla	r3, r2, r5, r3
10004ee2:	78d9      	ldrb	r1, [r3, #3]
10004ee4:	2000      	movs	r0, #0
10004ee6:	f7ff faab 	bl	10004440 <usbd_edpt_claim>
10004eea:	b908      	cbnz	r0, 10004ef0 <_prep_out_transaction+0x54>
10004eec:	4604      	mov	r4, r0
10004eee:	e7db      	b.n	10004ea8 <_prep_out_transaction+0xc>
10004ef0:	4630      	mov	r0, r6
10004ef2:	f001 f957 	bl	100061a4 <tu_fifo_remaining>
10004ef6:	283f      	cmp	r0, #63	@ 0x3f
10004ef8:	d90d      	bls.n	10004f16 <_prep_out_transaction+0x7a>
10004efa:	490b      	ldr	r1, [pc, #44]	@ (10004f28 <_prep_out_transaction+0x8c>)
10004efc:	23c8      	movs	r3, #200	@ 0xc8
10004efe:	fb03 1105 	mla	r1, r3, r5, r1
10004f02:	2340      	movs	r3, #64	@ 0x40
10004f04:	4a09      	ldr	r2, [pc, #36]	@ (10004f2c <_prep_out_transaction+0x90>)
10004f06:	eb02 12c5 	add.w	r2, r2, r5, lsl #7
10004f0a:	78c9      	ldrb	r1, [r1, #3]
10004f0c:	2000      	movs	r0, #0
10004f0e:	f7ff fabf 	bl	10004490 <usbd_edpt_xfer>
10004f12:	4604      	mov	r4, r0
10004f14:	e7c8      	b.n	10004ea8 <_prep_out_transaction+0xc>
10004f16:	4b04      	ldr	r3, [pc, #16]	@ (10004f28 <_prep_out_transaction+0x8c>)
10004f18:	22c8      	movs	r2, #200	@ 0xc8
10004f1a:	fb02 3305 	mla	r3, r2, r5, r3
10004f1e:	78d9      	ldrb	r1, [r3, #3]
10004f20:	2000      	movs	r0, #0
10004f22:	f7ff faa1 	bl	10004468 <usbd_edpt_release>
10004f26:	e7bf      	b.n	10004ea8 <_prep_out_transaction+0xc>
10004f28:	20001378 	.word	0x20001378
10004f2c:	200012f4 	.word	0x200012f4

10004f30 <tud_cdc_n_connected>:
10004f30:	b510      	push	{r4, lr}
10004f32:	4604      	mov	r4, r0
10004f34:	f7ff f946 	bl	100041c4 <tud_mounted>
10004f38:	b908      	cbnz	r0, 10004f3e <tud_cdc_n_connected+0xe>
10004f3a:	2000      	movs	r0, #0
10004f3c:	bd10      	pop	{r4, pc}
10004f3e:	f7ff f94b 	bl	100041d8 <tud_suspended>
10004f42:	b948      	cbnz	r0, 10004f58 <tud_cdc_n_connected+0x28>
10004f44:	4b06      	ldr	r3, [pc, #24]	@ (10004f60 <tud_cdc_n_connected+0x30>)
10004f46:	22c8      	movs	r2, #200	@ 0xc8
10004f48:	fb02 3304 	mla	r3, r2, r4, r3
10004f4c:	791b      	ldrb	r3, [r3, #4]
10004f4e:	f013 0f01 	tst.w	r3, #1
10004f52:	d003      	beq.n	10004f5c <tud_cdc_n_connected+0x2c>
10004f54:	2001      	movs	r0, #1
10004f56:	e7f1      	b.n	10004f3c <tud_cdc_n_connected+0xc>
10004f58:	2000      	movs	r0, #0
10004f5a:	e7ef      	b.n	10004f3c <tud_cdc_n_connected+0xc>
10004f5c:	2000      	movs	r0, #0
10004f5e:	e7ed      	b.n	10004f3c <tud_cdc_n_connected+0xc>
10004f60:	20001378 	.word	0x20001378

10004f64 <tud_cdc_n_available>:
10004f64:	b508      	push	{r3, lr}
10004f66:	23c8      	movs	r3, #200	@ 0xc8
10004f68:	fb03 f000 	mul.w	r0, r3, r0
10004f6c:	3010      	adds	r0, #16
10004f6e:	4b02      	ldr	r3, [pc, #8]	@ (10004f78 <tud_cdc_n_available+0x14>)
10004f70:	4418      	add	r0, r3
10004f72:	f001 f8e6 	bl	10006142 <tu_fifo_count>
10004f76:	bd08      	pop	{r3, pc}
10004f78:	20001378 	.word	0x20001378

10004f7c <tud_cdc_n_read>:
10004f7c:	b538      	push	{r3, r4, r5, lr}
10004f7e:	4604      	mov	r4, r0
10004f80:	23c8      	movs	r3, #200	@ 0xc8
10004f82:	fb00 f303 	mul.w	r3, r0, r3
10004f86:	3310      	adds	r3, #16
10004f88:	4808      	ldr	r0, [pc, #32]	@ (10004fac <tud_cdc_n_read+0x30>)
10004f8a:	4418      	add	r0, r3
10004f8c:	f64f 73fe 	movw	r3, #65534	@ 0xfffe
10004f90:	429a      	cmp	r2, r3
10004f92:	d808      	bhi.n	10004fa6 <tud_cdc_n_read+0x2a>
10004f94:	b292      	uxth	r2, r2
10004f96:	f001 f93a 	bl	1000620e <tu_fifo_read_n>
10004f9a:	4605      	mov	r5, r0
10004f9c:	4620      	mov	r0, r4
10004f9e:	f7ff ff7d 	bl	10004e9c <_prep_out_transaction>
10004fa2:	4628      	mov	r0, r5
10004fa4:	bd38      	pop	{r3, r4, r5, pc}
10004fa6:	f64f 72ff 	movw	r2, #65535	@ 0xffff
10004faa:	e7f4      	b.n	10004f96 <tud_cdc_n_read+0x1a>
10004fac:	20001378 	.word	0x20001378

10004fb0 <tud_cdc_n_write_flush>:
10004fb0:	b570      	push	{r4, r5, r6, lr}
10004fb2:	4605      	mov	r5, r0
10004fb4:	f7ff f906 	bl	100041c4 <tud_mounted>
10004fb8:	b908      	cbnz	r0, 10004fbe <tud_cdc_n_write_flush+0xe>
10004fba:	2000      	movs	r0, #0
10004fbc:	bd70      	pop	{r4, r5, r6, pc}
10004fbe:	f7ff f90b 	bl	100041d8 <tud_suspended>
10004fc2:	2800      	cmp	r0, #0
10004fc4:	d1f9      	bne.n	10004fba <tud_cdc_n_write_flush+0xa>
10004fc6:	24c8      	movs	r4, #200	@ 0xc8
10004fc8:	fb05 f404 	mul.w	r4, r5, r4
10004fcc:	3420      	adds	r4, #32
10004fce:	4b22      	ldr	r3, [pc, #136]	@ (10005058 <tud_cdc_n_write_flush+0xa8>)
10004fd0:	441c      	add	r4, r3
10004fd2:	3404      	adds	r4, #4
10004fd4:	4620      	mov	r0, r4
10004fd6:	f001 f8b4 	bl	10006142 <tu_fifo_count>
10004fda:	b908      	cbnz	r0, 10004fe0 <tud_cdc_n_write_flush+0x30>
10004fdc:	2000      	movs	r0, #0
10004fde:	e7ed      	b.n	10004fbc <tud_cdc_n_write_flush+0xc>
10004fe0:	4b1d      	ldr	r3, [pc, #116]	@ (10005058 <tud_cdc_n_write_flush+0xa8>)
10004fe2:	22c8      	movs	r2, #200	@ 0xc8
10004fe4:	fb02 3305 	mla	r3, r2, r5, r3
10004fe8:	7899      	ldrb	r1, [r3, #2]
10004fea:	2000      	movs	r0, #0
10004fec:	f7ff fa28 	bl	10004440 <usbd_edpt_claim>
10004ff0:	b908      	cbnz	r0, 10004ff6 <tud_cdc_n_write_flush+0x46>
10004ff2:	2000      	movs	r0, #0
10004ff4:	e7e2      	b.n	10004fbc <tud_cdc_n_write_flush+0xc>
10004ff6:	01ee      	lsls	r6, r5, #7
10004ff8:	3640      	adds	r6, #64	@ 0x40
10004ffa:	4b18      	ldr	r3, [pc, #96]	@ (1000505c <tud_cdc_n_write_flush+0xac>)
10004ffc:	441e      	add	r6, r3
10004ffe:	2240      	movs	r2, #64	@ 0x40
10005000:	4631      	mov	r1, r6
10005002:	4620      	mov	r0, r4
10005004:	f001 f903 	bl	1000620e <tu_fifo_read_n>
10005008:	4604      	mov	r4, r0
1000500a:	b1d8      	cbz	r0, 10005044 <tud_cdc_n_write_flush+0x94>
1000500c:	4912      	ldr	r1, [pc, #72]	@ (10005058 <tud_cdc_n_write_flush+0xa8>)
1000500e:	23c8      	movs	r3, #200	@ 0xc8
10005010:	fb03 1105 	mla	r1, r3, r5, r1
10005014:	4603      	mov	r3, r0
10005016:	4632      	mov	r2, r6
10005018:	7889      	ldrb	r1, [r1, #2]
1000501a:	2000      	movs	r0, #0
1000501c:	f7ff fa38 	bl	10004490 <usbd_edpt_xfer>
10005020:	b108      	cbz	r0, 10005026 <tud_cdc_n_write_flush+0x76>
10005022:	4620      	mov	r0, r4
10005024:	e7ca      	b.n	10004fbc <tud_cdc_n_write_flush+0xc>
10005026:	22d5      	movs	r2, #213	@ 0xd5
10005028:	490d      	ldr	r1, [pc, #52]	@ (10005060 <tud_cdc_n_write_flush+0xb0>)
1000502a:	480e      	ldr	r0, [pc, #56]	@ (10005064 <tud_cdc_n_write_flush+0xb4>)
1000502c:	f7fe f9d4 	bl	100033d8 <__wrap_printf>
10005030:	f04f 23e0 	mov.w	r3, #3758153728	@ 0xe000e000
10005034:	f8d3 3df0 	ldr.w	r3, [r3, #3568]	@ 0xdf0
10005038:	f013 0f01 	tst.w	r3, #1
1000503c:	d000      	beq.n	10005040 <tud_cdc_n_write_flush+0x90>
1000503e:	be00      	bkpt	0x0000
10005040:	2000      	movs	r0, #0
10005042:	e7bb      	b.n	10004fbc <tud_cdc_n_write_flush+0xc>
10005044:	4b04      	ldr	r3, [pc, #16]	@ (10005058 <tud_cdc_n_write_flush+0xa8>)
10005046:	22c8      	movs	r2, #200	@ 0xc8
10005048:	fb02 3305 	mla	r3, r2, r5, r3
1000504c:	7899      	ldrb	r1, [r3, #2]
1000504e:	2000      	movs	r0, #0
10005050:	f7ff fa0a 	bl	10004468 <usbd_edpt_release>
10005054:	2000      	movs	r0, #0
10005056:	e7b1      	b.n	10004fbc <tud_cdc_n_write_flush+0xc>
10005058:	20001378 	.word	0x20001378
1000505c:	200012f4 	.word	0x200012f4
10005060:	1000b648 	.word	0x1000b648
10005064:	1000a328 	.word	0x1000a328

10005068 <tud_cdc_n_write>:
10005068:	b570      	push	{r4, r5, r6, lr}
1000506a:	4605      	mov	r5, r0
1000506c:	24c8      	movs	r4, #200	@ 0xc8
1000506e:	fb00 f404 	mul.w	r4, r0, r4
10005072:	3420      	adds	r4, #32
10005074:	4b0c      	ldr	r3, [pc, #48]	@ (100050a8 <tud_cdc_n_write+0x40>)
10005076:	441c      	add	r4, r3
10005078:	3404      	adds	r4, #4
1000507a:	f64f 73fe 	movw	r3, #65534	@ 0xfffe
1000507e:	429a      	cmp	r2, r3
10005080:	d80b      	bhi.n	1000509a <tud_cdc_n_write+0x32>
10005082:	b292      	uxth	r2, r2
10005084:	4620      	mov	r0, r4
10005086:	f001 f8f6 	bl	10006276 <tu_fifo_write_n>
1000508a:	4606      	mov	r6, r0
1000508c:	4620      	mov	r0, r4
1000508e:	f001 f858 	bl	10006142 <tu_fifo_count>
10005092:	283f      	cmp	r0, #63	@ 0x3f
10005094:	d804      	bhi.n	100050a0 <tud_cdc_n_write+0x38>
10005096:	4630      	mov	r0, r6
10005098:	bd70      	pop	{r4, r5, r6, pc}
1000509a:	f64f 72ff 	movw	r2, #65535	@ 0xffff
1000509e:	e7f1      	b.n	10005084 <tud_cdc_n_write+0x1c>
100050a0:	4628      	mov	r0, r5
100050a2:	f7ff ff85 	bl	10004fb0 <tud_cdc_n_write_flush>
100050a6:	e7f6      	b.n	10005096 <tud_cdc_n_write+0x2e>
100050a8:	20001378 	.word	0x20001378

100050ac <tud_cdc_n_write_available>:
100050ac:	b508      	push	{r3, lr}
100050ae:	23c8      	movs	r3, #200	@ 0xc8
100050b0:	fb03 f000 	mul.w	r0, r3, r0
100050b4:	3020      	adds	r0, #32
100050b6:	4b03      	ldr	r3, [pc, #12]	@ (100050c4 <tud_cdc_n_write_available+0x18>)
100050b8:	4418      	add	r0, r3
100050ba:	3004      	adds	r0, #4
100050bc:	f001 f872 	bl	100061a4 <tu_fifo_remaining>
100050c0:	bd08      	pop	{r3, pc}
100050c2:	bf00      	nop
100050c4:	20001378 	.word	0x20001378

100050c8 <cdcd_init>:
100050c8:	e92d 43f0 	stmdb	sp!, {r4, r5, r6, r7, r8, r9, lr}
100050cc:	b083      	sub	sp, #12
100050ce:	22c8      	movs	r2, #200	@ 0xc8
100050d0:	2100      	movs	r1, #0
100050d2:	4824      	ldr	r0, [pc, #144]	@ (10005164 <cdcd_init+0x9c>)
100050d4:	f004 faa4 	bl	10009620 <memset>
100050d8:	2500      	movs	r5, #0
100050da:	4b23      	ldr	r3, [pc, #140]	@ (10005168 <cdcd_init+0xa0>)
100050dc:	701d      	strb	r5, [r3, #0]
100050de:	b115      	cbz	r5, 100050e6 <cdcd_init+0x1e>
100050e0:	b003      	add	sp, #12
100050e2:	e8bd 83f0 	ldmia.w	sp!, {r4, r5, r6, r7, r8, r9, pc}
100050e6:	4f1f      	ldr	r7, [pc, #124]	@ (10005164 <cdcd_init+0x9c>)
100050e8:	24c8      	movs	r4, #200	@ 0xc8
100050ea:	fb05 f404 	mul.w	r4, r5, r4
100050ee:	193e      	adds	r6, r7, r4
100050f0:	23ff      	movs	r3, #255	@ 0xff
100050f2:	7173      	strb	r3, [r6, #5]
100050f4:	f44f 33e1 	mov.w	r3, #115200	@ 0x1c200
100050f8:	60b3      	str	r3, [r6, #8]
100050fa:	f04f 0800 	mov.w	r8, #0
100050fe:	f886 800c 	strb.w	r8, [r6, #12]
10005102:	f886 800d 	strb.w	r8, [r6, #13]
10005106:	2308      	movs	r3, #8
10005108:	73b3      	strb	r3, [r6, #14]
1000510a:	f104 0138 	add.w	r1, r4, #56	@ 0x38
1000510e:	f104 0010 	add.w	r0, r4, #16
10005112:	f8cd 8000 	str.w	r8, [sp]
10005116:	2301      	movs	r3, #1
10005118:	2240      	movs	r2, #64	@ 0x40
1000511a:	4439      	add	r1, r7
1000511c:	4438      	add	r0, r7
1000511e:	f000 ffdf 	bl	100060e0 <tu_fifo_config>
10005122:	f104 0178 	add.w	r1, r4, #120	@ 0x78
10005126:	f104 0020 	add.w	r0, r4, #32
1000512a:	4438      	add	r0, r7
1000512c:	2301      	movs	r3, #1
1000512e:	9300      	str	r3, [sp, #0]
10005130:	2240      	movs	r2, #64	@ 0x40
10005132:	4439      	add	r1, r7
10005134:	3004      	adds	r0, #4
10005136:	f000 ffd3 	bl	100060e0 <tu_fifo_config>
1000513a:	f104 09b8 	add.w	r9, r4, #184	@ 0xb8
1000513e:	44b9      	add	r9, r7
10005140:	4648      	mov	r0, r9
10005142:	f7fb fdfb 	bl	10000d3c <mutex_init>
10005146:	34c0      	adds	r4, #192	@ 0xc0
10005148:	443c      	add	r4, r7
1000514a:	4620      	mov	r0, r4
1000514c:	f7fb fdf6 	bl	10000d3c <mutex_init>
10005150:	f8c6 801c 	str.w	r8, [r6, #28]
10005154:	f8c6 9020 	str.w	r9, [r6, #32]
10005158:	6334      	str	r4, [r6, #48]	@ 0x30
1000515a:	f8c6 8034 	str.w	r8, [r6, #52]	@ 0x34
1000515e:	3501      	adds	r5, #1
10005160:	b2ed      	uxtb	r5, r5
10005162:	e7bc      	b.n	100050de <cdcd_init+0x16>
10005164:	20001378 	.word	0x20001378
10005168:	20001374 	.word	0x20001374

1000516c <cdcd_deinit>:
1000516c:	2300      	movs	r3, #0
1000516e:	b10b      	cbz	r3, 10005174 <cdcd_deinit+0x8>
10005170:	2001      	movs	r0, #1
10005172:	4770      	bx	lr
10005174:	469c      	mov	ip, r3
10005176:	4a0c      	ldr	r2, [pc, #48]	@ (100051a8 <cdcd_deinit+0x3c>)
10005178:	21c8      	movs	r1, #200	@ 0xc8
1000517a:	fb01 2203 	mla	r2, r1, r3, r2
1000517e:	6a11      	ldr	r1, [r2, #32]
10005180:	6b10      	ldr	r0, [r2, #48]	@ 0x30
10005182:	b131      	cbz	r1, 10005192 <cdcd_deinit+0x26>
10005184:	4a08      	ldr	r2, [pc, #32]	@ (100051a8 <cdcd_deinit+0x3c>)
10005186:	21c8      	movs	r1, #200	@ 0xc8
10005188:	fb01 2203 	mla	r2, r1, r3, r2
1000518c:	2100      	movs	r1, #0
1000518e:	61d1      	str	r1, [r2, #28]
10005190:	6211      	str	r1, [r2, #32]
10005192:	b130      	cbz	r0, 100051a2 <cdcd_deinit+0x36>
10005194:	4a04      	ldr	r2, [pc, #16]	@ (100051a8 <cdcd_deinit+0x3c>)
10005196:	21c8      	movs	r1, #200	@ 0xc8
10005198:	fb01 220c 	mla	r2, r1, ip, r2
1000519c:	2100      	movs	r1, #0
1000519e:	6311      	str	r1, [r2, #48]	@ 0x30
100051a0:	6351      	str	r1, [r2, #52]	@ 0x34
100051a2:	3301      	adds	r3, #1
100051a4:	b2db      	uxtb	r3, r3
100051a6:	e7e2      	b.n	1000516e <cdcd_deinit+0x2>
100051a8:	20001378 	.word	0x20001378

100051ac <cdcd_reset>:
100051ac:	b538      	push	{r3, r4, r5, lr}
100051ae:	2400      	movs	r4, #0
100051b0:	b104      	cbz	r4, 100051b4 <cdcd_reset+0x8>
100051b2:	bd38      	pop	{r3, r4, r5, pc}
100051b4:	4625      	mov	r5, r4
100051b6:	23c8      	movs	r3, #200	@ 0xc8
100051b8:	fb04 f303 	mul.w	r3, r4, r3
100051bc:	4917      	ldr	r1, [pc, #92]	@ (1000521c <cdcd_reset+0x70>)
100051be:	1858      	adds	r0, r3, r1
100051c0:	2200      	movs	r2, #0
100051c2:	50ca      	str	r2, [r1, r3]
100051c4:	7102      	strb	r2, [r0, #4]
100051c6:	4b16      	ldr	r3, [pc, #88]	@ (10005220 <cdcd_reset+0x74>)
100051c8:	781b      	ldrb	r3, [r3, #0]
100051ca:	f013 0f01 	tst.w	r3, #1
100051ce:	d011      	beq.n	100051f4 <cdcd_reset+0x48>
100051d0:	4b13      	ldr	r3, [pc, #76]	@ (10005220 <cdcd_reset+0x74>)
100051d2:	781b      	ldrb	r3, [r3, #0]
100051d4:	f013 0f02 	tst.w	r3, #2
100051d8:	d015      	beq.n	10005206 <cdcd_reset+0x5a>
100051da:	23c8      	movs	r3, #200	@ 0xc8
100051dc:	fb03 f005 	mul.w	r0, r3, r5
100051e0:	3020      	adds	r0, #32
100051e2:	4b0e      	ldr	r3, [pc, #56]	@ (1000521c <cdcd_reset+0x70>)
100051e4:	4418      	add	r0, r3
100051e6:	2101      	movs	r1, #1
100051e8:	3004      	adds	r0, #4
100051ea:	f001 f864 	bl	100062b6 <tu_fifo_set_overwritable>
100051ee:	3401      	adds	r4, #1
100051f0:	b2e4      	uxtb	r4, r4
100051f2:	e7dd      	b.n	100051b0 <cdcd_reset+0x4>
100051f4:	23c8      	movs	r3, #200	@ 0xc8
100051f6:	fb04 f303 	mul.w	r3, r4, r3
100051fa:	3310      	adds	r3, #16
100051fc:	4608      	mov	r0, r1
100051fe:	4418      	add	r0, r3
10005200:	f001 f83e 	bl	10006280 <tu_fifo_clear>
10005204:	e7e4      	b.n	100051d0 <cdcd_reset+0x24>
10005206:	20c8      	movs	r0, #200	@ 0xc8
10005208:	fb05 f000 	mul.w	r0, r5, r0
1000520c:	3020      	adds	r0, #32
1000520e:	4b03      	ldr	r3, [pc, #12]	@ (1000521c <cdcd_reset+0x70>)
10005210:	4418      	add	r0, r3
10005212:	3004      	adds	r0, #4
10005214:	f001 f834 	bl	10006280 <tu_fifo_clear>
10005218:	e7df      	b.n	100051da <cdcd_reset+0x2e>
1000521a:	bf00      	nop
1000521c:	20001378 	.word	0x20001378
10005220:	20001374 	.word	0x20001374

10005224 <cdcd_open>:
10005224:	e92d 41f0 	stmdb	sp!, {r4, r5, r6, r7, r8, lr}
10005228:	b082      	sub	sp, #8
1000522a:	794b      	ldrb	r3, [r1, #5]
1000522c:	2b02      	cmp	r3, #2
1000522e:	d17d      	bne.n	1000532c <cdcd_open+0x108>
10005230:	4606      	mov	r6, r0
10005232:	798b      	ldrb	r3, [r1, #6]
10005234:	2b02      	cmp	r3, #2
10005236:	d17e      	bne.n	10005336 <cdcd_open+0x112>
10005238:	2700      	movs	r7, #0
1000523a:	b13f      	cbz	r7, 1000524c <cdcd_open+0x28>
1000523c:	b98f      	cbnz	r7, 10005262 <cdcd_open+0x3e>
1000523e:	788b      	ldrb	r3, [r1, #2]
10005240:	f888 3000 	strb.w	r3, [r8]
10005244:	780b      	ldrb	r3, [r1, #0]
10005246:	18cc      	adds	r4, r1, r3
10005248:	2509      	movs	r5, #9
1000524a:	e01e      	b.n	1000528a <cdcd_open+0x66>
1000524c:	20c8      	movs	r0, #200	@ 0xc8
1000524e:	4b3b      	ldr	r3, [pc, #236]	@ (1000533c <cdcd_open+0x118>)
10005250:	fb00 3807 	mla	r8, r0, r7, r3
10005254:	f898 3002 	ldrb.w	r3, [r8, #2]
10005258:	2b00      	cmp	r3, #0
1000525a:	d0ef      	beq.n	1000523c <cdcd_open+0x18>
1000525c:	3701      	adds	r7, #1
1000525e:	b2ff      	uxtb	r7, r7
10005260:	e7eb      	b.n	1000523a <cdcd_open+0x16>
10005262:	f240 1241 	movw	r2, #321	@ 0x141
10005266:	4936      	ldr	r1, [pc, #216]	@ (10005340 <cdcd_open+0x11c>)
10005268:	4836      	ldr	r0, [pc, #216]	@ (10005344 <cdcd_open+0x120>)
1000526a:	f7fe f8b5 	bl	100033d8 <__wrap_printf>
1000526e:	f04f 23e0 	mov.w	r3, #3758153728	@ 0xe000e000
10005272:	f8d3 3df0 	ldr.w	r3, [r3, #3568]	@ 0xdf0
10005276:	f013 0f01 	tst.w	r3, #1
1000527a:	d000      	beq.n	1000527e <cdcd_open+0x5a>
1000527c:	be00      	bkpt	0x0000
1000527e:	2500      	movs	r5, #0
10005280:	e055      	b.n	1000532e <cdcd_open+0x10a>
10005282:	7823      	ldrb	r3, [r4, #0]
10005284:	441d      	add	r5, r3
10005286:	b2ad      	uxth	r5, r5
10005288:	441c      	add	r4, r3
1000528a:	7863      	ldrb	r3, [r4, #1]
1000528c:	2b24      	cmp	r3, #36	@ 0x24
1000528e:	d101      	bne.n	10005294 <cdcd_open+0x70>
10005290:	4295      	cmp	r5, r2
10005292:	d9f6      	bls.n	10005282 <cdcd_open+0x5e>
10005294:	2b05      	cmp	r3, #5
10005296:	d009      	beq.n	100052ac <cdcd_open+0x88>
10005298:	7863      	ldrb	r3, [r4, #1]
1000529a:	2b04      	cmp	r3, #4
1000529c:	d102      	bne.n	100052a4 <cdcd_open+0x80>
1000529e:	7963      	ldrb	r3, [r4, #5]
100052a0:	2b0a      	cmp	r3, #10
100052a2:	d020      	beq.n	100052e6 <cdcd_open+0xc2>
100052a4:	4638      	mov	r0, r7
100052a6:	f7ff fdf9 	bl	10004e9c <_prep_out_transaction>
100052aa:	e040      	b.n	1000532e <cdcd_open+0x10a>
100052ac:	4621      	mov	r1, r4
100052ae:	4630      	mov	r0, r6
100052b0:	f7ff f836 	bl	10004320 <usbd_edpt_open>
100052b4:	b138      	cbz	r0, 100052c6 <cdcd_open+0xa2>
100052b6:	78a3      	ldrb	r3, [r4, #2]
100052b8:	f888 3001 	strb.w	r3, [r8, #1]
100052bc:	7823      	ldrb	r3, [r4, #0]
100052be:	441d      	add	r5, r3
100052c0:	b2ad      	uxth	r5, r5
100052c2:	441c      	add	r4, r3
100052c4:	e7e8      	b.n	10005298 <cdcd_open+0x74>
100052c6:	f240 1253 	movw	r2, #339	@ 0x153
100052ca:	491d      	ldr	r1, [pc, #116]	@ (10005340 <cdcd_open+0x11c>)
100052cc:	481d      	ldr	r0, [pc, #116]	@ (10005344 <cdcd_open+0x120>)
100052ce:	f7fe f883 	bl	100033d8 <__wrap_printf>
100052d2:	f04f 23e0 	mov.w	r3, #3758153728	@ 0xe000e000
100052d6:	f8d3 3df0 	ldr.w	r3, [r3, #3568]	@ 0xdf0
100052da:	f013 0f01 	tst.w	r3, #1
100052de:	d000      	beq.n	100052e2 <cdcd_open+0xbe>
100052e0:	be00      	bkpt	0x0000
100052e2:	2500      	movs	r5, #0
100052e4:	e023      	b.n	1000532e <cdcd_open+0x10a>
100052e6:	7821      	ldrb	r1, [r4, #0]
100052e8:	440d      	add	r5, r1
100052ea:	b2ad      	uxth	r5, r5
100052ec:	f108 0302 	add.w	r3, r8, #2
100052f0:	9301      	str	r3, [sp, #4]
100052f2:	f108 0303 	add.w	r3, r8, #3
100052f6:	9300      	str	r3, [sp, #0]
100052f8:	2302      	movs	r3, #2
100052fa:	461a      	mov	r2, r3
100052fc:	4421      	add	r1, r4
100052fe:	4630      	mov	r0, r6
10005300:	f7ff f84c 	bl	1000439c <usbd_open_edpt_pair>
10005304:	b110      	cbz	r0, 1000530c <cdcd_open+0xe8>
10005306:	350e      	adds	r5, #14
10005308:	b2ad      	uxth	r5, r5
1000530a:	e7cb      	b.n	100052a4 <cdcd_open+0x80>
1000530c:	f44f 72b1 	mov.w	r2, #354	@ 0x162
10005310:	490b      	ldr	r1, [pc, #44]	@ (10005340 <cdcd_open+0x11c>)
10005312:	480c      	ldr	r0, [pc, #48]	@ (10005344 <cdcd_open+0x120>)
10005314:	f7fe f860 	bl	100033d8 <__wrap_printf>
10005318:	f04f 23e0 	mov.w	r3, #3758153728	@ 0xe000e000
1000531c:	f8d3 3df0 	ldr.w	r3, [r3, #3568]	@ 0xdf0
10005320:	f013 0f01 	tst.w	r3, #1
10005324:	d000      	beq.n	10005328 <cdcd_open+0x104>
10005326:	be00      	bkpt	0x0000
10005328:	2500      	movs	r5, #0
1000532a:	e000      	b.n	1000532e <cdcd_open+0x10a>
1000532c:	2500      	movs	r5, #0
1000532e:	4628      	mov	r0, r5
10005330:	b002      	add	sp, #8
10005332:	e8bd 81f0 	ldmia.w	sp!, {r4, r5, r6, r7, r8, pc}
10005336:	2500      	movs	r5, #0
10005338:	e7f9      	b.n	1000532e <cdcd_open+0x10a>
1000533a:	bf00      	nop
1000533c:	20001378 	.word	0x20001378
10005340:	1000b63c 	.word	0x1000b63c
10005344:	1000a328 	.word	0x1000a328

10005348 <cdcd_control_xfer_cb>:
10005348:	7813      	ldrb	r3, [r2, #0]
1000534a:	f003 0360 	and.w	r3, r3, #96	@ 0x60
1000534e:	2b20      	cmp	r3, #32
10005350:	d176      	bne.n	10005440 <cdcd_control_xfer_cb+0xf8>
10005352:	b570      	push	{r4, r5, r6, lr}
10005354:	4694      	mov	ip, r2
10005356:	2400      	movs	r4, #0
10005358:	b154      	cbz	r4, 10005370 <cdcd_control_xfer_cb+0x28>
1000535a:	2c00      	cmp	r4, #0
1000535c:	d172      	bne.n	10005444 <cdcd_control_xfer_cb+0xfc>
1000535e:	f89c 3001 	ldrb.w	r3, [ip, #1]
10005362:	3b20      	subs	r3, #32
10005364:	2b03      	cmp	r3, #3
10005366:	d86f      	bhi.n	10005448 <cdcd_control_xfer_cb+0x100>
10005368:	e8df f003 	tbb	[pc, r3]
1000536c:	56342810 	.word	0x56342810
10005370:	23c8      	movs	r3, #200	@ 0xc8
10005372:	fb04 f303 	mul.w	r3, r4, r3
10005376:	4a38      	ldr	r2, [pc, #224]	@ (10005458 <cdcd_control_xfer_cb+0x110>)
10005378:	eb03 0e02 	add.w	lr, r3, r2
1000537c:	5cd2      	ldrb	r2, [r2, r3]
1000537e:	f8bc 3004 	ldrh.w	r3, [ip, #4]
10005382:	429a      	cmp	r2, r3
10005384:	d0e9      	beq.n	1000535a <cdcd_control_xfer_cb+0x12>
10005386:	3401      	adds	r4, #1
10005388:	b2e4      	uxtb	r4, r4
1000538a:	e7e5      	b.n	10005358 <cdcd_control_xfer_cb+0x10>
1000538c:	2901      	cmp	r1, #1
1000538e:	d003      	beq.n	10005398 <cdcd_control_xfer_cb+0x50>
10005390:	2903      	cmp	r1, #3
10005392:	d009      	beq.n	100053a8 <cdcd_control_xfer_cb+0x60>
10005394:	2001      	movs	r0, #1
10005396:	e056      	b.n	10005446 <cdcd_control_xfer_cb+0xfe>
10005398:	2307      	movs	r3, #7
1000539a:	f10e 0208 	add.w	r2, lr, #8
1000539e:	4661      	mov	r1, ip
100053a0:	f7ff fc82 	bl	10004ca8 <tud_control_xfer>
100053a4:	2001      	movs	r0, #1
100053a6:	e04e      	b.n	10005446 <cdcd_control_xfer_cb+0xfe>
100053a8:	4b2c      	ldr	r3, [pc, #176]	@ (1000545c <cdcd_control_xfer_cb+0x114>)
100053aa:	2b00      	cmp	r3, #0
100053ac:	d04e      	beq.n	1000544c <cdcd_control_xfer_cb+0x104>
100053ae:	f10e 0108 	add.w	r1, lr, #8
100053b2:	4620      	mov	r0, r4
100053b4:	f7fe f88e 	bl	100034d4 <tud_cdc_line_coding_cb>
100053b8:	2001      	movs	r0, #1
100053ba:	e044      	b.n	10005446 <cdcd_control_xfer_cb+0xfe>
100053bc:	2901      	cmp	r1, #1
100053be:	d001      	beq.n	100053c4 <cdcd_control_xfer_cb+0x7c>
100053c0:	2001      	movs	r0, #1
100053c2:	e040      	b.n	10005446 <cdcd_control_xfer_cb+0xfe>
100053c4:	2307      	movs	r3, #7
100053c6:	f10e 0208 	add.w	r2, lr, #8
100053ca:	4661      	mov	r1, ip
100053cc:	f7ff fc6c 	bl	10004ca8 <tud_control_xfer>
100053d0:	2001      	movs	r0, #1
100053d2:	e038      	b.n	10005446 <cdcd_control_xfer_cb+0xfe>
100053d4:	2901      	cmp	r1, #1
100053d6:	d003      	beq.n	100053e0 <cdcd_control_xfer_cb+0x98>
100053d8:	2903      	cmp	r1, #3
100053da:	d006      	beq.n	100053ea <cdcd_control_xfer_cb+0xa2>
100053dc:	2001      	movs	r0, #1
100053de:	e032      	b.n	10005446 <cdcd_control_xfer_cb+0xfe>
100053e0:	4661      	mov	r1, ip
100053e2:	f7ff fc4d 	bl	10004c80 <tud_control_status>
100053e6:	2001      	movs	r0, #1
100053e8:	e02d      	b.n	10005446 <cdcd_control_xfer_cb+0xfe>
100053ea:	f8bc 3002 	ldrh.w	r3, [ip, #2]
100053ee:	f003 0501 	and.w	r5, r3, #1
100053f2:	f3c3 0640 	ubfx	r6, r3, #1, #1
100053f6:	f88e 3004 	strb.w	r3, [lr, #4]
100053fa:	f085 0101 	eor.w	r1, r5, #1
100053fe:	f10e 0024 	add.w	r0, lr, #36	@ 0x24
10005402:	f000 ff58 	bl	100062b6 <tu_fifo_set_overwritable>
10005406:	4b16      	ldr	r3, [pc, #88]	@ (10005460 <cdcd_control_xfer_cb+0x118>)
10005408:	b313      	cbz	r3, 10005450 <cdcd_control_xfer_cb+0x108>
1000540a:	4632      	mov	r2, r6
1000540c:	4629      	mov	r1, r5
1000540e:	4620      	mov	r0, r4
10005410:	f3af 8000 	nop.w
10005414:	2001      	movs	r0, #1
10005416:	e016      	b.n	10005446 <cdcd_control_xfer_cb+0xfe>
10005418:	2901      	cmp	r1, #1
1000541a:	d003      	beq.n	10005424 <cdcd_control_xfer_cb+0xdc>
1000541c:	2903      	cmp	r1, #3
1000541e:	d006      	beq.n	1000542e <cdcd_control_xfer_cb+0xe6>
10005420:	2001      	movs	r0, #1
10005422:	e010      	b.n	10005446 <cdcd_control_xfer_cb+0xfe>
10005424:	4661      	mov	r1, ip
10005426:	f7ff fc2b 	bl	10004c80 <tud_control_status>
1000542a:	2001      	movs	r0, #1
1000542c:	e00b      	b.n	10005446 <cdcd_control_xfer_cb+0xfe>
1000542e:	4b0d      	ldr	r3, [pc, #52]	@ (10005464 <cdcd_control_xfer_cb+0x11c>)
10005430:	b183      	cbz	r3, 10005454 <cdcd_control_xfer_cb+0x10c>
10005432:	f8bc 1002 	ldrh.w	r1, [ip, #2]
10005436:	4620      	mov	r0, r4
10005438:	f3af 8000 	nop.w
1000543c:	2001      	movs	r0, #1
1000543e:	e002      	b.n	10005446 <cdcd_control_xfer_cb+0xfe>
10005440:	2000      	movs	r0, #0
10005442:	4770      	bx	lr
10005444:	2000      	movs	r0, #0
10005446:	bd70      	pop	{r4, r5, r6, pc}
10005448:	2000      	movs	r0, #0
1000544a:	e7fc      	b.n	10005446 <cdcd_control_xfer_cb+0xfe>
1000544c:	2001      	movs	r0, #1
1000544e:	e7fa      	b.n	10005446 <cdcd_control_xfer_cb+0xfe>
10005450:	2001      	movs	r0, #1
10005452:	e7f8      	b.n	10005446 <cdcd_control_xfer_cb+0xfe>
10005454:	2001      	movs	r0, #1
10005456:	e7f6      	b.n	10005446 <cdcd_control_xfer_cb+0xfe>
10005458:	20001378 	.word	0x20001378
1000545c:	100034d5 	.word	0x100034d5
	...

10005468 <cdcd_xfer_cb>:
10005468:	e92d 4ff8 	stmdb	sp!, {r3, r4, r5, r6, r7, r8, r9, sl, fp, lr}
1000546c:	4680      	mov	r8, r0
1000546e:	460d      	mov	r5, r1
10005470:	461f      	mov	r7, r3
10005472:	2400      	movs	r4, #0
10005474:	b15c      	cbz	r4, 1000548e <cdcd_xfer_cb+0x26>
10005476:	b9bc      	cbnz	r4, 100054a8 <cdcd_xfer_cb+0x40>
10005478:	46a2      	mov	sl, r4
1000547a:	78f3      	ldrb	r3, [r6, #3]
1000547c:	42ab      	cmp	r3, r5
1000547e:	d023      	beq.n	100054c8 <cdcd_xfer_cb+0x60>
10005480:	78b3      	ldrb	r3, [r6, #2]
10005482:	42ab      	cmp	r3, r5
10005484:	d055      	beq.n	10005532 <cdcd_xfer_cb+0xca>
10005486:	2401      	movs	r4, #1
10005488:	4620      	mov	r0, r4
1000548a:	e8bd 8ff8 	ldmia.w	sp!, {r3, r4, r5, r6, r7, r8, r9, sl, fp, pc}
1000548e:	23c8      	movs	r3, #200	@ 0xc8
10005490:	4e3c      	ldr	r6, [pc, #240]	@ (10005584 <cdcd_xfer_cb+0x11c>)
10005492:	fb03 6604 	mla	r6, r3, r4, r6
10005496:	78f3      	ldrb	r3, [r6, #3]
10005498:	42ab      	cmp	r3, r5
1000549a:	d0ec      	beq.n	10005476 <cdcd_xfer_cb+0xe>
1000549c:	78b3      	ldrb	r3, [r6, #2]
1000549e:	42ab      	cmp	r3, r5
100054a0:	d0e9      	beq.n	10005476 <cdcd_xfer_cb+0xe>
100054a2:	3401      	adds	r4, #1
100054a4:	b2e4      	uxtb	r4, r4
100054a6:	e7e5      	b.n	10005474 <cdcd_xfer_cb+0xc>
100054a8:	f44f 72e6 	mov.w	r2, #460	@ 0x1cc
100054ac:	4936      	ldr	r1, [pc, #216]	@ (10005588 <cdcd_xfer_cb+0x120>)
100054ae:	4837      	ldr	r0, [pc, #220]	@ (1000558c <cdcd_xfer_cb+0x124>)
100054b0:	f7fd ff92 	bl	100033d8 <__wrap_printf>
100054b4:	f04f 23e0 	mov.w	r3, #3758153728	@ 0xe000e000
100054b8:	f8d3 3df0 	ldr.w	r3, [r3, #3568]	@ 0xdf0
100054bc:	f013 0f01 	tst.w	r3, #1
100054c0:	d000      	beq.n	100054c4 <cdcd_xfer_cb+0x5c>
100054c2:	be00      	bkpt	0x0000
100054c4:	2400      	movs	r4, #0
100054c6:	e7df      	b.n	10005488 <cdcd_xfer_cb+0x20>
100054c8:	f106 0b10 	add.w	fp, r6, #16
100054cc:	b2ba      	uxth	r2, r7
100054ce:	4930      	ldr	r1, [pc, #192]	@ (10005590 <cdcd_xfer_cb+0x128>)
100054d0:	eb01 11c4 	add.w	r1, r1, r4, lsl #7
100054d4:	4658      	mov	r0, fp
100054d6:	f000 fece 	bl	10006276 <tu_fifo_write_n>
100054da:	4b2e      	ldr	r3, [pc, #184]	@ (10005594 <cdcd_xfer_cb+0x12c>)
100054dc:	b1db      	cbz	r3, 10005516 <cdcd_xfer_cb+0xae>
100054de:	7973      	ldrb	r3, [r6, #5]
100054e0:	2bff      	cmp	r3, #255	@ 0xff
100054e2:	d018      	beq.n	10005516 <cdcd_xfer_cb+0xae>
100054e4:	f04f 0900 	mov.w	r9, #0
100054e8:	e001      	b.n	100054ee <cdcd_xfer_cb+0x86>
100054ea:	f109 0901 	add.w	r9, r9, #1
100054ee:	45b9      	cmp	r9, r7
100054f0:	d211      	bcs.n	10005516 <cdcd_xfer_cb+0xae>
100054f2:	7972      	ldrb	r2, [r6, #5]
100054f4:	4b26      	ldr	r3, [pc, #152]	@ (10005590 <cdcd_xfer_cb+0x128>)
100054f6:	eb03 13ca 	add.w	r3, r3, sl, lsl #7
100054fa:	f813 3009 	ldrb.w	r3, [r3, r9]
100054fe:	429a      	cmp	r2, r3
10005500:	d1f3      	bne.n	100054ea <cdcd_xfer_cb+0x82>
10005502:	4658      	mov	r0, fp
10005504:	f000 fe31 	bl	1000616a <tu_fifo_empty>
10005508:	2800      	cmp	r0, #0
1000550a:	d1ee      	bne.n	100054ea <cdcd_xfer_cb+0x82>
1000550c:	7971      	ldrb	r1, [r6, #5]
1000550e:	4620      	mov	r0, r4
10005510:	f3af 8000 	nop.w
10005514:	e7e9      	b.n	100054ea <cdcd_xfer_cb+0x82>
10005516:	4b20      	ldr	r3, [pc, #128]	@ (10005598 <cdcd_xfer_cb+0x130>)
10005518:	b11b      	cbz	r3, 10005522 <cdcd_xfer_cb+0xba>
1000551a:	4658      	mov	r0, fp
1000551c:	f000 fe25 	bl	1000616a <tu_fifo_empty>
10005520:	b118      	cbz	r0, 1000552a <cdcd_xfer_cb+0xc2>
10005522:	4620      	mov	r0, r4
10005524:	f7ff fcba 	bl	10004e9c <_prep_out_transaction>
10005528:	e7aa      	b.n	10005480 <cdcd_xfer_cb+0x18>
1000552a:	4620      	mov	r0, r4
1000552c:	f3af 8000 	nop.w
10005530:	e7f7      	b.n	10005522 <cdcd_xfer_cb+0xba>
10005532:	4b1a      	ldr	r3, [pc, #104]	@ (1000559c <cdcd_xfer_cb+0x134>)
10005534:	b113      	cbz	r3, 1000553c <cdcd_xfer_cb+0xd4>
10005536:	4620      	mov	r0, r4
10005538:	f3af 8000 	nop.w
1000553c:	4620      	mov	r0, r4
1000553e:	f7ff fd37 	bl	10004fb0 <tud_cdc_n_write_flush>
10005542:	b108      	cbz	r0, 10005548 <cdcd_xfer_cb+0xe0>
10005544:	2401      	movs	r4, #1
10005546:	e79f      	b.n	10005488 <cdcd_xfer_cb+0x20>
10005548:	f106 0024 	add.w	r0, r6, #36	@ 0x24
1000554c:	f000 fdf9 	bl	10006142 <tu_fifo_count>
10005550:	b9a0      	cbnz	r0, 1000557c <cdcd_xfer_cb+0x114>
10005552:	b1af      	cbz	r7, 10005580 <cdcd_xfer_cb+0x118>
10005554:	f017 0f3f 	tst.w	r7, #63	@ 0x3f
10005558:	d001      	beq.n	1000555e <cdcd_xfer_cb+0xf6>
1000555a:	2401      	movs	r4, #1
1000555c:	e794      	b.n	10005488 <cdcd_xfer_cb+0x20>
1000555e:	78b1      	ldrb	r1, [r6, #2]
10005560:	4640      	mov	r0, r8
10005562:	f7fe ff6d 	bl	10004440 <usbd_edpt_claim>
10005566:	4604      	mov	r4, r0
10005568:	b908      	cbnz	r0, 1000556e <cdcd_xfer_cb+0x106>
1000556a:	2401      	movs	r4, #1
1000556c:	e78c      	b.n	10005488 <cdcd_xfer_cb+0x20>
1000556e:	2300      	movs	r3, #0
10005570:	461a      	mov	r2, r3
10005572:	78b1      	ldrb	r1, [r6, #2]
10005574:	4640      	mov	r0, r8
10005576:	f7fe ff8b 	bl	10004490 <usbd_edpt_xfer>
1000557a:	e785      	b.n	10005488 <cdcd_xfer_cb+0x20>
1000557c:	2401      	movs	r4, #1
1000557e:	e783      	b.n	10005488 <cdcd_xfer_cb+0x20>
10005580:	2401      	movs	r4, #1
10005582:	e781      	b.n	10005488 <cdcd_xfer_cb+0x20>
10005584:	20001378 	.word	0x20001378
10005588:	1000b62c 	.word	0x1000b62c
1000558c:	1000a328 	.word	0x1000a328
10005590:	200012f4 	.word	0x200012f4
	...

100055a0 <tud_vendor_n_mounted>:
100055a0:	b990      	cbnz	r0, 100055c8 <tud_vendor_n_mounted+0x28>
100055a2:	4b0a      	ldr	r3, [pc, #40]	@ (100055cc <tud_vendor_n_mounted+0x2c>)
100055a4:	f44f 7113 	mov.w	r1, #588	@ 0x24c
100055a8:	fb01 3300 	mla	r3, r1, r0, r3
100055ac:	f893 3129 	ldrb.w	r3, [r3, #297]	@ 0x129
100055b0:	b933      	cbnz	r3, 100055c0 <tud_vendor_n_mounted+0x20>
100055b2:	4b06      	ldr	r3, [pc, #24]	@ (100055cc <tud_vendor_n_mounted+0x2c>)
100055b4:	fb01 3300 	mla	r3, r1, r0, r3
100055b8:	795b      	ldrb	r3, [r3, #5]
100055ba:	b11b      	cbz	r3, 100055c4 <tud_vendor_n_mounted+0x24>
100055bc:	2001      	movs	r0, #1
100055be:	4770      	bx	lr
100055c0:	2001      	movs	r0, #1
100055c2:	4770      	bx	lr
100055c4:	2000      	movs	r0, #0
100055c6:	4770      	bx	lr
100055c8:	2000      	movs	r0, #0
100055ca:	4770      	bx	lr
100055cc:	20001668 	.word	0x20001668

100055d0 <tud_vendor_n_write_flush>:
100055d0:	b108      	cbz	r0, 100055d6 <tud_vendor_n_write_flush+0x6>
100055d2:	2000      	movs	r0, #0
100055d4:	4770      	bx	lr
100055d6:	b508      	push	{r3, lr}
100055d8:	f44f 7213 	mov.w	r2, #588	@ 0x24c
100055dc:	4903      	ldr	r1, [pc, #12]	@ (100055ec <tud_vendor_n_write_flush+0x1c>)
100055de:	fb02 1100 	mla	r1, r2, r0, r1
100055e2:	3104      	adds	r1, #4
100055e4:	f000 fb2c 	bl	10005c40 <tu_edpt_stream_write_xfer>
100055e8:	bd08      	pop	{r3, pc}
100055ea:	bf00      	nop
100055ec:	20001668 	.word	0x20001668

100055f0 <vendord_init>:
100055f0:	e92d 47f0 	stmdb	sp!, {r4, r5, r6, r7, r8, r9, sl, lr}
100055f4:	b084      	sub	sp, #16
100055f6:	f44f 7213 	mov.w	r2, #588	@ 0x24c
100055fa:	2100      	movs	r1, #0
100055fc:	481e      	ldr	r0, [pc, #120]	@ (10005678 <vendord_init+0x88>)
100055fe:	f004 f80f 	bl	10009620 <memset>
10005602:	2400      	movs	r4, #0
10005604:	b114      	cbz	r4, 1000560c <vendord_init+0x1c>
10005606:	b004      	add	sp, #16
10005608:	e8bd 87f0 	ldmia.w	sp!, {r4, r5, r6, r7, r8, r9, sl, pc}
1000560c:	f44f 7513 	mov.w	r5, #588	@ 0x24c
10005610:	fb04 f505 	mul.w	r5, r4, r5
10005614:	f505 73a4 	add.w	r3, r5, #328	@ 0x148
10005618:	4f17      	ldr	r7, [pc, #92]	@ (10005678 <vendord_init+0x88>)
1000561a:	443b      	add	r3, r7
1000561c:	3304      	adds	r3, #4
1000561e:	01e6      	lsls	r6, r4, #7
10005620:	f8df a058 	ldr.w	sl, [pc, #88]	@ 1000567c <vendord_init+0x8c>
10005624:	eb0a 12c4 	add.w	r2, sl, r4, lsl #7
10005628:	f505 7094 	add.w	r0, r5, #296	@ 0x128
1000562c:	f04f 0940 	mov.w	r9, #64	@ 0x40
10005630:	f8cd 900c 	str.w	r9, [sp, #12]
10005634:	9202      	str	r2, [sp, #8]
10005636:	f44f 7880 	mov.w	r8, #256	@ 0x100
1000563a:	f8cd 8004 	str.w	r8, [sp, #4]
1000563e:	9300      	str	r3, [sp, #0]
10005640:	2300      	movs	r3, #0
10005642:	461a      	mov	r2, r3
10005644:	4619      	mov	r1, r3
10005646:	4438      	add	r0, r7
10005648:	f000 fa85 	bl	10005b56 <tu_edpt_stream_init>
1000564c:	f105 0320 	add.w	r3, r5, #32
10005650:	443b      	add	r3, r7
10005652:	3308      	adds	r3, #8
10005654:	444e      	add	r6, r9
10005656:	4456      	add	r6, sl
10005658:	19e8      	adds	r0, r5, r7
1000565a:	f8cd 900c 	str.w	r9, [sp, #12]
1000565e:	9602      	str	r6, [sp, #8]
10005660:	f8cd 8004 	str.w	r8, [sp, #4]
10005664:	9300      	str	r3, [sp, #0]
10005666:	2300      	movs	r3, #0
10005668:	2201      	movs	r2, #1
1000566a:	4619      	mov	r1, r3
1000566c:	3004      	adds	r0, #4
1000566e:	f000 fa72 	bl	10005b56 <tu_edpt_stream_init>
10005672:	3401      	adds	r4, #1
10005674:	b2e4      	uxtb	r4, r4
10005676:	e7c5      	b.n	10005604 <vendord_init+0x14>
10005678:	20001668 	.word	0x20001668
1000567c:	200015e8 	.word	0x200015e8

10005680 <vendord_deinit>:
10005680:	b570      	push	{r4, r5, r6, lr}
10005682:	2400      	movs	r4, #0
10005684:	b10c      	cbz	r4, 1000568a <vendord_deinit+0xa>
10005686:	2001      	movs	r0, #1
10005688:	bd70      	pop	{r4, r5, r6, pc}
1000568a:	f44f 7513 	mov.w	r5, #588	@ 0x24c
1000568e:	fb04 f505 	mul.w	r5, r4, r5
10005692:	f505 7094 	add.w	r0, r5, #296	@ 0x128
10005696:	4e05      	ldr	r6, [pc, #20]	@ (100056ac <vendord_deinit+0x2c>)
10005698:	4430      	add	r0, r6
1000569a:	f000 fa86 	bl	10005baa <tu_edpt_stream_deinit>
1000569e:	19a8      	adds	r0, r5, r6
100056a0:	3004      	adds	r0, #4
100056a2:	f000 fa82 	bl	10005baa <tu_edpt_stream_deinit>
100056a6:	3401      	adds	r4, #1
100056a8:	b2e4      	uxtb	r4, r4
100056aa:	e7eb      	b.n	10005684 <vendord_deinit+0x4>
100056ac:	20001668 	.word	0x20001668

100056b0 <vendord_reset>:
100056b0:	e92d 41f0 	stmdb	sp!, {r4, r5, r6, r7, r8, lr}
100056b4:	2500      	movs	r5, #0
100056b6:	b10d      	cbz	r5, 100056bc <vendord_reset+0xc>
100056b8:	e8bd 81f0 	ldmia.w	sp!, {r4, r5, r6, r7, r8, pc}
100056bc:	f44f 7413 	mov.w	r4, #588	@ 0x24c
100056c0:	fb05 f404 	mul.w	r4, r5, r4
100056c4:	4e0b      	ldr	r6, [pc, #44]	@ (100056f4 <vendord_reset+0x44>)
100056c6:	eb04 0806 	add.w	r8, r4, r6
100056ca:	2700      	movs	r7, #0
100056cc:	5537      	strb	r7, [r6, r4]
100056ce:	f504 7098 	add.w	r0, r4, #304	@ 0x130
100056d2:	4430      	add	r0, r6
100056d4:	f000 fdd4 	bl	10006280 <tu_fifo_clear>
100056d8:	f104 0008 	add.w	r0, r4, #8
100056dc:	4430      	add	r0, r6
100056de:	3004      	adds	r0, #4
100056e0:	f000 fdce 	bl	10006280 <tu_fifo_clear>
100056e4:	f888 7129 	strb.w	r7, [r8, #297]	@ 0x129
100056e8:	f888 7005 	strb.w	r7, [r8, #5]
100056ec:	3501      	adds	r5, #1
100056ee:	b2ed      	uxtb	r5, r5
100056f0:	e7e1      	b.n	100056b6 <vendord_reset+0x6>
100056f2:	bf00      	nop
100056f4:	20001668 	.word	0x20001668

100056f8 <vendord_open>:
100056f8:	794b      	ldrb	r3, [r1, #5]
100056fa:	2bff      	cmp	r3, #255	@ 0xff
100056fc:	f040 8094 	bne.w	10005828 <vendord_open+0x130>
10005700:	e92d 47f0 	stmdb	sp!, {r4, r5, r6, r7, r8, r9, sl, lr}
10005704:	4680      	mov	r8, r0
10005706:	460f      	mov	r7, r1
10005708:	780c      	ldrb	r4, [r1, #0]
1000570a:	440c      	add	r4, r1
1000570c:	18a5      	adds	r5, r4, r2
1000570e:	2600      	movs	r6, #0
10005710:	b116      	cbz	r6, 10005718 <vendord_open+0x20>
10005712:	2000      	movs	r0, #0
10005714:	e8bd 87f0 	ldmia.w	sp!, {r4, r5, r6, r7, r8, r9, sl, pc}
10005718:	4630      	mov	r0, r6
1000571a:	f7ff ff41 	bl	100055a0 <tud_vendor_n_mounted>
1000571e:	b110      	cbz	r0, 10005726 <vendord_open+0x2e>
10005720:	3601      	adds	r6, #1
10005722:	b2f6      	uxtb	r6, r6
10005724:	e7f4      	b.n	10005710 <vendord_open+0x18>
10005726:	f44f 7313 	mov.w	r3, #588	@ 0x24c
1000572a:	fb06 f303 	mul.w	r3, r6, r3
1000572e:	4a3f      	ldr	r2, [pc, #252]	@ (1000582c <vendord_open+0x134>)
10005730:	eb03 0902 	add.w	r9, r3, r2
10005734:	78b9      	ldrb	r1, [r7, #2]
10005736:	54d1      	strb	r1, [r2, r3]
10005738:	e02a      	b.n	10005790 <vendord_open+0x98>
1000573a:	42ac      	cmp	r4, r5
1000573c:	d271      	bcs.n	10005822 <vendord_open+0x12a>
1000573e:	4621      	mov	r1, r4
10005740:	4640      	mov	r0, r8
10005742:	f7fe fded 	bl	10004320 <usbd_edpt_open>
10005746:	b370      	cbz	r0, 100057a6 <vendord_open+0xae>
10005748:	3601      	adds	r6, #1
1000574a:	b2f6      	uxtb	r6, r6
1000574c:	78a3      	ldrb	r3, [r4, #2]
1000574e:	09db      	lsrs	r3, r3, #7
10005750:	d138      	bne.n	100057c4 <vendord_open+0xcc>
10005752:	f509 7a94 	add.w	sl, r9, #296	@ 0x128
10005756:	f509 7098 	add.w	r0, r9, #304	@ 0x130
1000575a:	f000 fd91 	bl	10006280 <tu_fifo_clear>
1000575e:	78a3      	ldrb	r3, [r4, #2]
10005760:	f889 3129 	strb.w	r3, [r9, #297]	@ 0x129
10005764:	88a3      	ldrh	r3, [r4, #4]
10005766:	f3c3 030a 	ubfx	r3, r3, #0, #11
1000576a:	f5b3 7f00 	cmp.w	r3, #512	@ 0x200
1000576e:	bf14      	ite	ne
10005770:	2300      	movne	r3, #0
10005772:	2301      	moveq	r3, #1
10005774:	f899 2128 	ldrb.w	r2, [r9, #296]	@ 0x128
10005778:	f363 0241 	bfi	r2, r3, #1, #1
1000577c:	f889 2128 	strb.w	r2, [r9, #296]	@ 0x128
10005780:	4651      	mov	r1, sl
10005782:	4640      	mov	r0, r8
10005784:	f000 faa8 	bl	10005cd8 <tu_edpt_stream_read_xfer>
10005788:	2800      	cmp	r0, #0
1000578a:	d03b      	beq.n	10005804 <vendord_open+0x10c>
1000578c:	7823      	ldrb	r3, [r4, #0]
1000578e:	441c      	add	r4, r3
10005790:	793b      	ldrb	r3, [r7, #4]
10005792:	42b3      	cmp	r3, r6
10005794:	d945      	bls.n	10005822 <vendord_open+0x12a>
10005796:	7863      	ldrb	r3, [r4, #1]
10005798:	2b05      	cmp	r3, #5
1000579a:	d0ce      	beq.n	1000573a <vendord_open+0x42>
1000579c:	42ac      	cmp	r4, r5
1000579e:	d2cc      	bcs.n	1000573a <vendord_open+0x42>
100057a0:	7823      	ldrb	r3, [r4, #0]
100057a2:	441c      	add	r4, r3
100057a4:	e7f7      	b.n	10005796 <vendord_open+0x9e>
100057a6:	22e0      	movs	r2, #224	@ 0xe0
100057a8:	4921      	ldr	r1, [pc, #132]	@ (10005830 <vendord_open+0x138>)
100057aa:	4822      	ldr	r0, [pc, #136]	@ (10005834 <vendord_open+0x13c>)
100057ac:	f7fd fe14 	bl	100033d8 <__wrap_printf>
100057b0:	f04f 23e0 	mov.w	r3, #3758153728	@ 0xe000e000
100057b4:	f8d3 3df0 	ldr.w	r3, [r3, #3568]	@ 0xdf0
100057b8:	f013 0f01 	tst.w	r3, #1
100057bc:	d000      	beq.n	100057c0 <vendord_open+0xc8>
100057be:	be00      	bkpt	0x0000
100057c0:	2000      	movs	r0, #0
100057c2:	e7a7      	b.n	10005714 <vendord_open+0x1c>
100057c4:	f109 000c 	add.w	r0, r9, #12
100057c8:	f000 fd5a 	bl	10006280 <tu_fifo_clear>
100057cc:	78a3      	ldrb	r3, [r4, #2]
100057ce:	f889 3005 	strb.w	r3, [r9, #5]
100057d2:	88a3      	ldrh	r3, [r4, #4]
100057d4:	f3c3 030a 	ubfx	r3, r3, #0, #11
100057d8:	f5b3 7f00 	cmp.w	r3, #512	@ 0x200
100057dc:	bf14      	ite	ne
100057de:	2300      	movne	r3, #0
100057e0:	2301      	moveq	r3, #1
100057e2:	f899 2004 	ldrb.w	r2, [r9, #4]
100057e6:	f363 0241 	bfi	r2, r3, #1, #1
100057ea:	f889 2004 	strb.w	r2, [r9, #4]
100057ee:	480f      	ldr	r0, [pc, #60]	@ (1000582c <vendord_open+0x134>)
100057f0:	eba9 0000 	sub.w	r0, r9, r0
100057f4:	1080      	asrs	r0, r0, #2
100057f6:	4b10      	ldr	r3, [pc, #64]	@ (10005838 <vendord_open+0x140>)
100057f8:	fb03 f000 	mul.w	r0, r3, r0
100057fc:	b2c0      	uxtb	r0, r0
100057fe:	f7ff fee7 	bl	100055d0 <tud_vendor_n_write_flush>
10005802:	e7c3      	b.n	1000578c <vendord_open+0x94>
10005804:	22e8      	movs	r2, #232	@ 0xe8
10005806:	490a      	ldr	r1, [pc, #40]	@ (10005830 <vendord_open+0x138>)
10005808:	480a      	ldr	r0, [pc, #40]	@ (10005834 <vendord_open+0x13c>)
1000580a:	f7fd fde5 	bl	100033d8 <__wrap_printf>
1000580e:	f04f 23e0 	mov.w	r3, #3758153728	@ 0xe000e000
10005812:	f8d3 3df0 	ldr.w	r3, [r3, #3568]	@ 0xdf0
10005816:	f013 0f01 	tst.w	r3, #1
1000581a:	d000      	beq.n	1000581e <vendord_open+0x126>
1000581c:	be00      	bkpt	0x0000
1000581e:	2000      	movs	r0, #0
10005820:	e778      	b.n	10005714 <vendord_open+0x1c>
10005822:	1be1      	subs	r1, r4, r7
10005824:	b288      	uxth	r0, r1
10005826:	e775      	b.n	10005714 <vendord_open+0x1c>
10005828:	2000      	movs	r0, #0
1000582a:	4770      	bx	lr
1000582c:	20001668 	.word	0x20001668
10005830:	1000b660 	.word	0x1000b660
10005834:	1000a328 	.word	0x1000a328
10005838:	08b51d9b 	.word	0x08b51d9b

1000583c <vendord_xfer_cb>:
1000583c:	e92d 41f0 	stmdb	sp!, {r4, r5, r6, r7, r8, lr}
10005840:	4605      	mov	r5, r0
10005842:	461f      	mov	r7, r3
10005844:	2400      	movs	r4, #0
10005846:	b15c      	cbz	r4, 10005860 <vendord_xfer_cb+0x24>
10005848:	2c00      	cmp	r4, #0
1000584a:	d148      	bne.n	100058de <vendord_xfer_cb+0xa2>
1000584c:	46a0      	mov	r8, r4
1000584e:	f896 3129 	ldrb.w	r3, [r6, #297]	@ 0x129
10005852:	428b      	cmp	r3, r1
10005854:	d013      	beq.n	1000587e <vendord_xfer_cb+0x42>
10005856:	7973      	ldrb	r3, [r6, #5]
10005858:	428b      	cmp	r3, r1
1000585a:	d02b      	beq.n	100058b4 <vendord_xfer_cb+0x78>
1000585c:	2001      	movs	r0, #1
1000585e:	e03f      	b.n	100058e0 <vendord_xfer_cb+0xa4>
10005860:	f44f 7313 	mov.w	r3, #588	@ 0x24c
10005864:	4e1f      	ldr	r6, [pc, #124]	@ (100058e4 <vendord_xfer_cb+0xa8>)
10005866:	fb03 6604 	mla	r6, r3, r4, r6
1000586a:	f896 3129 	ldrb.w	r3, [r6, #297]	@ 0x129
1000586e:	428b      	cmp	r3, r1
10005870:	d0ea      	beq.n	10005848 <vendord_xfer_cb+0xc>
10005872:	7973      	ldrb	r3, [r6, #5]
10005874:	428b      	cmp	r3, r1
10005876:	d0e7      	beq.n	10005848 <vendord_xfer_cb+0xc>
10005878:	3401      	adds	r4, #1
1000587a:	b2e4      	uxtb	r4, r4
1000587c:	e7e3      	b.n	10005846 <vendord_xfer_cb+0xa>
1000587e:	f8b6 3134 	ldrh.w	r3, [r6, #308]	@ 0x134
10005882:	b97b      	cbnz	r3, 100058a4 <vendord_xfer_cb+0x68>
10005884:	4b18      	ldr	r3, [pc, #96]	@ (100058e8 <vendord_xfer_cb+0xac>)
10005886:	b133      	cbz	r3, 10005896 <vendord_xfer_cb+0x5a>
10005888:	b2ba      	uxth	r2, r7
1000588a:	4918      	ldr	r1, [pc, #96]	@ (100058ec <vendord_xfer_cb+0xb0>)
1000588c:	eb01 11c8 	add.w	r1, r1, r8, lsl #7
10005890:	4620      	mov	r0, r4
10005892:	f3af 8000 	nop.w
10005896:	f506 7194 	add.w	r1, r6, #296	@ 0x128
1000589a:	4628      	mov	r0, r5
1000589c:	f000 fa1c 	bl	10005cd8 <tu_edpt_stream_read_xfer>
100058a0:	2001      	movs	r0, #1
100058a2:	e01d      	b.n	100058e0 <vendord_xfer_cb+0xa4>
100058a4:	b2ba      	uxth	r2, r7
100058a6:	f8d6 112c 	ldr.w	r1, [r6, #300]	@ 0x12c
100058aa:	f506 7098 	add.w	r0, r6, #304	@ 0x130
100058ae:	f000 fce2 	bl	10006276 <tu_fifo_write_n>
100058b2:	e7e7      	b.n	10005884 <vendord_xfer_cb+0x48>
100058b4:	4b0e      	ldr	r3, [pc, #56]	@ (100058f0 <vendord_xfer_cb+0xb4>)
100058b6:	b11b      	cbz	r3, 100058c0 <vendord_xfer_cb+0x84>
100058b8:	b2b9      	uxth	r1, r7
100058ba:	4620      	mov	r0, r4
100058bc:	f3af 8000 	nop.w
100058c0:	3604      	adds	r6, #4
100058c2:	4631      	mov	r1, r6
100058c4:	4628      	mov	r0, r5
100058c6:	f000 f9bb 	bl	10005c40 <tu_edpt_stream_write_xfer>
100058ca:	b108      	cbz	r0, 100058d0 <vendord_xfer_cb+0x94>
100058cc:	2001      	movs	r0, #1
100058ce:	e007      	b.n	100058e0 <vendord_xfer_cb+0xa4>
100058d0:	463a      	mov	r2, r7
100058d2:	4631      	mov	r1, r6
100058d4:	4628      	mov	r0, r5
100058d6:	f000 f96b 	bl	10005bb0 <tu_edpt_stream_write_zlp_if_needed>
100058da:	2001      	movs	r0, #1
100058dc:	e000      	b.n	100058e0 <vendord_xfer_cb+0xa4>
100058de:	2000      	movs	r0, #0
100058e0:	e8bd 81f0 	ldmia.w	sp!, {r4, r5, r6, r7, r8, pc}
100058e4:	20001668 	.word	0x20001668
100058e8:	00000000 	.word	0x00000000
100058ec:	200015e8 	.word	0x200015e8
100058f0:	00000000 	.word	0x00000000

100058f4 <tusb_rhport_init>:
100058f4:	b510      	push	{r4, lr}
100058f6:	b082      	sub	sp, #8
100058f8:	b151      	cbz	r1, 10005910 <tusb_rhport_init+0x1c>
100058fa:	460a      	mov	r2, r1
100058fc:	2801      	cmp	r0, #1
100058fe:	d824      	bhi.n	1000594a <tusb_rhport_init+0x56>
10005900:	780b      	ldrb	r3, [r1, #0]
10005902:	b313      	cbz	r3, 1000594a <tusb_rhport_init+0x56>
10005904:	4923      	ldr	r1, [pc, #140]	@ (10005994 <tusb_rhport_init+0xa0>)
10005906:	540b      	strb	r3, [r1, r0]
10005908:	2b01      	cmp	r3, #1
1000590a:	d02f      	beq.n	1000596c <tusb_rhport_init+0x78>
1000590c:	2401      	movs	r4, #1
1000590e:	e02a      	b.n	10005966 <tusb_rhport_init+0x72>
10005910:	2301      	movs	r3, #1
10005912:	f88d 3004 	strb.w	r3, [sp, #4]
10005916:	2000      	movs	r0, #0
10005918:	f88d 0005 	strb.w	r0, [sp, #5]
1000591c:	a901      	add	r1, sp, #4
1000591e:	f7fe fc6b 	bl	100041f8 <tud_rhport_init>
10005922:	4604      	mov	r4, r0
10005924:	b118      	cbz	r0, 1000592e <tusb_rhport_init+0x3a>
10005926:	4b1b      	ldr	r3, [pc, #108]	@ (10005994 <tusb_rhport_init+0xa0>)
10005928:	2201      	movs	r2, #1
1000592a:	701a      	strb	r2, [r3, #0]
1000592c:	e01b      	b.n	10005966 <tusb_rhport_init+0x72>
1000592e:	2247      	movs	r2, #71	@ 0x47
10005930:	4919      	ldr	r1, [pc, #100]	@ (10005998 <tusb_rhport_init+0xa4>)
10005932:	481a      	ldr	r0, [pc, #104]	@ (1000599c <tusb_rhport_init+0xa8>)
10005934:	f7fd fd50 	bl	100033d8 <__wrap_printf>
10005938:	f04f 23e0 	mov.w	r3, #3758153728	@ 0xe000e000
1000593c:	f8d3 3df0 	ldr.w	r3, [r3, #3568]	@ 0xdf0
10005940:	f013 0f01 	tst.w	r3, #1
10005944:	d00f      	beq.n	10005966 <tusb_rhport_init+0x72>
10005946:	be00      	bkpt	0x0000
10005948:	e00d      	b.n	10005966 <tusb_rhport_init+0x72>
1000594a:	225a      	movs	r2, #90	@ 0x5a
1000594c:	4912      	ldr	r1, [pc, #72]	@ (10005998 <tusb_rhport_init+0xa4>)
1000594e:	4813      	ldr	r0, [pc, #76]	@ (1000599c <tusb_rhport_init+0xa8>)
10005950:	f7fd fd42 	bl	100033d8 <__wrap_printf>
10005954:	f04f 23e0 	mov.w	r3, #3758153728	@ 0xe000e000
10005958:	f8d3 3df0 	ldr.w	r3, [r3, #3568]	@ 0xdf0
1000595c:	f013 0f01 	tst.w	r3, #1
10005960:	d000      	beq.n	10005964 <tusb_rhport_init+0x70>
10005962:	be00      	bkpt	0x0000
10005964:	2400      	movs	r4, #0
10005966:	4620      	mov	r0, r4
10005968:	b002      	add	sp, #8
1000596a:	bd10      	pop	{r4, pc}
1000596c:	4611      	mov	r1, r2
1000596e:	f7fe fc43 	bl	100041f8 <tud_rhport_init>
10005972:	4604      	mov	r4, r0
10005974:	2800      	cmp	r0, #0
10005976:	d1f6      	bne.n	10005966 <tusb_rhport_init+0x72>
10005978:	225f      	movs	r2, #95	@ 0x5f
1000597a:	4907      	ldr	r1, [pc, #28]	@ (10005998 <tusb_rhport_init+0xa4>)
1000597c:	4807      	ldr	r0, [pc, #28]	@ (1000599c <tusb_rhport_init+0xa8>)
1000597e:	f7fd fd2b 	bl	100033d8 <__wrap_printf>
10005982:	f04f 23e0 	mov.w	r3, #3758153728	@ 0xe000e000
10005986:	f8d3 3df0 	ldr.w	r3, [r3, #3568]	@ 0xdf0
1000598a:	f013 0f01 	tst.w	r3, #1
1000598e:	d0ea      	beq.n	10005966 <tusb_rhport_init+0x72>
10005990:	be00      	bkpt	0x0000
10005992:	e7e8      	b.n	10005966 <tusb_rhport_init+0x72>
10005994:	200014b4 	.word	0x200014b4
10005998:	1000b6e0 	.word	0x1000b6e0
1000599c:	1000a328 	.word	0x1000a328

100059a0 <tu_edpt_claim>:
100059a0:	b570      	push	{r4, r5, r6, lr}
100059a2:	4604      	mov	r4, r0
100059a4:	7803      	ldrb	r3, [r0, #0]
100059a6:	f013 0001 	ands.w	r0, r3, #1
100059aa:	d11f      	bne.n	100059ec <tu_edpt_claim+0x4c>
100059ac:	460d      	mov	r5, r1
100059ae:	7823      	ldrb	r3, [r4, #0]
100059b0:	f3c3 0680 	ubfx	r6, r3, #2, #1
100059b4:	f013 0f04 	tst.w	r3, #4
100059b8:	d119      	bne.n	100059ee <tu_edpt_claim+0x4e>
100059ba:	f04f 31ff 	mov.w	r1, #4294967295	@ 0xffffffff
100059be:	4628      	mov	r0, r5
100059c0:	f003 ff6a 	bl	10009898 <__mutex_enter_timeout_ms_veneer>
100059c4:	7823      	ldrb	r3, [r4, #0]
100059c6:	f013 0301 	ands.w	r3, r3, #1
100059ca:	d108      	bne.n	100059de <tu_edpt_claim+0x3e>
100059cc:	7822      	ldrb	r2, [r4, #0]
100059ce:	f012 0f04 	tst.w	r2, #4
100059d2:	d109      	bne.n	100059e8 <tu_edpt_claim+0x48>
100059d4:	7823      	ldrb	r3, [r4, #0]
100059d6:	f043 0304 	orr.w	r3, r3, #4
100059da:	7023      	strb	r3, [r4, #0]
100059dc:	2601      	movs	r6, #1
100059de:	4628      	mov	r0, r5
100059e0:	f003 ff66 	bl	100098b0 <__mutex_exit_veneer>
100059e4:	4630      	mov	r0, r6
100059e6:	e002      	b.n	100059ee <tu_edpt_claim+0x4e>
100059e8:	461e      	mov	r6, r3
100059ea:	e7f8      	b.n	100059de <tu_edpt_claim+0x3e>
100059ec:	2000      	movs	r0, #0
100059ee:	bd70      	pop	{r4, r5, r6, pc}

100059f0 <tu_edpt_release>:
100059f0:	b570      	push	{r4, r5, r6, lr}
100059f2:	4605      	mov	r5, r0
100059f4:	460c      	mov	r4, r1
100059f6:	f04f 31ff 	mov.w	r1, #4294967295	@ 0xffffffff
100059fa:	4620      	mov	r0, r4
100059fc:	f003 ff4c 	bl	10009898 <__mutex_enter_timeout_ms_veneer>
10005a00:	782b      	ldrb	r3, [r5, #0]
10005a02:	f3c3 0680 	ubfx	r6, r3, #2, #1
10005a06:	f013 0f04 	tst.w	r3, #4
10005a0a:	d104      	bne.n	10005a16 <tu_edpt_release+0x26>
10005a0c:	4620      	mov	r0, r4
10005a0e:	f003 ff4f 	bl	100098b0 <__mutex_exit_veneer>
10005a12:	4630      	mov	r0, r6
10005a14:	bd70      	pop	{r4, r5, r6, pc}
10005a16:	782b      	ldrb	r3, [r5, #0]
10005a18:	f013 0f01 	tst.w	r3, #1
10005a1c:	d104      	bne.n	10005a28 <tu_edpt_release+0x38>
10005a1e:	782b      	ldrb	r3, [r5, #0]
10005a20:	f023 0304 	bic.w	r3, r3, #4
10005a24:	702b      	strb	r3, [r5, #0]
10005a26:	e7f1      	b.n	10005a0c <tu_edpt_release+0x1c>
10005a28:	2600      	movs	r6, #0
10005a2a:	e7ef      	b.n	10005a0c <tu_edpt_release+0x1c>

10005a2c <tu_edpt_validate>:
10005a2c:	b508      	push	{r3, lr}
10005a2e:	8883      	ldrh	r3, [r0, #4]
10005a30:	f3c3 020a 	ubfx	r2, r3, #0, #11
10005a34:	78c3      	ldrb	r3, [r0, #3]
10005a36:	f003 0303 	and.w	r3, r3, #3
10005a3a:	2b02      	cmp	r3, #2
10005a3c:	d01d      	beq.n	10005a7a <tu_edpt_validate+0x4e>
10005a3e:	2b03      	cmp	r3, #3
10005a40:	d044      	beq.n	10005acc <tu_edpt_validate+0xa0>
10005a42:	2b01      	cmp	r3, #1
10005a44:	d15b      	bne.n	10005afe <tu_edpt_validate+0xd2>
10005a46:	2902      	cmp	r1, #2
10005a48:	d005      	beq.n	10005a56 <tu_edpt_validate+0x2a>
10005a4a:	f240 33ff 	movw	r3, #1023	@ 0x3ff
10005a4e:	4293      	cmp	r3, r2
10005a50:	d304      	bcc.n	10005a5c <tu_edpt_validate+0x30>
10005a52:	2001      	movs	r0, #1
10005a54:	e054      	b.n	10005b00 <tu_edpt_validate+0xd4>
10005a56:	f44f 6380 	mov.w	r3, #1024	@ 0x400
10005a5a:	e7f8      	b.n	10005a4e <tu_edpt_validate+0x22>
10005a5c:	22d1      	movs	r2, #209	@ 0xd1
10005a5e:	4929      	ldr	r1, [pc, #164]	@ (10005b04 <tu_edpt_validate+0xd8>)
10005a60:	4829      	ldr	r0, [pc, #164]	@ (10005b08 <tu_edpt_validate+0xdc>)
10005a62:	f7fd fcb9 	bl	100033d8 <__wrap_printf>
10005a66:	f04f 23e0 	mov.w	r3, #3758153728	@ 0xe000e000
10005a6a:	f8d3 3df0 	ldr.w	r3, [r3, #3568]	@ 0xdf0
10005a6e:	f013 0f01 	tst.w	r3, #1
10005a72:	d000      	beq.n	10005a76 <tu_edpt_validate+0x4a>
10005a74:	be00      	bkpt	0x0000
10005a76:	2000      	movs	r0, #0
10005a78:	e042      	b.n	10005b00 <tu_edpt_validate+0xd4>
10005a7a:	2902      	cmp	r1, #2
10005a7c:	d003      	beq.n	10005a86 <tu_edpt_validate+0x5a>
10005a7e:	2a40      	cmp	r2, #64	@ 0x40
10005a80:	d815      	bhi.n	10005aae <tu_edpt_validate+0x82>
10005a82:	2001      	movs	r0, #1
10005a84:	e03c      	b.n	10005b00 <tu_edpt_validate+0xd4>
10005a86:	f5b2 7f00 	cmp.w	r2, #512	@ 0x200
10005a8a:	d101      	bne.n	10005a90 <tu_edpt_validate+0x64>
10005a8c:	2001      	movs	r0, #1
10005a8e:	e037      	b.n	10005b00 <tu_edpt_validate+0xd4>
10005a90:	22d8      	movs	r2, #216	@ 0xd8
10005a92:	491c      	ldr	r1, [pc, #112]	@ (10005b04 <tu_edpt_validate+0xd8>)
10005a94:	481c      	ldr	r0, [pc, #112]	@ (10005b08 <tu_edpt_validate+0xdc>)
10005a96:	f7fd fc9f 	bl	100033d8 <__wrap_printf>
10005a9a:	f04f 23e0 	mov.w	r3, #3758153728	@ 0xe000e000
10005a9e:	f8d3 3df0 	ldr.w	r3, [r3, #3568]	@ 0xdf0
10005aa2:	f013 0f01 	tst.w	r3, #1
10005aa6:	d000      	beq.n	10005aaa <tu_edpt_validate+0x7e>
10005aa8:	be00      	bkpt	0x0000
10005aaa:	2000      	movs	r0, #0
10005aac:	e028      	b.n	10005b00 <tu_edpt_validate+0xd4>
10005aae:	22db      	movs	r2, #219	@ 0xdb
10005ab0:	4914      	ldr	r1, [pc, #80]	@ (10005b04 <tu_edpt_validate+0xd8>)
10005ab2:	4815      	ldr	r0, [pc, #84]	@ (10005b08 <tu_edpt_validate+0xdc>)
10005ab4:	f7fd fc90 	bl	100033d8 <__wrap_printf>
10005ab8:	f04f 23e0 	mov.w	r3, #3758153728	@ 0xe000e000
10005abc:	f8d3 3df0 	ldr.w	r3, [r3, #3568]	@ 0xdf0
10005ac0:	f013 0f01 	tst.w	r3, #1
10005ac4:	d000      	beq.n	10005ac8 <tu_edpt_validate+0x9c>
10005ac6:	be00      	bkpt	0x0000
10005ac8:	2000      	movs	r0, #0
10005aca:	e019      	b.n	10005b00 <tu_edpt_validate+0xd4>
10005acc:	2902      	cmp	r1, #2
10005ace:	d004      	beq.n	10005ada <tu_edpt_validate+0xae>
10005ad0:	2340      	movs	r3, #64	@ 0x40
10005ad2:	4293      	cmp	r3, r2
10005ad4:	d304      	bcc.n	10005ae0 <tu_edpt_validate+0xb4>
10005ad6:	2001      	movs	r0, #1
10005ad8:	e012      	b.n	10005b00 <tu_edpt_validate+0xd4>
10005ada:	f44f 6380 	mov.w	r3, #1024	@ 0x400
10005ade:	e7f8      	b.n	10005ad2 <tu_edpt_validate+0xa6>
10005ae0:	22e1      	movs	r2, #225	@ 0xe1
10005ae2:	4908      	ldr	r1, [pc, #32]	@ (10005b04 <tu_edpt_validate+0xd8>)
10005ae4:	4808      	ldr	r0, [pc, #32]	@ (10005b08 <tu_edpt_validate+0xdc>)
10005ae6:	f7fd fc77 	bl	100033d8 <__wrap_printf>
10005aea:	f04f 23e0 	mov.w	r3, #3758153728	@ 0xe000e000
10005aee:	f8d3 3df0 	ldr.w	r3, [r3, #3568]	@ 0xdf0
10005af2:	f013 0f01 	tst.w	r3, #1
10005af6:	d000      	beq.n	10005afa <tu_edpt_validate+0xce>
10005af8:	be00      	bkpt	0x0000
10005afa:	2000      	movs	r0, #0
10005afc:	e000      	b.n	10005b00 <tu_edpt_validate+0xd4>
10005afe:	2000      	movs	r0, #0
10005b00:	bd08      	pop	{r3, pc}
10005b02:	bf00      	nop
10005b04:	1000b6cc 	.word	0x1000b6cc
10005b08:	1000a328 	.word	0x1000a328

10005b0c <tu_edpt_bind_driver>:
10005b0c:	440a      	add	r2, r1
10005b0e:	e004      	b.n	10005b1a <tu_edpt_bind_driver+0xe>
10005b10:	f85d fb04 	ldr.w	pc, [sp], #4
10005b14:	f891 c000 	ldrb.w	ip, [r1]
10005b18:	4461      	add	r1, ip
10005b1a:	4291      	cmp	r1, r2
10005b1c:	d21a      	bcs.n	10005b54 <tu_edpt_bind_driver+0x48>
10005b1e:	f891 c001 	ldrb.w	ip, [r1, #1]
10005b22:	f1bc 0f05 	cmp.w	ip, #5
10005b26:	d1f5      	bne.n	10005b14 <tu_edpt_bind_driver+0x8>
10005b28:	b500      	push	{lr}
10005b2a:	f891 c002 	ldrb.w	ip, [r1, #2]
10005b2e:	f00c 0e7f 	and.w	lr, ip, #127	@ 0x7f
10005b32:	eb00 0e4e 	add.w	lr, r0, lr, lsl #1
10005b36:	ea4f 1cdc 	mov.w	ip, ip, lsr #7
10005b3a:	f80e 300c 	strb.w	r3, [lr, ip]
10005b3e:	f891 c000 	ldrb.w	ip, [r1]
10005b42:	4461      	add	r1, ip
10005b44:	4291      	cmp	r1, r2
10005b46:	d2e3      	bcs.n	10005b10 <tu_edpt_bind_driver+0x4>
10005b48:	f891 c001 	ldrb.w	ip, [r1, #1]
10005b4c:	f1bc 0f05 	cmp.w	ip, #5
10005b50:	d1f5      	bne.n	10005b3e <tu_edpt_bind_driver+0x32>
10005b52:	e7ea      	b.n	10005b2a <tu_edpt_bind_driver+0x1e>
10005b54:	4770      	bx	lr

10005b56 <tu_edpt_stream_init>:
10005b56:	b5f0      	push	{r4, r5, r6, r7, lr}
10005b58:	b083      	sub	sp, #12
10005b5a:	4604      	mov	r4, r0
10005b5c:	4617      	mov	r7, r2
10005b5e:	9d08      	ldr	r5, [sp, #32]
10005b60:	f8bd 6024 	ldrh.w	r6, [sp, #36]	@ 0x24
10005b64:	f890 c000 	ldrb.w	ip, [r0]
10005b68:	f361 0c00 	bfi	ip, r1, #0, #1
10005b6c:	f800 cb08 	strb.w	ip, [r0], #8
10005b70:	9300      	str	r3, [sp, #0]
10005b72:	2301      	movs	r3, #1
10005b74:	4632      	mov	r2, r6
10005b76:	4629      	mov	r1, r5
10005b78:	f000 fab2 	bl	100060e0 <tu_fifo_config>
10005b7c:	b105      	cbz	r5, 10005b80 <tu_edpt_stream_init+0x2a>
10005b7e:	b93e      	cbnz	r6, 10005b90 <tu_edpt_stream_init+0x3a>
10005b80:	9b0a      	ldr	r3, [sp, #40]	@ 0x28
10005b82:	6063      	str	r3, [r4, #4]
10005b84:	f8bd 302c 	ldrh.w	r3, [sp, #44]	@ 0x2c
10005b88:	8063      	strh	r3, [r4, #2]
10005b8a:	2001      	movs	r0, #1
10005b8c:	b003      	add	sp, #12
10005b8e:	bdf0      	pop	{r4, r5, r6, r7, pc}
10005b90:	f104 051c 	add.w	r5, r4, #28
10005b94:	4628      	mov	r0, r5
10005b96:	f7fb f8d1 	bl	10000d3c <mutex_init>
10005b9a:	b127      	cbz	r7, 10005ba6 <tu_edpt_stream_init+0x50>
10005b9c:	462b      	mov	r3, r5
10005b9e:	2500      	movs	r5, #0
10005ba0:	6163      	str	r3, [r4, #20]
10005ba2:	61a5      	str	r5, [r4, #24]
10005ba4:	e7ec      	b.n	10005b80 <tu_edpt_stream_init+0x2a>
10005ba6:	2300      	movs	r3, #0
10005ba8:	e7fa      	b.n	10005ba0 <tu_edpt_stream_init+0x4a>

10005baa <tu_edpt_stream_deinit>:
10005baa:	2001      	movs	r0, #1
10005bac:	4770      	bx	lr
	...

10005bb0 <tu_edpt_stream_write_zlp_if_needed>:
10005bb0:	b5f8      	push	{r3, r4, r5, r6, r7, lr}
10005bb2:	4606      	mov	r6, r0
10005bb4:	460c      	mov	r4, r1
10005bb6:	4615      	mov	r5, r2
10005bb8:	780b      	ldrb	r3, [r1, #0]
10005bba:	f013 0f02 	tst.w	r3, #2
10005bbe:	d010      	beq.n	10005be2 <tu_edpt_stream_write_zlp_if_needed+0x32>
10005bc0:	f44f 7700 	mov.w	r7, #512	@ 0x200
10005bc4:	f104 0008 	add.w	r0, r4, #8
10005bc8:	f000 fabb 	bl	10006142 <tu_fifo_count>
10005bcc:	bb68      	cbnz	r0, 10005c2a <tu_edpt_stream_write_zlp_if_needed+0x7a>
10005bce:	b375      	cbz	r5, 10005c2e <tu_edpt_stream_write_zlp_if_needed+0x7e>
10005bd0:	3f01      	subs	r7, #1
10005bd2:	422f      	tst	r7, r5
10005bd4:	d12d      	bne.n	10005c32 <tu_edpt_stream_write_zlp_if_needed+0x82>
10005bd6:	7823      	ldrb	r3, [r4, #0]
10005bd8:	f013 0f01 	tst.w	r3, #1
10005bdc:	d003      	beq.n	10005be6 <tu_edpt_stream_write_zlp_if_needed+0x36>
10005bde:	2000      	movs	r0, #0
10005be0:	e024      	b.n	10005c2c <tu_edpt_stream_write_zlp_if_needed+0x7c>
10005be2:	2740      	movs	r7, #64	@ 0x40
10005be4:	e7ee      	b.n	10005bc4 <tu_edpt_stream_write_zlp_if_needed+0x14>
10005be6:	7861      	ldrb	r1, [r4, #1]
10005be8:	4630      	mov	r0, r6
10005bea:	f7fe fc29 	bl	10004440 <usbd_edpt_claim>
10005bee:	2800      	cmp	r0, #0
10005bf0:	d0f5      	beq.n	10005bde <tu_edpt_stream_write_zlp_if_needed+0x2e>
10005bf2:	7823      	ldrb	r3, [r4, #0]
10005bf4:	f013 0f01 	tst.w	r3, #1
10005bf8:	d00f      	beq.n	10005c1a <tu_edpt_stream_write_zlp_if_needed+0x6a>
10005bfa:	f44f 72b5 	mov.w	r2, #362	@ 0x16a
10005bfe:	490e      	ldr	r1, [pc, #56]	@ (10005c38 <tu_edpt_stream_write_zlp_if_needed+0x88>)
10005c00:	480e      	ldr	r0, [pc, #56]	@ (10005c3c <tu_edpt_stream_write_zlp_if_needed+0x8c>)
10005c02:	f7fd fbe9 	bl	100033d8 <__wrap_printf>
10005c06:	f04f 23e0 	mov.w	r3, #3758153728	@ 0xe000e000
10005c0a:	f8d3 3df0 	ldr.w	r3, [r3, #3568]	@ 0xdf0
10005c0e:	f013 0f01 	tst.w	r3, #1
10005c12:	d000      	beq.n	10005c16 <tu_edpt_stream_write_zlp_if_needed+0x66>
10005c14:	be00      	bkpt	0x0000
10005c16:	2000      	movs	r0, #0
10005c18:	e008      	b.n	10005c2c <tu_edpt_stream_write_zlp_if_needed+0x7c>
10005c1a:	2300      	movs	r3, #0
10005c1c:	461a      	mov	r2, r3
10005c1e:	7861      	ldrb	r1, [r4, #1]
10005c20:	4630      	mov	r0, r6
10005c22:	f7fe fc35 	bl	10004490 <usbd_edpt_xfer>
10005c26:	b908      	cbnz	r0, 10005c2c <tu_edpt_stream_write_zlp_if_needed+0x7c>
10005c28:	e7e7      	b.n	10005bfa <tu_edpt_stream_write_zlp_if_needed+0x4a>
10005c2a:	2000      	movs	r0, #0
10005c2c:	bdf8      	pop	{r3, r4, r5, r6, r7, pc}
10005c2e:	2000      	movs	r0, #0
10005c30:	e7fc      	b.n	10005c2c <tu_edpt_stream_write_zlp_if_needed+0x7c>
10005c32:	2000      	movs	r0, #0
10005c34:	e7fa      	b.n	10005c2c <tu_edpt_stream_write_zlp_if_needed+0x7c>
10005c36:	bf00      	nop
10005c38:	1000b6a8 	.word	0x1000b6a8
10005c3c:	1000a328 	.word	0x1000a328

10005c40 <tu_edpt_stream_write_xfer>:
10005c40:	b570      	push	{r4, r5, r6, lr}
10005c42:	4606      	mov	r6, r0
10005c44:	460c      	mov	r4, r1
10005c46:	f101 0508 	add.w	r5, r1, #8
10005c4a:	4628      	mov	r0, r5
10005c4c:	f000 fa79 	bl	10006142 <tu_fifo_count>
10005c50:	2800      	cmp	r0, #0
10005c52:	d03b      	beq.n	10005ccc <tu_edpt_stream_write_xfer+0x8c>
10005c54:	7823      	ldrb	r3, [r4, #0]
10005c56:	f013 0f01 	tst.w	r3, #1
10005c5a:	d001      	beq.n	10005c60 <tu_edpt_stream_write_xfer+0x20>
10005c5c:	2000      	movs	r0, #0
10005c5e:	bd70      	pop	{r4, r5, r6, pc}
10005c60:	7861      	ldrb	r1, [r4, #1]
10005c62:	4630      	mov	r0, r6
10005c64:	f7fe fbec 	bl	10004440 <usbd_edpt_claim>
10005c68:	2800      	cmp	r0, #0
10005c6a:	d0f7      	beq.n	10005c5c <tu_edpt_stream_write_xfer+0x1c>
10005c6c:	8862      	ldrh	r2, [r4, #2]
10005c6e:	6861      	ldr	r1, [r4, #4]
10005c70:	4628      	mov	r0, r5
10005c72:	f000 facc 	bl	1000620e <tu_fifo_read_n>
10005c76:	4605      	mov	r5, r0
10005c78:	b1e8      	cbz	r0, 10005cb6 <tu_edpt_stream_write_xfer+0x76>
10005c7a:	7823      	ldrb	r3, [r4, #0]
10005c7c:	f013 0f01 	tst.w	r3, #1
10005c80:	d00f      	beq.n	10005ca2 <tu_edpt_stream_write_xfer+0x62>
10005c82:	f44f 72bc 	mov.w	r2, #376	@ 0x178
10005c86:	4912      	ldr	r1, [pc, #72]	@ (10005cd0 <tu_edpt_stream_write_xfer+0x90>)
10005c88:	4812      	ldr	r0, [pc, #72]	@ (10005cd4 <tu_edpt_stream_write_xfer+0x94>)
10005c8a:	f7fd fba5 	bl	100033d8 <__wrap_printf>
10005c8e:	f04f 23e0 	mov.w	r3, #3758153728	@ 0xe000e000
10005c92:	f8d3 3df0 	ldr.w	r3, [r3, #3568]	@ 0xdf0
10005c96:	f013 0f01 	tst.w	r3, #1
10005c9a:	d000      	beq.n	10005c9e <tu_edpt_stream_write_xfer+0x5e>
10005c9c:	be00      	bkpt	0x0000
10005c9e:	2000      	movs	r0, #0
10005ca0:	e7dd      	b.n	10005c5e <tu_edpt_stream_write_xfer+0x1e>
10005ca2:	4603      	mov	r3, r0
10005ca4:	6862      	ldr	r2, [r4, #4]
10005ca6:	7861      	ldrb	r1, [r4, #1]
10005ca8:	4630      	mov	r0, r6
10005caa:	f7fe fbf1 	bl	10004490 <usbd_edpt_xfer>
10005cae:	2800      	cmp	r0, #0
10005cb0:	d0e7      	beq.n	10005c82 <tu_edpt_stream_write_xfer+0x42>
10005cb2:	4628      	mov	r0, r5
10005cb4:	e7d3      	b.n	10005c5e <tu_edpt_stream_write_xfer+0x1e>
10005cb6:	7823      	ldrb	r3, [r4, #0]
10005cb8:	f013 0f01 	tst.w	r3, #1
10005cbc:	d001      	beq.n	10005cc2 <tu_edpt_stream_write_xfer+0x82>
10005cbe:	2000      	movs	r0, #0
10005cc0:	e7cd      	b.n	10005c5e <tu_edpt_stream_write_xfer+0x1e>
10005cc2:	7861      	ldrb	r1, [r4, #1]
10005cc4:	4630      	mov	r0, r6
10005cc6:	f7fe fbcf 	bl	10004468 <usbd_edpt_release>
10005cca:	e7f8      	b.n	10005cbe <tu_edpt_stream_write_xfer+0x7e>
10005ccc:	2000      	movs	r0, #0
10005cce:	e7c6      	b.n	10005c5e <tu_edpt_stream_write_xfer+0x1e>
10005cd0:	1000b68c 	.word	0x1000b68c
10005cd4:	1000a328 	.word	0x1000a328

10005cd8 <tu_edpt_stream_read_xfer>:
10005cd8:	b5f8      	push	{r3, r4, r5, r6, r7, lr}
10005cda:	4606      	mov	r6, r0
10005cdc:	460c      	mov	r4, r1
10005cde:	898b      	ldrh	r3, [r1, #12]
10005ce0:	bb5b      	cbnz	r3, 10005d3a <tu_edpt_stream_read_xfer+0x62>
10005ce2:	780b      	ldrb	r3, [r1, #0]
10005ce4:	f013 0f01 	tst.w	r3, #1
10005ce8:	d001      	beq.n	10005cee <tu_edpt_stream_read_xfer+0x16>
10005cea:	2000      	movs	r0, #0
10005cec:	bdf8      	pop	{r3, r4, r5, r6, r7, pc}
10005cee:	7849      	ldrb	r1, [r1, #1]
10005cf0:	f7fe fba6 	bl	10004440 <usbd_edpt_claim>
10005cf4:	2800      	cmp	r0, #0
10005cf6:	d0f8      	beq.n	10005cea <tu_edpt_stream_read_xfer+0x12>
10005cf8:	8863      	ldrh	r3, [r4, #2]
10005cfa:	7822      	ldrb	r2, [r4, #0]
10005cfc:	f012 0f01 	tst.w	r2, #1
10005d00:	d00f      	beq.n	10005d22 <tu_edpt_stream_read_xfer+0x4a>
10005d02:	f44f 72d9 	mov.w	r2, #434	@ 0x1b2
10005d06:	4938      	ldr	r1, [pc, #224]	@ (10005de8 <tu_edpt_stream_read_xfer+0x110>)
10005d08:	4838      	ldr	r0, [pc, #224]	@ (10005dec <tu_edpt_stream_read_xfer+0x114>)
10005d0a:	f7fd fb65 	bl	100033d8 <__wrap_printf>
10005d0e:	f04f 23e0 	mov.w	r3, #3758153728	@ 0xe000e000
10005d12:	f8d3 3df0 	ldr.w	r3, [r3, #3568]	@ 0xdf0
10005d16:	f013 0f01 	tst.w	r3, #1
10005d1a:	d000      	beq.n	10005d1e <tu_edpt_stream_read_xfer+0x46>
10005d1c:	be00      	bkpt	0x0000
10005d1e:	2000      	movs	r0, #0
10005d20:	e7e4      	b.n	10005cec <tu_edpt_stream_read_xfer+0x14>
10005d22:	7861      	ldrb	r1, [r4, #1]
10005d24:	b13b      	cbz	r3, 10005d36 <tu_edpt_stream_read_xfer+0x5e>
10005d26:	6862      	ldr	r2, [r4, #4]
10005d28:	4630      	mov	r0, r6
10005d2a:	f7fe fbb1 	bl	10004490 <usbd_edpt_xfer>
10005d2e:	2800      	cmp	r0, #0
10005d30:	d0e7      	beq.n	10005d02 <tu_edpt_stream_read_xfer+0x2a>
10005d32:	8860      	ldrh	r0, [r4, #2]
10005d34:	e7da      	b.n	10005cec <tu_edpt_stream_read_xfer+0x14>
10005d36:	2200      	movs	r2, #0
10005d38:	e7f6      	b.n	10005d28 <tu_edpt_stream_read_xfer+0x50>
10005d3a:	780b      	ldrb	r3, [r1, #0]
10005d3c:	f013 0f02 	tst.w	r3, #2
10005d40:	d00e      	beq.n	10005d60 <tu_edpt_stream_read_xfer+0x88>
10005d42:	f44f 7500 	mov.w	r5, #512	@ 0x200
10005d46:	f104 0708 	add.w	r7, r4, #8
10005d4a:	4638      	mov	r0, r7
10005d4c:	f000 fa2a 	bl	100061a4 <tu_fifo_remaining>
10005d50:	4285      	cmp	r5, r0
10005d52:	d847      	bhi.n	10005de4 <tu_edpt_stream_read_xfer+0x10c>
10005d54:	7823      	ldrb	r3, [r4, #0]
10005d56:	f013 0f01 	tst.w	r3, #1
10005d5a:	d003      	beq.n	10005d64 <tu_edpt_stream_read_xfer+0x8c>
10005d5c:	2000      	movs	r0, #0
10005d5e:	e7c5      	b.n	10005cec <tu_edpt_stream_read_xfer+0x14>
10005d60:	2540      	movs	r5, #64	@ 0x40
10005d62:	e7f0      	b.n	10005d46 <tu_edpt_stream_read_xfer+0x6e>
10005d64:	7861      	ldrb	r1, [r4, #1]
10005d66:	4630      	mov	r0, r6
10005d68:	f7fe fb6a 	bl	10004440 <usbd_edpt_claim>
10005d6c:	2800      	cmp	r0, #0
10005d6e:	d0f5      	beq.n	10005d5c <tu_edpt_stream_read_xfer+0x84>
10005d70:	4638      	mov	r0, r7
10005d72:	f000 fa17 	bl	100061a4 <tu_fifo_remaining>
10005d76:	4285      	cmp	r5, r0
10005d78:	d829      	bhi.n	10005dce <tu_edpt_stream_read_xfer+0xf6>
10005d7a:	426d      	negs	r5, r5
10005d7c:	b2ad      	uxth	r5, r5
10005d7e:	8862      	ldrh	r2, [r4, #2]
10005d80:	ea05 0300 	and.w	r3, r5, r0
10005d84:	4293      	cmp	r3, r2
10005d86:	bf28      	it	cs
10005d88:	4613      	movcs	r3, r2
10005d8a:	461d      	mov	r5, r3
10005d8c:	7823      	ldrb	r3, [r4, #0]
10005d8e:	f013 0f01 	tst.w	r3, #1
10005d92:	d00f      	beq.n	10005db4 <tu_edpt_stream_read_xfer+0xdc>
10005d94:	f240 12c7 	movw	r2, #455	@ 0x1c7
10005d98:	4913      	ldr	r1, [pc, #76]	@ (10005de8 <tu_edpt_stream_read_xfer+0x110>)
10005d9a:	4814      	ldr	r0, [pc, #80]	@ (10005dec <tu_edpt_stream_read_xfer+0x114>)
10005d9c:	f7fd fb1c 	bl	100033d8 <__wrap_printf>
10005da0:	f04f 23e0 	mov.w	r3, #3758153728	@ 0xe000e000
10005da4:	f8d3 3df0 	ldr.w	r3, [r3, #3568]	@ 0xdf0
10005da8:	f013 0f01 	tst.w	r3, #1
10005dac:	d000      	beq.n	10005db0 <tu_edpt_stream_read_xfer+0xd8>
10005dae:	be00      	bkpt	0x0000
10005db0:	2000      	movs	r0, #0
10005db2:	e79b      	b.n	10005cec <tu_edpt_stream_read_xfer+0x14>
10005db4:	7861      	ldrb	r1, [r4, #1]
10005db6:	b145      	cbz	r5, 10005dca <tu_edpt_stream_read_xfer+0xf2>
10005db8:	6862      	ldr	r2, [r4, #4]
10005dba:	462b      	mov	r3, r5
10005dbc:	4630      	mov	r0, r6
10005dbe:	f7fe fb67 	bl	10004490 <usbd_edpt_xfer>
10005dc2:	2800      	cmp	r0, #0
10005dc4:	d0e6      	beq.n	10005d94 <tu_edpt_stream_read_xfer+0xbc>
10005dc6:	4628      	mov	r0, r5
10005dc8:	e790      	b.n	10005cec <tu_edpt_stream_read_xfer+0x14>
10005dca:	2200      	movs	r2, #0
10005dcc:	e7f5      	b.n	10005dba <tu_edpt_stream_read_xfer+0xe2>
10005dce:	7823      	ldrb	r3, [r4, #0]
10005dd0:	f013 0f01 	tst.w	r3, #1
10005dd4:	d001      	beq.n	10005dda <tu_edpt_stream_read_xfer+0x102>
10005dd6:	2000      	movs	r0, #0
10005dd8:	e788      	b.n	10005cec <tu_edpt_stream_read_xfer+0x14>
10005dda:	7861      	ldrb	r1, [r4, #1]
10005ddc:	4630      	mov	r0, r6
10005dde:	f7fe fb43 	bl	10004468 <usbd_edpt_release>
10005de2:	e7f8      	b.n	10005dd6 <tu_edpt_stream_read_xfer+0xfe>
10005de4:	2000      	movs	r0, #0
10005de6:	e781      	b.n	10005cec <tu_edpt_stream_read_xfer+0x14>
10005de8:	1000b670 	.word	0x1000b670
10005dec:	1000a328 	.word	0x1000a328

10005df0 <advance_index>:
10005df0:	4603      	mov	r3, r0
10005df2:	440a      	add	r2, r1
10005df4:	b290      	uxth	r0, r2
10005df6:	4281      	cmp	r1, r0
10005df8:	d802      	bhi.n	10005e00 <advance_index+0x10>
10005dfa:	ebb0 0f43 	cmp.w	r0, r3, lsl #1
10005dfe:	db03      	blt.n	10005e08 <advance_index+0x18>
10005e00:	005b      	lsls	r3, r3, #1
10005e02:	b29b      	uxth	r3, r3
10005e04:	1ac0      	subs	r0, r0, r3
10005e06:	b280      	uxth	r0, r0
10005e08:	4770      	bx	lr

10005e0a <_tu_fifo_peek>:
10005e0a:	b510      	push	{r4, lr}
10005e0c:	4686      	mov	lr, r0
10005e0e:	4608      	mov	r0, r1
10005e10:	f8be c004 	ldrh.w	ip, [lr, #4]
10005e14:	429a      	cmp	r2, r3
10005e16:	d30c      	bcc.n	10005e32 <_tu_fifo_peek+0x28>
10005e18:	1ad4      	subs	r4, r2, r3
10005e1a:	b2a4      	uxth	r4, r4
10005e1c:	b324      	cbz	r4, 10005e68 <_tu_fifo_peek+0x5e>
10005e1e:	45a4      	cmp	ip, r4
10005e20:	d214      	bcs.n	10005e4c <_tu_fifo_peek+0x42>
10005e22:	4594      	cmp	ip, r2
10005e24:	d80c      	bhi.n	10005e40 <_tu_fifo_peek+0x36>
10005e26:	eba2 020c 	sub.w	r2, r2, ip
10005e2a:	b293      	uxth	r3, r2
10005e2c:	f8ae 300a 	strh.w	r3, [lr, #10]
10005e30:	e00c      	b.n	10005e4c <_tu_fifo_peek+0x42>
10005e32:	1ad4      	subs	r4, r2, r3
10005e34:	ea4f 014c 	mov.w	r1, ip, lsl #1
10005e38:	fa11 f484 	uxtah	r4, r1, r4
10005e3c:	b2a4      	uxth	r4, r4
10005e3e:	e7ed      	b.n	10005e1c <_tu_fifo_peek+0x12>
10005e40:	4462      	add	r2, ip
10005e42:	b293      	uxth	r3, r2
10005e44:	e7f2      	b.n	10005e2c <_tu_fifo_peek+0x22>
10005e46:	eba3 030c 	sub.w	r3, r3, ip
10005e4a:	b29b      	uxth	r3, r3
10005e4c:	459c      	cmp	ip, r3
10005e4e:	d9fa      	bls.n	10005e46 <_tu_fifo_peek+0x3c>
10005e50:	f8de 1000 	ldr.w	r1, [lr]
10005e54:	f8be 2006 	ldrh.w	r2, [lr, #6]
10005e58:	f3c2 020e 	ubfx	r2, r2, #0, #15
10005e5c:	fb02 1103 	mla	r1, r2, r3, r1
10005e60:	f003 fc66 	bl	10009730 <memcpy>
10005e64:	2001      	movs	r0, #1
10005e66:	bd10      	pop	{r4, pc}
10005e68:	2000      	movs	r0, #0
10005e6a:	e7fc      	b.n	10005e66 <_tu_fifo_peek+0x5c>

10005e6c <_ff_pull_n>:
10005e6c:	e92d 43f8 	stmdb	sp!, {r3, r4, r5, r6, r7, r8, r9, lr}
10005e70:	4604      	mov	r4, r0
10005e72:	460d      	mov	r5, r1
10005e74:	f89d 8020 	ldrb.w	r8, [sp, #32]
10005e78:	f8b0 c004 	ldrh.w	ip, [r0, #4]
10005e7c:	ebac 0003 	sub.w	r0, ip, r3
10005e80:	b280      	uxth	r0, r0
10005e82:	eba3 0c0c 	sub.w	ip, r3, ip
10005e86:	4494      	add	ip, r2
10005e88:	fa1f fc8c 	uxth.w	ip, ip
10005e8c:	88e1      	ldrh	r1, [r4, #6]
10005e8e:	f3c1 0e0e 	ubfx	lr, r1, #0, #15
10005e92:	46f1      	mov	r9, lr
10005e94:	fb1e f700 	smulbb	r7, lr, r0
10005e98:	fb1e fe0c 	smulbb	lr, lr, ip
10005e9c:	6821      	ldr	r1, [r4, #0]
10005e9e:	fb09 1103 	mla	r1, r9, r3, r1
10005ea2:	f1b8 0f00 	cmp.w	r8, #0
10005ea6:	d109      	bne.n	10005ebc <_ff_pull_n+0x50>
10005ea8:	b2bf      	uxth	r7, r7
10005eaa:	fa1f f68e 	uxth.w	r6, lr
10005eae:	4290      	cmp	r0, r2
10005eb0:	d306      	bcc.n	10005ec0 <_ff_pull_n+0x54>
10005eb2:	fb09 f202 	mul.w	r2, r9, r2
10005eb6:	4628      	mov	r0, r5
10005eb8:	f003 fc3a 	bl	10009730 <memcpy>
10005ebc:	e8bd 83f8 	ldmia.w	sp!, {r3, r4, r5, r6, r7, r8, r9, pc}
10005ec0:	463a      	mov	r2, r7
10005ec2:	4628      	mov	r0, r5
10005ec4:	f003 fc34 	bl	10009730 <memcpy>
10005ec8:	4632      	mov	r2, r6
10005eca:	6821      	ldr	r1, [r4, #0]
10005ecc:	19e8      	adds	r0, r5, r7
10005ece:	f003 fc2f 	bl	10009730 <memcpy>
10005ed2:	e7f3      	b.n	10005ebc <_ff_pull_n+0x50>

10005ed4 <_tu_fifo_peek_n>:
10005ed4:	b530      	push	{r4, r5, lr}
10005ed6:	b083      	sub	sp, #12
10005ed8:	469e      	mov	lr, r3
10005eda:	f8bd 3018 	ldrh.w	r3, [sp, #24]
10005ede:	f8b0 c004 	ldrh.w	ip, [r0, #4]
10005ee2:	459e      	cmp	lr, r3
10005ee4:	d311      	bcc.n	10005f0a <_tu_fifo_peek_n+0x36>
10005ee6:	ebae 0403 	sub.w	r4, lr, r3
10005eea:	b2a4      	uxth	r4, r4
10005eec:	b324      	cbz	r4, 10005f38 <_tu_fifo_peek_n+0x64>
10005eee:	45a4      	cmp	ip, r4
10005ef0:	d207      	bcs.n	10005f02 <_tu_fifo_peek_n+0x2e>
10005ef2:	45f4      	cmp	ip, lr
10005ef4:	d811      	bhi.n	10005f1a <_tu_fifo_peek_n+0x46>
10005ef6:	ebae 0e0c 	sub.w	lr, lr, ip
10005efa:	fa1f f38e 	uxth.w	r3, lr
10005efe:	8143      	strh	r3, [r0, #10]
10005f00:	4664      	mov	r4, ip
10005f02:	4294      	cmp	r4, r2
10005f04:	d310      	bcc.n	10005f28 <_tu_fifo_peek_n+0x54>
10005f06:	4614      	mov	r4, r2
10005f08:	e00e      	b.n	10005f28 <_tu_fifo_peek_n+0x54>
10005f0a:	ebae 0403 	sub.w	r4, lr, r3
10005f0e:	ea4f 054c 	mov.w	r5, ip, lsl #1
10005f12:	fa15 f484 	uxtah	r4, r5, r4
10005f16:	b2a4      	uxth	r4, r4
10005f18:	e7e8      	b.n	10005eec <_tu_fifo_peek_n+0x18>
10005f1a:	44e6      	add	lr, ip
10005f1c:	fa1f f38e 	uxth.w	r3, lr
10005f20:	e7ed      	b.n	10005efe <_tu_fifo_peek_n+0x2a>
10005f22:	eba3 030c 	sub.w	r3, r3, ip
10005f26:	b29b      	uxth	r3, r3
10005f28:	459c      	cmp	ip, r3
10005f2a:	d9fa      	bls.n	10005f22 <_tu_fifo_peek_n+0x4e>
10005f2c:	f89d 201c 	ldrb.w	r2, [sp, #28]
10005f30:	9200      	str	r2, [sp, #0]
10005f32:	4622      	mov	r2, r4
10005f34:	f7ff ff9a 	bl	10005e6c <_ff_pull_n>
10005f38:	4620      	mov	r0, r4
10005f3a:	b003      	add	sp, #12
10005f3c:	bd30      	pop	{r4, r5, pc}

10005f3e <_tu_fifo_read_n>:
10005f3e:	b5f0      	push	{r4, r5, r6, r7, lr}
10005f40:	b083      	sub	sp, #12
10005f42:	4604      	mov	r4, r0
10005f44:	460d      	mov	r5, r1
10005f46:	4616      	mov	r6, r2
10005f48:	461f      	mov	r7, r3
10005f4a:	6900      	ldr	r0, [r0, #16]
10005f4c:	b118      	cbz	r0, 10005f56 <_tu_fifo_read_n+0x18>
10005f4e:	f04f 31ff 	mov.w	r1, #4294967295	@ 0xffffffff
10005f52:	f003 fca1 	bl	10009898 <__mutex_enter_timeout_ms_veneer>
10005f56:	8923      	ldrh	r3, [r4, #8]
10005f58:	8962      	ldrh	r2, [r4, #10]
10005f5a:	b292      	uxth	r2, r2
10005f5c:	9701      	str	r7, [sp, #4]
10005f5e:	9200      	str	r2, [sp, #0]
10005f60:	b29b      	uxth	r3, r3
10005f62:	4632      	mov	r2, r6
10005f64:	4629      	mov	r1, r5
10005f66:	4620      	mov	r0, r4
10005f68:	f7ff ffb4 	bl	10005ed4 <_tu_fifo_peek_n>
10005f6c:	4605      	mov	r5, r0
10005f6e:	8961      	ldrh	r1, [r4, #10]
10005f70:	4602      	mov	r2, r0
10005f72:	b289      	uxth	r1, r1
10005f74:	88a0      	ldrh	r0, [r4, #4]
10005f76:	f7ff ff3b 	bl	10005df0 <advance_index>
10005f7a:	8160      	strh	r0, [r4, #10]
10005f7c:	6920      	ldr	r0, [r4, #16]
10005f7e:	b108      	cbz	r0, 10005f84 <_tu_fifo_read_n+0x46>
10005f80:	f003 fc96 	bl	100098b0 <__mutex_exit_veneer>
10005f84:	4628      	mov	r0, r5
10005f86:	b003      	add	sp, #12
10005f88:	bdf0      	pop	{r4, r5, r6, r7, pc}

10005f8a <_ff_push_n>:
10005f8a:	e92d 41f0 	stmdb	sp!, {r4, r5, r6, r7, r8, lr}
10005f8e:	4604      	mov	r4, r0
10005f90:	460d      	mov	r5, r1
10005f92:	f89d e018 	ldrb.w	lr, [sp, #24]
10005f96:	f8b0 c004 	ldrh.w	ip, [r0, #4]
10005f9a:	ebac 0103 	sub.w	r1, ip, r3
10005f9e:	b289      	uxth	r1, r1
10005fa0:	eba3 0c0c 	sub.w	ip, r3, ip
10005fa4:	4494      	add	ip, r2
10005fa6:	fa1f fc8c 	uxth.w	ip, ip
10005faa:	88c6      	ldrh	r6, [r0, #6]
10005fac:	f3c6 000e 	ubfx	r0, r6, #0, #15
10005fb0:	4680      	mov	r8, r0
10005fb2:	fb10 f701 	smulbb	r7, r0, r1
10005fb6:	fb10 f00c 	smulbb	r0, r0, ip
10005fba:	b286      	uxth	r6, r0
10005fbc:	6820      	ldr	r0, [r4, #0]
10005fbe:	fb08 0003 	mla	r0, r8, r3, r0
10005fc2:	f1be 0f00 	cmp.w	lr, #0
10005fc6:	d107      	bne.n	10005fd8 <_ff_push_n+0x4e>
10005fc8:	b2bf      	uxth	r7, r7
10005fca:	4291      	cmp	r1, r2
10005fcc:	d306      	bcc.n	10005fdc <_ff_push_n+0x52>
10005fce:	fb08 f202 	mul.w	r2, r8, r2
10005fd2:	4629      	mov	r1, r5
10005fd4:	f003 fbac 	bl	10009730 <memcpy>
10005fd8:	e8bd 81f0 	ldmia.w	sp!, {r4, r5, r6, r7, r8, pc}
10005fdc:	463a      	mov	r2, r7
10005fde:	4629      	mov	r1, r5
10005fe0:	f003 fba6 	bl	10009730 <memcpy>
10005fe4:	4632      	mov	r2, r6
10005fe6:	19e9      	adds	r1, r5, r7
10005fe8:	6820      	ldr	r0, [r4, #0]
10005fea:	f003 fba1 	bl	10009730 <memcpy>
10005fee:	e7f3      	b.n	10005fd8 <_ff_push_n+0x4e>

10005ff0 <_tu_fifo_write_n>:
10005ff0:	e92d 43f0 	stmdb	sp!, {r4, r5, r6, r7, r8, r9, lr}
10005ff4:	b083      	sub	sp, #12
10005ff6:	4691      	mov	r9, r2
10005ff8:	2a00      	cmp	r2, #0
10005ffa:	d06f      	beq.n	100060dc <_tu_fifo_write_n+0xec>
10005ffc:	4604      	mov	r4, r0
10005ffe:	4688      	mov	r8, r1
10006000:	461f      	mov	r7, r3
10006002:	68c0      	ldr	r0, [r0, #12]
10006004:	b118      	cbz	r0, 1000600e <_tu_fifo_write_n+0x1e>
10006006:	f04f 31ff 	mov.w	r1, #4294967295	@ 0xffffffff
1000600a:	f003 fc45 	bl	10009898 <__mutex_enter_timeout_ms_veneer>
1000600e:	8926      	ldrh	r6, [r4, #8]
10006010:	b2b6      	uxth	r6, r6
10006012:	f8b4 c00a 	ldrh.w	ip, [r4, #10]
10006016:	fa1f f18c 	uxth.w	r1, ip
1000601a:	79e3      	ldrb	r3, [r4, #7]
1000601c:	09db      	lsrs	r3, r3, #7
1000601e:	d11b      	bne.n	10006058 <_tu_fifo_write_n+0x68>
10006020:	88a5      	ldrh	r5, [r4, #4]
10006022:	428e      	cmp	r6, r1
10006024:	d310      	bcc.n	10006048 <_tu_fifo_write_n+0x58>
10006026:	eba6 0c01 	sub.w	ip, r6, r1
1000602a:	fa1f fc8c 	uxth.w	ip, ip
1000602e:	4565      	cmp	r5, ip
10006030:	d952      	bls.n	100060d8 <_tu_fifo_write_n+0xe8>
10006032:	eba5 050c 	sub.w	r5, r5, ip
10006036:	b2ad      	uxth	r5, r5
10006038:	454d      	cmp	r5, r9
1000603a:	bf28      	it	cs
1000603c:	464d      	movcs	r5, r9
1000603e:	2d00      	cmp	r5, #0
10006040:	d042      	beq.n	100060c8 <_tu_fifo_write_n+0xd8>
10006042:	88a2      	ldrh	r2, [r4, #4]
10006044:	4633      	mov	r3, r6
10006046:	e031      	b.n	100060ac <_tu_fifo_write_n+0xbc>
10006048:	eba6 0c01 	sub.w	ip, r6, r1
1000604c:	006b      	lsls	r3, r5, #1
1000604e:	fa13 fc8c 	uxtah	ip, r3, ip
10006052:	fa1f fc8c 	uxth.w	ip, ip
10006056:	e7ea      	b.n	1000602e <_tu_fifo_write_n+0x3e>
10006058:	88a5      	ldrh	r5, [r4, #4]
1000605a:	454d      	cmp	r5, r9
1000605c:	d809      	bhi.n	10006072 <_tu_fifo_write_n+0x82>
1000605e:	b9ff      	cbnz	r7, 100060a0 <_tu_fifo_write_n+0xb0>
10006060:	eba9 0905 	sub.w	r9, r9, r5
10006064:	88e3      	ldrh	r3, [r4, #6]
10006066:	f3c3 030e 	ubfx	r3, r3, #0, #15
1000606a:	fb03 8809 	mla	r8, r3, r9, r8
1000606e:	460e      	mov	r6, r1
10006070:	e7e5      	b.n	1000603e <_tu_fifo_write_n+0x4e>
10006072:	428e      	cmp	r6, r1
10006074:	d30e      	bcc.n	10006094 <_tu_fifo_write_n+0xa4>
10006076:	1a73      	subs	r3, r6, r1
10006078:	b29b      	uxth	r3, r3
1000607a:	444b      	add	r3, r9
1000607c:	ebb3 0f45 	cmp.w	r3, r5, lsl #1
10006080:	db10      	blt.n	100060a4 <_tu_fifo_write_n+0xb4>
10006082:	eba5 0209 	sub.w	r2, r5, r9
10006086:	b292      	uxth	r2, r2
10006088:	4628      	mov	r0, r5
1000608a:	f7ff feb1 	bl	10005df0 <advance_index>
1000608e:	4606      	mov	r6, r0
10006090:	464d      	mov	r5, r9
10006092:	e7d4      	b.n	1000603e <_tu_fifo_write_n+0x4e>
10006094:	1a73      	subs	r3, r6, r1
10006096:	006a      	lsls	r2, r5, #1
10006098:	fa12 f383 	uxtah	r3, r2, r3
1000609c:	b29b      	uxth	r3, r3
1000609e:	e7ec      	b.n	1000607a <_tu_fifo_write_n+0x8a>
100060a0:	460e      	mov	r6, r1
100060a2:	e7cc      	b.n	1000603e <_tu_fifo_write_n+0x4e>
100060a4:	464d      	mov	r5, r9
100060a6:	e7ca      	b.n	1000603e <_tu_fifo_write_n+0x4e>
100060a8:	1a9b      	subs	r3, r3, r2
100060aa:	b29b      	uxth	r3, r3
100060ac:	429a      	cmp	r2, r3
100060ae:	d9fb      	bls.n	100060a8 <_tu_fifo_write_n+0xb8>
100060b0:	9700      	str	r7, [sp, #0]
100060b2:	462a      	mov	r2, r5
100060b4:	4641      	mov	r1, r8
100060b6:	4620      	mov	r0, r4
100060b8:	f7ff ff67 	bl	10005f8a <_ff_push_n>
100060bc:	462a      	mov	r2, r5
100060be:	4631      	mov	r1, r6
100060c0:	88a0      	ldrh	r0, [r4, #4]
100060c2:	f7ff fe95 	bl	10005df0 <advance_index>
100060c6:	8120      	strh	r0, [r4, #8]
100060c8:	68e0      	ldr	r0, [r4, #12]
100060ca:	b108      	cbz	r0, 100060d0 <_tu_fifo_write_n+0xe0>
100060cc:	f003 fbf0 	bl	100098b0 <__mutex_exit_veneer>
100060d0:	4628      	mov	r0, r5
100060d2:	b003      	add	sp, #12
100060d4:	e8bd 83f0 	ldmia.w	sp!, {r4, r5, r6, r7, r8, r9, pc}
100060d8:	2500      	movs	r5, #0
100060da:	e7f5      	b.n	100060c8 <_tu_fifo_write_n+0xd8>
100060dc:	4615      	mov	r5, r2
100060de:	e7f7      	b.n	100060d0 <_tu_fifo_write_n+0xe0>

100060e0 <tu_fifo_config>:
100060e0:	f5b2 4f00 	cmp.w	r2, #32768	@ 0x8000
100060e4:	d829      	bhi.n	1000613a <tu_fifo_config+0x5a>
100060e6:	b5f8      	push	{r3, r4, r5, r6, r7, lr}
100060e8:	4604      	mov	r4, r0
100060ea:	460f      	mov	r7, r1
100060ec:	4615      	mov	r5, r2
100060ee:	461e      	mov	r6, r3
100060f0:	68c0      	ldr	r0, [r0, #12]
100060f2:	b118      	cbz	r0, 100060fc <tu_fifo_config+0x1c>
100060f4:	f04f 31ff 	mov.w	r1, #4294967295	@ 0xffffffff
100060f8:	f003 fbce 	bl	10009898 <__mutex_enter_timeout_ms_veneer>
100060fc:	6920      	ldr	r0, [r4, #16]
100060fe:	b118      	cbz	r0, 10006108 <tu_fifo_config+0x28>
10006100:	f04f 31ff 	mov.w	r1, #4294967295	@ 0xffffffff
10006104:	f003 fbc8 	bl	10009898 <__mutex_enter_timeout_ms_veneer>
10006108:	6027      	str	r7, [r4, #0]
1000610a:	80a5      	strh	r5, [r4, #4]
1000610c:	88e3      	ldrh	r3, [r4, #6]
1000610e:	f366 030e 	bfi	r3, r6, #0, #15
10006112:	80e3      	strh	r3, [r4, #6]
10006114:	79e3      	ldrb	r3, [r4, #7]
10006116:	f89d 2018 	ldrb.w	r2, [sp, #24]
1000611a:	f362 13c7 	bfi	r3, r2, #7, #1
1000611e:	71e3      	strb	r3, [r4, #7]
10006120:	2300      	movs	r3, #0
10006122:	8163      	strh	r3, [r4, #10]
10006124:	8123      	strh	r3, [r4, #8]
10006126:	68e0      	ldr	r0, [r4, #12]
10006128:	b108      	cbz	r0, 1000612e <tu_fifo_config+0x4e>
1000612a:	f003 fbc1 	bl	100098b0 <__mutex_exit_veneer>
1000612e:	6920      	ldr	r0, [r4, #16]
10006130:	b128      	cbz	r0, 1000613e <tu_fifo_config+0x5e>
10006132:	f003 fbbd 	bl	100098b0 <__mutex_exit_veneer>
10006136:	2001      	movs	r0, #1
10006138:	bdf8      	pop	{r3, r4, r5, r6, r7, pc}
1000613a:	2000      	movs	r0, #0
1000613c:	4770      	bx	lr
1000613e:	2001      	movs	r0, #1
10006140:	e7fa      	b.n	10006138 <tu_fifo_config+0x58>

10006142 <tu_fifo_count>:
10006142:	4602      	mov	r2, r0
10006144:	8880      	ldrh	r0, [r0, #4]
10006146:	8913      	ldrh	r3, [r2, #8]
10006148:	b29b      	uxth	r3, r3
1000614a:	8952      	ldrh	r2, [r2, #10]
1000614c:	b292      	uxth	r2, r2
1000614e:	4293      	cmp	r3, r2
10006150:	d305      	bcc.n	1000615e <tu_fifo_count+0x1c>
10006152:	1a9b      	subs	r3, r3, r2
10006154:	b29b      	uxth	r3, r3
10006156:	4298      	cmp	r0, r3
10006158:	bf28      	it	cs
1000615a:	4618      	movcs	r0, r3
1000615c:	4770      	bx	lr
1000615e:	1a9b      	subs	r3, r3, r2
10006160:	0042      	lsls	r2, r0, #1
10006162:	fa12 f383 	uxtah	r3, r2, r3
10006166:	b29b      	uxth	r3, r3
10006168:	e7f5      	b.n	10006156 <tu_fifo_count+0x14>

1000616a <tu_fifo_empty>:
1000616a:	8902      	ldrh	r2, [r0, #8]
1000616c:	b292      	uxth	r2, r2
1000616e:	8943      	ldrh	r3, [r0, #10]
10006170:	b29b      	uxth	r3, r3
10006172:	429a      	cmp	r2, r3
10006174:	bf14      	ite	ne
10006176:	2000      	movne	r0, #0
10006178:	2001      	moveq	r0, #1
1000617a:	4770      	bx	lr

1000617c <tu_fifo_full>:
1000617c:	8881      	ldrh	r1, [r0, #4]
1000617e:	8903      	ldrh	r3, [r0, #8]
10006180:	b29b      	uxth	r3, r3
10006182:	8942      	ldrh	r2, [r0, #10]
10006184:	b292      	uxth	r2, r2
10006186:	4293      	cmp	r3, r2
10006188:	d306      	bcc.n	10006198 <tu_fifo_full+0x1c>
1000618a:	1a9b      	subs	r3, r3, r2
1000618c:	b298      	uxth	r0, r3
1000618e:	4281      	cmp	r1, r0
10006190:	bf8c      	ite	hi
10006192:	2000      	movhi	r0, #0
10006194:	2001      	movls	r0, #1
10006196:	4770      	bx	lr
10006198:	1a9b      	subs	r3, r3, r2
1000619a:	004a      	lsls	r2, r1, #1
1000619c:	fa12 f383 	uxtah	r3, r2, r3
100061a0:	b298      	uxth	r0, r3
100061a2:	e7f4      	b.n	1000618e <tu_fifo_full+0x12>

100061a4 <tu_fifo_remaining>:
100061a4:	8882      	ldrh	r2, [r0, #4]
100061a6:	8903      	ldrh	r3, [r0, #8]
100061a8:	b29b      	uxth	r3, r3
100061aa:	8941      	ldrh	r1, [r0, #10]
100061ac:	b289      	uxth	r1, r1
100061ae:	428b      	cmp	r3, r1
100061b0:	d306      	bcc.n	100061c0 <tu_fifo_remaining+0x1c>
100061b2:	1a5b      	subs	r3, r3, r1
100061b4:	b29b      	uxth	r3, r3
100061b6:	429a      	cmp	r2, r3
100061b8:	d908      	bls.n	100061cc <tu_fifo_remaining+0x28>
100061ba:	1ad0      	subs	r0, r2, r3
100061bc:	b280      	uxth	r0, r0
100061be:	4770      	bx	lr
100061c0:	1a5b      	subs	r3, r3, r1
100061c2:	0051      	lsls	r1, r2, #1
100061c4:	fa11 f383 	uxtah	r3, r1, r3
100061c8:	b29b      	uxth	r3, r3
100061ca:	e7f4      	b.n	100061b6 <tu_fifo_remaining+0x12>
100061cc:	2000      	movs	r0, #0
100061ce:	4770      	bx	lr

100061d0 <tu_fifo_read>:
100061d0:	b538      	push	{r3, r4, r5, lr}
100061d2:	4604      	mov	r4, r0
100061d4:	460d      	mov	r5, r1
100061d6:	6900      	ldr	r0, [r0, #16]
100061d8:	b118      	cbz	r0, 100061e2 <tu_fifo_read+0x12>
100061da:	f04f 31ff 	mov.w	r1, #4294967295	@ 0xffffffff
100061de:	f003 fb5b 	bl	10009898 <__mutex_enter_timeout_ms_veneer>
100061e2:	8922      	ldrh	r2, [r4, #8]
100061e4:	8963      	ldrh	r3, [r4, #10]
100061e6:	b29b      	uxth	r3, r3
100061e8:	b292      	uxth	r2, r2
100061ea:	4629      	mov	r1, r5
100061ec:	4620      	mov	r0, r4
100061ee:	f7ff fe0c 	bl	10005e0a <_tu_fifo_peek>
100061f2:	4605      	mov	r5, r0
100061f4:	8961      	ldrh	r1, [r4, #10]
100061f6:	4602      	mov	r2, r0
100061f8:	b289      	uxth	r1, r1
100061fa:	88a0      	ldrh	r0, [r4, #4]
100061fc:	f7ff fdf8 	bl	10005df0 <advance_index>
10006200:	8160      	strh	r0, [r4, #10]
10006202:	6920      	ldr	r0, [r4, #16]
10006204:	b108      	cbz	r0, 1000620a <tu_fifo_read+0x3a>
10006206:	f003 fb53 	bl	100098b0 <__mutex_exit_veneer>
1000620a:	4628      	mov	r0, r5
1000620c:	bd38      	pop	{r3, r4, r5, pc}

1000620e <tu_fifo_read_n>:
1000620e:	b508      	push	{r3, lr}
10006210:	2300      	movs	r3, #0
10006212:	f7ff fe94 	bl	10005f3e <_tu_fifo_read_n>
10006216:	bd08      	pop	{r3, pc}

10006218 <tu_fifo_write>:
10006218:	b5f8      	push	{r3, r4, r5, r6, r7, lr}
1000621a:	4604      	mov	r4, r0
1000621c:	460e      	mov	r6, r1
1000621e:	68c0      	ldr	r0, [r0, #12]
10006220:	b118      	cbz	r0, 1000622a <tu_fifo_write+0x12>
10006222:	f04f 31ff 	mov.w	r1, #4294967295	@ 0xffffffff
10006226:	f003 fb37 	bl	10009898 <__mutex_enter_timeout_ms_veneer>
1000622a:	8925      	ldrh	r5, [r4, #8]
1000622c:	b2ad      	uxth	r5, r5
1000622e:	4620      	mov	r0, r4
10006230:	f7ff ffa4 	bl	1000617c <tu_fifo_full>
10006234:	b110      	cbz	r0, 1000623c <tu_fifo_write+0x24>
10006236:	79e7      	ldrb	r7, [r4, #7]
10006238:	09ff      	lsrs	r7, r7, #7
1000623a:	d016      	beq.n	1000626a <tu_fifo_write+0x52>
1000623c:	88a2      	ldrh	r2, [r4, #4]
1000623e:	462b      	mov	r3, r5
10006240:	e001      	b.n	10006246 <tu_fifo_write+0x2e>
10006242:	1a9b      	subs	r3, r3, r2
10006244:	b29b      	uxth	r3, r3
10006246:	429a      	cmp	r2, r3
10006248:	d9fb      	bls.n	10006242 <tu_fifo_write+0x2a>
1000624a:	6820      	ldr	r0, [r4, #0]
1000624c:	88e2      	ldrh	r2, [r4, #6]
1000624e:	f3c2 020e 	ubfx	r2, r2, #0, #15
10006252:	4631      	mov	r1, r6
10006254:	fb02 0003 	mla	r0, r2, r3, r0
10006258:	f003 fa6a 	bl	10009730 <memcpy>
1000625c:	2201      	movs	r2, #1
1000625e:	4629      	mov	r1, r5
10006260:	88a0      	ldrh	r0, [r4, #4]
10006262:	f7ff fdc5 	bl	10005df0 <advance_index>
10006266:	8120      	strh	r0, [r4, #8]
10006268:	2701      	movs	r7, #1
1000626a:	68e0      	ldr	r0, [r4, #12]
1000626c:	b108      	cbz	r0, 10006272 <tu_fifo_write+0x5a>
1000626e:	f003 fb1f 	bl	100098b0 <__mutex_exit_veneer>
10006272:	4638      	mov	r0, r7
10006274:	bdf8      	pop	{r3, r4, r5, r6, r7, pc}

10006276 <tu_fifo_write_n>:
10006276:	b508      	push	{r3, lr}
10006278:	2300      	movs	r3, #0
1000627a:	f7ff feb9 	bl	10005ff0 <_tu_fifo_write_n>
1000627e:	bd08      	pop	{r3, pc}

10006280 <tu_fifo_clear>:
10006280:	b510      	push	{r4, lr}
10006282:	4604      	mov	r4, r0
10006284:	68c0      	ldr	r0, [r0, #12]
10006286:	b118      	cbz	r0, 10006290 <tu_fifo_clear+0x10>
10006288:	f04f 31ff 	mov.w	r1, #4294967295	@ 0xffffffff
1000628c:	f003 fb04 	bl	10009898 <__mutex_enter_timeout_ms_veneer>
10006290:	6920      	ldr	r0, [r4, #16]
10006292:	b118      	cbz	r0, 1000629c <tu_fifo_clear+0x1c>
10006294:	f04f 31ff 	mov.w	r1, #4294967295	@ 0xffffffff
10006298:	f003 fafe 	bl	10009898 <__mutex_enter_timeout_ms_veneer>
1000629c:	2300      	movs	r3, #0
1000629e:	8163      	strh	r3, [r4, #10]
100062a0:	8123      	strh	r3, [r4, #8]
100062a2:	68e0      	ldr	r0, [r4, #12]
100062a4:	b108      	cbz	r0, 100062aa <tu_fifo_clear+0x2a>
100062a6:	f003 fb03 	bl	100098b0 <__mutex_exit_veneer>
100062aa:	6920      	ldr	r0, [r4, #16]
100062ac:	b108      	cbz	r0, 100062b2 <tu_fifo_clear+0x32>
100062ae:	f003 faff 	bl	100098b0 <__mutex_exit_veneer>
100062b2:	2001      	movs	r0, #1
100062b4:	bd10      	pop	{r4, pc}

100062b6 <tu_fifo_set_overwritable>:
100062b6:	b538      	push	{r3, r4, r5, lr}
100062b8:	4604      	mov	r4, r0
100062ba:	460d      	mov	r5, r1
100062bc:	68c0      	ldr	r0, [r0, #12]
100062be:	b118      	cbz	r0, 100062c8 <tu_fifo_set_overwritable+0x12>
100062c0:	f04f 31ff 	mov.w	r1, #4294967295	@ 0xffffffff
100062c4:	f003 fae8 	bl	10009898 <__mutex_enter_timeout_ms_veneer>
100062c8:	6920      	ldr	r0, [r4, #16]
100062ca:	b118      	cbz	r0, 100062d4 <tu_fifo_set_overwritable+0x1e>
100062cc:	f04f 31ff 	mov.w	r1, #4294967295	@ 0xffffffff
100062d0:	f003 fae2 	bl	10009898 <__mutex_enter_timeout_ms_veneer>
100062d4:	79e3      	ldrb	r3, [r4, #7]
100062d6:	f365 13c7 	bfi	r3, r5, #7, #1
100062da:	71e3      	strb	r3, [r4, #7]
100062dc:	68e0      	ldr	r0, [r4, #12]
100062de:	b108      	cbz	r0, 100062e4 <tu_fifo_set_overwritable+0x2e>
100062e0:	f003 fae6 	bl	100098b0 <__mutex_exit_veneer>
100062e4:	6920      	ldr	r0, [r4, #16]
100062e6:	b108      	cbz	r0, 100062ec <tu_fifo_set_overwritable+0x36>
100062e8:	f003 fae2 	bl	100098b0 <__mutex_exit_veneer>
100062ec:	2001      	movs	r0, #1
100062ee:	bd38      	pop	{r3, r4, r5, pc}

100062f0 <cyw43_arch_set_async_context>:
100062f0:	4b01      	ldr	r3, [pc, #4]	@ (100062f8 <cyw43_arch_set_async_context+0x8>)
100062f2:	6018      	str	r0, [r3, #0]
100062f4:	4770      	bx	lr
100062f6:	bf00      	nop
100062f8:	200018b4 	.word	0x200018b4

100062fc <cyw43_arch_gpio_put>:
100062fc:	b508      	push	{r3, lr}
100062fe:	460a      	mov	r2, r1
10006300:	4601      	mov	r1, r0
10006302:	4802      	ldr	r0, [pc, #8]	@ (1000630c <cyw43_arch_gpio_put+0x10>)
10006304:	f002 f94e 	bl	100085a4 <cyw43_gpio_set>
10006308:	bd08      	pop	{r3, pc}
1000630a:	bf00      	nop
1000630c:	20001928 	.word	0x20001928

10006310 <cyw43_arch_async_context>:
10006310:	4b01      	ldr	r3, [pc, #4]	@ (10006318 <cyw43_arch_async_context+0x8>)
10006312:	6818      	ldr	r0, [r3, #0]
10006314:	4770      	bx	lr
10006316:	bf00      	nop
10006318:	200018b4 	.word	0x200018b4

1000631c <cyw43_arch_init_default_async_context>:
1000631c:	b510      	push	{r4, lr}
1000631e:	b082      	sub	sp, #8
10006320:	4668      	mov	r0, sp
10006322:	f002 ffdd 	bl	100092e0 <async_context_threadsafe_background_default_config>
10006326:	4669      	mov	r1, sp
10006328:	4803      	ldr	r0, [pc, #12]	@ (10006338 <cyw43_arch_init_default_async_context+0x1c>)
1000632a:	f002 ffdf 	bl	100092ec <async_context_threadsafe_background_init>
1000632e:	b100      	cbz	r0, 10006332 <cyw43_arch_init_default_async_context+0x16>
10006330:	4801      	ldr	r0, [pc, #4]	@ (10006338 <cyw43_arch_init_default_async_context+0x1c>)
10006332:	b002      	add	sp, #8
10006334:	bd10      	pop	{r4, pc}
10006336:	bf00      	nop
10006338:	20001120 	.word	0x20001120

1000633c <cyw43_arch_deinit>:
1000633c:	b510      	push	{r4, lr}
1000633e:	f7ff ffe7 	bl	10006310 <cyw43_arch_async_context>
10006342:	4604      	mov	r4, r0
10006344:	f002 fd18 	bl	10008d78 <cyw43_driver_deinit>
10006348:	4b05      	ldr	r3, [pc, #20]	@ (10006360 <cyw43_arch_deinit+0x24>)
1000634a:	429c      	cmp	r4, r3
1000634c:	d000      	beq.n	10006350 <cyw43_arch_deinit+0x14>
1000634e:	bd10      	pop	{r4, pc}
10006350:	6823      	ldr	r3, [r4, #0]
10006352:	6b5b      	ldr	r3, [r3, #52]	@ 0x34
10006354:	4620      	mov	r0, r4
10006356:	4798      	blx	r3
10006358:	2000      	movs	r0, #0
1000635a:	f7ff ffc9 	bl	100062f0 <cyw43_arch_set_async_context>
1000635e:	e7f6      	b.n	1000634e <cyw43_arch_deinit+0x12>
10006360:	20001120 	.word	0x20001120

10006364 <cyw43_arch_init>:
10006364:	b510      	push	{r4, lr}
10006366:	f7ff ffd3 	bl	10006310 <cyw43_arch_async_context>
1000636a:	4604      	mov	r4, r0
1000636c:	b128      	cbz	r0, 1000637a <cyw43_arch_init+0x16>
1000636e:	4620      	mov	r0, r4
10006370:	f002 fce6 	bl	10008d40 <cyw43_driver_init>
10006374:	b140      	cbz	r0, 10006388 <cyw43_arch_init+0x24>
10006376:	2000      	movs	r0, #0
10006378:	bd10      	pop	{r4, pc}
1000637a:	f7ff ffcf 	bl	1000631c <cyw43_arch_init_default_async_context>
1000637e:	4604      	mov	r4, r0
10006380:	b138      	cbz	r0, 10006392 <cyw43_arch_init+0x2e>
10006382:	f7ff ffb5 	bl	100062f0 <cyw43_arch_set_async_context>
10006386:	e7f2      	b.n	1000636e <cyw43_arch_init+0xa>
10006388:	f7ff ffd8 	bl	1000633c <cyw43_arch_deinit>
1000638c:	f04f 30ff 	mov.w	r0, #4294967295	@ 0xffffffff
10006390:	e7f2      	b.n	10006378 <cyw43_arch_init+0x14>
10006392:	f04f 30ff 	mov.w	r0, #4294967295	@ 0xffffffff
10006396:	e7ef      	b.n	10006378 <cyw43_arch_init+0x14>

10006398 <pio_get_default_sm_config>:
10006398:	2200      	movs	r2, #0
1000639a:	6002      	str	r2, [r0, #0]
1000639c:	6042      	str	r2, [r0, #4]
1000639e:	6082      	str	r2, [r0, #8]
100063a0:	60c2      	str	r2, [r0, #12]
100063a2:	f44f 3280 	mov.w	r2, #65536	@ 0x10000
100063a6:	6002      	str	r2, [r0, #0]
100063a8:	f44f 32f8 	mov.w	r2, #126976	@ 0x1f000
100063ac:	6042      	str	r2, [r0, #4]
100063ae:	f44f 2280 	mov.w	r2, #262144	@ 0x40000
100063b2:	6082      	str	r2, [r0, #8]
100063b4:	f44f 2240 	mov.w	r2, #786432	@ 0xc0000
100063b8:	6082      	str	r2, [r0, #8]
100063ba:	4770      	bx	lr

100063bc <spi_gap01_sample0_program_get_default_config>:
100063bc:	b538      	push	{r3, r4, r5, lr}
100063be:	4604      	mov	r4, r0
100063c0:	460d      	mov	r5, r1
100063c2:	f7ff ffe9 	bl	10006398 <pio_get_default_sm_config>
100063c6:	1d6a      	adds	r2, r5, #5
100063c8:	6863      	ldr	r3, [r4, #4]
100063ca:	f36f 13d0 	bfc	r3, #7, #10
100063ce:	ea43 11c5 	orr.w	r1, r3, r5, lsl #7
100063d2:	ea41 3102 	orr.w	r1, r1, r2, lsl #12
100063d6:	6061      	str	r1, [r4, #4]
100063d8:	68e3      	ldr	r3, [r4, #12]
100063da:	f023 4360 	bic.w	r3, r3, #3758096384	@ 0xe0000000
100063de:	f043 5300 	orr.w	r3, r3, #536870912	@ 0x20000000
100063e2:	60e3      	str	r3, [r4, #12]
100063e4:	f021 41c0 	bic.w	r1, r1, #1610612736	@ 0x60000000
100063e8:	6061      	str	r1, [r4, #4]
100063ea:	4620      	mov	r0, r4
100063ec:	bd38      	pop	{r3, r4, r5, pc}

100063ee <cs_set>:
100063ee:	2319      	movs	r3, #25
100063f0:	ec40 3040 	gpioc_bit_out_put r3, r0
100063f4:	4770      	bx	lr
	...

100063f8 <channel_config_set_chain_to>:
100063f8:	b508      	push	{r3, lr}
100063fa:	2910      	cmp	r1, #16
100063fc:	d806      	bhi.n	1000640c <channel_config_set_chain_to+0x14>
100063fe:	6803      	ldr	r3, [r0, #0]
10006400:	f423 33f0 	bic.w	r3, r3, #122880	@ 0x1e000
10006404:	ea43 3141 	orr.w	r1, r3, r1, lsl #13
10006408:	6001      	str	r1, [r0, #0]
1000640a:	bd08      	pop	{r3, pc}
1000640c:	4b03      	ldr	r3, [pc, #12]	@ (1000641c <channel_config_set_chain_to+0x24>)
1000640e:	4a04      	ldr	r2, [pc, #16]	@ (10006420 <channel_config_set_chain_to+0x28>)
10006410:	f240 1129 	movw	r1, #297	@ 0x129
10006414:	4803      	ldr	r0, [pc, #12]	@ (10006424 <channel_config_set_chain_to+0x2c>)
10006416:	f7fc fe7b 	bl	10003110 <__assert_func>
1000641a:	bf00      	nop
1000641c:	1000a340 	.word	0x1000a340
10006420:	1000b748 	.word	0x1000b748
10006424:	1000a360 	.word	0x1000a360

10006428 <dma_channel_get_default_config>:
10006428:	b500      	push	{lr}
1000642a:	b083      	sub	sp, #12
1000642c:	4601      	mov	r1, r0
1000642e:	2300      	movs	r3, #0
10006430:	9301      	str	r3, [sp, #4]
10006432:	2310      	movs	r3, #16
10006434:	9301      	str	r3, [sp, #4]
10006436:	f503 03fc 	add.w	r3, r3, #8257536	@ 0x7e0000
1000643a:	9301      	str	r3, [sp, #4]
1000643c:	a801      	add	r0, sp, #4
1000643e:	f7ff ffdb 	bl	100063f8 <channel_config_set_chain_to>
10006442:	9b01      	ldr	r3, [sp, #4]
10006444:	f023 020c 	bic.w	r2, r3, #12
10006448:	f042 0208 	orr.w	r2, r2, #8
1000644c:	9201      	str	r2, [sp, #4]
1000644e:	f423 52f8 	bic.w	r2, r3, #7936	@ 0x1f00
10006452:	f022 020c 	bic.w	r2, r2, #12
10006456:	f042 0208 	orr.w	r2, r2, #8
1000645a:	9201      	str	r2, [sp, #4]
1000645c:	4a0c      	ldr	r2, [pc, #48]	@ (10006490 <dma_channel_get_default_config+0x68>)
1000645e:	401a      	ands	r2, r3
10006460:	f042 0208 	orr.w	r2, r2, #8
10006464:	9201      	str	r2, [sp, #4]
10006466:	4a0b      	ldr	r2, [pc, #44]	@ (10006494 <dma_channel_get_default_config+0x6c>)
10006468:	401a      	ands	r2, r3
1000646a:	f042 0108 	orr.w	r1, r2, #8
1000646e:	9101      	str	r1, [sp, #4]
10006470:	f042 0209 	orr.w	r2, r2, #9
10006474:	9201      	str	r2, [sp, #4]
10006476:	4a08      	ldr	r2, [pc, #32]	@ (10006498 <dma_channel_get_default_config+0x70>)
10006478:	401a      	ands	r2, r3
1000647a:	f042 0209 	orr.w	r2, r2, #9
1000647e:	9201      	str	r2, [sp, #4]
10006480:	4806      	ldr	r0, [pc, #24]	@ (1000649c <dma_channel_get_default_config+0x74>)
10006482:	4018      	ands	r0, r3
10006484:	f040 0009 	orr.w	r0, r0, #9
10006488:	9001      	str	r0, [sp, #4]
1000648a:	b003      	add	sp, #12
1000648c:	f85d fb04 	ldr.w	pc, [sp], #4
10006490:	feffe0f3 	.word	0xfeffe0f3
10006494:	fe7fe0f3 	.word	0xfe7fe0f3
10006498:	fc7fe0f3 	.word	0xfc7fe0f3
1000649c:	fc7fe0f1 	.word	0xfc7fe0f1

100064a0 <channel_config_set_dreq>:
100064a0:	b508      	push	{r3, lr}
100064a2:	293f      	cmp	r1, #63	@ 0x3f
100064a4:	d806      	bhi.n	100064b4 <channel_config_set_dreq+0x14>
100064a6:	6803      	ldr	r3, [r0, #0]
100064a8:	f423 03fc 	bic.w	r3, r3, #8257536	@ 0x7e0000
100064ac:	ea43 4141 	orr.w	r1, r3, r1, lsl #17
100064b0:	6001      	str	r1, [r0, #0]
100064b2:	bd08      	pop	{r3, pc}
100064b4:	4b03      	ldr	r3, [pc, #12]	@ (100064c4 <channel_config_set_dreq+0x24>)
100064b6:	4a04      	ldr	r2, [pc, #16]	@ (100064c8 <channel_config_set_dreq+0x28>)
100064b8:	f240 111b 	movw	r1, #283	@ 0x11b
100064bc:	4803      	ldr	r0, [pc, #12]	@ (100064cc <channel_config_set_dreq+0x2c>)
100064be:	f7fc fe27 	bl	10003110 <__assert_func>
100064c2:	bf00      	nop
100064c4:	1000a3b4 	.word	0x1000a3b4
100064c8:	1000b730 	.word	0x1000b730
100064cc:	1000a360 	.word	0x1000a360

100064d0 <start_spi_comms>:
100064d0:	b510      	push	{r4, lr}
100064d2:	f8d0 484c 	ldr.w	r4, [r0, #2124]	@ 0x84c
100064d6:	6821      	ldr	r1, [r4, #0]
100064d8:	f101 412f 	add.w	r1, r1, #2936012800	@ 0xaf000000
100064dc:	f501 0160 	add.w	r1, r1, #14680064	@ 0xe00000
100064e0:	0d09      	lsrs	r1, r1, #20
100064e2:	3106      	adds	r1, #6
100064e4:	b2c9      	uxtb	r1, r1
100064e6:	2018      	movs	r0, #24
100064e8:	f7f9 feec 	bl	100002c4 <gpio_set_function>
100064ec:	6821      	ldr	r1, [r4, #0]
100064ee:	f101 412f 	add.w	r1, r1, #2936012800	@ 0xaf000000
100064f2:	f501 0160 	add.w	r1, r1, #14680064	@ 0xe00000
100064f6:	0d09      	lsrs	r1, r1, #20
100064f8:	3106      	adds	r1, #6
100064fa:	b2c9      	uxtb	r1, r1
100064fc:	201d      	movs	r0, #29
100064fe:	f7f9 fee1 	bl	100002c4 <gpio_set_function>
10006502:	2201      	movs	r2, #1
10006504:	2100      	movs	r1, #0
10006506:	201d      	movs	r0, #29
10006508:	f7f9 fef8 	bl	100002fc <gpio_set_pulls>
1000650c:	2000      	movs	r0, #0
1000650e:	f7ff ff6e 	bl	100063ee <cs_set>
10006512:	bd10      	pop	{r4, pc}

10006514 <ns_delay>:
10006514:	b510      	push	{r4, lr}
10006516:	4604      	mov	r4, r0
10006518:	2005      	movs	r0, #5
1000651a:	f7fb f91d 	bl	10001758 <clock_get_hz>
1000651e:	0c03      	lsrs	r3, r0, #16
10006520:	fb04 f303 	mul.w	r3, r4, r3
10006524:	085b      	lsrs	r3, r3, #1
10006526:	4a03      	ldr	r2, [pc, #12]	@ (10006534 <ns_delay+0x20>)
10006528:	fba2 2303 	umull	r2, r3, r2, r3
1000652c:	0a1b      	lsrs	r3, r3, #8
1000652e:	3b03      	subs	r3, #3
10006530:	d2fd      	bcs.n	1000652e <ns_delay+0x1a>
10006532:	bd10      	pop	{r4, pc}
10006534:	08972311 	.word	0x08972311

10006538 <stop_spi_comms>:
10006538:	b508      	push	{r3, lr}
1000653a:	2001      	movs	r0, #1
1000653c:	f7ff ff57 	bl	100063ee <cs_set>
10006540:	2064      	movs	r0, #100	@ 0x64
10006542:	f7ff ffe7 	bl	10006514 <ns_delay>
10006546:	bd08      	pop	{r3, pc}

10006548 <cyw43_spi_deinit>:
10006548:	b538      	push	{r3, r4, r5, lr}
1000654a:	f8d0 484c 	ldr.w	r4, [r0, #2124]	@ 0x84c
1000654e:	b1a4      	cbz	r4, 1000657a <cyw43_spi_deinit+0x32>
10006550:	4605      	mov	r5, r0
10006552:	6821      	ldr	r1, [r4, #0]
10006554:	b131      	cbz	r1, 10006564 <cyw43_spi_deinit+0x1c>
10006556:	6863      	ldr	r3, [r4, #4]
10006558:	68a2      	ldr	r2, [r4, #8]
1000655a:	4811      	ldr	r0, [pc, #68]	@ (100065a0 <cyw43_spi_deinit+0x58>)
1000655c:	f002 fa58 	bl	10008a10 <pio_remove_program_and_unclaim_sm>
10006560:	2300      	movs	r3, #0
10006562:	6023      	str	r3, [r4, #0]
10006564:	f994 000c 	ldrsb.w	r0, [r4, #12]
10006568:	2800      	cmp	r0, #0
1000656a:	da07      	bge.n	1000657c <cyw43_spi_deinit+0x34>
1000656c:	f994 000d 	ldrsb.w	r0, [r4, #13]
10006570:	2800      	cmp	r0, #0
10006572:	da0c      	bge.n	1000658e <cyw43_spi_deinit+0x46>
10006574:	2300      	movs	r3, #0
10006576:	f8c5 384c 	str.w	r3, [r5, #2124]	@ 0x84c
1000657a:	bd38      	pop	{r3, r4, r5, pc}
1000657c:	f002 fa70 	bl	10008a60 <dma_channel_cleanup>
10006580:	f994 000c 	ldrsb.w	r0, [r4, #12]
10006584:	f002 fa52 	bl	10008a2c <dma_channel_unclaim>
10006588:	23ff      	movs	r3, #255	@ 0xff
1000658a:	7323      	strb	r3, [r4, #12]
1000658c:	e7ee      	b.n	1000656c <cyw43_spi_deinit+0x24>
1000658e:	f002 fa67 	bl	10008a60 <dma_channel_cleanup>
10006592:	f994 000d 	ldrsb.w	r0, [r4, #13]
10006596:	f002 fa49 	bl	10008a2c <dma_channel_unclaim>
1000659a:	23ff      	movs	r3, #255	@ 0xff
1000659c:	7363      	strb	r3, [r4, #13]
1000659e:	e7e9      	b.n	10006574 <cyw43_spi_deinit+0x2c>
100065a0:	1000b788 	.word	0x1000b788

100065a4 <cyw43_spi_init>:
100065a4:	b5f0      	push	{r4, r5, r6, r7, lr}
100065a6:	b089      	sub	sp, #36	@ 0x24
100065a8:	f8d0 384c 	ldr.w	r3, [r0, #2124]	@ 0x84c
100065ac:	2b00      	cmp	r3, #0
100065ae:	f040 80b9 	bne.w	10006724 <cyw43_spi_init+0x180>
100065b2:	4605      	mov	r5, r0
100065b4:	4964      	ldr	r1, [pc, #400]	@ (10006748 <cyw43_spi_init+0x1a4>)
100065b6:	f8c0 184c 	str.w	r1, [r0, #2124]	@ 0x84c
100065ba:	2300      	movs	r3, #0
100065bc:	600b      	str	r3, [r1, #0]
100065be:	23ff      	movs	r3, #255	@ 0xff
100065c0:	734b      	strb	r3, [r1, #13]
100065c2:	730b      	strb	r3, [r1, #12]
100065c4:	2301      	movs	r3, #1
100065c6:	9302      	str	r3, [sp, #8]
100065c8:	2306      	movs	r3, #6
100065ca:	9301      	str	r3, [sp, #4]
100065cc:	2318      	movs	r3, #24
100065ce:	9300      	str	r3, [sp, #0]
100065d0:	1d0b      	adds	r3, r1, #4
100065d2:	f101 0208 	add.w	r2, r1, #8
100065d6:	485d      	ldr	r0, [pc, #372]	@ (1000674c <cyw43_spi_init+0x1a8>)
100065d8:	f002 f9a3 	bl	10008922 <pio_claim_free_sm_and_add_program_for_gpio_range>
100065dc:	2800      	cmp	r0, #0
100065de:	f000 80a7 	beq.w	10006730 <cyw43_spi_init+0x18c>
100065e2:	4c59      	ldr	r4, [pc, #356]	@ (10006748 <cyw43_spi_init+0x1a4>)
100065e4:	6861      	ldr	r1, [r4, #4]
100065e6:	a804      	add	r0, sp, #16
100065e8:	f7ff fee8 	bl	100063bc <spi_gap01_sample0_program_get_default_config>
100065ec:	f44f 3300 	mov.w	r3, #131072	@ 0x20000
100065f0:	9304      	str	r3, [sp, #16]
100065f2:	4957      	ldr	r1, [pc, #348]	@ (10006750 <cyw43_spi_init+0x1ac>)
100065f4:	6f8b      	ldr	r3, [r1, #120]	@ 0x78
100065f6:	43db      	mvns	r3, r3
100065f8:	f003 0330 	and.w	r3, r3, #48	@ 0x30
100065fc:	4a55      	ldr	r2, [pc, #340]	@ (10006754 <cyw43_spi_init+0x1b0>)
100065fe:	6793      	str	r3, [r2, #120]	@ 0x78
10006600:	6f8b      	ldr	r3, [r1, #120]	@ 0x78
10006602:	43db      	mvns	r3, r3
10006604:	f003 0301 	and.w	r3, r3, #1
10006608:	6793      	str	r3, [r2, #120]	@ 0x78
1000660a:	9b07      	ldr	r3, [sp, #28]
1000660c:	f023 021f 	bic.w	r2, r3, #31
10006610:	f042 0218 	orr.w	r2, r2, #24
10006614:	9207      	str	r2, [sp, #28]
10006616:	f023 727c 	bic.w	r2, r3, #66060288	@ 0x3f00000
1000661a:	f022 021f 	bic.w	r2, r2, #31
1000661e:	f442 1280 	orr.w	r2, r2, #1048576	@ 0x100000
10006622:	f042 0218 	orr.w	r2, r2, #24
10006626:	9207      	str	r2, [sp, #28]
10006628:	4a4b      	ldr	r2, [pc, #300]	@ (10006758 <cyw43_spi_init+0x1b4>)
1000662a:	401a      	ands	r2, r3
1000662c:	f442 12e0 	orr.w	r2, r2, #1835008	@ 0x1c0000
10006630:	f042 0218 	orr.w	r2, r2, #24
10006634:	9207      	str	r2, [sp, #28]
10006636:	4a49      	ldr	r2, [pc, #292]	@ (1000675c <cyw43_spi_init+0x1b8>)
10006638:	401a      	ands	r2, r3
1000663a:	f442 12e0 	orr.w	r2, r2, #1835008	@ 0x1c0000
1000663e:	f442 7246 	orr.w	r2, r2, #792	@ 0x318
10006642:	9207      	str	r2, [sp, #28]
10006644:	4946      	ldr	r1, [pc, #280]	@ (10006760 <cyw43_spi_init+0x1bc>)
10006646:	4019      	ands	r1, r3
10006648:	4a46      	ldr	r2, [pc, #280]	@ (10006764 <cyw43_spi_init+0x1c0>)
1000664a:	430a      	orrs	r2, r1
1000664c:	9207      	str	r2, [sp, #28]
1000664e:	f403 43f8 	and.w	r3, r3, #31744	@ 0x7c00
10006652:	4a45      	ldr	r2, [pc, #276]	@ (10006768 <cyw43_spi_init+0x1c4>)
10006654:	431a      	orrs	r2, r3
10006656:	9207      	str	r2, [sp, #28]
10006658:	9f05      	ldr	r7, [sp, #20]
1000665a:	f027 47c0 	bic.w	r7, r7, #1610612736	@ 0x60000000
1000665e:	9705      	str	r7, [sp, #20]
10006660:	4842      	ldr	r0, [pc, #264]	@ (1000676c <cyw43_spi_init+0x1c8>)
10006662:	9007      	str	r0, [sp, #28]
10006664:	9b06      	ldr	r3, [sp, #24]
10006666:	f023 72fa 	bic.w	r2, r3, #32768000	@ 0x1f40000
1000666a:	f422 3280 	bic.w	r2, r2, #65536	@ 0x10000
1000666e:	f442 3280 	orr.w	r2, r2, #65536	@ 0x10000
10006672:	9206      	str	r2, [sp, #24]
10006674:	f36f 431d 	bfc	r3, #16, #14
10006678:	f443 3340 	orr.w	r3, r3, #196608	@ 0x30000
1000667c:	9306      	str	r3, [sp, #24]
1000667e:	6822      	ldr	r2, [r4, #0]
10006680:	f8d2 1168 	ldr.w	r1, [r2, #360]	@ 0x168
10006684:	f1c1 0118 	rsb	r1, r1, #24
10006688:	2601      	movs	r6, #1
1000668a:	fa06 f101 	lsl.w	r1, r6, r1
1000668e:	f502 5200 	add.w	r2, r2, #8192	@ 0x2000
10006692:	6391      	str	r1, [r2, #56]	@ 0x38
10006694:	f8d4 c000 	ldr.w	ip, [r4]
10006698:	f8d4 e008 	ldr.w	lr, [r4, #8]
1000669c:	eb0e 024e 	add.w	r2, lr, lr, lsl #1
100066a0:	eb0c 02c2 	add.w	r2, ip, r2, lsl #3
100066a4:	9904      	ldr	r1, [sp, #16]
100066a6:	f8c2 10c8 	str.w	r1, [r2, #200]	@ 0xc8
100066aa:	f8c2 30d0 	str.w	r3, [r2, #208]	@ 0xd0
100066ae:	f8c2 70cc 	str.w	r7, [r2, #204]	@ 0xcc
100066b2:	f8c2 00dc 	str.w	r0, [r2, #220]	@ 0xdc
100066b6:	9600      	str	r6, [sp, #0]
100066b8:	4633      	mov	r3, r6
100066ba:	221d      	movs	r2, #29
100066bc:	4671      	mov	r1, lr
100066be:	4660      	mov	r0, ip
100066c0:	f002 f8e0 	bl	10008884 <pio_sm_set_consecutive_pindirs>
100066c4:	6821      	ldr	r1, [r4, #0]
100066c6:	f101 412f 	add.w	r1, r1, #2936012800	@ 0xaf000000
100066ca:	f501 0160 	add.w	r1, r1, #14680064	@ 0xe00000
100066ce:	0d09      	lsrs	r1, r1, #20
100066d0:	3106      	adds	r1, #6
100066d2:	b2c9      	uxtb	r1, r1
100066d4:	2018      	movs	r0, #24
100066d6:	f7f9 fdf5 	bl	100002c4 <gpio_set_function>
100066da:	4632      	mov	r2, r6
100066dc:	2100      	movs	r1, #0
100066de:	2018      	movs	r0, #24
100066e0:	f7f9 fe0c 	bl	100002fc <gpio_set_pulls>
100066e4:	4631      	mov	r1, r6
100066e6:	2018      	movs	r0, #24
100066e8:	f7f9 fe24 	bl	10000334 <gpio_set_input_hysteresis_enabled>
100066ec:	6822      	ldr	r2, [r4, #0]
100066ee:	68a3      	ldr	r3, [r4, #8]
100066f0:	eb03 0343 	add.w	r3, r3, r3, lsl #1
100066f4:	eb02 02c3 	add.w	r2, r2, r3, lsl #3
100066f8:	f24e 0301 	movw	r3, #57345	@ 0xe001
100066fc:	f8c2 30d8 	str.w	r3, [r2, #216]	@ 0xd8
10006700:	2000      	movs	r0, #0
10006702:	f002 f99b 	bl	10008a3c <dma_claim_unused_channel>
10006706:	7320      	strb	r0, [r4, #12]
10006708:	2000      	movs	r0, #0
1000670a:	f002 f997 	bl	10008a3c <dma_claim_unused_channel>
1000670e:	b240      	sxtb	r0, r0
10006710:	7360      	strb	r0, [r4, #13]
10006712:	f994 300c 	ldrsb.w	r3, [r4, #12]
10006716:	2b00      	cmp	r3, #0
10006718:	db10      	blt.n	1000673c <cyw43_spi_init+0x198>
1000671a:	2800      	cmp	r0, #0
1000671c:	db0e      	blt.n	1000673c <cyw43_spi_init+0x198>
1000671e:	2000      	movs	r0, #0
10006720:	b009      	add	sp, #36	@ 0x24
10006722:	bdf0      	pop	{r4, r5, r6, r7, pc}
10006724:	4b12      	ldr	r3, [pc, #72]	@ (10006770 <cyw43_spi_init+0x1cc>)
10006726:	4a13      	ldr	r2, [pc, #76]	@ (10006774 <cyw43_spi_init+0x1d0>)
10006728:	216e      	movs	r1, #110	@ 0x6e
1000672a:	4813      	ldr	r0, [pc, #76]	@ (10006778 <cyw43_spi_init+0x1d4>)
1000672c:	f7fc fcf0 	bl	10003110 <__assert_func>
10006730:	4628      	mov	r0, r5
10006732:	f7ff ff09 	bl	10006548 <cyw43_spi_deinit>
10006736:	f06f 0005 	mvn.w	r0, #5
1000673a:	e7f1      	b.n	10006720 <cyw43_spi_init+0x17c>
1000673c:	4628      	mov	r0, r5
1000673e:	f7ff ff03 	bl	10006548 <cyw43_spi_deinit>
10006742:	f06f 0005 	mvn.w	r0, #5
10006746:	e7eb      	b.n	10006720 <cyw43_spi_init+0x17c>
10006748:	200018d0 	.word	0x200018d0
1000674c:	1000b788 	.word	0x1000b788
10006750:	40038000 	.word	0x40038000
10006754:	40039000 	.word	0x40039000
10006758:	fc007fe0 	.word	0xfc007fe0
1000675c:	fc007c00 	.word	0xfc007c00
10006760:	e0007c00 	.word	0xe0007c00
10006764:	041c0318 	.word	0x041c0318
10006768:	241c0318 	.word	0x241c0318
1000676c:	241c7718 	.word	0x241c7718
10006770:	1000a3c8 	.word	0x1000a3c8
10006774:	1000b778 	.word	0x1000b778
10006778:	1000a3d8 	.word	0x1000a3d8

1000677c <cyw43_spi_transfer>:
1000677c:	e92d 43f0 	stmdb	sp!, {r4, r5, r6, r7, r8, r9, lr}
10006780:	b085      	sub	sp, #20
10006782:	4615      	mov	r5, r2
10006784:	461e      	mov	r6, r3
10006786:	9f0c      	ldr	r7, [sp, #48]	@ 0x30
10006788:	4689      	mov	r9, r1
1000678a:	2900      	cmp	r1, #0
1000678c:	f000 8136 	beq.w	100069fc <cyw43_spi_transfer+0x280>
10006790:	f8d0 484c 	ldr.w	r4, [r0, #2124]	@ 0x84c
10006794:	f7ff fe9c 	bl	100064d0 <start_spi_comms>
10006798:	2e00      	cmp	r6, #0
1000679a:	f000 8158 	beq.w	10006a4e <cyw43_spi_transfer+0x2d2>
1000679e:	f1b9 0f00 	cmp.w	r9, #0
100067a2:	f000 8131 	beq.w	10006a08 <cyw43_spi_transfer+0x28c>
100067a6:	f015 0f03 	tst.w	r5, #3
100067aa:	f040 8138 	bne.w	10006a1e <cyw43_spi_transfer+0x2a2>
100067ae:	46c8      	mov	r8, r9
100067b0:	f019 0f03 	tst.w	r9, #3
100067b4:	f040 8139 	bne.w	10006a2a <cyw43_spi_transfer+0x2ae>
100067b8:	f016 0f03 	tst.w	r6, #3
100067bc:	f040 813b 	bne.w	10006a36 <cyw43_spi_transfer+0x2ba>
100067c0:	f017 0f03 	tst.w	r7, #3
100067c4:	f040 813d 	bne.w	10006a42 <cyw43_spi_transfer+0x2c6>
100067c8:	6821      	ldr	r1, [r4, #0]
100067ca:	68a2      	ldr	r2, [r4, #8]
100067cc:	680b      	ldr	r3, [r1, #0]
100067ce:	f04f 0901 	mov.w	r9, #1
100067d2:	fa09 f202 	lsl.w	r2, r9, r2
100067d6:	ea23 0302 	bic.w	r3, r3, r2
100067da:	600b      	str	r3, [r1, #0]
100067dc:	6821      	ldr	r1, [r4, #0]
100067de:	68a2      	ldr	r2, [r4, #8]
100067e0:	f8d4 c004 	ldr.w	ip, [r4, #4]
100067e4:	f10c 0005 	add.w	r0, ip, #5
100067e8:	eb02 0342 	add.w	r3, r2, r2, lsl #1
100067ec:	eb01 03c3 	add.w	r3, r1, r3, lsl #3
100067f0:	f8d3 30cc 	ldr.w	r3, [r3, #204]	@ 0xcc
100067f4:	f36f 13d0 	bfc	r3, #7, #10
100067f8:	ea43 13cc 	orr.w	r3, r3, ip, lsl #7
100067fc:	ea43 3300 	orr.w	r3, r3, r0, lsl #12
10006800:	eb02 0242 	add.w	r2, r2, r2, lsl #1
10006804:	eb01 01c2 	add.w	r1, r1, r2, lsl #3
10006808:	f8c1 30cc 	str.w	r3, [r1, #204]	@ 0xcc
1000680c:	6822      	ldr	r2, [r4, #0]
1000680e:	68a3      	ldr	r3, [r4, #8]
10006810:	eb03 0343 	add.w	r3, r3, r3, lsl #1
10006814:	00db      	lsls	r3, r3, #3
10006816:	33d0      	adds	r3, #208	@ 0xd0
10006818:	441a      	add	r2, r3
1000681a:	f502 5280 	add.w	r2, r2, #4096	@ 0x1000
1000681e:	f04f 4300 	mov.w	r3, #2147483648	@ 0x80000000
10006822:	6013      	str	r3, [r2, #0]
10006824:	6013      	str	r3, [r2, #0]
10006826:	68a1      	ldr	r1, [r4, #8]
10006828:	6820      	ldr	r0, [r4, #0]
1000682a:	f04f 7280 	mov.w	r2, #16777216	@ 0x1000000
1000682e:	2300      	movs	r3, #0
10006830:	e9cd 2300 	strd	r2, r3, [sp]
10006834:	f002 f821 	bl	1000887a <pio_sm_set_pindirs_with_mask64>
10006838:	6822      	ldr	r2, [r4, #0]
1000683a:	68a3      	ldr	r3, [r4, #8]
1000683c:	3304      	adds	r3, #4
1000683e:	fa09 f303 	lsl.w	r3, r9, r3
10006842:	f502 5200 	add.w	r2, r2, #8192	@ 0x2000
10006846:	6013      	str	r3, [r2, #0]
10006848:	6822      	ldr	r2, [r4, #0]
1000684a:	68a3      	ldr	r3, [r4, #8]
1000684c:	3308      	adds	r3, #8
1000684e:	fa09 f303 	lsl.w	r3, r9, r3
10006852:	f502 5200 	add.w	r2, r2, #8192	@ 0x2000
10006856:	6013      	str	r3, [r2, #0]
10006858:	6821      	ldr	r1, [r4, #0]
1000685a:	68a3      	ldr	r3, [r4, #8]
1000685c:	00ea      	lsls	r2, r5, #3
1000685e:	3a01      	subs	r2, #1
10006860:	3304      	adds	r3, #4
10006862:	f841 2023 	str.w	r2, [r1, r3, lsl #2]
10006866:	6822      	ldr	r2, [r4, #0]
10006868:	68a3      	ldr	r3, [r4, #8]
1000686a:	eb03 0343 	add.w	r3, r3, r3, lsl #1
1000686e:	eb02 02c3 	add.w	r2, r2, r3, lsl #3
10006872:	f246 0320 	movw	r3, #24608	@ 0x6020
10006876:	f8c2 30d8 	str.w	r3, [r2, #216]	@ 0xd8
1000687a:	6821      	ldr	r1, [r4, #0]
1000687c:	68a2      	ldr	r2, [r4, #8]
1000687e:	1b7b      	subs	r3, r7, r5
10006880:	00db      	lsls	r3, r3, #3
10006882:	3b01      	subs	r3, #1
10006884:	3204      	adds	r2, #4
10006886:	f841 3022 	str.w	r3, [r1, r2, lsl #2]
1000688a:	6822      	ldr	r2, [r4, #0]
1000688c:	68a3      	ldr	r3, [r4, #8]
1000688e:	eb03 0343 	add.w	r3, r3, r3, lsl #1
10006892:	eb02 02c3 	add.w	r2, r2, r3, lsl #3
10006896:	f246 0340 	movw	r3, #24640	@ 0x6040
1000689a:	f8c2 30d8 	str.w	r3, [r2, #216]	@ 0xd8
1000689e:	6822      	ldr	r2, [r4, #0]
100068a0:	68a3      	ldr	r3, [r4, #8]
100068a2:	6861      	ldr	r1, [r4, #4]
100068a4:	f001 011f 	and.w	r1, r1, #31
100068a8:	eb03 0343 	add.w	r3, r3, r3, lsl #1
100068ac:	eb02 02c3 	add.w	r2, r2, r3, lsl #3
100068b0:	f8c2 10d8 	str.w	r1, [r2, #216]	@ 0xd8
100068b4:	f994 200c 	ldrsb.w	r2, [r4, #12]
100068b8:	fa09 f302 	lsl.w	r3, r9, r2
100068bc:	f04f 41a0 	mov.w	r1, #1342177280	@ 0x50000000
100068c0:	f8c1 3464 	str.w	r3, [r1, #1124]	@ 0x464
100068c4:	0193      	lsls	r3, r2, #6
100068c6:	f103 43a0 	add.w	r3, r3, #1342177280	@ 0x50000000
100068ca:	68db      	ldr	r3, [r3, #12]
100068cc:	f013 6f80 	tst.w	r3, #67108864	@ 0x4000000
100068d0:	d1f8      	bne.n	100068c4 <cyw43_spi_transfer+0x148>
100068d2:	f994 200d 	ldrsb.w	r2, [r4, #13]
100068d6:	2301      	movs	r3, #1
100068d8:	4093      	lsls	r3, r2
100068da:	f04f 41a0 	mov.w	r1, #1342177280	@ 0x50000000
100068de:	f8c1 3464 	str.w	r3, [r1, #1124]	@ 0x464
100068e2:	0191      	lsls	r1, r2, #6
100068e4:	f101 41a0 	add.w	r1, r1, #1342177280	@ 0x50000000
100068e8:	68cb      	ldr	r3, [r1, #12]
100068ea:	f013 6f80 	tst.w	r3, #67108864	@ 0x4000000
100068ee:	d1f8      	bne.n	100068e2 <cyw43_spi_transfer+0x166>
100068f0:	f994 000c 	ldrsb.w	r0, [r4, #12]
100068f4:	f7ff fd98 	bl	10006428 <dma_channel_get_default_config>
100068f8:	9002      	str	r0, [sp, #8]
100068fa:	f040 7080 	orr.w	r0, r0, #16777216	@ 0x1000000
100068fe:	9002      	str	r0, [sp, #8]
10006900:	6823      	ldr	r3, [r4, #0]
10006902:	68a1      	ldr	r1, [r4, #8]
10006904:	f103 432f 	add.w	r3, r3, #2936012800	@ 0xaf000000
10006908:	f503 0360 	add.w	r3, r3, #14680064	@ 0xe00000
1000690c:	0d1b      	lsrs	r3, r3, #20
1000690e:	eb01 01c3 	add.w	r1, r1, r3, lsl #3
10006912:	a802      	add	r0, sp, #8
10006914:	f7ff fdc4 	bl	100064a0 <channel_config_set_dreq>
10006918:	f994 300c 	ldrsb.w	r3, [r4, #12]
1000691c:	6822      	ldr	r2, [r4, #0]
1000691e:	68a1      	ldr	r1, [r4, #8]
10006920:	3104      	adds	r1, #4
10006922:	eb02 0281 	add.w	r2, r2, r1, lsl #2
10006926:	08a9      	lsrs	r1, r5, #2
10006928:	019b      	lsls	r3, r3, #6
1000692a:	f103 43a0 	add.w	r3, r3, #1342177280	@ 0x50000000
1000692e:	f8c3 8000 	str.w	r8, [r3]
10006932:	605a      	str	r2, [r3, #4]
10006934:	4688      	mov	r8, r1
10006936:	6099      	str	r1, [r3, #8]
10006938:	9a02      	ldr	r2, [sp, #8]
1000693a:	60da      	str	r2, [r3, #12]
1000693c:	f994 000d 	ldrsb.w	r0, [r4, #13]
10006940:	f7ff fd72 	bl	10006428 <dma_channel_get_default_config>
10006944:	9003      	str	r0, [sp, #12]
10006946:	f040 7080 	orr.w	r0, r0, #16777216	@ 0x1000000
1000694a:	9003      	str	r0, [sp, #12]
1000694c:	6823      	ldr	r3, [r4, #0]
1000694e:	68a1      	ldr	r1, [r4, #8]
10006950:	f103 432f 	add.w	r3, r3, #2936012800	@ 0xaf000000
10006954:	f503 0360 	add.w	r3, r3, #14680064	@ 0xe00000
10006958:	0d1b      	lsrs	r3, r3, #20
1000695a:	00db      	lsls	r3, r3, #3
1000695c:	3304      	adds	r3, #4
1000695e:	4419      	add	r1, r3
10006960:	a803      	add	r0, sp, #12
10006962:	f7ff fd9d 	bl	100064a0 <channel_config_set_dreq>
10006966:	9b03      	ldr	r3, [sp, #12]
10006968:	f023 02c0 	bic.w	r2, r3, #192	@ 0xc0
1000696c:	f042 0240 	orr.w	r2, r2, #64	@ 0x40
10006970:	9203      	str	r2, [sp, #12]
10006972:	f023 03f0 	bic.w	r3, r3, #240	@ 0xf0
10006976:	f043 0340 	orr.w	r3, r3, #64	@ 0x40
1000697a:	9303      	str	r3, [sp, #12]
1000697c:	f994 300d 	ldrsb.w	r3, [r4, #13]
10006980:	1971      	adds	r1, r6, r5
10006982:	6822      	ldr	r2, [r4, #0]
10006984:	68a0      	ldr	r0, [r4, #8]
10006986:	3008      	adds	r0, #8
10006988:	eb02 0080 	add.w	r0, r2, r0, lsl #2
1000698c:	ebc8 0797 	rsb	r7, r8, r7, lsr #2
10006990:	019b      	lsls	r3, r3, #6
10006992:	f103 43a0 	add.w	r3, r3, #1342177280	@ 0x50000000
10006996:	6018      	str	r0, [r3, #0]
10006998:	6059      	str	r1, [r3, #4]
1000699a:	609f      	str	r7, [r3, #8]
1000699c:	9a03      	ldr	r2, [sp, #12]
1000699e:	60da      	str	r2, [r3, #12]
100069a0:	6822      	ldr	r2, [r4, #0]
100069a2:	68a0      	ldr	r0, [r4, #8]
100069a4:	6811      	ldr	r1, [r2, #0]
100069a6:	2301      	movs	r3, #1
100069a8:	4083      	lsls	r3, r0
100069aa:	430b      	orrs	r3, r1
100069ac:	6013      	str	r3, [r2, #0]
100069ae:	f994 200c 	ldrsb.w	r2, [r4, #12]
100069b2:	0191      	lsls	r1, r2, #6
100069b4:	f101 41a0 	add.w	r1, r1, #1342177280	@ 0x50000000
100069b8:	690b      	ldr	r3, [r1, #16]
100069ba:	f013 6f80 	tst.w	r3, #67108864	@ 0x4000000
100069be:	d1f8      	bne.n	100069b2 <cyw43_spi_transfer+0x236>
100069c0:	f994 200d 	ldrsb.w	r2, [r4, #13]
100069c4:	0191      	lsls	r1, r2, #6
100069c6:	f101 41a0 	add.w	r1, r1, #1342177280	@ 0x50000000
100069ca:	690b      	ldr	r3, [r1, #16]
100069cc:	f013 6f80 	tst.w	r3, #67108864	@ 0x4000000
100069d0:	d1f8      	bne.n	100069c4 <cyw43_spi_transfer+0x248>
100069d2:	462a      	mov	r2, r5
100069d4:	2100      	movs	r1, #0
100069d6:	4630      	mov	r0, r6
100069d8:	f002 fe22 	bl	10009620 <memset>
100069dc:	6822      	ldr	r2, [r4, #0]
100069de:	68a3      	ldr	r3, [r4, #8]
100069e0:	eb03 0343 	add.w	r3, r3, r3, lsl #1
100069e4:	eb02 03c3 	add.w	r3, r2, r3, lsl #3
100069e8:	f24a 0203 	movw	r2, #40963	@ 0xa003
100069ec:	f8c3 20d8 	str.w	r2, [r3, #216]	@ 0xd8
100069f0:	f7ff fda2 	bl	10006538 <stop_spi_comms>
100069f4:	2000      	movs	r0, #0
100069f6:	b005      	add	sp, #20
100069f8:	e8bd 83f0 	ldmia.w	sp!, {r4, r5, r6, r7, r8, r9, pc}
100069fc:	2b00      	cmp	r3, #0
100069fe:	f47f aec7 	bne.w	10006790 <cyw43_spi_transfer+0x14>
10006a02:	f06f 0004 	mvn.w	r0, #4
10006a06:	e7f6      	b.n	100069f6 <cyw43_spi_transfer+0x27a>
10006a08:	b11d      	cbz	r5, 10006a12 <cyw43_spi_transfer+0x296>
10006a0a:	42bd      	cmp	r5, r7
10006a0c:	d201      	bcs.n	10006a12 <cyw43_spi_transfer+0x296>
10006a0e:	46b1      	mov	r9, r6
10006a10:	e6c9      	b.n	100067a6 <cyw43_spi_transfer+0x2a>
10006a12:	4b83      	ldr	r3, [pc, #524]	@ (10006c20 <cyw43_spi_transfer+0x4a4>)
10006a14:	4a83      	ldr	r2, [pc, #524]	@ (10006c24 <cyw43_spi_transfer+0x4a8>)
10006a16:	21ef      	movs	r1, #239	@ 0xef
10006a18:	4883      	ldr	r0, [pc, #524]	@ (10006c28 <cyw43_spi_transfer+0x4ac>)
10006a1a:	f7fc fb79 	bl	10003110 <__assert_func>
10006a1e:	4b83      	ldr	r3, [pc, #524]	@ (10006c2c <cyw43_spi_transfer+0x4b0>)
10006a20:	4a80      	ldr	r2, [pc, #512]	@ (10006c24 <cyw43_spi_transfer+0x4a8>)
10006a22:	21f5      	movs	r1, #245	@ 0xf5
10006a24:	4880      	ldr	r0, [pc, #512]	@ (10006c28 <cyw43_spi_transfer+0x4ac>)
10006a26:	f7fc fb73 	bl	10003110 <__assert_func>
10006a2a:	4b81      	ldr	r3, [pc, #516]	@ (10006c30 <cyw43_spi_transfer+0x4b4>)
10006a2c:	4a7d      	ldr	r2, [pc, #500]	@ (10006c24 <cyw43_spi_transfer+0x4a8>)
10006a2e:	21f6      	movs	r1, #246	@ 0xf6
10006a30:	487d      	ldr	r0, [pc, #500]	@ (10006c28 <cyw43_spi_transfer+0x4ac>)
10006a32:	f7fc fb6d 	bl	10003110 <__assert_func>
10006a36:	4b7f      	ldr	r3, [pc, #508]	@ (10006c34 <cyw43_spi_transfer+0x4b8>)
10006a38:	4a7a      	ldr	r2, [pc, #488]	@ (10006c24 <cyw43_spi_transfer+0x4a8>)
10006a3a:	21f7      	movs	r1, #247	@ 0xf7
10006a3c:	487a      	ldr	r0, [pc, #488]	@ (10006c28 <cyw43_spi_transfer+0x4ac>)
10006a3e:	f7fc fb67 	bl	10003110 <__assert_func>
10006a42:	4b7d      	ldr	r3, [pc, #500]	@ (10006c38 <cyw43_spi_transfer+0x4bc>)
10006a44:	4a77      	ldr	r2, [pc, #476]	@ (10006c24 <cyw43_spi_transfer+0x4a8>)
10006a46:	21f8      	movs	r1, #248	@ 0xf8
10006a48:	4877      	ldr	r0, [pc, #476]	@ (10006c28 <cyw43_spi_transfer+0x4ac>)
10006a4a:	f7fc fb61 	bl	10003110 <__assert_func>
10006a4e:	f1b9 0f00 	cmp.w	r9, #0
10006a52:	d0c3      	beq.n	100069dc <cyw43_spi_transfer+0x260>
10006a54:	464e      	mov	r6, r9
10006a56:	f019 0f03 	tst.w	r9, #3
10006a5a:	f040 80d3 	bne.w	10006c04 <cyw43_spi_transfer+0x488>
10006a5e:	f015 0f03 	tst.w	r5, #3
10006a62:	f040 80d6 	bne.w	10006c12 <cyw43_spi_transfer+0x496>
10006a66:	6821      	ldr	r1, [r4, #0]
10006a68:	68a2      	ldr	r2, [r4, #8]
10006a6a:	680b      	ldr	r3, [r1, #0]
10006a6c:	2701      	movs	r7, #1
10006a6e:	fa07 f202 	lsl.w	r2, r7, r2
10006a72:	ea23 0302 	bic.w	r3, r3, r2
10006a76:	600b      	str	r3, [r1, #0]
10006a78:	6821      	ldr	r1, [r4, #0]
10006a7a:	68a2      	ldr	r2, [r4, #8]
10006a7c:	6860      	ldr	r0, [r4, #4]
10006a7e:	eb00 0c07 	add.w	ip, r0, r7
10006a82:	eb02 0342 	add.w	r3, r2, r2, lsl #1
10006a86:	eb01 03c3 	add.w	r3, r1, r3, lsl #3
10006a8a:	f8d3 30cc 	ldr.w	r3, [r3, #204]	@ 0xcc
10006a8e:	f36f 13d0 	bfc	r3, #7, #10
10006a92:	ea43 13c0 	orr.w	r3, r3, r0, lsl #7
10006a96:	ea43 330c 	orr.w	r3, r3, ip, lsl #12
10006a9a:	eb02 0242 	add.w	r2, r2, r2, lsl #1
10006a9e:	eb01 01c2 	add.w	r1, r1, r2, lsl #3
10006aa2:	f8c1 30cc 	str.w	r3, [r1, #204]	@ 0xcc
10006aa6:	6822      	ldr	r2, [r4, #0]
10006aa8:	68a3      	ldr	r3, [r4, #8]
10006aaa:	eb03 0343 	add.w	r3, r3, r3, lsl #1
10006aae:	00db      	lsls	r3, r3, #3
10006ab0:	33d0      	adds	r3, #208	@ 0xd0
10006ab2:	441a      	add	r2, r3
10006ab4:	f502 5280 	add.w	r2, r2, #4096	@ 0x1000
10006ab8:	f04f 4300 	mov.w	r3, #2147483648	@ 0x80000000
10006abc:	6013      	str	r3, [r2, #0]
10006abe:	6013      	str	r3, [r2, #0]
10006ac0:	68a1      	ldr	r1, [r4, #8]
10006ac2:	6820      	ldr	r0, [r4, #0]
10006ac4:	f04f 7280 	mov.w	r2, #16777216	@ 0x1000000
10006ac8:	2300      	movs	r3, #0
10006aca:	e9cd 2300 	strd	r2, r3, [sp]
10006ace:	f001 fed4 	bl	1000887a <pio_sm_set_pindirs_with_mask64>
10006ad2:	6822      	ldr	r2, [r4, #0]
10006ad4:	68a3      	ldr	r3, [r4, #8]
10006ad6:	3304      	adds	r3, #4
10006ad8:	fa07 f303 	lsl.w	r3, r7, r3
10006adc:	f502 5200 	add.w	r2, r2, #8192	@ 0x2000
10006ae0:	6013      	str	r3, [r2, #0]
10006ae2:	6822      	ldr	r2, [r4, #0]
10006ae4:	68a3      	ldr	r3, [r4, #8]
10006ae6:	3308      	adds	r3, #8
10006ae8:	fa07 f303 	lsl.w	r3, r7, r3
10006aec:	f502 5200 	add.w	r2, r2, #8192	@ 0x2000
10006af0:	6013      	str	r3, [r2, #0]
10006af2:	6821      	ldr	r1, [r4, #0]
10006af4:	68a3      	ldr	r3, [r4, #8]
10006af6:	00ea      	lsls	r2, r5, #3
10006af8:	3a01      	subs	r2, #1
10006afa:	3304      	adds	r3, #4
10006afc:	f841 2023 	str.w	r2, [r1, r3, lsl #2]
10006b00:	6822      	ldr	r2, [r4, #0]
10006b02:	68a3      	ldr	r3, [r4, #8]
10006b04:	eb03 0343 	add.w	r3, r3, r3, lsl #1
10006b08:	eb02 02c3 	add.w	r2, r2, r3, lsl #3
10006b0c:	f246 0320 	movw	r3, #24608	@ 0x6020
10006b10:	f8c2 30d8 	str.w	r3, [r2, #216]	@ 0xd8
10006b14:	6822      	ldr	r2, [r4, #0]
10006b16:	68a3      	ldr	r3, [r4, #8]
10006b18:	3304      	adds	r3, #4
10006b1a:	2100      	movs	r1, #0
10006b1c:	f842 1023 	str.w	r1, [r2, r3, lsl #2]
10006b20:	6822      	ldr	r2, [r4, #0]
10006b22:	68a3      	ldr	r3, [r4, #8]
10006b24:	eb03 0343 	add.w	r3, r3, r3, lsl #1
10006b28:	eb02 02c3 	add.w	r2, r2, r3, lsl #3
10006b2c:	f246 0340 	movw	r3, #24640	@ 0x6040
10006b30:	f8c2 30d8 	str.w	r3, [r2, #216]	@ 0xd8
10006b34:	6822      	ldr	r2, [r4, #0]
10006b36:	68a3      	ldr	r3, [r4, #8]
10006b38:	6861      	ldr	r1, [r4, #4]
10006b3a:	f001 011f 	and.w	r1, r1, #31
10006b3e:	eb03 0343 	add.w	r3, r3, r3, lsl #1
10006b42:	eb02 02c3 	add.w	r2, r2, r3, lsl #3
10006b46:	f8c2 10d8 	str.w	r1, [r2, #216]	@ 0xd8
10006b4a:	f994 200c 	ldrsb.w	r2, [r4, #12]
10006b4e:	4097      	lsls	r7, r2
10006b50:	f04f 43a0 	mov.w	r3, #1342177280	@ 0x50000000
10006b54:	f8c3 7464 	str.w	r7, [r3, #1124]	@ 0x464
10006b58:	0193      	lsls	r3, r2, #6
10006b5a:	f103 43a0 	add.w	r3, r3, #1342177280	@ 0x50000000
10006b5e:	68db      	ldr	r3, [r3, #12]
10006b60:	f013 6f80 	tst.w	r3, #67108864	@ 0x4000000
10006b64:	d1f8      	bne.n	10006b58 <cyw43_spi_transfer+0x3dc>
10006b66:	f994 000c 	ldrsb.w	r0, [r4, #12]
10006b6a:	f7ff fc5d 	bl	10006428 <dma_channel_get_default_config>
10006b6e:	9003      	str	r0, [sp, #12]
10006b70:	f040 7080 	orr.w	r0, r0, #16777216	@ 0x1000000
10006b74:	9003      	str	r0, [sp, #12]
10006b76:	6823      	ldr	r3, [r4, #0]
10006b78:	68a1      	ldr	r1, [r4, #8]
10006b7a:	f103 432f 	add.w	r3, r3, #2936012800	@ 0xaf000000
10006b7e:	f503 0360 	add.w	r3, r3, #14680064	@ 0xe00000
10006b82:	0d1b      	lsrs	r3, r3, #20
10006b84:	eb01 01c3 	add.w	r1, r1, r3, lsl #3
10006b88:	a803      	add	r0, sp, #12
10006b8a:	f7ff fc89 	bl	100064a0 <channel_config_set_dreq>
10006b8e:	f994 300c 	ldrsb.w	r3, [r4, #12]
10006b92:	6822      	ldr	r2, [r4, #0]
10006b94:	68a1      	ldr	r1, [r4, #8]
10006b96:	3104      	adds	r1, #4
10006b98:	eb02 0281 	add.w	r2, r2, r1, lsl #2
10006b9c:	08ad      	lsrs	r5, r5, #2
10006b9e:	019b      	lsls	r3, r3, #6
10006ba0:	f103 43a0 	add.w	r3, r3, #1342177280	@ 0x50000000
10006ba4:	601e      	str	r6, [r3, #0]
10006ba6:	605a      	str	r2, [r3, #4]
10006ba8:	609d      	str	r5, [r3, #8]
10006baa:	9a03      	ldr	r2, [sp, #12]
10006bac:	60da      	str	r2, [r3, #12]
10006bae:	6821      	ldr	r1, [r4, #0]
10006bb0:	68a0      	ldr	r0, [r4, #8]
10006bb2:	680b      	ldr	r3, [r1, #0]
10006bb4:	2201      	movs	r2, #1
10006bb6:	4082      	lsls	r2, r0
10006bb8:	4313      	orrs	r3, r2
10006bba:	600b      	str	r3, [r1, #0]
10006bbc:	f994 200c 	ldrsb.w	r2, [r4, #12]
10006bc0:	0193      	lsls	r3, r2, #6
10006bc2:	f103 43a0 	add.w	r3, r3, #1342177280	@ 0x50000000
10006bc6:	691b      	ldr	r3, [r3, #16]
10006bc8:	f013 6f80 	tst.w	r3, #67108864	@ 0x4000000
10006bcc:	d1f8      	bne.n	10006bc0 <cyw43_spi_transfer+0x444>
10006bce:	68a3      	ldr	r3, [r4, #8]
10006bd0:	3318      	adds	r3, #24
10006bd2:	2201      	movs	r2, #1
10006bd4:	409a      	lsls	r2, r3
10006bd6:	6823      	ldr	r3, [r4, #0]
10006bd8:	609a      	str	r2, [r3, #8]
10006bda:	6823      	ldr	r3, [r4, #0]
10006bdc:	689b      	ldr	r3, [r3, #8]
10006bde:	4213      	tst	r3, r2
10006be0:	d0fb      	beq.n	10006bda <cyw43_spi_transfer+0x45e>
10006be2:	6820      	ldr	r0, [r4, #0]
10006be4:	68a1      	ldr	r1, [r4, #8]
10006be6:	6802      	ldr	r2, [r0, #0]
10006be8:	2301      	movs	r3, #1
10006bea:	fa03 f101 	lsl.w	r1, r3, r1
10006bee:	ea22 0201 	bic.w	r2, r2, r1
10006bf2:	6002      	str	r2, [r0, #0]
10006bf4:	68a1      	ldr	r1, [r4, #8]
10006bf6:	6820      	ldr	r0, [r4, #0]
10006bf8:	2200      	movs	r2, #0
10006bfa:	9200      	str	r2, [sp, #0]
10006bfc:	2218      	movs	r2, #24
10006bfe:	f001 fe41 	bl	10008884 <pio_sm_set_consecutive_pindirs>
10006c02:	e6eb      	b.n	100069dc <cyw43_spi_transfer+0x260>
10006c04:	4b0a      	ldr	r3, [pc, #40]	@ (10006c30 <cyw43_spi_transfer+0x4b4>)
10006c06:	4a07      	ldr	r2, [pc, #28]	@ (10006c24 <cyw43_spi_transfer+0x4a8>)
10006c08:	f44f 7191 	mov.w	r1, #290	@ 0x122
10006c0c:	4806      	ldr	r0, [pc, #24]	@ (10006c28 <cyw43_spi_transfer+0x4ac>)
10006c0e:	f7fc fa7f 	bl	10003110 <__assert_func>
10006c12:	4b06      	ldr	r3, [pc, #24]	@ (10006c2c <cyw43_spi_transfer+0x4b0>)
10006c14:	4a03      	ldr	r2, [pc, #12]	@ (10006c24 <cyw43_spi_transfer+0x4a8>)
10006c16:	f240 1123 	movw	r1, #291	@ 0x123
10006c1a:	4803      	ldr	r0, [pc, #12]	@ (10006c28 <cyw43_spi_transfer+0x4ac>)
10006c1c:	f7fc fa78 	bl	10003110 <__assert_func>
10006c20:	1000a430 	.word	0x1000a430
10006c24:	1000b764 	.word	0x1000b764
10006c28:	1000a3d8 	.word	0x1000a3d8
10006c2c:	1000a454 	.word	0x1000a454
10006c30:	1000a468 	.word	0x1000a468
10006c34:	1000a480 	.word	0x1000a480
10006c38:	1000a498 	.word	0x1000a498

10006c3c <_cyw43_read_reg>:
10006c3c:	b530      	push	{r4, r5, lr}
10006c3e:	b089      	sub	sp, #36	@ 0x24
10006c40:	2901      	cmp	r1, #1
10006c42:	d01b      	beq.n	10006c7c <_cyw43_read_reg+0x40>
10006c44:	2400      	movs	r4, #0
10006c46:	0709      	lsls	r1, r1, #28
10006c48:	f041 4180 	orr.w	r1, r1, #1073741824	@ 0x40000000
10006c4c:	4d0d      	ldr	r5, [pc, #52]	@ (10006c84 <_cyw43_read_reg+0x48>)
10006c4e:	ea05 22c2 	and.w	r2, r5, r2, lsl #11
10006c52:	430a      	orrs	r2, r1
10006c54:	4313      	orrs	r3, r2
10006c56:	9302      	str	r3, [sp, #8]
10006c58:	f104 0308 	add.w	r3, r4, #8
10006c5c:	9300      	str	r3, [sp, #0]
10006c5e:	ab02      	add	r3, sp, #8
10006c60:	2204      	movs	r2, #4
10006c62:	2100      	movs	r1, #0
10006c64:	f7ff fd8a 	bl	1000677c <cyw43_spi_transfer>
10006c68:	b930      	cbnz	r0, 10006c78 <_cyw43_read_reg+0x3c>
10006c6a:	b14c      	cbz	r4, 10006c80 <_cyw43_read_reg+0x44>
10006c6c:	2305      	movs	r3, #5
10006c6e:	aa08      	add	r2, sp, #32
10006c70:	eb02 0383 	add.w	r3, r2, r3, lsl #2
10006c74:	f853 0c18 	ldr.w	r0, [r3, #-24]
10006c78:	b009      	add	sp, #36	@ 0x24
10006c7a:	bd30      	pop	{r4, r5, pc}
10006c7c:	2410      	movs	r4, #16
10006c7e:	e7e2      	b.n	10006c46 <_cyw43_read_reg+0xa>
10006c80:	2301      	movs	r3, #1
10006c82:	e7f4      	b.n	10006c6e <_cyw43_read_reg+0x32>
10006c84:	0ffff800 	.word	0x0ffff800

10006c88 <_cyw43_write_reg>:
10006c88:	b510      	push	{r4, lr}
10006c8a:	b084      	sub	sp, #16
10006c8c:	0709      	lsls	r1, r1, #28
10006c8e:	f041 4140 	orr.w	r1, r1, #3221225472	@ 0xc0000000
10006c92:	4c08      	ldr	r4, [pc, #32]	@ (10006cb4 <_cyw43_write_reg+0x2c>)
10006c94:	ea04 24c2 	and.w	r4, r4, r2, lsl #11
10006c98:	4321      	orrs	r1, r4
10006c9a:	9a06      	ldr	r2, [sp, #24]
10006c9c:	430a      	orrs	r2, r1
10006c9e:	9202      	str	r2, [sp, #8]
10006ca0:	9303      	str	r3, [sp, #12]
10006ca2:	2300      	movs	r3, #0
10006ca4:	9300      	str	r3, [sp, #0]
10006ca6:	2208      	movs	r2, #8
10006ca8:	eb0d 0102 	add.w	r1, sp, r2
10006cac:	f7ff fd66 	bl	1000677c <cyw43_spi_transfer>
10006cb0:	b004      	add	sp, #16
10006cb2:	bd10      	pop	{r4, pc}
10006cb4:	0ffff800 	.word	0x0ffff800

10006cb8 <cyw43_spi_gpio_setup>:
10006cb8:	b510      	push	{r4, lr}
10006cba:	2017      	movs	r0, #23
10006cbc:	f7f9 fbbc 	bl	10000438 <gpio_init>
10006cc0:	2017      	movs	r0, #23
10006cc2:	2101      	movs	r1, #1
10006cc4:	460c      	mov	r4, r1
10006cc6:	ec41 0044 	gpioc_bit_oe_put r0, r1
10006cca:	2200      	movs	r2, #0
10006ccc:	f7f9 fb16 	bl	100002fc <gpio_set_pulls>
10006cd0:	2018      	movs	r0, #24
10006cd2:	f7f9 fbb1 	bl	10000438 <gpio_init>
10006cd6:	2318      	movs	r3, #24
10006cd8:	ec44 3044 	gpioc_bit_oe_put r3, r4
10006cdc:	f04f 0200 	mov.w	r2, #0
10006ce0:	ec42 3040 	gpioc_bit_out_put r3, r2
10006ce4:	2019      	movs	r0, #25
10006ce6:	f7f9 fba7 	bl	10000438 <gpio_init>
10006cea:	2319      	movs	r3, #25
10006cec:	ec44 3044 	gpioc_bit_oe_put r3, r4
10006cf0:	ec44 3040 	gpioc_bit_out_put r3, r4
10006cf4:	bd10      	pop	{r4, pc}

10006cf6 <cyw43_spi_reset>:
10006cf6:	b538      	push	{r3, r4, r5, lr}
10006cf8:	2517      	movs	r5, #23
10006cfa:	f04f 0400 	mov.w	r4, #0
10006cfe:	ec44 5040 	gpioc_bit_out_put r5, r4
10006d02:	2014      	movs	r0, #20
10006d04:	f002 f8d2 	bl	10008eac <cyw43_delay_ms>
10006d08:	f04f 0301 	mov.w	r3, #1
10006d0c:	ec43 5040 	gpioc_bit_out_put r5, r3
10006d10:	20fa      	movs	r0, #250	@ 0xfa
10006d12:	f002 f8cb 	bl	10008eac <cyw43_delay_ms>
10006d16:	2018      	movs	r0, #24
10006d18:	f7f9 fb8e 	bl	10000438 <gpio_init>
10006d1c:	2318      	movs	r3, #24
10006d1e:	ec44 3044 	gpioc_bit_oe_put r3, r4
10006d22:	bd38      	pop	{r3, r4, r5, pc}

10006d24 <read_reg_u32_swap>:
10006d24:	b500      	push	{lr}
10006d26:	b085      	sub	sp, #20
10006d28:	2300      	movs	r3, #0
10006d2a:	9302      	str	r3, [sp, #8]
10006d2c:	9303      	str	r3, [sp, #12]
10006d2e:	2901      	cmp	r1, #1
10006d30:	d017      	beq.n	10006d62 <read_reg_u32_swap+0x3e>
10006d32:	070b      	lsls	r3, r1, #28
10006d34:	f043 4380 	orr.w	r3, r3, #1073741824	@ 0x40000000
10006d38:	490d      	ldr	r1, [pc, #52]	@ (10006d70 <read_reg_u32_swap+0x4c>)
10006d3a:	ea01 22c2 	and.w	r2, r1, r2, lsl #11
10006d3e:	4313      	orrs	r3, r2
10006d40:	f043 0304 	orr.w	r3, r3, #4
10006d44:	ba5b      	rev16	r3, r3
10006d46:	9302      	str	r3, [sp, #8]
10006d48:	2308      	movs	r3, #8
10006d4a:	9300      	str	r3, [sp, #0]
10006d4c:	446b      	add	r3, sp
10006d4e:	2204      	movs	r2, #4
10006d50:	2100      	movs	r1, #0
10006d52:	f7ff fd13 	bl	1000677c <cyw43_spi_transfer>
10006d56:	b908      	cbnz	r0, 10006d5c <read_reg_u32_swap+0x38>
10006d58:	9803      	ldr	r0, [sp, #12]
10006d5a:	ba40      	rev16	r0, r0
10006d5c:	b005      	add	sp, #20
10006d5e:	f85d fb04 	ldr.w	pc, [sp], #4
10006d62:	4b04      	ldr	r3, [pc, #16]	@ (10006d74 <read_reg_u32_swap+0x50>)
10006d64:	4a04      	ldr	r2, [pc, #16]	@ (10006d78 <read_reg_u32_swap+0x54>)
10006d66:	f240 1189 	movw	r1, #393	@ 0x189
10006d6a:	4804      	ldr	r0, [pc, #16]	@ (10006d7c <read_reg_u32_swap+0x58>)
10006d6c:	f7fc f9d0 	bl	10003110 <__assert_func>
10006d70:	0ffff800 	.word	0x0ffff800
10006d74:	1000a4ac 	.word	0x1000a4ac
10006d78:	1000b71c 	.word	0x1000b71c
10006d7c:	1000a3d8 	.word	0x1000a3d8

10006d80 <cyw43_read_reg_u32>:
10006d80:	b508      	push	{r3, lr}
10006d82:	2304      	movs	r3, #4
10006d84:	f7ff ff5a 	bl	10006c3c <_cyw43_read_reg>
10006d88:	bd08      	pop	{r3, pc}

10006d8a <cyw43_read_reg_u16>:
10006d8a:	b508      	push	{r3, lr}
10006d8c:	2302      	movs	r3, #2
10006d8e:	f7ff ff55 	bl	10006c3c <_cyw43_read_reg>
10006d92:	bd08      	pop	{r3, pc}

10006d94 <cyw43_read_reg_u8>:
10006d94:	b508      	push	{r3, lr}
10006d96:	2301      	movs	r3, #1
10006d98:	f7ff ff50 	bl	10006c3c <_cyw43_read_reg>
10006d9c:	bd08      	pop	{r3, pc}
	...

10006da0 <write_reg_u32_swap>:
10006da0:	b510      	push	{r4, lr}
10006da2:	b084      	sub	sp, #16
10006da4:	0709      	lsls	r1, r1, #28
10006da6:	f041 4140 	orr.w	r1, r1, #3221225472	@ 0xc0000000
10006daa:	4c0a      	ldr	r4, [pc, #40]	@ (10006dd4 <write_reg_u32_swap+0x34>)
10006dac:	ea04 24c2 	and.w	r4, r4, r2, lsl #11
10006db0:	ea41 0204 	orr.w	r2, r1, r4
10006db4:	f042 0204 	orr.w	r2, r2, #4
10006db8:	ba52      	rev16	r2, r2
10006dba:	9202      	str	r2, [sp, #8]
10006dbc:	ba5b      	rev16	r3, r3
10006dbe:	9303      	str	r3, [sp, #12]
10006dc0:	2300      	movs	r3, #0
10006dc2:	9300      	str	r3, [sp, #0]
10006dc4:	2208      	movs	r2, #8
10006dc6:	eb0d 0102 	add.w	r1, sp, r2
10006dca:	f7ff fcd7 	bl	1000677c <cyw43_spi_transfer>
10006dce:	b004      	add	sp, #16
10006dd0:	bd10      	pop	{r4, pc}
10006dd2:	bf00      	nop
10006dd4:	0ffff800 	.word	0x0ffff800

10006dd8 <cyw43_write_reg_u32>:
10006dd8:	b510      	push	{r4, lr}
10006dda:	b082      	sub	sp, #8
10006ddc:	2404      	movs	r4, #4
10006dde:	9400      	str	r4, [sp, #0]
10006de0:	f7ff ff52 	bl	10006c88 <_cyw43_write_reg>
10006de4:	b002      	add	sp, #8
10006de6:	bd10      	pop	{r4, pc}

10006de8 <cyw43_write_reg_u16>:
10006de8:	b510      	push	{r4, lr}
10006dea:	b082      	sub	sp, #8
10006dec:	2402      	movs	r4, #2
10006dee:	9400      	str	r4, [sp, #0]
10006df0:	f7ff ff4a 	bl	10006c88 <_cyw43_write_reg>
10006df4:	b002      	add	sp, #8
10006df6:	bd10      	pop	{r4, pc}

10006df8 <cyw43_write_reg_u8>:
10006df8:	b510      	push	{r4, lr}
10006dfa:	b082      	sub	sp, #8
10006dfc:	2401      	movs	r4, #1
10006dfe:	9400      	str	r4, [sp, #0]
10006e00:	f7ff ff42 	bl	10006c88 <_cyw43_write_reg>
10006e04:	b002      	add	sp, #8
10006e06:	bd10      	pop	{r4, pc}

10006e08 <cyw43_read_bytes>:
10006e08:	b5f0      	push	{r4, r5, r6, r7, lr}
10006e0a:	b083      	sub	sp, #12
10006e0c:	4696      	mov	lr, r2
10006e0e:	461c      	mov	r4, r3
10006e10:	9d08      	ldr	r5, [sp, #32]
10006e12:	2901      	cmp	r1, #1
10006e14:	d035      	beq.n	10006e82 <cyw43_read_bytes+0x7a>
10006e16:	2700      	movs	r7, #0
10006e18:	f104 0c03 	add.w	ip, r4, #3
10006e1c:	f02c 0c03 	bic.w	ip, ip, #3
10006e20:	f10c 33ff 	add.w	r3, ip, #4294967295	@ 0xffffffff
10006e24:	f5b3 6fff 	cmp.w	r3, #2040	@ 0x7f8
10006e28:	d236      	bcs.n	10006e98 <cyw43_read_bytes+0x90>
10006e2a:	f100 0628 	add.w	r6, r0, #40	@ 0x28
10006e2e:	42ae      	cmp	r6, r5
10006e30:	d004      	beq.n	10006e3c <cyw43_read_bytes+0x34>
10006e32:	d803      	bhi.n	10006e3c <cyw43_read_bytes+0x34>
10006e34:	f600 0328 	addw	r3, r0, #2088	@ 0x828
10006e38:	42ab      	cmp	r3, r5
10006e3a:	d834      	bhi.n	10006ea6 <cyw43_read_bytes+0x9e>
10006e3c:	2f00      	cmp	r7, #0
10006e3e:	d039      	beq.n	10006eb4 <cyw43_read_bytes+0xac>
10006e40:	2300      	movs	r3, #0
10006e42:	0709      	lsls	r1, r1, #28
10006e44:	f041 4180 	orr.w	r1, r1, #1073741824	@ 0x40000000
10006e48:	4a1e      	ldr	r2, [pc, #120]	@ (10006ec4 <cyw43_read_bytes+0xbc>)
10006e4a:	ea02 22ce 	and.w	r2, r2, lr, lsl #11
10006e4e:	4311      	orrs	r1, r2
10006e50:	4321      	orrs	r1, r4
10006e52:	3304      	adds	r3, #4
10006e54:	eb00 0383 	add.w	r3, r0, r3, lsl #2
10006e58:	f843 1f04 	str.w	r1, [r3, #4]!
10006e5c:	4467      	add	r7, ip
10006e5e:	3704      	adds	r7, #4
10006e60:	9700      	str	r7, [sp, #0]
10006e62:	2204      	movs	r2, #4
10006e64:	2100      	movs	r1, #0
10006e66:	f7ff fc89 	bl	1000677c <cyw43_spi_transfer>
10006e6a:	4607      	mov	r7, r0
10006e6c:	bb20      	cbnz	r0, 10006eb8 <cyw43_read_bytes+0xb0>
10006e6e:	42ae      	cmp	r6, r5
10006e70:	d004      	beq.n	10006e7c <cyw43_read_bytes+0x74>
10006e72:	4622      	mov	r2, r4
10006e74:	4631      	mov	r1, r6
10006e76:	4628      	mov	r0, r5
10006e78:	f002 fc5a 	bl	10009730 <memcpy>
10006e7c:	4638      	mov	r0, r7
10006e7e:	b003      	add	sp, #12
10006e80:	bdf0      	pop	{r4, r5, r6, r7, pc}
10006e82:	2b40      	cmp	r3, #64	@ 0x40
10006e84:	d801      	bhi.n	10006e8a <cyw43_read_bytes+0x82>
10006e86:	2710      	movs	r7, #16
10006e88:	e7c6      	b.n	10006e18 <cyw43_read_bytes+0x10>
10006e8a:	4b0f      	ldr	r3, [pc, #60]	@ (10006ec8 <cyw43_read_bytes+0xc0>)
10006e8c:	4a0f      	ldr	r2, [pc, #60]	@ (10006ecc <cyw43_read_bytes+0xc4>)
10006e8e:	f44f 71f3 	mov.w	r1, #486	@ 0x1e6
10006e92:	480f      	ldr	r0, [pc, #60]	@ (10006ed0 <cyw43_read_bytes+0xc8>)
10006e94:	f7fc f93c 	bl	10003110 <__assert_func>
10006e98:	4b0e      	ldr	r3, [pc, #56]	@ (10006ed4 <cyw43_read_bytes+0xcc>)
10006e9a:	4a0c      	ldr	r2, [pc, #48]	@ (10006ecc <cyw43_read_bytes+0xc4>)
10006e9c:	f240 11e9 	movw	r1, #489	@ 0x1e9
10006ea0:	480b      	ldr	r0, [pc, #44]	@ (10006ed0 <cyw43_read_bytes+0xc8>)
10006ea2:	f7fc f935 	bl	10003110 <__assert_func>
10006ea6:	4b0c      	ldr	r3, [pc, #48]	@ (10006ed8 <cyw43_read_bytes+0xd0>)
10006ea8:	4a08      	ldr	r2, [pc, #32]	@ (10006ecc <cyw43_read_bytes+0xc4>)
10006eaa:	f44f 71f5 	mov.w	r1, #490	@ 0x1ea
10006eae:	4808      	ldr	r0, [pc, #32]	@ (10006ed0 <cyw43_read_bytes+0xc8>)
10006eb0:	f7fc f92e 	bl	10003110 <__assert_func>
10006eb4:	2304      	movs	r3, #4
10006eb6:	e7c4      	b.n	10006e42 <cyw43_read_bytes+0x3a>
10006eb8:	4601      	mov	r1, r0
10006eba:	4808      	ldr	r0, [pc, #32]	@ (10006edc <cyw43_read_bytes+0xd4>)
10006ebc:	f7fc fa8c 	bl	100033d8 <__wrap_printf>
10006ec0:	e7dc      	b.n	10006e7c <cyw43_read_bytes+0x74>
10006ec2:	bf00      	nop
10006ec4:	0ffff800 	.word	0x0ffff800
10006ec8:	1000a4c8 	.word	0x1000a4c8
10006ecc:	1000b708 	.word	0x1000b708
10006ed0:	1000a3d8 	.word	0x1000a3d8
10006ed4:	1000a508 	.word	0x1000a508
10006ed8:	1000a530 	.word	0x1000a530
10006edc:	1000a594 	.word	0x1000a594

10006ee0 <cyw43_write_bytes>:
10006ee0:	e92d 47f0 	stmdb	sp!, {r4, r5, r6, r7, r8, r9, sl, lr}
10006ee4:	b082      	sub	sp, #8
10006ee6:	4606      	mov	r6, r0
10006ee8:	460d      	mov	r5, r1
10006eea:	4692      	mov	sl, r2
10006eec:	461f      	mov	r7, r3
10006eee:	f8dd 9028 	ldr.w	r9, [sp, #40]	@ 0x28
10006ef2:	2901      	cmp	r1, #1
10006ef4:	d02e      	beq.n	10006f54 <cyw43_write_bytes+0x74>
10006ef6:	f107 0803 	add.w	r8, r7, #3
10006efa:	f028 0803 	bic.w	r8, r8, #3
10006efe:	f108 33ff 	add.w	r3, r8, #4294967295	@ 0xffffffff
10006f02:	f5b3 6fff 	cmp.w	r3, #2040	@ 0x7f8
10006f06:	d22e      	bcs.n	10006f66 <cyw43_write_bytes+0x86>
10006f08:	2d02      	cmp	r5, #2
10006f0a:	d033      	beq.n	10006f74 <cyw43_write_bytes+0x94>
10006f0c:	f106 0028 	add.w	r0, r6, #40	@ 0x28
10006f10:	4548      	cmp	r0, r9
10006f12:	d045      	beq.n	10006fa0 <cyw43_write_bytes+0xc0>
10006f14:	4548      	cmp	r0, r9
10006f16:	d803      	bhi.n	10006f20 <cyw43_write_bytes+0x40>
10006f18:	f606 0328 	addw	r3, r6, #2088	@ 0x828
10006f1c:	454b      	cmp	r3, r9
10006f1e:	d852      	bhi.n	10006fc6 <cyw43_write_bytes+0xe6>
10006f20:	072b      	lsls	r3, r5, #28
10006f22:	f043 4340 	orr.w	r3, r3, #3221225472	@ 0xc0000000
10006f26:	4a2b      	ldr	r2, [pc, #172]	@ (10006fd4 <cyw43_write_bytes+0xf4>)
10006f28:	ea02 22ca 	and.w	r2, r2, sl, lsl #11
10006f2c:	4313      	orrs	r3, r2
10006f2e:	433b      	orrs	r3, r7
10006f30:	4634      	mov	r4, r6
10006f32:	f844 3f24 	str.w	r3, [r4, #36]!
10006f36:	463a      	mov	r2, r7
10006f38:	4649      	mov	r1, r9
10006f3a:	f002 fbf9 	bl	10009730 <memcpy>
10006f3e:	2300      	movs	r3, #0
10006f40:	9300      	str	r3, [sp, #0]
10006f42:	f108 0204 	add.w	r2, r8, #4
10006f46:	4621      	mov	r1, r4
10006f48:	4630      	mov	r0, r6
10006f4a:	f7ff fc17 	bl	1000677c <cyw43_spi_transfer>
10006f4e:	b002      	add	sp, #8
10006f50:	e8bd 87f0 	ldmia.w	sp!, {r4, r5, r6, r7, r8, r9, sl, pc}
10006f54:	2b40      	cmp	r3, #64	@ 0x40
10006f56:	d9ce      	bls.n	10006ef6 <cyw43_write_bytes+0x16>
10006f58:	4b1f      	ldr	r3, [pc, #124]	@ (10006fd8 <cyw43_write_bytes+0xf8>)
10006f5a:	4a20      	ldr	r2, [pc, #128]	@ (10006fdc <cyw43_write_bytes+0xfc>)
10006f5c:	f240 2101 	movw	r1, #513	@ 0x201
10006f60:	481f      	ldr	r0, [pc, #124]	@ (10006fe0 <cyw43_write_bytes+0x100>)
10006f62:	f7fc f8d5 	bl	10003110 <__assert_func>
10006f66:	4b1f      	ldr	r3, [pc, #124]	@ (10006fe4 <cyw43_write_bytes+0x104>)
10006f68:	4a1c      	ldr	r2, [pc, #112]	@ (10006fdc <cyw43_write_bytes+0xfc>)
10006f6a:	f240 2103 	movw	r1, #515	@ 0x203
10006f6e:	481c      	ldr	r0, [pc, #112]	@ (10006fe0 <cyw43_write_bytes+0x100>)
10006f70:	f7fc f8ce 	bl	10003110 <__assert_func>
10006f74:	f44f 747a 	mov.w	r4, #1000	@ 0x3e8
10006f78:	2c00      	cmp	r4, #0
10006f7a:	f104 34ff 	add.w	r4, r4, #4294967295	@ 0xffffffff
10006f7e:	dd07      	ble.n	10006f90 <cyw43_write_bytes+0xb0>
10006f80:	2208      	movs	r2, #8
10006f82:	2100      	movs	r1, #0
10006f84:	4630      	mov	r0, r6
10006f86:	f7ff fefb 	bl	10006d80 <cyw43_read_reg_u32>
10006f8a:	f010 0f20 	tst.w	r0, #32
10006f8e:	d0f3      	beq.n	10006f78 <cyw43_write_bytes+0x98>
10006f90:	2c00      	cmp	r4, #0
10006f92:	dcbb      	bgt.n	10006f0c <cyw43_write_bytes+0x2c>
10006f94:	4814      	ldr	r0, [pc, #80]	@ (10006fe8 <cyw43_write_bytes+0x108>)
10006f96:	f7fc f9ef 	bl	10003378 <__wrap_puts>
10006f9a:	f06f 0005 	mvn.w	r0, #5
10006f9e:	e7d6      	b.n	10006f4e <cyw43_write_bytes+0x6e>
10006fa0:	072b      	lsls	r3, r5, #28
10006fa2:	f043 4340 	orr.w	r3, r3, #3221225472	@ 0xc0000000
10006fa6:	4a0b      	ldr	r2, [pc, #44]	@ (10006fd4 <cyw43_write_bytes+0xf4>)
10006fa8:	ea02 22ca 	and.w	r2, r2, sl, lsl #11
10006fac:	4313      	orrs	r3, r2
10006fae:	433b      	orrs	r3, r7
10006fb0:	4631      	mov	r1, r6
10006fb2:	f841 3f24 	str.w	r3, [r1, #36]!
10006fb6:	2300      	movs	r3, #0
10006fb8:	9300      	str	r3, [sp, #0]
10006fba:	f108 0204 	add.w	r2, r8, #4
10006fbe:	4630      	mov	r0, r6
10006fc0:	f7ff fbdc 	bl	1000677c <cyw43_spi_transfer>
10006fc4:	e7c3      	b.n	10006f4e <cyw43_write_bytes+0x6e>
10006fc6:	4b09      	ldr	r3, [pc, #36]	@ (10006fec <cyw43_write_bytes+0x10c>)
10006fc8:	4a04      	ldr	r2, [pc, #16]	@ (10006fdc <cyw43_write_bytes+0xfc>)
10006fca:	f240 211d 	movw	r1, #541	@ 0x21d
10006fce:	4804      	ldr	r0, [pc, #16]	@ (10006fe0 <cyw43_write_bytes+0x100>)
10006fd0:	f7fc f89e 	bl	10003110 <__assert_func>
10006fd4:	0ffff800 	.word	0x0ffff800
10006fd8:	1000a4c8 	.word	0x1000a4c8
10006fdc:	1000b6f4 	.word	0x1000b6f4
10006fe0:	1000a3d8 	.word	0x1000a3d8
10006fe4:	1000a508 	.word	0x1000a508
10006fe8:	1000aab8 	.word	0x1000aab8
10006fec:	1000a5b0 	.word	0x1000a5b0

10006ff0 <get_core_address>:
10006ff0:	2801      	cmp	r0, #1
10006ff2:	d005      	beq.n	10007000 <get_core_address+0x10>
10006ff4:	2802      	cmp	r0, #2
10006ff6:	d001      	beq.n	10006ffc <get_core_address+0xc>
10006ff8:	2000      	movs	r0, #0
10006ffa:	4770      	bx	lr
10006ffc:	4801      	ldr	r0, [pc, #4]	@ (10007004 <get_core_address+0x14>)
10006ffe:	4770      	bx	lr
10007000:	4801      	ldr	r0, [pc, #4]	@ (10007008 <get_core_address+0x18>)
10007002:	4770      	bx	lr
10007004:	18104000 	.word	0x18104000
10007008:	18103000 	.word	0x18103000

1000700c <sdpcm_process_rx_packet>:
1000700c:	b5f8      	push	{r3, r4, r5, r6, r7, lr}
1000700e:	460c      	mov	r4, r1
10007010:	461e      	mov	r6, r3
10007012:	880b      	ldrh	r3, [r1, #0]
10007014:	8849      	ldrh	r1, [r1, #2]
10007016:	43c9      	mvns	r1, r1
10007018:	b289      	uxth	r1, r1
1000701a:	428b      	cmp	r3, r1
1000701c:	d130      	bne.n	10007080 <sdpcm_process_rx_packet+0x74>
1000701e:	4605      	mov	r5, r0
10007020:	4617      	mov	r7, r2
10007022:	2b0b      	cmp	r3, #11
10007024:	d932      	bls.n	1000708c <sdpcm_process_rx_packet+0x80>
10007026:	7b81      	ldrb	r1, [r0, #14]
10007028:	7a22      	ldrb	r2, [r4, #8]
1000702a:	4291      	cmp	r1, r2
1000702c:	d134      	bne.n	10007098 <sdpcm_process_rx_packet+0x8c>
1000702e:	7a23      	ldrb	r3, [r4, #8]
10007030:	73ab      	strb	r3, [r5, #14]
10007032:	7963      	ldrb	r3, [r4, #5]
10007034:	f003 030f 	and.w	r3, r3, #15
10007038:	2b02      	cmp	r3, #2
1000703a:	d806      	bhi.n	1000704a <sdpcm_process_rx_packet+0x3e>
1000703c:	7a62      	ldrb	r2, [r4, #9]
1000703e:	7b6b      	ldrb	r3, [r5, #13]
10007040:	1ad3      	subs	r3, r2, r3
10007042:	b2db      	uxtb	r3, r3
10007044:	2b14      	cmp	r3, #20
10007046:	d800      	bhi.n	1000704a <sdpcm_process_rx_packet+0x3e>
10007048:	736a      	strb	r2, [r5, #13]
1000704a:	8820      	ldrh	r0, [r4, #0]
1000704c:	280c      	cmp	r0, #12
1000704e:	d027      	beq.n	100070a0 <sdpcm_process_rx_packet+0x94>
10007050:	7963      	ldrb	r3, [r4, #5]
10007052:	f003 030f 	and.w	r3, r3, #15
10007056:	2b01      	cmp	r3, #1
10007058:	d04b      	beq.n	100070f2 <sdpcm_process_rx_packet+0xe6>
1000705a:	2b02      	cmp	r3, #2
1000705c:	d032      	beq.n	100070c4 <sdpcm_process_rx_packet+0xb8>
1000705e:	2b00      	cmp	r3, #0
10007060:	d171      	bne.n	10007146 <sdpcm_process_rx_packet+0x13a>
10007062:	281b      	cmp	r0, #27
10007064:	d922      	bls.n	100070ac <sdpcm_process_rx_packet+0xa0>
10007066:	79e3      	ldrb	r3, [r4, #7]
10007068:	4423      	add	r3, r4
1000706a:	8959      	ldrh	r1, [r3, #10]
1000706c:	8a2a      	ldrh	r2, [r5, #16]
1000706e:	4291      	cmp	r1, r2
10007070:	d122      	bne.n	100070b8 <sdpcm_process_rx_packet+0xac>
10007072:	3310      	adds	r3, #16
10007074:	1b1c      	subs	r4, r3, r4
10007076:	1b04      	subs	r4, r0, r4
10007078:	603c      	str	r4, [r7, #0]
1000707a:	6033      	str	r3, [r6, #0]
1000707c:	2000      	movs	r0, #0
1000707e:	e067      	b.n	10007150 <sdpcm_process_rx_packet+0x144>
10007080:	4837      	ldr	r0, [pc, #220]	@ (10007160 <sdpcm_process_rx_packet+0x154>)
10007082:	f7fc f979 	bl	10003378 <__wrap_puts>
10007086:	f06f 0001 	mvn.w	r0, #1
1000708a:	e061      	b.n	10007150 <sdpcm_process_rx_packet+0x144>
1000708c:	4835      	ldr	r0, [pc, #212]	@ (10007164 <sdpcm_process_rx_packet+0x158>)
1000708e:	f7fc f973 	bl	10003378 <__wrap_puts>
10007092:	f06f 0002 	mvn.w	r0, #2
10007096:	e05b      	b.n	10007150 <sdpcm_process_rx_packet+0x144>
10007098:	4833      	ldr	r0, [pc, #204]	@ (10007168 <sdpcm_process_rx_packet+0x15c>)
1000709a:	f7fc f99d 	bl	100033d8 <__wrap_printf>
1000709e:	e7c6      	b.n	1000702e <sdpcm_process_rx_packet+0x22>
100070a0:	4832      	ldr	r0, [pc, #200]	@ (1000716c <sdpcm_process_rx_packet+0x160>)
100070a2:	f7fc f969 	bl	10003378 <__wrap_puts>
100070a6:	f06f 0003 	mvn.w	r0, #3
100070aa:	e051      	b.n	10007150 <sdpcm_process_rx_packet+0x144>
100070ac:	4830      	ldr	r0, [pc, #192]	@ (10007170 <sdpcm_process_rx_packet+0x164>)
100070ae:	f7fc f963 	bl	10003378 <__wrap_puts>
100070b2:	f06f 0004 	mvn.w	r0, #4
100070b6:	e04b      	b.n	10007150 <sdpcm_process_rx_packet+0x144>
100070b8:	482e      	ldr	r0, [pc, #184]	@ (10007174 <sdpcm_process_rx_packet+0x168>)
100070ba:	f7fc f98d 	bl	100033d8 <__wrap_printf>
100070be:	f06f 0005 	mvn.w	r0, #5
100070c2:	e045      	b.n	10007150 <sdpcm_process_rx_packet+0x144>
100070c4:	2810      	cmp	r0, #16
100070c6:	d90e      	bls.n	100070e6 <sdpcm_process_rx_packet+0xda>
100070c8:	79e3      	ldrb	r3, [r4, #7]
100070ca:	4423      	add	r3, r4
100070cc:	7899      	ldrb	r1, [r3, #2]
100070ce:	78da      	ldrb	r2, [r3, #3]
100070d0:	0092      	lsls	r2, r2, #2
100070d2:	3204      	adds	r2, #4
100070d4:	4413      	add	r3, r2
100070d6:	1b1c      	subs	r4, r3, r4
100070d8:	1b04      	subs	r4, r0, r4
100070da:	ea44 74c1 	orr.w	r4, r4, r1, lsl #31
100070de:	603c      	str	r4, [r7, #0]
100070e0:	6033      	str	r3, [r6, #0]
100070e2:	2002      	movs	r0, #2
100070e4:	e034      	b.n	10007150 <sdpcm_process_rx_packet+0x144>
100070e6:	4824      	ldr	r0, [pc, #144]	@ (10007178 <sdpcm_process_rx_packet+0x16c>)
100070e8:	f7fc f946 	bl	10003378 <__wrap_puts>
100070ec:	f06f 0006 	mvn.w	r0, #6
100070f0:	e02e      	b.n	10007150 <sdpcm_process_rx_packet+0x144>
100070f2:	2810      	cmp	r0, #16
100070f4:	d91b      	bls.n	1000712e <sdpcm_process_rx_packet+0x122>
100070f6:	79e3      	ldrb	r3, [r4, #7]
100070f8:	4423      	add	r3, r4
100070fa:	78da      	ldrb	r2, [r3, #3]
100070fc:	0092      	lsls	r2, r2, #2
100070fe:	3204      	adds	r2, #4
10007100:	4413      	add	r3, r2
10007102:	1b1c      	subs	r4, r3, r4
10007104:	1b00      	subs	r0, r0, r4
10007106:	7b1a      	ldrb	r2, [r3, #12]
10007108:	2a88      	cmp	r2, #136	@ 0x88
1000710a:	d122      	bne.n	10007152 <sdpcm_process_rx_packet+0x146>
1000710c:	7b5a      	ldrb	r2, [r3, #13]
1000710e:	2a6c      	cmp	r2, #108	@ 0x6c
10007110:	d122      	bne.n	10007158 <sdpcm_process_rx_packet+0x14c>
10007112:	7cda      	ldrb	r2, [r3, #19]
10007114:	b98a      	cbnz	r2, 1000713a <sdpcm_process_rx_packet+0x12e>
10007116:	7d1a      	ldrb	r2, [r3, #20]
10007118:	2a10      	cmp	r2, #16
1000711a:	d10e      	bne.n	1000713a <sdpcm_process_rx_packet+0x12e>
1000711c:	7d5a      	ldrb	r2, [r3, #21]
1000711e:	2a18      	cmp	r2, #24
10007120:	d10b      	bne.n	1000713a <sdpcm_process_rx_packet+0x12e>
10007122:	3818      	subs	r0, #24
10007124:	6038      	str	r0, [r7, #0]
10007126:	3318      	adds	r3, #24
10007128:	6033      	str	r3, [r6, #0]
1000712a:	2001      	movs	r0, #1
1000712c:	e010      	b.n	10007150 <sdpcm_process_rx_packet+0x144>
1000712e:	4813      	ldr	r0, [pc, #76]	@ (1000717c <sdpcm_process_rx_packet+0x170>)
10007130:	f7fc f922 	bl	10003378 <__wrap_puts>
10007134:	f06f 0007 	mvn.w	r0, #7
10007138:	e00a      	b.n	10007150 <sdpcm_process_rx_packet+0x144>
1000713a:	4811      	ldr	r0, [pc, #68]	@ (10007180 <sdpcm_process_rx_packet+0x174>)
1000713c:	f7fc f91c 	bl	10003378 <__wrap_puts>
10007140:	f06f 0009 	mvn.w	r0, #9
10007144:	e004      	b.n	10007150 <sdpcm_process_rx_packet+0x144>
10007146:	480f      	ldr	r0, [pc, #60]	@ (10007184 <sdpcm_process_rx_packet+0x178>)
10007148:	f7fc f916 	bl	10003378 <__wrap_puts>
1000714c:	f06f 000a 	mvn.w	r0, #10
10007150:	bdf8      	pop	{r3, r4, r5, r6, r7, pc}
10007152:	f06f 0008 	mvn.w	r0, #8
10007156:	e7fb      	b.n	10007150 <sdpcm_process_rx_packet+0x144>
10007158:	f06f 0008 	mvn.w	r0, #8
1000715c:	e7f8      	b.n	10007150 <sdpcm_process_rx_packet+0x144>
1000715e:	bf00      	nop
10007160:	1000a5fc 	.word	0x1000a5fc
10007164:	1000a614 	.word	0x1000a614
10007168:	1000a630 	.word	0x1000a630
1000716c:	1000a658 	.word	0x1000a658
10007170:	1000a678 	.word	0x1000a678
10007174:	1000a69c 	.word	0x1000a69c
10007178:	1000a6c4 	.word	0x1000a6c4
1000717c:	1000a6e4 	.word	0x1000a6e4
10007180:	1000a704 	.word	0x1000a704
10007184:	1000a714 	.word	0x1000a714

10007188 <cyw43_ll_wifi_parse_scan_result>:
10007188:	e92d 43f8 	stmdb	sp!, {r3, r4, r5, r6, r7, r8, r9, lr}
1000718c:	4607      	mov	r7, r0
1000718e:	f8b0 30b0 	ldrh.w	r3, [r0, #176]	@ 0xb0
10007192:	f8d0 60b4 	ldr.w	r6, [r0, #180]	@ 0xb4
10007196:	1999      	adds	r1, r3, r6
10007198:	6c02      	ldr	r2, [r0, #64]	@ 0x40
1000719a:	4291      	cmp	r1, r2
1000719c:	d807      	bhi.n	100071ae <cyw43_ll_wifi_parse_scan_result+0x26>
1000719e:	f100 043c 	add.w	r4, r0, #60	@ 0x3c
100071a2:	441c      	add	r4, r3
100071a4:	4426      	add	r6, r4
100071a6:	f04f 0800 	mov.w	r8, #0
100071aa:	46c1      	mov	r9, r8
100071ac:	e006      	b.n	100071bc <cyw43_ll_wifi_parse_scan_result+0x34>
100071ae:	f04f 33ff 	mov.w	r3, #4294967295	@ 0xffffffff
100071b2:	6083      	str	r3, [r0, #8]
100071b4:	e02d      	b.n	10007212 <cyw43_ll_wifi_parse_scan_result+0x8a>
100071b6:	46a1      	mov	r9, r4
100071b8:	3502      	adds	r5, #2
100071ba:	442c      	add	r4, r5
100071bc:	42b4      	cmp	r4, r6
100071be:	d212      	bcs.n	100071e6 <cyw43_ll_wifi_parse_scan_result+0x5e>
100071c0:	7822      	ldrb	r2, [r4, #0]
100071c2:	7865      	ldrb	r5, [r4, #1]
100071c4:	1cab      	adds	r3, r5, #2
100071c6:	4423      	add	r3, r4
100071c8:	42b3      	cmp	r3, r6
100071ca:	d8f5      	bhi.n	100071b8 <cyw43_ll_wifi_parse_scan_result+0x30>
100071cc:	2a30      	cmp	r2, #48	@ 0x30
100071ce:	d0f2      	beq.n	100071b6 <cyw43_ll_wifi_parse_scan_result+0x2e>
100071d0:	2add      	cmp	r2, #221	@ 0xdd
100071d2:	d1f1      	bne.n	100071b8 <cyw43_ll_wifi_parse_scan_result+0x30>
100071d4:	2204      	movs	r2, #4
100071d6:	4911      	ldr	r1, [pc, #68]	@ (1000721c <cyw43_ll_wifi_parse_scan_result+0x94>)
100071d8:	1ca0      	adds	r0, r4, #2
100071da:	f002 f975 	bl	100094c8 <memcmp>
100071de:	2800      	cmp	r0, #0
100071e0:	d1ea      	bne.n	100071b8 <cyw43_ll_wifi_parse_scan_result+0x30>
100071e2:	46a0      	mov	r8, r4
100071e4:	e7e8      	b.n	100071b8 <cyw43_ll_wifi_parse_scan_result+0x30>
100071e6:	f1b9 0f00 	cmp.w	r9, #0
100071ea:	d014      	beq.n	10007216 <cyw43_ll_wifi_parse_scan_result+0x8e>
100071ec:	2304      	movs	r3, #4
100071ee:	f1b8 0f00 	cmp.w	r8, #0
100071f2:	d001      	beq.n	100071f8 <cyw43_ll_wifi_parse_scan_result+0x70>
100071f4:	f043 0302 	orr.w	r3, r3, #2
100071f8:	f8b7 204c 	ldrh.w	r2, [r7, #76]	@ 0x4c
100071fc:	f012 0f10 	tst.w	r2, #16
10007200:	d001      	beq.n	10007206 <cyw43_ll_wifi_parse_scan_result+0x7e>
10007202:	f043 0301 	orr.w	r3, r3, #1
10007206:	f897 2084 	ldrb.w	r2, [r7, #132]	@ 0x84
1000720a:	f8a7 2084 	strh.w	r2, [r7, #132]	@ 0x84
1000720e:	f887 3088 	strb.w	r3, [r7, #136]	@ 0x88
10007212:	e8bd 83f8 	ldmia.w	sp!, {r3, r4, r5, r6, r7, r8, r9, pc}
10007216:	2300      	movs	r3, #0
10007218:	e7e9      	b.n	100071ee <cyw43_ll_wifi_parse_scan_result+0x66>
1000721a:	bf00      	nop
1000721c:	10042a94 	.word	0x10042a94

10007220 <cyw43_ll_parse_async_event>:
10007220:	b538      	push	{r3, r4, r5, lr}
10007222:	1e8d      	subs	r5, r1, #2
10007224:	3003      	adds	r0, #3
10007226:	0884      	lsrs	r4, r0, #2
10007228:	460a      	mov	r2, r1
1000722a:	462b      	mov	r3, r5
1000722c:	e008      	b.n	10007240 <cyw43_ll_parse_async_event+0x20>
1000722e:	8810      	ldrh	r0, [r2, #0]
10007230:	f8b2 c002 	ldrh.w	ip, [r2, #2]
10007234:	ea40 400c 	orr.w	r0, r0, ip, lsl #16
10007238:	f843 0b04 	str.w	r0, [r3], #4
1000723c:	3204      	adds	r2, #4
1000723e:	3c01      	subs	r4, #1
10007240:	2c00      	cmp	r4, #0
10007242:	d1f4      	bne.n	1000722e <cyw43_ll_parse_async_event+0xe>
10007244:	880b      	ldrh	r3, [r1, #0]
10007246:	ba5b      	rev16	r3, r3
10007248:	800b      	strh	r3, [r1, #0]
1000724a:	f8d1 2002 	ldr.w	r2, [r1, #2]
1000724e:	0a13      	lsrs	r3, r2, #8
10007250:	f403 437f 	and.w	r3, r3, #65280	@ 0xff00
10007254:	ea43 6312 	orr.w	r3, r3, r2, lsr #24
10007258:	0210      	lsls	r0, r2, #8
1000725a:	f400 007f 	and.w	r0, r0, #16711680	@ 0xff0000
1000725e:	4303      	orrs	r3, r0
10007260:	ea43 6302 	orr.w	r3, r3, r2, lsl #24
10007264:	f8c1 3002 	str.w	r3, [r1, #2]
10007268:	f8d1 0006 	ldr.w	r0, [r1, #6]
1000726c:	0a02      	lsrs	r2, r0, #8
1000726e:	f402 427f 	and.w	r2, r2, #65280	@ 0xff00
10007272:	ea42 6210 	orr.w	r2, r2, r0, lsr #24
10007276:	0204      	lsls	r4, r0, #8
10007278:	f404 047f 	and.w	r4, r4, #16711680	@ 0xff0000
1000727c:	4322      	orrs	r2, r4
1000727e:	ea42 6200 	orr.w	r2, r2, r0, lsl #24
10007282:	f8c1 2006 	str.w	r2, [r1, #6]
10007286:	f8d1 400a 	ldr.w	r4, [r1, #10]
1000728a:	0a20      	lsrs	r0, r4, #8
1000728c:	f400 407f 	and.w	r0, r0, #65280	@ 0xff00
10007290:	ea40 6014 	orr.w	r0, r0, r4, lsr #24
10007294:	ea4f 2c04 	mov.w	ip, r4, lsl #8
10007298:	f40c 0c7f 	and.w	ip, ip, #16711680	@ 0xff0000
1000729c:	ea40 000c 	orr.w	r0, r0, ip
100072a0:	ea40 6004 	orr.w	r0, r0, r4, lsl #24
100072a4:	f8c1 000a 	str.w	r0, [r1, #10]
100072a8:	2b45      	cmp	r3, #69	@ 0x45
100072aa:	d001      	beq.n	100072b0 <cyw43_ll_parse_async_event+0x90>
100072ac:	4628      	mov	r0, r5
100072ae:	bd38      	pop	{r3, r4, r5, pc}
100072b0:	2a08      	cmp	r2, #8
100072b2:	d1fb      	bne.n	100072ac <cyw43_ll_parse_async_event+0x8c>
100072b4:	4628      	mov	r0, r5
100072b6:	f7ff ff67 	bl	10007188 <cyw43_ll_wifi_parse_scan_result>
100072ba:	e7f7      	b.n	100072ac <cyw43_ll_parse_async_event+0x8c>

100072bc <cyw43_kso_set>:
100072bc:	e92d 43f8 	stmdb	sp!, {r3, r4, r5, r6, r7, r8, r9, lr}
100072c0:	4605      	mov	r5, r0
100072c2:	4689      	mov	r9, r1
100072c4:	b9a9      	cbnz	r1, 100072f2 <cyw43_kso_set+0x36>
100072c6:	2400      	movs	r4, #0
100072c8:	4626      	mov	r6, r4
100072ca:	4f1d      	ldr	r7, [pc, #116]	@ (10007340 <cyw43_kso_set+0x84>)
100072cc:	4623      	mov	r3, r4
100072ce:	463a      	mov	r2, r7
100072d0:	2101      	movs	r1, #1
100072d2:	4628      	mov	r0, r5
100072d4:	f7ff fd90 	bl	10006df8 <cyw43_write_reg_u8>
100072d8:	4623      	mov	r3, r4
100072da:	463a      	mov	r2, r7
100072dc:	2101      	movs	r1, #1
100072de:	4628      	mov	r0, r5
100072e0:	f7ff fd8a 	bl	10006df8 <cyw43_write_reg_u8>
100072e4:	f1b9 0f00 	cmp.w	r9, #0
100072e8:	d005      	beq.n	100072f6 <cyw43_kso_set+0x3a>
100072ea:	2703      	movs	r7, #3
100072ec:	46b8      	mov	r8, r7
100072ee:	2400      	movs	r4, #0
100072f0:	e00f      	b.n	10007312 <cyw43_kso_set+0x56>
100072f2:	2401      	movs	r4, #1
100072f4:	e7e8      	b.n	100072c8 <cyw43_kso_set+0xc>
100072f6:	2701      	movs	r7, #1
100072f8:	f04f 0800 	mov.w	r8, #0
100072fc:	e7f7      	b.n	100072ee <cyw43_kso_set+0x32>
100072fe:	2001      	movs	r0, #1
10007300:	f001 fdd4 	bl	10008eac <cyw43_delay_ms>
10007304:	4633      	mov	r3, r6
10007306:	4a0e      	ldr	r2, [pc, #56]	@ (10007340 <cyw43_kso_set+0x84>)
10007308:	2101      	movs	r1, #1
1000730a:	4628      	mov	r0, r5
1000730c:	f7ff fd74 	bl	10006df8 <cyw43_write_reg_u8>
10007310:	3401      	adds	r4, #1
10007312:	2c3f      	cmp	r4, #63	@ 0x3f
10007314:	dc0d      	bgt.n	10007332 <cyw43_kso_set+0x76>
10007316:	4a0a      	ldr	r2, [pc, #40]	@ (10007340 <cyw43_kso_set+0x84>)
10007318:	2101      	movs	r1, #1
1000731a:	4628      	mov	r0, r5
1000731c:	f7ff fd3a 	bl	10006d94 <cyw43_read_reg_u8>
10007320:	2800      	cmp	r0, #0
10007322:	dbec      	blt.n	100072fe <cyw43_kso_set+0x42>
10007324:	ea07 0300 	and.w	r3, r7, r0
10007328:	4543      	cmp	r3, r8
1000732a:	d1e8      	bne.n	100072fe <cyw43_kso_set+0x42>
1000732c:	28ff      	cmp	r0, #255	@ 0xff
1000732e:	d0e6      	beq.n	100072fe <cyw43_kso_set+0x42>
10007330:	e003      	b.n	1000733a <cyw43_kso_set+0x7e>
10007332:	4649      	mov	r1, r9
10007334:	4803      	ldr	r0, [pc, #12]	@ (10007344 <cyw43_kso_set+0x88>)
10007336:	f7fc f84f 	bl	100033d8 <__wrap_printf>
1000733a:	e8bd 83f8 	ldmia.w	sp!, {r3, r4, r5, r6, r7, r8, r9, pc}
1000733e:	bf00      	nop
10007340:	0001001f 	.word	0x0001001f
10007344:	1000a724 	.word	0x1000a724

10007348 <cyw43_ll_bus_sleep_helper>:
10007348:	b508      	push	{r3, lr}
1000734a:	f081 0101 	eor.w	r1, r1, #1
1000734e:	f7ff ffb5 	bl	100072bc <cyw43_kso_set>
10007352:	bd08      	pop	{r3, pc}

10007354 <cyw43_read_reg>:
10007354:	b508      	push	{r3, lr}
10007356:	2901      	cmp	r1, #1
10007358:	d106      	bne.n	10007368 <cyw43_read_reg+0x14>
1000735a:	2b01      	cmp	r3, #1
1000735c:	d00b      	beq.n	10007376 <cyw43_read_reg+0x22>
1000735e:	2b04      	cmp	r3, #4
10007360:	d10c      	bne.n	1000737c <cyw43_read_reg+0x28>
10007362:	f7ff fd0d 	bl	10006d80 <cyw43_read_reg_u32>
10007366:	bd08      	pop	{r3, pc}
10007368:	4b08      	ldr	r3, [pc, #32]	@ (1000738c <cyw43_read_reg+0x38>)
1000736a:	4a09      	ldr	r2, [pc, #36]	@ (10007390 <cyw43_read_reg+0x3c>)
1000736c:	f240 1147 	movw	r1, #327	@ 0x147
10007370:	4808      	ldr	r0, [pc, #32]	@ (10007394 <cyw43_read_reg+0x40>)
10007372:	f7fb fecd 	bl	10003110 <__assert_func>
10007376:	f7ff fd0d 	bl	10006d94 <cyw43_read_reg_u8>
1000737a:	e7f4      	b.n	10007366 <cyw43_read_reg+0x12>
1000737c:	4b06      	ldr	r3, [pc, #24]	@ (10007398 <cyw43_read_reg+0x44>)
1000737e:	4a04      	ldr	r2, [pc, #16]	@ (10007390 <cyw43_read_reg+0x3c>)
10007380:	f240 114b 	movw	r1, #331	@ 0x14b
10007384:	4803      	ldr	r0, [pc, #12]	@ (10007394 <cyw43_read_reg+0x40>)
10007386:	f7fb fec3 	bl	10003110 <__assert_func>
1000738a:	bf00      	nop
1000738c:	1000a748 	.word	0x1000a748
10007390:	1000b7c4 	.word	0x1000b7c4
10007394:	1000a764 	.word	0x1000a764
10007398:	1000a7a4 	.word	0x1000a7a4

1000739c <cyw43_write_reg>:
1000739c:	b508      	push	{r3, lr}
1000739e:	2901      	cmp	r1, #1
100073a0:	d107      	bne.n	100073b2 <cyw43_write_reg+0x16>
100073a2:	2b01      	cmp	r3, #1
100073a4:	d00c      	beq.n	100073c0 <cyw43_write_reg+0x24>
100073a6:	2b04      	cmp	r3, #4
100073a8:	d10e      	bne.n	100073c8 <cyw43_write_reg+0x2c>
100073aa:	9b02      	ldr	r3, [sp, #8]
100073ac:	f7ff fd14 	bl	10006dd8 <cyw43_write_reg_u32>
100073b0:	bd08      	pop	{r3, pc}
100073b2:	4b09      	ldr	r3, [pc, #36]	@ (100073d8 <cyw43_write_reg+0x3c>)
100073b4:	4a09      	ldr	r2, [pc, #36]	@ (100073dc <cyw43_write_reg+0x40>)
100073b6:	f240 1151 	movw	r1, #337	@ 0x151
100073ba:	4809      	ldr	r0, [pc, #36]	@ (100073e0 <cyw43_write_reg+0x44>)
100073bc:	f7fb fea8 	bl	10003110 <__assert_func>
100073c0:	9b02      	ldr	r3, [sp, #8]
100073c2:	f7ff fd19 	bl	10006df8 <cyw43_write_reg_u8>
100073c6:	e7f3      	b.n	100073b0 <cyw43_write_reg+0x14>
100073c8:	4b06      	ldr	r3, [pc, #24]	@ (100073e4 <cyw43_write_reg+0x48>)
100073ca:	4a04      	ldr	r2, [pc, #16]	@ (100073dc <cyw43_write_reg+0x40>)
100073cc:	f240 1155 	movw	r1, #341	@ 0x155
100073d0:	4803      	ldr	r0, [pc, #12]	@ (100073e0 <cyw43_write_reg+0x44>)
100073d2:	f7fb fe9d 	bl	10003110 <__assert_func>
100073d6:	bf00      	nop
100073d8:	1000a748 	.word	0x1000a748
100073dc:	1000b7b4 	.word	0x1000b7b4
100073e0:	1000a764 	.word	0x1000a764
100073e4:	1000a7a4 	.word	0x1000a7a4

100073e8 <cyw43_set_backplane_window>:
100073e8:	b530      	push	{r4, r5, lr}
100073ea:	b083      	sub	sp, #12
100073ec:	f421 44ff 	bic.w	r4, r1, #32640	@ 0x7f80
100073f0:	f024 047f 	bic.w	r4, r4, #127	@ 0x7f
100073f4:	6883      	ldr	r3, [r0, #8]
100073f6:	42a3      	cmp	r3, r4
100073f8:	d00f      	beq.n	1000741a <cyw43_set_backplane_window+0x32>
100073fa:	4605      	mov	r5, r0
100073fc:	4063      	eors	r3, r4
100073fe:	f1b3 7f80 	cmp.w	r3, #16777216	@ 0x1000000
10007402:	d20c      	bcs.n	1000741e <cyw43_set_backplane_window+0x36>
10007404:	68ab      	ldr	r3, [r5, #8]
10007406:	4063      	eors	r3, r4
10007408:	f413 0f7f 	tst.w	r3, #16711680	@ 0xff0000
1000740c:	d10f      	bne.n	1000742e <cyw43_set_backplane_window+0x46>
1000740e:	68ab      	ldr	r3, [r5, #8]
10007410:	4063      	eors	r3, r4
10007412:	f413 4f7f 	tst.w	r3, #65280	@ 0xff00
10007416:	d113      	bne.n	10007440 <cyw43_set_backplane_window+0x58>
10007418:	60ac      	str	r4, [r5, #8]
1000741a:	b003      	add	sp, #12
1000741c:	bd30      	pop	{r4, r5, pc}
1000741e:	0e23      	lsrs	r3, r4, #24
10007420:	9300      	str	r3, [sp, #0]
10007422:	2301      	movs	r3, #1
10007424:	4a0b      	ldr	r2, [pc, #44]	@ (10007454 <cyw43_set_backplane_window+0x6c>)
10007426:	4619      	mov	r1, r3
10007428:	f7ff ffb8 	bl	1000739c <cyw43_write_reg>
1000742c:	e7ea      	b.n	10007404 <cyw43_set_backplane_window+0x1c>
1000742e:	0c23      	lsrs	r3, r4, #16
10007430:	9300      	str	r3, [sp, #0]
10007432:	2301      	movs	r3, #1
10007434:	4a08      	ldr	r2, [pc, #32]	@ (10007458 <cyw43_set_backplane_window+0x70>)
10007436:	4619      	mov	r1, r3
10007438:	4628      	mov	r0, r5
1000743a:	f7ff ffaf 	bl	1000739c <cyw43_write_reg>
1000743e:	e7e6      	b.n	1000740e <cyw43_set_backplane_window+0x26>
10007440:	0a23      	lsrs	r3, r4, #8
10007442:	9300      	str	r3, [sp, #0]
10007444:	2301      	movs	r3, #1
10007446:	4a05      	ldr	r2, [pc, #20]	@ (1000745c <cyw43_set_backplane_window+0x74>)
10007448:	4619      	mov	r1, r3
1000744a:	4628      	mov	r0, r5
1000744c:	f7ff ffa6 	bl	1000739c <cyw43_write_reg>
10007450:	e7e2      	b.n	10007418 <cyw43_set_backplane_window+0x30>
10007452:	bf00      	nop
10007454:	0001000c 	.word	0x0001000c
10007458:	0001000b 	.word	0x0001000b
1000745c:	0001000a 	.word	0x0001000a

10007460 <cyw43_read_backplane>:
10007460:	b570      	push	{r4, r5, r6, lr}
10007462:	4605      	mov	r5, r0
10007464:	460c      	mov	r4, r1
10007466:	4616      	mov	r6, r2
10007468:	f7ff ffbe 	bl	100073e8 <cyw43_set_backplane_window>
1000746c:	f3c4 040e 	ubfx	r4, r4, #0, #15
10007470:	4633      	mov	r3, r6
10007472:	f444 4200 	orr.w	r2, r4, #32768	@ 0x8000
10007476:	2101      	movs	r1, #1
10007478:	4628      	mov	r0, r5
1000747a:	f7ff ff6b 	bl	10007354 <cyw43_read_reg>
1000747e:	4604      	mov	r4, r0
10007480:	f04f 51c0 	mov.w	r1, #402653184	@ 0x18000000
10007484:	4628      	mov	r0, r5
10007486:	f7ff ffaf 	bl	100073e8 <cyw43_set_backplane_window>
1000748a:	4620      	mov	r0, r4
1000748c:	bd70      	pop	{r4, r5, r6, pc}
	...

10007490 <disable_device_core>:
10007490:	b538      	push	{r3, r4, r5, lr}
10007492:	4604      	mov	r4, r0
10007494:	4608      	mov	r0, r1
10007496:	f7ff fdab 	bl	10006ff0 <get_core_address>
1000749a:	f500 6500 	add.w	r5, r0, #2048	@ 0x800
1000749e:	2201      	movs	r2, #1
100074a0:	4629      	mov	r1, r5
100074a2:	4620      	mov	r0, r4
100074a4:	f7ff ffdc 	bl	10007460 <cyw43_read_backplane>
100074a8:	2201      	movs	r2, #1
100074aa:	4629      	mov	r1, r5
100074ac:	4620      	mov	r0, r4
100074ae:	f7ff ffd7 	bl	10007460 <cyw43_read_backplane>
100074b2:	f010 0f01 	tst.w	r0, #1
100074b6:	d001      	beq.n	100074bc <disable_device_core+0x2c>
100074b8:	2000      	movs	r0, #0
100074ba:	bd38      	pop	{r3, r4, r5, pc}
100074bc:	4802      	ldr	r0, [pc, #8]	@ (100074c8 <disable_device_core+0x38>)
100074be:	f7fb ff5b 	bl	10003378 <__wrap_puts>
100074c2:	f06f 0005 	mvn.w	r0, #5
100074c6:	e7f8      	b.n	100074ba <disable_device_core+0x2a>
100074c8:	1000a7b0 	.word	0x1000a7b0

100074cc <device_core_is_up>:
100074cc:	b538      	push	{r3, r4, r5, lr}
100074ce:	4604      	mov	r4, r0
100074d0:	4608      	mov	r0, r1
100074d2:	f7ff fd8d 	bl	10006ff0 <get_core_address>
100074d6:	4605      	mov	r5, r0
100074d8:	2201      	movs	r2, #1
100074da:	f500 6181 	add.w	r1, r0, #1032	@ 0x408
100074de:	4620      	mov	r0, r4
100074e0:	f7ff ffbe 	bl	10007460 <cyw43_read_backplane>
100074e4:	f000 0003 	and.w	r0, r0, #3
100074e8:	2801      	cmp	r0, #1
100074ea:	d109      	bne.n	10007500 <device_core_is_up+0x34>
100074ec:	2201      	movs	r2, #1
100074ee:	f505 6100 	add.w	r1, r5, #2048	@ 0x800
100074f2:	4620      	mov	r0, r4
100074f4:	f7ff ffb4 	bl	10007460 <cyw43_read_backplane>
100074f8:	f010 0f01 	tst.w	r0, #1
100074fc:	d104      	bne.n	10007508 <device_core_is_up+0x3c>
100074fe:	bd38      	pop	{r3, r4, r5, pc}
10007500:	4803      	ldr	r0, [pc, #12]	@ (10007510 <device_core_is_up+0x44>)
10007502:	f7fb ff39 	bl	10003378 <__wrap_puts>
10007506:	e7f1      	b.n	100074ec <device_core_is_up+0x20>
10007508:	4801      	ldr	r0, [pc, #4]	@ (10007510 <device_core_is_up+0x44>)
1000750a:	f7fb ff35 	bl	10003378 <__wrap_puts>
1000750e:	e7f6      	b.n	100074fe <device_core_is_up+0x32>
10007510:	1000a7cc 	.word	0x1000a7cc

10007514 <cyw43_download_resource>:
10007514:	e92d 4ff0 	stmdb	sp!, {r4, r5, r6, r7, r8, r9, sl, fp, lr}
10007518:	b083      	sub	sp, #12
1000751a:	469a      	mov	sl, r3
1000751c:	1cd3      	adds	r3, r2, #3
1000751e:	f023 0303 	bic.w	r3, r3, #3
10007522:	4293      	cmp	r3, r2
10007524:	d104      	bne.n	10007530 <cyw43_download_resource+0x1c>
10007526:	4680      	mov	r8, r0
10007528:	4689      	mov	r9, r1
1000752a:	4617      	mov	r7, r2
1000752c:	2400      	movs	r4, #0
1000752e:	e020      	b.n	10007572 <cyw43_download_resource+0x5e>
10007530:	4b1a      	ldr	r3, [pc, #104]	@ (1000759c <cyw43_download_resource+0x88>)
10007532:	4a1b      	ldr	r2, [pc, #108]	@ (100075a0 <cyw43_download_resource+0x8c>)
10007534:	f240 11a7 	movw	r1, #423	@ 0x1a7
10007538:	481a      	ldr	r0, [pc, #104]	@ (100075a4 <cyw43_download_resource+0x90>)
1000753a:	f7fb fde9 	bl	10003110 <__assert_func>
1000753e:	eba7 0b04 	sub.w	fp, r7, r4
10007542:	eb04 0109 	add.w	r1, r4, r9
10007546:	f3c1 050e 	ubfx	r5, r1, #0, #15
1000754a:	eb05 030b 	add.w	r3, r5, fp
1000754e:	f5b3 4f00 	cmp.w	r3, #32768	@ 0x8000
10007552:	d817      	bhi.n	10007584 <cyw43_download_resource+0x70>
10007554:	4640      	mov	r0, r8
10007556:	f7ff ff47 	bl	100073e8 <cyw43_set_backplane_window>
1000755a:	4454      	add	r4, sl
1000755c:	9400      	str	r4, [sp, #0]
1000755e:	465b      	mov	r3, fp
10007560:	f445 4200 	orr.w	r2, r5, #32768	@ 0x8000
10007564:	2101      	movs	r1, #1
10007566:	4640      	mov	r0, r8
10007568:	f7ff fcba 	bl	10006ee0 <cyw43_write_bytes>
1000756c:	4603      	mov	r3, r0
1000756e:	b988      	cbnz	r0, 10007594 <cyw43_download_resource+0x80>
10007570:	4634      	mov	r4, r6
10007572:	42bc      	cmp	r4, r7
10007574:	d20d      	bcs.n	10007592 <cyw43_download_resource+0x7e>
10007576:	f104 0640 	add.w	r6, r4, #64	@ 0x40
1000757a:	42be      	cmp	r6, r7
1000757c:	d8df      	bhi.n	1000753e <cyw43_download_resource+0x2a>
1000757e:	f04f 0b40 	mov.w	fp, #64	@ 0x40
10007582:	e7de      	b.n	10007542 <cyw43_download_resource+0x2e>
10007584:	4b08      	ldr	r3, [pc, #32]	@ (100075a8 <cyw43_download_resource+0x94>)
10007586:	4a06      	ldr	r2, [pc, #24]	@ (100075a0 <cyw43_download_resource+0x8c>)
10007588:	f240 11b9 	movw	r1, #441	@ 0x1b9
1000758c:	4805      	ldr	r0, [pc, #20]	@ (100075a4 <cyw43_download_resource+0x90>)
1000758e:	f7fb fdbf 	bl	10003110 <__assert_func>
10007592:	2300      	movs	r3, #0
10007594:	4618      	mov	r0, r3
10007596:	b003      	add	sp, #12
10007598:	e8bd 8ff0 	ldmia.w	sp!, {r4, r5, r6, r7, r8, r9, sl, fp, pc}
1000759c:	1000a7e0 	.word	0x1000a7e0
100075a0:	1000b79c 	.word	0x1000b79c
100075a4:	1000a764 	.word	0x1000a764
100075a8:	1000a804 	.word	0x1000a804

100075ac <cyw43_write_backplane>:
100075ac:	b5f0      	push	{r4, r5, r6, r7, lr}
100075ae:	b083      	sub	sp, #12
100075b0:	4605      	mov	r5, r0
100075b2:	460c      	mov	r4, r1
100075b4:	4616      	mov	r6, r2
100075b6:	461f      	mov	r7, r3
100075b8:	f7ff ff16 	bl	100073e8 <cyw43_set_backplane_window>
100075bc:	f3c4 040e 	ubfx	r4, r4, #0, #15
100075c0:	9700      	str	r7, [sp, #0]
100075c2:	4633      	mov	r3, r6
100075c4:	f444 4200 	orr.w	r2, r4, #32768	@ 0x8000
100075c8:	2101      	movs	r1, #1
100075ca:	4628      	mov	r0, r5
100075cc:	f7ff fee6 	bl	1000739c <cyw43_write_reg>
100075d0:	f04f 51c0 	mov.w	r1, #402653184	@ 0x18000000
100075d4:	4628      	mov	r0, r5
100075d6:	f7ff ff07 	bl	100073e8 <cyw43_set_backplane_window>
100075da:	b003      	add	sp, #12
100075dc:	bdf0      	pop	{r4, r5, r6, r7, pc}

100075de <reset_device_core>:
100075de:	b5f8      	push	{r3, r4, r5, r6, r7, lr}
100075e0:	4604      	mov	r4, r0
100075e2:	460d      	mov	r5, r1
100075e4:	4616      	mov	r6, r2
100075e6:	f7ff ff53 	bl	10007490 <disable_device_core>
100075ea:	4628      	mov	r0, r5
100075ec:	f7ff fd00 	bl	10006ff0 <get_core_address>
100075f0:	4607      	mov	r7, r0
100075f2:	f500 6581 	add.w	r5, r0, #1032	@ 0x408
100075f6:	b326      	cbz	r6, 10007642 <reset_device_core+0x64>
100075f8:	2323      	movs	r3, #35	@ 0x23
100075fa:	2201      	movs	r2, #1
100075fc:	4629      	mov	r1, r5
100075fe:	4620      	mov	r0, r4
10007600:	f7ff ffd4 	bl	100075ac <cyw43_write_backplane>
10007604:	2201      	movs	r2, #1
10007606:	4629      	mov	r1, r5
10007608:	4620      	mov	r0, r4
1000760a:	f7ff ff29 	bl	10007460 <cyw43_read_backplane>
1000760e:	2300      	movs	r3, #0
10007610:	2201      	movs	r2, #1
10007612:	f507 6100 	add.w	r1, r7, #2048	@ 0x800
10007616:	4620      	mov	r0, r4
10007618:	f7ff ffc8 	bl	100075ac <cyw43_write_backplane>
1000761c:	2001      	movs	r0, #1
1000761e:	f001 fc45 	bl	10008eac <cyw43_delay_ms>
10007622:	b186      	cbz	r6, 10007646 <reset_device_core+0x68>
10007624:	2321      	movs	r3, #33	@ 0x21
10007626:	2201      	movs	r2, #1
10007628:	4629      	mov	r1, r5
1000762a:	4620      	mov	r0, r4
1000762c:	f7ff ffbe 	bl	100075ac <cyw43_write_backplane>
10007630:	2201      	movs	r2, #1
10007632:	4629      	mov	r1, r5
10007634:	4620      	mov	r0, r4
10007636:	f7ff ff13 	bl	10007460 <cyw43_read_backplane>
1000763a:	2001      	movs	r0, #1
1000763c:	f001 fc36 	bl	10008eac <cyw43_delay_ms>
10007640:	bdf8      	pop	{r3, r4, r5, r6, r7, pc}
10007642:	2303      	movs	r3, #3
10007644:	e7d9      	b.n	100075fa <reset_device_core+0x1c>
10007646:	2301      	movs	r3, #1
10007648:	e7ed      	b.n	10007626 <reset_device_core+0x48>
	...

1000764c <cyw43_check_valid_chipset_firmware>:
1000764c:	e92d 41f0 	stmdb	sp!, {r4, r5, r6, r7, r8, lr}
10007650:	4411      	add	r1, r2
10007652:	f811 6c12 	ldrb.w	r6, [r1, #-18]
10007656:	f811 3c11 	ldrb.w	r3, [r1, #-17]
1000765a:	ea46 2603 	orr.w	r6, r6, r3, lsl #8
1000765e:	f5b6 7ffa 	cmp.w	r6, #500	@ 0x1f4
10007662:	d218      	bcs.n	10007696 <cyw43_check_valid_chipset_firmware+0x4a>
10007664:	f5a1 7748 	sub.w	r7, r1, #800	@ 0x320
10007668:	f897 330d 	ldrb.w	r3, [r7, #781]	@ 0x30d
1000766c:	b99b      	cbnz	r3, 10007696 <cyw43_check_valid_chipset_firmware+0x4a>
1000766e:	2550      	movs	r5, #80	@ 0x50
10007670:	42ae      	cmp	r6, r5
10007672:	dd10      	ble.n	10007696 <cyw43_check_valid_chipset_firmware+0x4a>
10007674:	f5c5 7043 	rsb	r0, r5, #780	@ 0x30c
10007678:	3001      	adds	r0, #1
1000767a:	183c      	adds	r4, r7, r0
1000767c:	2209      	movs	r2, #9
1000767e:	490a      	ldr	r1, [pc, #40]	@ (100076a8 <cyw43_check_valid_chipset_firmware+0x5c>)
10007680:	4620      	mov	r0, r4
10007682:	f002 f81b 	bl	100096bc <strncmp>
10007686:	4680      	mov	r8, r0
10007688:	b108      	cbz	r0, 1000768e <cyw43_check_valid_chipset_firmware+0x42>
1000768a:	3501      	adds	r5, #1
1000768c:	e7f0      	b.n	10007670 <cyw43_check_valid_chipset_firmware+0x24>
1000768e:	4620      	mov	r0, r4
10007690:	f7fb fe72 	bl	10003378 <__wrap_puts>
10007694:	e004      	b.n	100076a0 <cyw43_check_valid_chipset_firmware+0x54>
10007696:	4805      	ldr	r0, [pc, #20]	@ (100076ac <cyw43_check_valid_chipset_firmware+0x60>)
10007698:	f7fb fe6e 	bl	10003378 <__wrap_puts>
1000769c:	f06f 0805 	mvn.w	r8, #5
100076a0:	4640      	mov	r0, r8
100076a2:	e8bd 81f0 	ldmia.w	sp!, {r4, r5, r6, r7, r8, pc}
100076a6:	bf00      	nop
100076a8:	1000a84c 	.word	0x1000a84c
100076ac:	1000a858 	.word	0x1000a858

100076b0 <cyw43_ll_init>:
100076b0:	6001      	str	r1, [r0, #0]
100076b2:	2300      	movs	r3, #0
100076b4:	6083      	str	r3, [r0, #8]
100076b6:	7303      	strb	r3, [r0, #12]
100076b8:	2201      	movs	r2, #1
100076ba:	7342      	strb	r2, [r0, #13]
100076bc:	7383      	strb	r3, [r0, #14]
100076be:	8203      	strh	r3, [r0, #16]
100076c0:	7483      	strb	r3, [r0, #18]
100076c2:	74c3      	strb	r3, [r0, #19]
100076c4:	f8c0 384c 	str.w	r3, [r0, #2124]	@ 0x84c
100076c8:	4770      	bx	lr

100076ca <cyw43_ll_deinit>:
100076ca:	b508      	push	{r3, lr}
100076cc:	f7fe ff3c 	bl	10006548 <cyw43_spi_deinit>
100076d0:	bd08      	pop	{r3, pc}

100076d2 <cyw43_ll_bus_sleep>:
100076d2:	b510      	push	{r4, lr}
100076d4:	4604      	mov	r4, r0
100076d6:	b141      	cbz	r1, 100076ea <cyw43_ll_bus_sleep+0x18>
100076d8:	7c83      	ldrb	r3, [r0, #18]
100076da:	b903      	cbnz	r3, 100076de <cyw43_ll_bus_sleep+0xc>
100076dc:	bd10      	pop	{r4, pc}
100076de:	2300      	movs	r3, #0
100076e0:	7483      	strb	r3, [r0, #18]
100076e2:	2101      	movs	r1, #1
100076e4:	f7ff fe30 	bl	10007348 <cyw43_ll_bus_sleep_helper>
100076e8:	e7f8      	b.n	100076dc <cyw43_ll_bus_sleep+0xa>
100076ea:	f000 fe6f 	bl	100083cc <cyw43_cb_ensure_awake>
100076ee:	7ca3      	ldrb	r3, [r4, #18]
100076f0:	2b00      	cmp	r3, #0
100076f2:	d1f3      	bne.n	100076dc <cyw43_ll_bus_sleep+0xa>
100076f4:	2100      	movs	r1, #0
100076f6:	4620      	mov	r0, r4
100076f8:	f7ff fe26 	bl	10007348 <cyw43_ll_bus_sleep_helper>
100076fc:	2301      	movs	r3, #1
100076fe:	74a3      	strb	r3, [r4, #18]
10007700:	e7ec      	b.n	100076dc <cyw43_ll_bus_sleep+0xa>
	...

10007704 <cyw43_ll_sdpcm_poll_device>:
10007704:	e92d 41f0 	stmdb	sp!, {r4, r5, r6, r7, r8, lr}
10007708:	b082      	sub	sp, #8
1000770a:	4605      	mov	r5, r0
1000770c:	460e      	mov	r6, r1
1000770e:	4617      	mov	r7, r2
10007710:	7cc3      	ldrb	r3, [r0, #19]
10007712:	b92b      	cbnz	r3, 10007720 <cyw43_ll_sdpcm_poll_device+0x1c>
10007714:	6800      	ldr	r0, [r0, #0]
10007716:	f000 fe53 	bl	100083c0 <cyw43_cb_read_host_interrupt_pin>
1000771a:	2801      	cmp	r0, #1
1000771c:	f040 808c 	bne.w	10007838 <cyw43_ll_sdpcm_poll_device+0x134>
10007720:	2100      	movs	r1, #0
10007722:	4628      	mov	r0, r5
10007724:	f7ff ffd5 	bl	100076d2 <cyw43_ll_bus_sleep>
10007728:	7ceb      	ldrb	r3, [r5, #19]
1000772a:	b173      	cbz	r3, 1000774a <cyw43_ll_sdpcm_poll_device+0x46>
1000772c:	2400      	movs	r4, #0
1000772e:	4620      	mov	r0, r4
10007730:	f5b4 7f7a 	cmp.w	r4, #1000	@ 0x3e8
10007734:	da30      	bge.n	10007798 <cyw43_ll_sdpcm_poll_device+0x94>
10007736:	2208      	movs	r2, #8
10007738:	2100      	movs	r1, #0
1000773a:	4628      	mov	r0, r5
1000773c:	f7ff fb20 	bl	10006d80 <cyw43_read_reg_u32>
10007740:	f1b0 3fff 	cmp.w	r0, #4294967295	@ 0xffffffff
10007744:	d128      	bne.n	10007798 <cyw43_ll_sdpcm_poll_device+0x94>
10007746:	3401      	adds	r4, #1
10007748:	e7f2      	b.n	10007730 <cyw43_ll_sdpcm_poll_device+0x2c>
1000774a:	2204      	movs	r2, #4
1000774c:	2100      	movs	r1, #0
1000774e:	4628      	mov	r0, r5
10007750:	f7ff fb1b 	bl	10006d8a <cyw43_read_reg_u16>
10007754:	4604      	mov	r4, r0
10007756:	fa1f f880 	uxth.w	r8, r0
1000775a:	4b3a      	ldr	r3, [pc, #232]	@ (10007844 <cyw43_ll_sdpcm_poll_device+0x140>)
1000775c:	881b      	ldrh	r3, [r3, #0]
1000775e:	4543      	cmp	r3, r8
10007760:	d002      	beq.n	10007768 <cyw43_ll_sdpcm_poll_device+0x64>
10007762:	f010 0f86 	tst.w	r0, #134	@ 0x86
10007766:	d10b      	bne.n	10007780 <cyw43_ll_sdpcm_poll_device+0x7c>
10007768:	f1b8 0f00 	cmp.w	r8, #0
1000776c:	d10d      	bne.n	1000778a <cyw43_ll_sdpcm_poll_device+0x86>
1000776e:	4b35      	ldr	r3, [pc, #212]	@ (10007844 <cyw43_ll_sdpcm_poll_device+0x140>)
10007770:	f8a3 8000 	strh.w	r8, [r3]
10007774:	f014 0f20 	tst.w	r4, #32
10007778:	d1d8      	bne.n	1000772c <cyw43_ll_sdpcm_poll_device+0x28>
1000777a:	f04f 30ff 	mov.w	r0, #4294967295	@ 0xffffffff
1000777e:	e036      	b.n	100077ee <cyw43_ll_sdpcm_poll_device+0xea>
10007780:	4641      	mov	r1, r8
10007782:	4831      	ldr	r0, [pc, #196]	@ (10007848 <cyw43_ll_sdpcm_poll_device+0x144>)
10007784:	f7fb fe28 	bl	100033d8 <__wrap_printf>
10007788:	e7ee      	b.n	10007768 <cyw43_ll_sdpcm_poll_device+0x64>
1000778a:	4643      	mov	r3, r8
1000778c:	2204      	movs	r2, #4
1000778e:	2100      	movs	r1, #0
10007790:	4628      	mov	r0, r5
10007792:	f7ff fb29 	bl	10006de8 <cyw43_write_reg_u16>
10007796:	e7ea      	b.n	1000776e <cyw43_ll_sdpcm_poll_device+0x6a>
10007798:	f1b0 3fff 	cmp.w	r0, #4294967295	@ 0xffffffff
1000779c:	d04f      	beq.n	1000783e <cyw43_ll_sdpcm_poll_device+0x13a>
1000779e:	f410 7f80 	tst.w	r0, #256	@ 0x100
100077a2:	d036      	beq.n	10007812 <cyw43_ll_sdpcm_poll_device+0x10e>
100077a4:	f3c0 234a 	ubfx	r3, r0, #9, #11
100077a8:	1e5a      	subs	r2, r3, #1
100077aa:	f5b2 6fc0 	cmp.w	r2, #1536	@ 0x600
100077ae:	d221      	bcs.n	100077f4 <cyw43_ll_sdpcm_poll_device+0xf0>
100077b0:	f010 0f02 	tst.w	r0, #2
100077b4:	d11e      	bne.n	100077f4 <cyw43_ll_sdpcm_poll_device+0xf0>
100077b6:	f105 0428 	add.w	r4, r5, #40	@ 0x28
100077ba:	9400      	str	r4, [sp, #0]
100077bc:	2200      	movs	r2, #0
100077be:	2102      	movs	r1, #2
100077c0:	4628      	mov	r0, r5
100077c2:	f7ff fb21 	bl	10006e08 <cyw43_read_bytes>
100077c6:	b990      	cbnz	r0, 100077ee <cyw43_ll_sdpcm_poll_device+0xea>
100077c8:	8d29      	ldrh	r1, [r5, #40]	@ 0x28
100077ca:	b909      	cbnz	r1, 100077d0 <cyw43_ll_sdpcm_poll_device+0xcc>
100077cc:	8d6b      	ldrh	r3, [r5, #42]	@ 0x2a
100077ce:	b32b      	cbz	r3, 1000781c <cyw43_ll_sdpcm_poll_device+0x118>
100077d0:	2301      	movs	r3, #1
100077d2:	74eb      	strb	r3, [r5, #19]
100077d4:	8d6a      	ldrh	r2, [r5, #42]	@ 0x2a
100077d6:	ea81 0002 	eor.w	r0, r1, r2
100077da:	f64f 73ff 	movw	r3, #65535	@ 0xffff
100077de:	4298      	cmp	r0, r3
100077e0:	d124      	bne.n	1000782c <cyw43_ll_sdpcm_poll_device+0x128>
100077e2:	463b      	mov	r3, r7
100077e4:	4632      	mov	r2, r6
100077e6:	4621      	mov	r1, r4
100077e8:	4628      	mov	r0, r5
100077ea:	f7ff fc0f 	bl	1000700c <sdpcm_process_rx_packet>
100077ee:	b002      	add	sp, #8
100077f0:	e8bd 81f0 	ldmia.w	sp!, {r4, r5, r6, r7, r8, pc}
100077f4:	4619      	mov	r1, r3
100077f6:	4815      	ldr	r0, [pc, #84]	@ (1000784c <cyw43_ll_sdpcm_poll_device+0x148>)
100077f8:	f7fb fdee 	bl	100033d8 <__wrap_printf>
100077fc:	2301      	movs	r3, #1
100077fe:	4a14      	ldr	r2, [pc, #80]	@ (10007850 <cyw43_ll_sdpcm_poll_device+0x14c>)
10007800:	4619      	mov	r1, r3
10007802:	4628      	mov	r0, r5
10007804:	f7ff faf8 	bl	10006df8 <cyw43_write_reg_u8>
10007808:	2300      	movs	r3, #0
1000780a:	74eb      	strb	r3, [r5, #19]
1000780c:	f04f 30ff 	mov.w	r0, #4294967295	@ 0xffffffff
10007810:	e7ed      	b.n	100077ee <cyw43_ll_sdpcm_poll_device+0xea>
10007812:	2300      	movs	r3, #0
10007814:	74eb      	strb	r3, [r5, #19]
10007816:	f04f 30ff 	mov.w	r0, #4294967295	@ 0xffffffff
1000781a:	e7e8      	b.n	100077ee <cyw43_ll_sdpcm_poll_device+0xea>
1000781c:	480d      	ldr	r0, [pc, #52]	@ (10007854 <cyw43_ll_sdpcm_poll_device+0x150>)
1000781e:	f7fb fdab 	bl	10003378 <__wrap_puts>
10007822:	2300      	movs	r3, #0
10007824:	74eb      	strb	r3, [r5, #19]
10007826:	f04f 30ff 	mov.w	r0, #4294967295	@ 0xffffffff
1000782a:	e7e0      	b.n	100077ee <cyw43_ll_sdpcm_poll_device+0xea>
1000782c:	480a      	ldr	r0, [pc, #40]	@ (10007858 <cyw43_ll_sdpcm_poll_device+0x154>)
1000782e:	f7fb fdd3 	bl	100033d8 <__wrap_printf>
10007832:	f04f 30ff 	mov.w	r0, #4294967295	@ 0xffffffff
10007836:	e7da      	b.n	100077ee <cyw43_ll_sdpcm_poll_device+0xea>
10007838:	f04f 30ff 	mov.w	r0, #4294967295	@ 0xffffffff
1000783c:	e7d7      	b.n	100077ee <cyw43_ll_sdpcm_poll_device+0xea>
1000783e:	f04f 30ff 	mov.w	r0, #4294967295	@ 0xffffffff
10007842:	e7d4      	b.n	100077ee <cyw43_ll_sdpcm_poll_device+0xea>
10007844:	200026b0 	.word	0x200026b0
10007848:	1000a880 	.word	0x1000a880
1000784c:	1000a8ac 	.word	0x1000a8ac
10007850:	0001000d 	.word	0x0001000d
10007854:	1000a8cc 	.word	0x1000a8cc
10007858:	1000a8e8 	.word	0x1000a8e8

1000785c <cyw43_ll_process_packets>:
1000785c:	b510      	push	{r4, lr}
1000785e:	b082      	sub	sp, #8
10007860:	4604      	mov	r4, r0
10007862:	e014      	b.n	1000788e <cyw43_ll_process_packets+0x32>
10007864:	9901      	ldr	r1, [sp, #4]
10007866:	9800      	ldr	r0, [sp, #0]
10007868:	f7ff fcda 	bl	10007220 <cyw43_ll_parse_async_event>
1000786c:	4601      	mov	r1, r0
1000786e:	4620      	mov	r0, r4
10007870:	f000 fdb2 	bl	100083d8 <cyw43_cb_process_async_event>
10007874:	e00b      	b.n	1000788e <cyw43_ll_process_packets+0x32>
10007876:	9900      	ldr	r1, [sp, #0]
10007878:	9b01      	ldr	r3, [sp, #4]
1000787a:	f021 4200 	bic.w	r2, r1, #2147483648	@ 0x80000000
1000787e:	0fc9      	lsrs	r1, r1, #31
10007880:	6820      	ldr	r0, [r4, #0]
10007882:	f001 fb48 	bl	10008f16 <cyw43_cb_process_ethernet>
10007886:	e002      	b.n	1000788e <cyw43_ll_process_packets+0x32>
10007888:	4814      	ldr	r0, [pc, #80]	@ (100078dc <cyw43_ll_process_packets+0x80>)
1000788a:	f7fb fda5 	bl	100033d8 <__wrap_printf>
1000788e:	aa01      	add	r2, sp, #4
10007890:	4669      	mov	r1, sp
10007892:	4620      	mov	r0, r4
10007894:	f7ff ff36 	bl	10007704 <cyw43_ll_sdpcm_poll_device>
10007898:	4601      	mov	r1, r0
1000789a:	f100 0309 	add.w	r3, r0, #9
1000789e:	2b0b      	cmp	r3, #11
100078a0:	d8f2      	bhi.n	10007888 <cyw43_ll_process_packets+0x2c>
100078a2:	a201      	add	r2, pc, #4	@ (adr r2, 100078a8 <cyw43_ll_process_packets+0x4c>)
100078a4:	f852 f023 	ldr.w	pc, [r2, r3, lsl #2]
100078a8:	1000788f 	.word	0x1000788f
100078ac:	10007889 	.word	0x10007889
100078b0:	10007889 	.word	0x10007889
100078b4:	10007889 	.word	0x10007889
100078b8:	10007889 	.word	0x10007889
100078bc:	1000788f 	.word	0x1000788f
100078c0:	10007889 	.word	0x10007889
100078c4:	10007889 	.word	0x10007889
100078c8:	100078d9 	.word	0x100078d9
100078cc:	10007889 	.word	0x10007889
100078d0:	10007865 	.word	0x10007865
100078d4:	10007877 	.word	0x10007877
100078d8:	b002      	add	sp, #8
100078da:	bd10      	pop	{r4, pc}
100078dc:	1000a914 	.word	0x1000a914

100078e0 <cyw43_sdpcm_send_common>:
100078e0:	e92d 47f0 	stmdb	sp!, {r4, r5, r6, r7, r8, r9, sl, lr}
100078e4:	b084      	sub	sp, #16
100078e6:	4605      	mov	r5, r0
100078e8:	4691      	mov	r9, r2
100078ea:	4698      	mov	r8, r3
100078ec:	468a      	mov	sl, r1
100078ee:	b109      	cbz	r1, 100078f4 <cyw43_sdpcm_send_common+0x14>
100078f0:	2902      	cmp	r1, #2
100078f2:	d16f      	bne.n	100079d4 <cyw43_sdpcm_send_common+0xf4>
100078f4:	2100      	movs	r1, #0
100078f6:	4628      	mov	r0, r5
100078f8:	f7ff feeb 	bl	100076d2 <cyw43_ll_bus_sleep>
100078fc:	7bab      	ldrb	r3, [r5, #14]
100078fe:	bb93      	cbnz	r3, 10007966 <cyw43_sdpcm_send_common+0x86>
10007900:	7b6a      	ldrb	r2, [r5, #13]
10007902:	7b2b      	ldrb	r3, [r5, #12]
10007904:	429a      	cmp	r2, r3
10007906:	d02e      	beq.n	10007966 <cyw43_sdpcm_send_common+0x86>
10007908:	f109 030c 	add.w	r3, r9, #12
1000790c:	b29b      	uxth	r3, r3
1000790e:	f8a8 3000 	strh.w	r3, [r8]
10007912:	43db      	mvns	r3, r3
10007914:	f8a8 3002 	strh.w	r3, [r8, #2]
10007918:	7b2b      	ldrb	r3, [r5, #12]
1000791a:	f888 3004 	strb.w	r3, [r8, #4]
1000791e:	f888 a005 	strb.w	sl, [r8, #5]
10007922:	2300      	movs	r3, #0
10007924:	f888 3006 	strb.w	r3, [r8, #6]
10007928:	f1ba 0f02 	cmp.w	sl, #2
1000792c:	d050      	beq.n	100079d0 <cyw43_sdpcm_send_common+0xf0>
1000792e:	230c      	movs	r3, #12
10007930:	f888 3007 	strb.w	r3, [r8, #7]
10007934:	2200      	movs	r2, #0
10007936:	f888 2008 	strb.w	r2, [r8, #8]
1000793a:	f888 2009 	strb.w	r2, [r8, #9]
1000793e:	f888 200a 	strb.w	r2, [r8, #10]
10007942:	f888 200b 	strb.w	r2, [r8, #11]
10007946:	7b2b      	ldrb	r3, [r5, #12]
10007948:	3301      	adds	r3, #1
1000794a:	732b      	strb	r3, [r5, #12]
1000794c:	f109 030f 	add.w	r3, r9, #15
10007950:	f8cd 8000 	str.w	r8, [sp]
10007954:	f023 0303 	bic.w	r3, r3, #3
10007958:	2102      	movs	r1, #2
1000795a:	4628      	mov	r0, r5
1000795c:	f7ff fac0 	bl	10006ee0 <cyw43_write_bytes>
10007960:	b004      	add	sp, #16
10007962:	e8bd 87f0 	ldmia.w	sp!, {r4, r5, r6, r7, r8, r9, sl, pc}
10007966:	4b1d      	ldr	r3, [pc, #116]	@ (100079dc <cyw43_sdpcm_send_common+0xfc>)
10007968:	6a9f      	ldr	r7, [r3, #40]	@ 0x28
1000796a:	f5a7 36c3 	sub.w	r6, r7, #99840	@ 0x18600
1000796e:	3ea0      	subs	r6, #160	@ 0xa0
10007970:	e010      	b.n	10007994 <cyw43_sdpcm_send_common+0xb4>
10007972:	9903      	ldr	r1, [sp, #12]
10007974:	9802      	ldr	r0, [sp, #8]
10007976:	f7ff fc53 	bl	10007220 <cyw43_ll_parse_async_event>
1000797a:	4601      	mov	r1, r0
1000797c:	4628      	mov	r0, r5
1000797e:	f000 fd2b 	bl	100083d8 <cyw43_cb_process_async_event>
10007982:	e015      	b.n	100079b0 <cyw43_sdpcm_send_common+0xd0>
10007984:	1be4      	subs	r4, r4, r7
10007986:	4b16      	ldr	r3, [pc, #88]	@ (100079e0 <cyw43_sdpcm_send_common+0x100>)
10007988:	429c      	cmp	r4, r3
1000798a:	d819      	bhi.n	100079c0 <cyw43_sdpcm_send_common+0xe0>
1000798c:	f44f 707a 	mov.w	r0, #1000	@ 0x3e8
10007990:	f001 fa5e 	bl	10008e50 <cyw43_await_background_or_timeout_us>
10007994:	4b11      	ldr	r3, [pc, #68]	@ (100079dc <cyw43_sdpcm_send_common+0xfc>)
10007996:	6a9c      	ldr	r4, [r3, #40]	@ 0x28
10007998:	1ba2      	subs	r2, r4, r6
1000799a:	4b12      	ldr	r3, [pc, #72]	@ (100079e4 <cyw43_sdpcm_send_common+0x104>)
1000799c:	429a      	cmp	r2, r3
1000799e:	d900      	bls.n	100079a2 <cyw43_sdpcm_send_common+0xc2>
100079a0:	4626      	mov	r6, r4
100079a2:	aa03      	add	r2, sp, #12
100079a4:	a902      	add	r1, sp, #8
100079a6:	4628      	mov	r0, r5
100079a8:	f7ff feac 	bl	10007704 <cyw43_ll_sdpcm_poll_device>
100079ac:	2801      	cmp	r0, #1
100079ae:	d0e0      	beq.n	10007972 <cyw43_sdpcm_send_common+0x92>
100079b0:	7ba9      	ldrb	r1, [r5, #14]
100079b2:	2900      	cmp	r1, #0
100079b4:	d1e6      	bne.n	10007984 <cyw43_sdpcm_send_common+0xa4>
100079b6:	7b6a      	ldrb	r2, [r5, #13]
100079b8:	7b2b      	ldrb	r3, [r5, #12]
100079ba:	429a      	cmp	r2, r3
100079bc:	d0e2      	beq.n	10007984 <cyw43_sdpcm_send_common+0xa4>
100079be:	e7a3      	b.n	10007908 <cyw43_sdpcm_send_common+0x28>
100079c0:	7b6b      	ldrb	r3, [r5, #13]
100079c2:	7b2a      	ldrb	r2, [r5, #12]
100079c4:	4808      	ldr	r0, [pc, #32]	@ (100079e8 <cyw43_sdpcm_send_common+0x108>)
100079c6:	f7fb fd07 	bl	100033d8 <__wrap_printf>
100079ca:	f06f 0001 	mvn.w	r0, #1
100079ce:	e7c7      	b.n	10007960 <cyw43_sdpcm_send_common+0x80>
100079d0:	230e      	movs	r3, #14
100079d2:	e7ad      	b.n	10007930 <cyw43_sdpcm_send_common+0x50>
100079d4:	f06f 0004 	mvn.w	r0, #4
100079d8:	e7c2      	b.n	10007960 <cyw43_sdpcm_send_common+0x80>
100079da:	bf00      	nop
100079dc:	400b0000 	.word	0x400b0000
100079e0:	000f4240 	.word	0x000f4240
100079e4:	0001869f 	.word	0x0001869f
100079e8:	1000a930 	.word	0x1000a930

100079ec <cyw43_send_ioctl>:
100079ec:	b570      	push	{r4, r5, r6, lr}
100079ee:	461d      	mov	r5, r3
100079f0:	331c      	adds	r3, #28
100079f2:	f5b3 6f00 	cmp.w	r3, #2048	@ 0x800
100079f6:	d81d      	bhi.n	10007a34 <cyw43_send_ioctl+0x48>
100079f8:	4604      	mov	r4, r0
100079fa:	8a03      	ldrh	r3, [r0, #16]
100079fc:	3301      	adds	r3, #1
100079fe:	b29b      	uxth	r3, r3
10007a00:	8203      	strh	r3, [r0, #16]
10007a02:	ea41 4103 	orr.w	r1, r1, r3, lsl #16
10007a06:	9b05      	ldr	r3, [sp, #20]
10007a08:	ea41 3103 	orr.w	r1, r1, r3, lsl #12
10007a0c:	6342      	str	r2, [r0, #52]	@ 0x34
10007a0e:	b2ab      	uxth	r3, r5
10007a10:	6383      	str	r3, [r0, #56]	@ 0x38
10007a12:	63c1      	str	r1, [r0, #60]	@ 0x3c
10007a14:	2600      	movs	r6, #0
10007a16:	6406      	str	r6, [r0, #64]	@ 0x40
10007a18:	462a      	mov	r2, r5
10007a1a:	9904      	ldr	r1, [sp, #16]
10007a1c:	3044      	adds	r0, #68	@ 0x44
10007a1e:	f001 fd81 	bl	10009524 <memmove>
10007a22:	f104 0328 	add.w	r3, r4, #40	@ 0x28
10007a26:	f105 0210 	add.w	r2, r5, #16
10007a2a:	4631      	mov	r1, r6
10007a2c:	4620      	mov	r0, r4
10007a2e:	f7ff ff57 	bl	100078e0 <cyw43_sdpcm_send_common>
10007a32:	bd70      	pop	{r4, r5, r6, pc}
10007a34:	f06f 0004 	mvn.w	r0, #4
10007a38:	e7fb      	b.n	10007a32 <cyw43_send_ioctl+0x46>
	...

10007a3c <cyw43_do_ioctl>:
10007a3c:	e92d 47f0 	stmdb	sp!, {r4, r5, r6, r7, r8, r9, sl, lr}
10007a40:	b084      	sub	sp, #16
10007a42:	4605      	mov	r5, r0
10007a44:	4688      	mov	r8, r1
10007a46:	4691      	mov	r9, r2
10007a48:	461f      	mov	r7, r3
10007a4a:	9e0c      	ldr	r6, [sp, #48]	@ 0x30
10007a4c:	9c0d      	ldr	r4, [sp, #52]	@ 0x34
10007a4e:	9401      	str	r4, [sp, #4]
10007a50:	9600      	str	r6, [sp, #0]
10007a52:	f7ff ffcb 	bl	100079ec <cyw43_send_ioctl>
10007a56:	4604      	mov	r4, r0
10007a58:	2800      	cmp	r0, #0
10007a5a:	d144      	bne.n	10007ae6 <cyw43_do_ioctl+0xaa>
10007a5c:	4b24      	ldr	r3, [pc, #144]	@ (10007af0 <cyw43_do_ioctl+0xb4>)
10007a5e:	f8d3 a028 	ldr.w	sl, [r3, #40]	@ 0x28
10007a62:	e015      	b.n	10007a90 <cyw43_do_ioctl+0x54>
10007a64:	9b02      	ldr	r3, [sp, #8]
10007a66:	463a      	mov	r2, r7
10007a68:	429f      	cmp	r7, r3
10007a6a:	bf28      	it	cs
10007a6c:	461a      	movcs	r2, r3
10007a6e:	9903      	ldr	r1, [sp, #12]
10007a70:	4630      	mov	r0, r6
10007a72:	f001 fd57 	bl	10009524 <memmove>
10007a76:	e036      	b.n	10007ae6 <cyw43_do_ioctl+0xaa>
10007a78:	9903      	ldr	r1, [sp, #12]
10007a7a:	9802      	ldr	r0, [sp, #8]
10007a7c:	f7ff fbd0 	bl	10007220 <cyw43_ll_parse_async_event>
10007a80:	4601      	mov	r1, r0
10007a82:	4628      	mov	r0, r5
10007a84:	f000 fca8 	bl	100083d8 <cyw43_cb_process_async_event>
10007a88:	f44f 707a 	mov.w	r0, #1000	@ 0x3e8
10007a8c:	f001 f9e0 	bl	10008e50 <cyw43_await_background_or_timeout_us>
10007a90:	4b17      	ldr	r3, [pc, #92]	@ (10007af0 <cyw43_do_ioctl+0xb4>)
10007a92:	6a9c      	ldr	r4, [r3, #40]	@ 0x28
10007a94:	eba4 0c0a 	sub.w	ip, r4, sl
10007a98:	4b16      	ldr	r3, [pc, #88]	@ (10007af4 <cyw43_do_ioctl+0xb8>)
10007a9a:	459c      	cmp	ip, r3
10007a9c:	d81b      	bhi.n	10007ad6 <cyw43_do_ioctl+0x9a>
10007a9e:	aa03      	add	r2, sp, #12
10007aa0:	a902      	add	r1, sp, #8
10007aa2:	4628      	mov	r0, r5
10007aa4:	f7ff fe2e 	bl	10007704 <cyw43_ll_sdpcm_poll_device>
10007aa8:	4604      	mov	r4, r0
10007aaa:	2800      	cmp	r0, #0
10007aac:	d0da      	beq.n	10007a64 <cyw43_do_ioctl+0x28>
10007aae:	2801      	cmp	r0, #1
10007ab0:	d0e2      	beq.n	10007a78 <cyw43_do_ioctl+0x3c>
10007ab2:	2802      	cmp	r0, #2
10007ab4:	d006      	beq.n	10007ac4 <cyw43_do_ioctl+0x88>
10007ab6:	2800      	cmp	r0, #0
10007ab8:	dbe6      	blt.n	10007a88 <cyw43_do_ioctl+0x4c>
10007aba:	4601      	mov	r1, r0
10007abc:	480e      	ldr	r0, [pc, #56]	@ (10007af8 <cyw43_do_ioctl+0xbc>)
10007abe:	f7fb fc8b 	bl	100033d8 <__wrap_printf>
10007ac2:	e7e1      	b.n	10007a88 <cyw43_do_ioctl+0x4c>
10007ac4:	9902      	ldr	r1, [sp, #8]
10007ac6:	9b03      	ldr	r3, [sp, #12]
10007ac8:	f021 4200 	bic.w	r2, r1, #2147483648	@ 0x80000000
10007acc:	0fc9      	lsrs	r1, r1, #31
10007ace:	6828      	ldr	r0, [r5, #0]
10007ad0:	f001 fa21 	bl	10008f16 <cyw43_cb_process_ethernet>
10007ad4:	e7d8      	b.n	10007a88 <cyw43_do_ioctl+0x4c>
10007ad6:	463b      	mov	r3, r7
10007ad8:	464a      	mov	r2, r9
10007ada:	4641      	mov	r1, r8
10007adc:	4807      	ldr	r0, [pc, #28]	@ (10007afc <cyw43_do_ioctl+0xc0>)
10007ade:	f7fb fc7b 	bl	100033d8 <__wrap_printf>
10007ae2:	f06f 0401 	mvn.w	r4, #1
10007ae6:	4620      	mov	r0, r4
10007ae8:	b004      	add	sp, #16
10007aea:	e8bd 87f0 	ldmia.w	sp!, {r4, r5, r6, r7, r8, r9, sl, pc}
10007aee:	bf00      	nop
10007af0:	400b0000 	.word	0x400b0000
10007af4:	000f423f 	.word	0x000f423f
10007af8:	1000a954 	.word	0x1000a954
10007afc:	1000a980 	.word	0x1000a980

10007b00 <cyw43_ll_ioctl>:
10007b00:	b510      	push	{r4, lr}
10007b02:	b082      	sub	sp, #8
10007b04:	ea4f 0c41 	mov.w	ip, r1, lsl #1
10007b08:	9c04      	ldr	r4, [sp, #16]
10007b0a:	9401      	str	r4, [sp, #4]
10007b0c:	9300      	str	r3, [sp, #0]
10007b0e:	4613      	mov	r3, r2
10007b10:	084a      	lsrs	r2, r1, #1
10007b12:	f00c 0102 	and.w	r1, ip, #2
10007b16:	f7ff ff91 	bl	10007a3c <cyw43_do_ioctl>
10007b1a:	b002      	add	sp, #8
10007b1c:	bd10      	pop	{r4, pc}
	...

10007b20 <cyw43_clm_load>:
10007b20:	e92d 4ff0 	stmdb	sp!, {r4, r5, r6, r7, r8, r9, sl, fp, lr}
10007b24:	b083      	sub	sp, #12
10007b26:	4604      	mov	r4, r0
10007b28:	468b      	mov	fp, r1
10007b2a:	4692      	mov	sl, r2
10007b2c:	f100 0644 	add.w	r6, r0, #68	@ 0x44
10007b30:	2300      	movs	r3, #0
10007b32:	e02b      	b.n	10007b8c <cyw43_clm_load+0x6c>
10007b34:	f241 0c02 	movw	ip, #4098	@ 0x1002
10007b38:	f503 6780 	add.w	r7, r3, #1024	@ 0x400
10007b3c:	4557      	cmp	r7, sl
10007b3e:	d22c      	bcs.n	10007b9a <cyw43_clm_load+0x7a>
10007b40:	f44f 6580 	mov.w	r5, #1024	@ 0x400
10007b44:	4a25      	ldr	r2, [pc, #148]	@ (10007bdc <cyw43_clm_load+0xbc>)
10007b46:	ca03      	ldmia	r2!, {r0, r1}
10007b48:	6030      	str	r0, [r6, #0]
10007b4a:	6071      	str	r1, [r6, #4]
10007b4c:	f8a4 c04c 	strh.w	ip, [r4, #76]	@ 0x4c
10007b50:	f04f 0802 	mov.w	r8, #2
10007b54:	f8a4 804e 	strh.w	r8, [r4, #78]	@ 0x4e
10007b58:	6525      	str	r5, [r4, #80]	@ 0x50
10007b5a:	f04f 0900 	mov.w	r9, #0
10007b5e:	f8c4 9054 	str.w	r9, [r4, #84]	@ 0x54
10007b62:	462a      	mov	r2, r5
10007b64:	eb0b 0103 	add.w	r1, fp, r3
10007b68:	f104 0058 	add.w	r0, r4, #88	@ 0x58
10007b6c:	f001 fde0 	bl	10009730 <memcpy>
10007b70:	f105 031b 	add.w	r3, r5, #27
10007b74:	f8cd 9004 	str.w	r9, [sp, #4]
10007b78:	9600      	str	r6, [sp, #0]
10007b7a:	f023 0307 	bic.w	r3, r3, #7
10007b7e:	f240 1207 	movw	r2, #263	@ 0x107
10007b82:	4641      	mov	r1, r8
10007b84:	4620      	mov	r0, r4
10007b86:	f7ff ff59 	bl	10007a3c <cyw43_do_ioctl>
10007b8a:	463b      	mov	r3, r7
10007b8c:	4553      	cmp	r3, sl
10007b8e:	d209      	bcs.n	10007ba4 <cyw43_clm_load+0x84>
10007b90:	2b00      	cmp	r3, #0
10007b92:	d0cf      	beq.n	10007b34 <cyw43_clm_load+0x14>
10007b94:	f44f 5c80 	mov.w	ip, #4096	@ 0x1000
10007b98:	e7ce      	b.n	10007b38 <cyw43_clm_load+0x18>
10007b9a:	f04c 0c04 	orr.w	ip, ip, #4
10007b9e:	ebaa 0503 	sub.w	r5, sl, r3
10007ba2:	e7cf      	b.n	10007b44 <cyw43_clm_load+0x24>
10007ba4:	4d0e      	ldr	r5, [pc, #56]	@ (10007be0 <cyw43_clm_load+0xc0>)
10007ba6:	cd0f      	ldmia	r5!, {r0, r1, r2, r3}
10007ba8:	6460      	str	r0, [r4, #68]	@ 0x44
10007baa:	6071      	str	r1, [r6, #4]
10007bac:	60b2      	str	r2, [r6, #8]
10007bae:	60f3      	str	r3, [r6, #12]
10007bb0:	882a      	ldrh	r2, [r5, #0]
10007bb2:	78ab      	ldrb	r3, [r5, #2]
10007bb4:	8232      	strh	r2, [r6, #16]
10007bb6:	74b3      	strb	r3, [r6, #18]
10007bb8:	2100      	movs	r1, #0
10007bba:	9101      	str	r1, [sp, #4]
10007bbc:	9600      	str	r6, [sp, #0]
10007bbe:	2313      	movs	r3, #19
10007bc0:	f44f 7283 	mov.w	r2, #262	@ 0x106
10007bc4:	4620      	mov	r0, r4
10007bc6:	f7ff ff39 	bl	10007a3c <cyw43_do_ioctl>
10007bca:	6c63      	ldr	r3, [r4, #68]	@ 0x44
10007bcc:	b913      	cbnz	r3, 10007bd4 <cyw43_clm_load+0xb4>
10007bce:	b003      	add	sp, #12
10007bd0:	e8bd 8ff0 	ldmia.w	sp!, {r4, r5, r6, r7, r8, r9, sl, fp, pc}
10007bd4:	4803      	ldr	r0, [pc, #12]	@ (10007be4 <cyw43_clm_load+0xc4>)
10007bd6:	f7fb fbcf 	bl	10003378 <__wrap_puts>
10007bda:	e7f8      	b.n	10007bce <cyw43_clm_load+0xae>
10007bdc:	10042a9c 	.word	0x10042a9c
10007be0:	10042aa8 	.word	0x10042aa8
10007be4:	1000a9a8 	.word	0x1000a9a8

10007be8 <cyw43_write_iovar_u32>:
10007be8:	e92d 47f0 	stmdb	sp!, {r4, r5, r6, r7, r8, r9, sl, lr}
10007bec:	b082      	sub	sp, #8
10007bee:	4605      	mov	r5, r0
10007bf0:	4688      	mov	r8, r1
10007bf2:	4614      	mov	r4, r2
10007bf4:	4699      	mov	r9, r3
10007bf6:	f100 0744 	add.w	r7, r0, #68	@ 0x44
10007bfa:	4608      	mov	r0, r1
10007bfc:	f001 fe0e 	bl	1000981c <strlen>
10007c00:	4606      	mov	r6, r0
10007c02:	f100 0a01 	add.w	sl, r0, #1
10007c06:	4652      	mov	r2, sl
10007c08:	4641      	mov	r1, r8
10007c0a:	4638      	mov	r0, r7
10007c0c:	f001 fd90 	bl	10009730 <memcpy>
10007c10:	eb07 030a 	add.w	r3, r7, sl
10007c14:	f807 400a 	strb.w	r4, [r7, sl]
10007c18:	0a22      	lsrs	r2, r4, #8
10007c1a:	705a      	strb	r2, [r3, #1]
10007c1c:	0c22      	lsrs	r2, r4, #16
10007c1e:	709a      	strb	r2, [r3, #2]
10007c20:	0e24      	lsrs	r4, r4, #24
10007c22:	70dc      	strb	r4, [r3, #3]
10007c24:	f8cd 9004 	str.w	r9, [sp, #4]
10007c28:	9700      	str	r7, [sp, #0]
10007c2a:	1d73      	adds	r3, r6, #5
10007c2c:	f240 1207 	movw	r2, #263	@ 0x107
10007c30:	2102      	movs	r1, #2
10007c32:	4628      	mov	r0, r5
10007c34:	f7ff ff02 	bl	10007a3c <cyw43_do_ioctl>
10007c38:	b002      	add	sp, #8
10007c3a:	e8bd 87f0 	ldmia.w	sp!, {r4, r5, r6, r7, r8, r9, sl, pc}

10007c3e <cyw43_write_iovar_n>:
10007c3e:	e92d 43f0 	stmdb	sp!, {r4, r5, r6, r7, r8, r9, lr}
10007c42:	b083      	sub	sp, #12
10007c44:	4605      	mov	r5, r0
10007c46:	460f      	mov	r7, r1
10007c48:	4616      	mov	r6, r2
10007c4a:	4699      	mov	r9, r3
10007c4c:	f100 0844 	add.w	r8, r0, #68	@ 0x44
10007c50:	4608      	mov	r0, r1
10007c52:	f001 fde3 	bl	1000981c <strlen>
10007c56:	1c44      	adds	r4, r0, #1
10007c58:	4632      	mov	r2, r6
10007c5a:	4649      	mov	r1, r9
10007c5c:	eb08 0004 	add.w	r0, r8, r4
10007c60:	f001 fc60 	bl	10009524 <memmove>
10007c64:	4622      	mov	r2, r4
10007c66:	4639      	mov	r1, r7
10007c68:	4640      	mov	r0, r8
10007c6a:	f001 fd61 	bl	10009730 <memcpy>
10007c6e:	9b0a      	ldr	r3, [sp, #40]	@ 0x28
10007c70:	9301      	str	r3, [sp, #4]
10007c72:	f8cd 8000 	str.w	r8, [sp]
10007c76:	19a3      	adds	r3, r4, r6
10007c78:	f240 1207 	movw	r2, #263	@ 0x107
10007c7c:	2102      	movs	r1, #2
10007c7e:	4628      	mov	r0, r5
10007c80:	f7ff fedc 	bl	10007a3c <cyw43_do_ioctl>
10007c84:	b003      	add	sp, #12
10007c86:	e8bd 83f0 	ldmia.w	sp!, {r4, r5, r6, r7, r8, r9, pc}

10007c8a <cyw43_set_ioctl_u32>:
10007c8a:	b510      	push	{r4, lr}
10007c8c:	b082      	sub	sp, #8
10007c8e:	f100 0444 	add.w	r4, r0, #68	@ 0x44
10007c92:	f880 2044 	strb.w	r2, [r0, #68]	@ 0x44
10007c96:	ea4f 2e12 	mov.w	lr, r2, lsr #8
10007c9a:	f880 e045 	strb.w	lr, [r0, #69]	@ 0x45
10007c9e:	ea4f 4e12 	mov.w	lr, r2, lsr #16
10007ca2:	f880 e046 	strb.w	lr, [r0, #70]	@ 0x46
10007ca6:	0e12      	lsrs	r2, r2, #24
10007ca8:	f880 2047 	strb.w	r2, [r0, #71]	@ 0x47
10007cac:	9301      	str	r3, [sp, #4]
10007cae:	9400      	str	r4, [sp, #0]
10007cb0:	2304      	movs	r3, #4
10007cb2:	460a      	mov	r2, r1
10007cb4:	2102      	movs	r1, #2
10007cb6:	f7ff fec1 	bl	10007a3c <cyw43_do_ioctl>
10007cba:	b002      	add	sp, #8
10007cbc:	bd10      	pop	{r4, pc}

10007cbe <cyw43_write_iovar_u32_u32>:
10007cbe:	e92d 47f0 	stmdb	sp!, {r4, r5, r6, r7, r8, r9, sl, lr}
10007cc2:	b082      	sub	sp, #8
10007cc4:	4680      	mov	r8, r0
10007cc6:	4689      	mov	r9, r1
10007cc8:	4615      	mov	r5, r2
10007cca:	461c      	mov	r4, r3
10007ccc:	f100 0644 	add.w	r6, r0, #68	@ 0x44
10007cd0:	4608      	mov	r0, r1
10007cd2:	f001 fda3 	bl	1000981c <strlen>
10007cd6:	4607      	mov	r7, r0
10007cd8:	f100 0a01 	add.w	sl, r0, #1
10007cdc:	4652      	mov	r2, sl
10007cde:	4649      	mov	r1, r9
10007ce0:	4630      	mov	r0, r6
10007ce2:	f001 fd25 	bl	10009730 <memcpy>
10007ce6:	eb06 030a 	add.w	r3, r6, sl
10007cea:	f806 500a 	strb.w	r5, [r6, sl]
10007cee:	0a2a      	lsrs	r2, r5, #8
10007cf0:	705a      	strb	r2, [r3, #1]
10007cf2:	0c2a      	lsrs	r2, r5, #16
10007cf4:	709a      	strb	r2, [r3, #2]
10007cf6:	0e2d      	lsrs	r5, r5, #24
10007cf8:	70dd      	strb	r5, [r3, #3]
10007cfa:	1d7a      	adds	r2, r7, #5
10007cfc:	18b3      	adds	r3, r6, r2
10007cfe:	54b4      	strb	r4, [r6, r2]
10007d00:	0a22      	lsrs	r2, r4, #8
10007d02:	705a      	strb	r2, [r3, #1]
10007d04:	0c22      	lsrs	r2, r4, #16
10007d06:	709a      	strb	r2, [r3, #2]
10007d08:	0e24      	lsrs	r4, r4, #24
10007d0a:	70dc      	strb	r4, [r3, #3]
10007d0c:	9b0a      	ldr	r3, [sp, #40]	@ 0x28
10007d0e:	9301      	str	r3, [sp, #4]
10007d10:	9600      	str	r6, [sp, #0]
10007d12:	f107 0309 	add.w	r3, r7, #9
10007d16:	f240 1207 	movw	r2, #263	@ 0x107
10007d1a:	2102      	movs	r1, #2
10007d1c:	4640      	mov	r0, r8
10007d1e:	f7ff fe8d 	bl	10007a3c <cyw43_do_ioctl>
10007d22:	b002      	add	sp, #8
10007d24:	e8bd 87f0 	ldmia.w	sp!, {r4, r5, r6, r7, r8, r9, sl, pc}

10007d28 <cyw43_ll_wifi_get_mac>:
10007d28:	b5f0      	push	{r4, r5, r6, r7, lr}
10007d2a:	b083      	sub	sp, #12
10007d2c:	4604      	mov	r4, r0
10007d2e:	460f      	mov	r7, r1
10007d30:	f100 0644 	add.w	r6, r0, #68	@ 0x44
10007d34:	4d0c      	ldr	r5, [pc, #48]	@ (10007d68 <cyw43_ll_wifi_get_mac+0x40>)
10007d36:	cd0f      	ldmia	r5!, {r0, r1, r2, r3}
10007d38:	6460      	str	r0, [r4, #68]	@ 0x44
10007d3a:	64a1      	str	r1, [r4, #72]	@ 0x48
10007d3c:	64e2      	str	r2, [r4, #76]	@ 0x4c
10007d3e:	6523      	str	r3, [r4, #80]	@ 0x50
10007d40:	6828      	ldr	r0, [r5, #0]
10007d42:	6560      	str	r0, [r4, #84]	@ 0x54
10007d44:	2100      	movs	r1, #0
10007d46:	9101      	str	r1, [sp, #4]
10007d48:	9600      	str	r6, [sp, #0]
10007d4a:	2314      	movs	r3, #20
10007d4c:	f44f 7283 	mov.w	r2, #262	@ 0x106
10007d50:	4620      	mov	r0, r4
10007d52:	f7ff fe73 	bl	10007a3c <cyw43_do_ioctl>
10007d56:	b108      	cbz	r0, 10007d5c <cyw43_ll_wifi_get_mac+0x34>
10007d58:	b003      	add	sp, #12
10007d5a:	bdf0      	pop	{r4, r5, r6, r7, pc}
10007d5c:	6c63      	ldr	r3, [r4, #68]	@ 0x44
10007d5e:	603b      	str	r3, [r7, #0]
10007d60:	f8b4 3048 	ldrh.w	r3, [r4, #72]	@ 0x48
10007d64:	80bb      	strh	r3, [r7, #4]
10007d66:	e7f7      	b.n	10007d58 <cyw43_ll_wifi_get_mac+0x30>
10007d68:	10042ad0 	.word	0x10042ad0

10007d6c <cyw43_ll_bus_init>:
10007d6c:	e92d 41f0 	stmdb	sp!, {r4, r5, r6, r7, r8, lr}
10007d70:	b086      	sub	sp, #24
10007d72:	4605      	mov	r5, r0
10007d74:	460e      	mov	r6, r1
10007d76:	4bb9      	ldr	r3, [pc, #740]	@ (1000805c <cyw43_ll_bus_init+0x2f0>)
10007d78:	6a9b      	ldr	r3, [r3, #40]	@ 0x28
10007d7a:	6043      	str	r3, [r0, #4]
10007d7c:	f7fe fc12 	bl	100065a4 <cyw43_spi_init>
10007d80:	b998      	cbnz	r0, 10007daa <cyw43_ll_bus_init+0x3e>
10007d82:	4604      	mov	r4, r0
10007d84:	f7fe ff98 	bl	10006cb8 <cyw43_spi_gpio_setup>
10007d88:	f7fe ffb5 	bl	10006cf6 <cyw43_spi_reset>
10007d8c:	2c09      	cmp	r4, #9
10007d8e:	dc47      	bgt.n	10007e20 <cyw43_ll_bus_init+0xb4>
10007d90:	2214      	movs	r2, #20
10007d92:	2100      	movs	r1, #0
10007d94:	4628      	mov	r0, r5
10007d96:	f7fe ffc5 	bl	10006d24 <read_reg_u32_swap>
10007d9a:	4bb1      	ldr	r3, [pc, #708]	@ (10008060 <cyw43_ll_bus_init+0x2f4>)
10007d9c:	4298      	cmp	r0, r3
10007d9e:	d008      	beq.n	10007db2 <cyw43_ll_bus_init+0x46>
10007da0:	2001      	movs	r0, #1
10007da2:	f001 f883 	bl	10008eac <cyw43_delay_ms>
10007da6:	3401      	adds	r4, #1
10007da8:	e7f0      	b.n	10007d8c <cyw43_ll_bus_init+0x20>
10007daa:	48ae      	ldr	r0, [pc, #696]	@ (10008064 <cyw43_ll_bus_init+0x2f8>)
10007dac:	f7fb fae4 	bl	10003378 <__wrap_puts>
10007db0:	e039      	b.n	10007e26 <cyw43_ll_bus_init+0xba>
10007db2:	4bad      	ldr	r3, [pc, #692]	@ (10008068 <cyw43_ll_bus_init+0x2fc>)
10007db4:	2200      	movs	r2, #0
10007db6:	4611      	mov	r1, r2
10007db8:	4628      	mov	r0, r5
10007dba:	f7fe fff1 	bl	10006da0 <write_reg_u32_swap>
10007dbe:	bb90      	cbnz	r0, 10007e26 <cyw43_ll_bus_init+0xba>
10007dc0:	2200      	movs	r2, #0
10007dc2:	4611      	mov	r1, r2
10007dc4:	4628      	mov	r0, r5
10007dc6:	f7fe ffdb 	bl	10006d80 <cyw43_read_reg_u32>
10007dca:	2310      	movs	r3, #16
10007dcc:	221d      	movs	r2, #29
10007dce:	2100      	movs	r1, #0
10007dd0:	4628      	mov	r0, r5
10007dd2:	f7ff f811 	bl	10006df8 <cyw43_write_reg_u8>
10007dd6:	bb30      	cbnz	r0, 10007e26 <cyw43_ll_bus_init+0xba>
10007dd8:	2399      	movs	r3, #153	@ 0x99
10007dda:	2204      	movs	r2, #4
10007ddc:	2100      	movs	r1, #0
10007dde:	4628      	mov	r0, r5
10007de0:	f7ff f80a 	bl	10006df8 <cyw43_write_reg_u8>
10007de4:	b9f8      	cbnz	r0, 10007e26 <cyw43_ll_bus_init+0xba>
10007de6:	23be      	movs	r3, #190	@ 0xbe
10007de8:	2206      	movs	r2, #6
10007dea:	2100      	movs	r1, #0
10007dec:	4628      	mov	r0, r5
10007dee:	f7fe fffb 	bl	10006de8 <cyw43_write_reg_u16>
10007df2:	4604      	mov	r4, r0
10007df4:	b9b8      	cbnz	r0, 10007e26 <cyw43_ll_bus_init+0xba>
10007df6:	2308      	movs	r3, #8
10007df8:	4a9c      	ldr	r2, [pc, #624]	@ (1000806c <cyw43_ll_bus_init+0x300>)
10007dfa:	2101      	movs	r1, #1
10007dfc:	4628      	mov	r0, r5
10007dfe:	f7fe fffb 	bl	10006df8 <cyw43_write_reg_u8>
10007e02:	2c09      	cmp	r4, #9
10007e04:	dc73      	bgt.n	10007eee <cyw43_ll_bus_init+0x182>
10007e06:	4a99      	ldr	r2, [pc, #612]	@ (1000806c <cyw43_ll_bus_init+0x300>)
10007e08:	2101      	movs	r1, #1
10007e0a:	4628      	mov	r0, r5
10007e0c:	f7fe ffc2 	bl	10006d94 <cyw43_read_reg_u8>
10007e10:	f010 0f40 	tst.w	r0, #64	@ 0x40
10007e14:	d110      	bne.n	10007e38 <cyw43_ll_bus_init+0xcc>
10007e16:	2001      	movs	r0, #1
10007e18:	f001 f848 	bl	10008eac <cyw43_delay_ms>
10007e1c:	3401      	adds	r4, #1
10007e1e:	e7f0      	b.n	10007e02 <cyw43_ll_bus_init+0x96>
10007e20:	4893      	ldr	r0, [pc, #588]	@ (10008070 <cyw43_ll_bus_init+0x304>)
10007e22:	f7fb faa9 	bl	10003378 <__wrap_puts>
10007e26:	4893      	ldr	r0, [pc, #588]	@ (10008074 <cyw43_ll_bus_init+0x308>)
10007e28:	f7fb faa6 	bl	10003378 <__wrap_puts>
10007e2c:	f06f 0405 	mvn.w	r4, #5
10007e30:	4620      	mov	r0, r4
10007e32:	b006      	add	sp, #24
10007e34:	e8bd 81f0 	ldmia.w	sp!, {r4, r5, r6, r7, r8, pc}
10007e38:	2300      	movs	r3, #0
10007e3a:	4a8c      	ldr	r2, [pc, #560]	@ (1000806c <cyw43_ll_bus_init+0x300>)
10007e3c:	2101      	movs	r1, #1
10007e3e:	4628      	mov	r0, r5
10007e40:	f7fe ffda 	bl	10006df8 <cyw43_write_reg_u8>
10007e44:	2200      	movs	r2, #0
10007e46:	2101      	movs	r1, #1
10007e48:	4628      	mov	r0, r5
10007e4a:	f7ff fb21 	bl	10007490 <disable_device_core>
10007e4e:	2200      	movs	r2, #0
10007e50:	2102      	movs	r1, #2
10007e52:	4628      	mov	r0, r5
10007e54:	f7ff fb1c 	bl	10007490 <disable_device_core>
10007e58:	2200      	movs	r2, #0
10007e5a:	2102      	movs	r1, #2
10007e5c:	4628      	mov	r0, r5
10007e5e:	f7ff fbbe 	bl	100075de <reset_device_core>
10007e62:	2303      	movs	r3, #3
10007e64:	2204      	movs	r2, #4
10007e66:	4984      	ldr	r1, [pc, #528]	@ (10008078 <cyw43_ll_bus_init+0x30c>)
10007e68:	4628      	mov	r0, r5
10007e6a:	f7ff fb9f 	bl	100075ac <cyw43_write_backplane>
10007e6e:	2300      	movs	r3, #0
10007e70:	2204      	movs	r2, #4
10007e72:	4982      	ldr	r1, [pc, #520]	@ (1000807c <cyw43_ll_bus_init+0x310>)
10007e74:	4628      	mov	r0, r5
10007e76:	f7ff fb99 	bl	100075ac <cyw43_write_backplane>
10007e7a:	f8df 824c 	ldr.w	r8, [pc, #588]	@ 100080c8 <cyw43_ll_bus_init+0x35c>
10007e7e:	4642      	mov	r2, r8
10007e80:	497f      	ldr	r1, [pc, #508]	@ (10008080 <cyw43_ll_bus_init+0x314>)
10007e82:	4628      	mov	r0, r5
10007e84:	f7ff fbe2 	bl	1000764c <cyw43_check_valid_chipset_firmware>
10007e88:	4604      	mov	r4, r0
10007e8a:	2800      	cmp	r0, #0
10007e8c:	d1d0      	bne.n	10007e30 <cyw43_ll_bus_init+0xc4>
10007e8e:	4643      	mov	r3, r8
10007e90:	4a7c      	ldr	r2, [pc, #496]	@ (10008084 <cyw43_ll_bus_init+0x318>)
10007e92:	2100      	movs	r1, #0
10007e94:	4628      	mov	r0, r5
10007e96:	f7ff fb3d 	bl	10007514 <cyw43_download_resource>
10007e9a:	4604      	mov	r4, r0
10007e9c:	2800      	cmp	r0, #0
10007e9e:	d1c7      	bne.n	10007e30 <cyw43_ll_bus_init+0xc4>
10007ea0:	4b79      	ldr	r3, [pc, #484]	@ (10008088 <cyw43_ll_bus_init+0x31c>)
10007ea2:	f44f 723a 	mov.w	r2, #744	@ 0x2e8
10007ea6:	4979      	ldr	r1, [pc, #484]	@ (1000808c <cyw43_ll_bus_init+0x320>)
10007ea8:	4628      	mov	r0, r5
10007eaa:	f7ff fb33 	bl	10007514 <cyw43_download_resource>
10007eae:	4b78      	ldr	r3, [pc, #480]	@ (10008090 <cyw43_ll_bus_init+0x324>)
10007eb0:	2204      	movs	r2, #4
10007eb2:	4978      	ldr	r1, [pc, #480]	@ (10008094 <cyw43_ll_bus_init+0x328>)
10007eb4:	4628      	mov	r0, r5
10007eb6:	f7ff fb79 	bl	100075ac <cyw43_write_backplane>
10007eba:	2200      	movs	r2, #0
10007ebc:	2101      	movs	r1, #1
10007ebe:	4628      	mov	r0, r5
10007ec0:	f7ff fb8d 	bl	100075de <reset_device_core>
10007ec4:	2101      	movs	r1, #1
10007ec6:	4628      	mov	r0, r5
10007ec8:	f7ff fb00 	bl	100074cc <device_core_is_up>
10007ecc:	4627      	mov	r7, r4
10007ece:	f5b7 7f7a 	cmp.w	r7, #1000	@ 0x3e8
10007ed2:	da20      	bge.n	10007f16 <cyw43_ll_bus_init+0x1aa>
10007ed4:	4a65      	ldr	r2, [pc, #404]	@ (1000806c <cyw43_ll_bus_init+0x300>)
10007ed6:	2101      	movs	r1, #1
10007ed8:	4628      	mov	r0, r5
10007eda:	f7fe ff5b 	bl	10006d94 <cyw43_read_reg_u8>
10007ede:	f010 0f80 	tst.w	r0, #128	@ 0x80
10007ee2:	d10a      	bne.n	10007efa <cyw43_ll_bus_init+0x18e>
10007ee4:	2001      	movs	r0, #1
10007ee6:	f000 ffe1 	bl	10008eac <cyw43_delay_ms>
10007eea:	3701      	adds	r7, #1
10007eec:	e7ef      	b.n	10007ece <cyw43_ll_bus_init+0x162>
10007eee:	486a      	ldr	r0, [pc, #424]	@ (10008098 <cyw43_ll_bus_init+0x32c>)
10007ef0:	f7fb fa42 	bl	10003378 <__wrap_puts>
10007ef4:	f06f 0405 	mvn.w	r4, #5
10007ef8:	e79a      	b.n	10007e30 <cyw43_ll_bus_init+0xc4>
10007efa:	23f0      	movs	r3, #240	@ 0xf0
10007efc:	2204      	movs	r2, #4
10007efe:	4967      	ldr	r1, [pc, #412]	@ (1000809c <cyw43_ll_bus_init+0x330>)
10007f00:	4628      	mov	r0, r5
10007f02:	f7ff fb53 	bl	100075ac <cyw43_write_backplane>
10007f06:	2320      	movs	r3, #32
10007f08:	4a65      	ldr	r2, [pc, #404]	@ (100080a0 <cyw43_ll_bus_init+0x334>)
10007f0a:	2101      	movs	r1, #1
10007f0c:	4628      	mov	r0, r5
10007f0e:	f7fe ff73 	bl	10006df8 <cyw43_write_reg_u8>
10007f12:	4627      	mov	r7, r4
10007f14:	e009      	b.n	10007f2a <cyw43_ll_bus_init+0x1be>
10007f16:	4863      	ldr	r0, [pc, #396]	@ (100080a4 <cyw43_ll_bus_init+0x338>)
10007f18:	f7fb fa2e 	bl	10003378 <__wrap_puts>
10007f1c:	f06f 0405 	mvn.w	r4, #5
10007f20:	e786      	b.n	10007e30 <cyw43_ll_bus_init+0xc4>
10007f22:	2001      	movs	r0, #1
10007f24:	f000 ffc2 	bl	10008eac <cyw43_delay_ms>
10007f28:	3701      	adds	r7, #1
10007f2a:	f5b7 7f7a 	cmp.w	r7, #1000	@ 0x3e8
10007f2e:	da66      	bge.n	10007ffe <cyw43_ll_bus_init+0x292>
10007f30:	2208      	movs	r2, #8
10007f32:	2100      	movs	r1, #0
10007f34:	4628      	mov	r0, r5
10007f36:	f7fe ff23 	bl	10006d80 <cyw43_read_reg_u32>
10007f3a:	f010 0f20 	tst.w	r0, #32
10007f3e:	d0f0      	beq.n	10007f22 <cyw43_ll_bus_init+0x1b6>
10007f40:	4f59      	ldr	r7, [pc, #356]	@ (100080a8 <cyw43_ll_bus_init+0x33c>)
10007f42:	463a      	mov	r2, r7
10007f44:	2101      	movs	r1, #1
10007f46:	4628      	mov	r0, r5
10007f48:	f7fe ff24 	bl	10006d94 <cyw43_read_reg_u8>
10007f4c:	b2c3      	uxtb	r3, r0
10007f4e:	f043 0302 	orr.w	r3, r3, #2
10007f52:	463a      	mov	r2, r7
10007f54:	2101      	movs	r1, #1
10007f56:	4628      	mov	r0, r5
10007f58:	f7fe ff4e 	bl	10006df8 <cyw43_write_reg_u8>
10007f5c:	2308      	movs	r3, #8
10007f5e:	22f0      	movs	r2, #240	@ 0xf0
10007f60:	2100      	movs	r1, #0
10007f62:	4628      	mov	r0, r5
10007f64:	f7fe ff48 	bl	10006df8 <cyw43_write_reg_u8>
10007f68:	2302      	movs	r3, #2
10007f6a:	4a40      	ldr	r2, [pc, #256]	@ (1000806c <cyw43_ll_bus_init+0x300>)
10007f6c:	2101      	movs	r1, #1
10007f6e:	4628      	mov	r0, r5
10007f70:	f7fe ff42 	bl	10006df8 <cyw43_write_reg_u8>
10007f74:	4a4d      	ldr	r2, [pc, #308]	@ (100080ac <cyw43_ll_bus_init+0x340>)
10007f76:	2101      	movs	r1, #1
10007f78:	4628      	mov	r0, r5
10007f7a:	f7fe ff0b 	bl	10006d94 <cyw43_read_reg_u8>
10007f7e:	b2c3      	uxtb	r3, r0
10007f80:	f010 0f01 	tst.w	r0, #1
10007f84:	d041      	beq.n	1000800a <cyw43_ll_bus_init+0x29e>
10007f86:	4f4a      	ldr	r7, [pc, #296]	@ (100080b0 <cyw43_ll_bus_init+0x344>)
10007f88:	230f      	movs	r3, #15
10007f8a:	463a      	mov	r2, r7
10007f8c:	2101      	movs	r1, #1
10007f8e:	4628      	mov	r0, r5
10007f90:	f7fe ff32 	bl	10006df8 <cyw43_write_reg_u8>
10007f94:	2300      	movs	r3, #0
10007f96:	463a      	mov	r2, r7
10007f98:	2101      	movs	r1, #1
10007f9a:	4628      	mov	r0, r5
10007f9c:	f7fe ff2c 	bl	10006df8 <cyw43_write_reg_u8>
10007fa0:	463a      	mov	r2, r7
10007fa2:	2101      	movs	r1, #1
10007fa4:	4628      	mov	r0, r5
10007fa6:	f7fe fef5 	bl	10006d94 <cyw43_read_reg_u8>
10007faa:	2204      	movs	r2, #4
10007fac:	2100      	movs	r1, #0
10007fae:	4628      	mov	r0, r5
10007fb0:	f7fe feeb 	bl	10006d8a <cyw43_read_reg_u16>
10007fb4:	b283      	uxth	r3, r0
10007fb6:	f010 0f01 	tst.w	r0, #1
10007fba:	d12e      	bne.n	1000801a <cyw43_ll_bus_init+0x2ae>
10007fbc:	2100      	movs	r1, #0
10007fbe:	4628      	mov	r0, r5
10007fc0:	f7ff fb87 	bl	100076d2 <cyw43_ll_bus_sleep>
10007fc4:	f44f 7276 	mov.w	r2, #984	@ 0x3d8
10007fc8:	f508 315b 	add.w	r1, r8, #224256	@ 0x36c00
10007fcc:	4628      	mov	r0, r5
10007fce:	f7ff fda7 	bl	10007b20 <cyw43_clm_load>
10007fd2:	2300      	movs	r3, #0
10007fd4:	461a      	mov	r2, r3
10007fd6:	4937      	ldr	r1, [pc, #220]	@ (100080b4 <cyw43_ll_bus_init+0x348>)
10007fd8:	4628      	mov	r0, r5
10007fda:	f7ff fe05 	bl	10007be8 <cyw43_write_iovar_u32>
10007fde:	2300      	movs	r3, #0
10007fe0:	2201      	movs	r2, #1
10007fe2:	4935      	ldr	r1, [pc, #212]	@ (100080b8 <cyw43_ll_bus_init+0x34c>)
10007fe4:	4628      	mov	r0, r5
10007fe6:	f7ff fdff 	bl	10007be8 <cyw43_write_iovar_u32>
10007fea:	b1e6      	cbz	r6, 10008026 <cyw43_ll_bus_init+0x2ba>
10007fec:	2300      	movs	r3, #0
10007fee:	9300      	str	r3, [sp, #0]
10007ff0:	4633      	mov	r3, r6
10007ff2:	2206      	movs	r2, #6
10007ff4:	4931      	ldr	r1, [pc, #196]	@ (100080bc <cyw43_ll_bus_init+0x350>)
10007ff6:	4628      	mov	r0, r5
10007ff8:	f7ff fe21 	bl	10007c3e <cyw43_write_iovar_n>
10007ffc:	e718      	b.n	10007e30 <cyw43_ll_bus_init+0xc4>
10007ffe:	4830      	ldr	r0, [pc, #192]	@ (100080c0 <cyw43_ll_bus_init+0x354>)
10008000:	f7fb f9ba 	bl	10003378 <__wrap_puts>
10008004:	f06f 0405 	mvn.w	r4, #5
10008008:	e712      	b.n	10007e30 <cyw43_ll_bus_init+0xc4>
1000800a:	f043 0301 	orr.w	r3, r3, #1
1000800e:	4a27      	ldr	r2, [pc, #156]	@ (100080ac <cyw43_ll_bus_init+0x340>)
10008010:	2101      	movs	r1, #1
10008012:	4628      	mov	r0, r5
10008014:	f7fe fef0 	bl	10006df8 <cyw43_write_reg_u8>
10008018:	e7b5      	b.n	10007f86 <cyw43_ll_bus_init+0x21a>
1000801a:	2204      	movs	r2, #4
1000801c:	2100      	movs	r1, #0
1000801e:	4628      	mov	r0, r5
10008020:	f7fe fee2 	bl	10006de8 <cyw43_write_reg_u16>
10008024:	e7ca      	b.n	10007fbc <cyw43_ll_bus_init+0x250>
10008026:	4b27      	ldr	r3, [pc, #156]	@ (100080c4 <cyw43_ll_bus_init+0x358>)
10008028:	e893 0003 	ldmia.w	r3, {r0, r1}
1000802c:	9002      	str	r0, [sp, #8]
1000802e:	f8ad 100c 	strh.w	r1, [sp, #12]
10008032:	a904      	add	r1, sp, #16
10008034:	4628      	mov	r0, r5
10008036:	f7ff fe77 	bl	10007d28 <cyw43_ll_wifi_get_mac>
1000803a:	4606      	mov	r6, r0
1000803c:	b928      	cbnz	r0, 1000804a <cyw43_ll_bus_init+0x2de>
1000803e:	2206      	movs	r2, #6
10008040:	a902      	add	r1, sp, #8
10008042:	a804      	add	r0, sp, #16
10008044:	f001 fa40 	bl	100094c8 <memcmp>
10008048:	b928      	cbnz	r0, 10008056 <cyw43_ll_bus_init+0x2ea>
1000804a:	ae04      	add	r6, sp, #16
1000804c:	4631      	mov	r1, r6
1000804e:	2000      	movs	r0, #0
10008050:	f000 fec6 	bl	10008de0 <cyw43_hal_generate_laa_mac>
10008054:	e7ca      	b.n	10007fec <cyw43_ll_bus_init+0x280>
10008056:	4634      	mov	r4, r6
10008058:	e6ea      	b.n	10007e30 <cyw43_ll_bus_init+0xc4>
1000805a:	bf00      	nop
1000805c:	400b0000 	.word	0x400b0000
10008060:	feedbead 	.word	0xfeedbead
10008064:	1000aa14 	.word	0x1000aa14
10008068:	000204b3 	.word	0x000204b3
1000806c:	0001000e 	.word	0x0001000e
10008070:	1000aa30 	.word	0x1000aa30
10008074:	1000aa4c 	.word	0x1000aa4c
10008078:	18004010 	.word	0x18004010
1000807c:	18004044 	.word	0x18004044
10008080:	00036bbe 	.word	0x00036bbe
10008084:	00036bc0 	.word	0x00036bc0
10008088:	100427ac 	.word	0x100427ac
1000808c:	0007fd14 	.word	0x0007fd14
10008090:	ff4500ba 	.word	0xff4500ba
10008094:	0007fffc 	.word	0x0007fffc
10008098:	1000aa6c 	.word	0x1000aa6c
1000809c:	18002024 	.word	0x18002024
100080a0:	00010008 	.word	0x00010008
100080a4:	1000aa98 	.word	0x1000aa98
100080a8:	0001001e 	.word	0x0001001e
100080ac:	0001001f 	.word	0x0001001f
100080b0:	0001000f 	.word	0x0001000f
100080b4:	1000a9c0 	.word	0x1000a9c0
100080b8:	1000a9cc 	.word	0x1000a9cc
100080bc:	1000aac8 	.word	0x1000aac8
100080c0:	1000aab0 	.word	0x1000aab0
100080c4:	10042ae8 	.word	0x10042ae8
100080c8:	1000b7d4 	.word	0x1000b7d4

100080cc <cyw43_ll_wifi_set_wpa_auth>:
100080cc:	b508      	push	{r3, lr}
100080ce:	2300      	movs	r3, #0
100080d0:	2204      	movs	r2, #4
100080d2:	21a5      	movs	r1, #165	@ 0xa5
100080d4:	f7ff fdd9 	bl	10007c8a <cyw43_set_ioctl_u32>
100080d8:	bd08      	pop	{r3, pc}

100080da <cyw43_ll_wifi_rejoin>:
100080da:	b500      	push	{lr}
100080dc:	b083      	sub	sp, #12
100080de:	f600 0328 	addw	r3, r0, #2088	@ 0x828
100080e2:	2200      	movs	r2, #0
100080e4:	9201      	str	r2, [sp, #4]
100080e6:	9300      	str	r3, [sp, #0]
100080e8:	2324      	movs	r3, #36	@ 0x24
100080ea:	221a      	movs	r2, #26
100080ec:	2102      	movs	r1, #2
100080ee:	f7ff fca5 	bl	10007a3c <cyw43_do_ioctl>
100080f2:	b003      	add	sp, #12
100080f4:	f85d fb04 	ldr.w	pc, [sp], #4

100080f8 <cyw43_ll_gpio_set>:
100080f8:	2902      	cmp	r1, #2
100080fa:	d811      	bhi.n	10008120 <cyw43_ll_gpio_set+0x28>
100080fc:	b510      	push	{r4, lr}
100080fe:	b082      	sub	sp, #8
10008100:	4614      	mov	r4, r2
10008102:	2301      	movs	r3, #1
10008104:	fa03 f201 	lsl.w	r2, r3, r1
10008108:	b944      	cbnz	r4, 1000811c <cyw43_ll_gpio_set+0x24>
1000810a:	2300      	movs	r3, #0
1000810c:	2400      	movs	r4, #0
1000810e:	9400      	str	r4, [sp, #0]
10008110:	4905      	ldr	r1, [pc, #20]	@ (10008128 <cyw43_ll_gpio_set+0x30>)
10008112:	f7ff fdd4 	bl	10007cbe <cyw43_write_iovar_u32_u32>
10008116:	4620      	mov	r0, r4
10008118:	b002      	add	sp, #8
1000811a:	bd10      	pop	{r4, pc}
1000811c:	4613      	mov	r3, r2
1000811e:	e7f5      	b.n	1000810c <cyw43_ll_gpio_set+0x14>
10008120:	f04f 30ff 	mov.w	r0, #4294967295	@ 0xffffffff
10008124:	4770      	bx	lr
10008126:	bf00      	nop
10008128:	1000aad8 	.word	0x1000aad8

1000812c <cyw43_ll_has_work>:
1000812c:	b508      	push	{r3, lr}
1000812e:	6800      	ldr	r0, [r0, #0]
10008130:	f000 f946 	bl	100083c0 <cyw43_cb_read_host_interrupt_pin>
10008134:	2801      	cmp	r0, #1
10008136:	bf14      	ite	ne
10008138:	2000      	movne	r0, #0
1000813a:	2001      	moveq	r0, #1
1000813c:	bd08      	pop	{r3, pc}
	...

10008140 <cyw43_poll_func>:
10008140:	b510      	push	{r4, lr}
10008142:	b082      	sub	sp, #8
10008144:	f000 fe7a 	bl	10008e3c <cyw43_thread_lock_check>
10008148:	4b1f      	ldr	r3, [pc, #124]	@ (100081c8 <cyw43_poll_func+0x88>)
1000814a:	681b      	ldr	r3, [r3, #0]
1000814c:	b1a3      	cbz	r3, 10008178 <cyw43_poll_func+0x38>
1000814e:	481f      	ldr	r0, [pc, #124]	@ (100081cc <cyw43_poll_func+0x8c>)
10008150:	f7ff ffec 	bl	1000812c <cyw43_ll_has_work>
10008154:	b990      	cbnz	r0, 1000817c <cyw43_poll_func+0x3c>
10008156:	4b1d      	ldr	r3, [pc, #116]	@ (100081cc <cyw43_poll_func+0x8c>)
10008158:	f893 3869 	ldrb.w	r3, [r3, #2153]	@ 0x869
1000815c:	b993      	cbnz	r3, 10008184 <cyw43_poll_func+0x44>
1000815e:	4b1b      	ldr	r3, [pc, #108]	@ (100081cc <cyw43_poll_func+0x8c>)
10008160:	f893 386b 	ldrb.w	r3, [r3, #2155]	@ 0x86b
10008164:	b9c3      	cbnz	r3, 10008198 <cyw43_poll_func+0x58>
10008166:	4b19      	ldr	r3, [pc, #100]	@ (100081cc <cyw43_poll_func+0x8c>)
10008168:	f893 386a 	ldrb.w	r3, [r3, #2154]	@ 0x86a
1000816c:	b9db      	cbnz	r3, 100081a6 <cyw43_poll_func+0x66>
1000816e:	4b18      	ldr	r3, [pc, #96]	@ (100081d0 <cyw43_poll_func+0x90>)
10008170:	681b      	ldr	r3, [r3, #0]
10008172:	b31b      	cbz	r3, 100081bc <cyw43_poll_func+0x7c>
10008174:	f000 fdaa 	bl	10008ccc <cyw43_post_poll_hook>
10008178:	b002      	add	sp, #8
1000817a:	bd10      	pop	{r4, pc}
1000817c:	4813      	ldr	r0, [pc, #76]	@ (100081cc <cyw43_poll_func+0x8c>)
1000817e:	f7ff fb6d 	bl	1000785c <cyw43_ll_process_packets>
10008182:	e7e8      	b.n	10008156 <cyw43_poll_func+0x16>
10008184:	4811      	ldr	r0, [pc, #68]	@ (100081cc <cyw43_poll_func+0x8c>)
10008186:	2200      	movs	r2, #0
10008188:	f880 2869 	strb.w	r2, [r0, #2153]	@ 0x869
1000818c:	9200      	str	r2, [sp, #0]
1000818e:	4613      	mov	r3, r2
10008190:	2169      	movs	r1, #105	@ 0x69
10008192:	f7ff fcb5 	bl	10007b00 <cyw43_ll_ioctl>
10008196:	e7e2      	b.n	1000815e <cyw43_poll_func+0x1e>
10008198:	480c      	ldr	r0, [pc, #48]	@ (100081cc <cyw43_poll_func+0x8c>)
1000819a:	2300      	movs	r3, #0
1000819c:	f880 386b 	strb.w	r3, [r0, #2155]	@ 0x86b
100081a0:	f7ff ff94 	bl	100080cc <cyw43_ll_wifi_set_wpa_auth>
100081a4:	e7df      	b.n	10008166 <cyw43_poll_func+0x26>
100081a6:	4c09      	ldr	r4, [pc, #36]	@ (100081cc <cyw43_poll_func+0x8c>)
100081a8:	2300      	movs	r3, #0
100081aa:	f884 386a 	strb.w	r3, [r4, #2154]	@ 0x86a
100081ae:	4620      	mov	r0, r4
100081b0:	f7ff ff93 	bl	100080da <cyw43_ll_wifi_rejoin>
100081b4:	2301      	movs	r3, #1
100081b6:	f8c4 385c 	str.w	r3, [r4, #2140]	@ 0x85c
100081ba:	e7d8      	b.n	1000816e <cyw43_poll_func+0x2e>
100081bc:	2101      	movs	r1, #1
100081be:	4803      	ldr	r0, [pc, #12]	@ (100081cc <cyw43_poll_func+0x8c>)
100081c0:	f7ff fa87 	bl	100076d2 <cyw43_ll_bus_sleep>
100081c4:	e7d6      	b.n	10008174 <cyw43_poll_func+0x34>
100081c6:	bf00      	nop
100081c8:	20001920 	.word	0x20001920
100081cc:	20001928 	.word	0x20001928
100081d0:	20001924 	.word	0x20001924

100081d4 <cyw43_hal_ticks_ms>:
100081d4:	b508      	push	{r3, lr}
100081d6:	f7f9 fa47 	bl	10001668 <time_us_64>
100081da:	b129      	cbz	r1, 100081e8 <cyw43_hal_ticks_ms+0x14>
100081dc:	f44f 727a 	mov.w	r2, #1000	@ 0x3e8
100081e0:	2300      	movs	r3, #0
100081e2:	f001 fb61 	bl	100098a8 <____aeabi_uldivmod_veneer>
100081e6:	bd08      	pop	{r3, pc}
100081e8:	4b02      	ldr	r3, [pc, #8]	@ (100081f4 <cyw43_hal_ticks_ms+0x20>)
100081ea:	fba3 3000 	umull	r3, r0, r3, r0
100081ee:	0980      	lsrs	r0, r0, #6
100081f0:	e7f9      	b.n	100081e6 <cyw43_hal_ticks_ms+0x12>
100081f2:	bf00      	nop
100081f4:	10624dd3 	.word	0x10624dd3

100081f8 <cyw43_dump_async_event>:
100081f8:	b510      	push	{r4, lr}
100081fa:	4604      	mov	r4, r0
100081fc:	f7ff ffea 	bl	100081d4 <cyw43_hal_ticks_ms>
10008200:	4601      	mov	r1, r0
10008202:	8862      	ldrh	r2, [r4, #2]
10008204:	480c      	ldr	r0, [pc, #48]	@ (10008238 <cyw43_dump_async_event+0x40>)
10008206:	f7fb f8e7 	bl	100033d8 <__wrap_printf>
1000820a:	6861      	ldr	r1, [r4, #4]
1000820c:	2958      	cmp	r1, #88	@ 0x58
1000820e:	d808      	bhi.n	10008222 <cyw43_dump_async_event+0x2a>
10008210:	4b0a      	ldr	r3, [pc, #40]	@ (1000823c <cyw43_dump_async_event+0x44>)
10008212:	f853 3021 	ldr.w	r3, [r3, r1, lsl #2]
10008216:	b123      	cbz	r3, 10008222 <cyw43_dump_async_event+0x2a>
10008218:	4619      	mov	r1, r3
1000821a:	4809      	ldr	r0, [pc, #36]	@ (10008240 <cyw43_dump_async_event+0x48>)
1000821c:	f7fb f8dc 	bl	100033d8 <__wrap_printf>
10008220:	e002      	b.n	10008228 <cyw43_dump_async_event+0x30>
10008222:	4808      	ldr	r0, [pc, #32]	@ (10008244 <cyw43_dump_async_event+0x4c>)
10008224:	f7fb f8d8 	bl	100033d8 <__wrap_printf>
10008228:	f894 302e 	ldrb.w	r3, [r4, #46]	@ 0x2e
1000822c:	68e2      	ldr	r2, [r4, #12]
1000822e:	68a1      	ldr	r1, [r4, #8]
10008230:	4805      	ldr	r0, [pc, #20]	@ (10008248 <cyw43_dump_async_event+0x50>)
10008232:	f7fb f8d1 	bl	100033d8 <__wrap_printf>
10008236:	bd10      	pop	{r4, pc}
10008238:	1000aae0 	.word	0x1000aae0
1000823c:	10042b20 	.word	0x10042b20
10008240:	1000aaf4 	.word	0x1000aaf4
10008244:	1000aaf8 	.word	0x1000aaf8
10008248:	1000aafc 	.word	0x1000aafc

1000824c <cyw43_ensure_up>:
1000824c:	b570      	push	{r4, r5, r6, lr}
1000824e:	b084      	sub	sp, #16
10008250:	4604      	mov	r4, r0
10008252:	f000 fdf3 	bl	10008e3c <cyw43_thread_lock_check>
10008256:	f894 3868 	ldrb.w	r3, [r4, #2152]	@ 0x868
1000825a:	b153      	cbz	r3, 10008272 <cyw43_ensure_up+0x26>
1000825c:	4b27      	ldr	r3, [pc, #156]	@ (100082fc <cyw43_ensure_up+0xb0>)
1000825e:	681b      	ldr	r3, [r3, #0]
10008260:	b16b      	cbz	r3, 1000827e <cyw43_ensure_up+0x32>
10008262:	2100      	movs	r1, #0
10008264:	4620      	mov	r0, r4
10008266:	f7ff fa34 	bl	100076d2 <cyw43_ll_bus_sleep>
1000826a:	2500      	movs	r5, #0
1000826c:	4628      	mov	r0, r5
1000826e:	b004      	add	sp, #16
10008270:	bd70      	pop	{r4, r5, r6, pc}
10008272:	4b23      	ldr	r3, [pc, #140]	@ (10008300 <cyw43_ensure_up+0xb4>)
10008274:	4a23      	ldr	r2, [pc, #140]	@ (10008304 <cyw43_ensure_up+0xb8>)
10008276:	2198      	movs	r1, #152	@ 0x98
10008278:	4823      	ldr	r0, [pc, #140]	@ (10008308 <cyw43_ensure_up+0xbc>)
1000827a:	f7fa ff49 	bl	10003110 <__assert_func>
1000827e:	2100      	movs	r1, #0
10008280:	4620      	mov	r0, r4
10008282:	f000 fe41 	bl	10008f08 <cyw43_cb_tcpip_deinit>
10008286:	2101      	movs	r1, #1
10008288:	4620      	mov	r0, r4
1000828a:	f000 fe3d 	bl	10008f08 <cyw43_cb_tcpip_deinit>
1000828e:	2500      	movs	r5, #0
10008290:	f884 5850 	strb.w	r5, [r4, #2128]	@ 0x850
10008294:	2617      	movs	r6, #23
10008296:	ec45 6040 	gpioc_bit_out_put r6, r5
1000829a:	2014      	movs	r0, #20
1000829c:	f000 fe06 	bl	10008eac <cyw43_delay_ms>
100082a0:	f04f 0301 	mov.w	r3, #1
100082a4:	ec43 6040 	gpioc_bit_out_put r6, r3
100082a8:	2032      	movs	r0, #50	@ 0x32
100082aa:	f000 fdff 	bl	10008eac <cyw43_delay_ms>
100082ae:	4629      	mov	r1, r5
100082b0:	4620      	mov	r0, r4
100082b2:	f7ff fd5b 	bl	10007d6c <cyw43_ll_bus_init>
100082b6:	4605      	mov	r5, r0
100082b8:	2800      	cmp	r0, #0
100082ba:	d1d7      	bne.n	1000826c <cyw43_ensure_up+0x20>
100082bc:	f604 01d3 	addw	r1, r4, #2259	@ 0x8d3
100082c0:	4620      	mov	r0, r4
100082c2:	f7ff fd31 	bl	10007d28 <cyw43_ll_wifi_get_mac>
100082c6:	f894 38d6 	ldrb.w	r3, [r4, #2262]	@ 0x8d6
100082ca:	f894 28d7 	ldrb.w	r2, [r4, #2263]	@ 0x8d7
100082ce:	f894 18d8 	ldrb.w	r1, [r4, #2264]	@ 0x8d8
100082d2:	9102      	str	r1, [sp, #8]
100082d4:	9201      	str	r2, [sp, #4]
100082d6:	9300      	str	r3, [sp, #0]
100082d8:	f894 38d5 	ldrb.w	r3, [r4, #2261]	@ 0x8d5
100082dc:	f894 28d4 	ldrb.w	r2, [r4, #2260]	@ 0x8d4
100082e0:	f894 18d3 	ldrb.w	r1, [r4, #2259]	@ 0x8d3
100082e4:	4809      	ldr	r0, [pc, #36]	@ (1000830c <cyw43_ensure_up+0xc0>)
100082e6:	f7fb f877 	bl	100033d8 <__wrap_printf>
100082ea:	4b09      	ldr	r3, [pc, #36]	@ (10008310 <cyw43_ensure_up+0xc4>)
100082ec:	2232      	movs	r2, #50	@ 0x32
100082ee:	601a      	str	r2, [r3, #0]
100082f0:	4808      	ldr	r0, [pc, #32]	@ (10008314 <cyw43_ensure_up+0xc8>)
100082f2:	4b02      	ldr	r3, [pc, #8]	@ (100082fc <cyw43_ensure_up+0xb0>)
100082f4:	6018      	str	r0, [r3, #0]
100082f6:	f000 fd05 	bl	10008d04 <cyw43_schedule_internal_poll_dispatch>
100082fa:	e7b7      	b.n	1000826c <cyw43_ensure_up+0x20>
100082fc:	20001920 	.word	0x20001920
10008300:	1000ab08 	.word	0x1000ab08
10008304:	10042b10 	.word	0x10042b10
10008308:	1000ab24 	.word	0x1000ab24
1000830c:	1000ab68 	.word	0x1000ab68
10008310:	20001924 	.word	0x20001924
10008314:	10008141 	.word	0x10008141

10008318 <cyw43_init>:
10008318:	e92d 41f0 	stmdb	sp!, {r4, r5, r6, r7, r8, lr}
1000831c:	4604      	mov	r4, r0
1000831e:	2018      	movs	r0, #24
10008320:	2500      	movs	r5, #0
10008322:	ec45 0044 	gpioc_bit_oe_put r0, r5
10008326:	462a      	mov	r2, r5
10008328:	4629      	mov	r1, r5
1000832a:	f7f7 ffe7 	bl	100002fc <gpio_set_pulls>
1000832e:	2617      	movs	r6, #23
10008330:	2701      	movs	r7, #1
10008332:	ec47 6044 	gpioc_bit_oe_put r6, r7
10008336:	462a      	mov	r2, r5
10008338:	4629      	mov	r1, r5
1000833a:	4630      	mov	r0, r6
1000833c:	f7f7 ffde 	bl	100002fc <gpio_set_pulls>
10008340:	ec45 6040 	gpioc_bit_out_put r6, r5
10008344:	4621      	mov	r1, r4
10008346:	4620      	mov	r0, r4
10008348:	f7ff f9b2 	bl	100076b0 <cyw43_ll_init>
1000834c:	f884 5850 	strb.w	r5, [r4, #2128]	@ 0x850
10008350:	f8c4 5858 	str.w	r5, [r4, #2136]	@ 0x858
10008354:	f8c4 585c 	str.w	r5, [r4, #2140]	@ 0x85c
10008358:	f884 5869 	strb.w	r5, [r4, #2153]	@ 0x869
1000835c:	f884 586a 	strb.w	r5, [r4, #2154]	@ 0x86a
10008360:	f884 586b 	strb.w	r5, [r4, #2155]	@ 0x86b
10008364:	2303      	movs	r3, #3
10008366:	f884 3870 	strb.w	r3, [r4, #2160]	@ 0x870
1000836a:	f884 5871 	strb.w	r5, [r4, #2161]	@ 0x871
1000836e:	f884 5872 	strb.w	r5, [r4, #2162]	@ 0x872
10008372:	4b03      	ldr	r3, [pc, #12]	@ (10008380 <cyw43_init+0x68>)
10008374:	601d      	str	r5, [r3, #0]
10008376:	f884 7868 	strb.w	r7, [r4, #2152]	@ 0x868
1000837a:	e8bd 81f0 	ldmia.w	sp!, {r4, r5, r6, r7, r8, pc}
1000837e:	bf00      	nop
10008380:	20001920 	.word	0x20001920

10008384 <cyw43_deinit>:
10008384:	b510      	push	{r4, lr}
10008386:	4604      	mov	r4, r0
10008388:	f000 fd44 	bl	10008e14 <cyw43_thread_enter>
1000838c:	4b0b      	ldr	r3, [pc, #44]	@ (100083bc <cyw43_deinit+0x38>)
1000838e:	681b      	ldr	r3, [r3, #0]
10008390:	b183      	cbz	r3, 100083b4 <cyw43_deinit+0x30>
10008392:	2100      	movs	r1, #0
10008394:	4620      	mov	r0, r4
10008396:	f000 fdb7 	bl	10008f08 <cyw43_cb_tcpip_deinit>
1000839a:	2101      	movs	r1, #1
1000839c:	4620      	mov	r0, r4
1000839e:	f000 fdb3 	bl	10008f08 <cyw43_cb_tcpip_deinit>
100083a2:	4620      	mov	r0, r4
100083a4:	f7ff f991 	bl	100076ca <cyw43_ll_deinit>
100083a8:	4620      	mov	r0, r4
100083aa:	f7ff ffb5 	bl	10008318 <cyw43_init>
100083ae:	f000 fd3b 	bl	10008e28 <cyw43_thread_exit>
100083b2:	bd10      	pop	{r4, pc}
100083b4:	f000 fd38 	bl	10008e28 <cyw43_thread_exit>
100083b8:	e7fb      	b.n	100083b2 <cyw43_deinit+0x2e>
100083ba:	bf00      	nop
100083bc:	20001920 	.word	0x20001920

100083c0 <cyw43_cb_read_host_interrupt_pin>:
100083c0:	f04f 4350 	mov.w	r3, #3489660928	@ 0xd0000000
100083c4:	6858      	ldr	r0, [r3, #4]
100083c6:	f3c0 6000 	ubfx	r0, r0, #24, #1
100083ca:	4770      	bx	lr

100083cc <cyw43_cb_ensure_awake>:
100083cc:	4b01      	ldr	r3, [pc, #4]	@ (100083d4 <cyw43_cb_ensure_awake+0x8>)
100083ce:	2232      	movs	r2, #50	@ 0x32
100083d0:	601a      	str	r2, [r3, #0]
100083d2:	4770      	bx	lr
100083d4:	20001924 	.word	0x20001924

100083d8 <cyw43_cb_process_async_event>:
100083d8:	b538      	push	{r3, r4, r5, lr}
100083da:	4604      	mov	r4, r0
100083dc:	460d      	mov	r5, r1
100083de:	f8d0 3854 	ldr.w	r3, [r0, #2132]	@ 0x854
100083e2:	f013 0f01 	tst.w	r3, #1
100083e6:	d11f      	bne.n	10008428 <cyw43_cb_process_async_event+0x50>
100083e8:	686b      	ldr	r3, [r5, #4]
100083ea:	2b45      	cmp	r3, #69	@ 0x45
100083ec:	d020      	beq.n	10008430 <cyw43_cb_process_async_event+0x58>
100083ee:	2b31      	cmp	r3, #49	@ 0x31
100083f0:	d831      	bhi.n	10008456 <cyw43_cb_process_async_event+0x7e>
100083f2:	e8df f003 	tbb	[pc, r3]
100083f6:	304f      	.short	0x304f
100083f8:	30305f30 	.word	0x30305f30
100083fc:	3030307b 	.word	0x3030307b
10008400:	30303830 	.word	0x30303830
10008404:	30883030 	.word	0x30883030
10008408:	30303030 	.word	0x30303030
1000840c:	30304030 	.word	0x30304030
10008410:	30303030 	.word	0x30303030
10008414:	30303030 	.word	0x30303030
10008418:	30303030 	.word	0x30303030
1000841c:	30303030 	.word	0x30303030
10008420:	30303030 	.word	0x30303030
10008424:	c23030a3 	.word	0xc23030a3
10008428:	4608      	mov	r0, r1
1000842a:	f7ff fee5 	bl	100081f8 <cyw43_dump_async_event>
1000842e:	e7db      	b.n	100083e8 <cyw43_cb_process_async_event+0x10>
10008430:	f8d4 2858 	ldr.w	r2, [r4, #2136]	@ 0x858
10008434:	2a01      	cmp	r2, #1
10008436:	d1da      	bne.n	100083ee <cyw43_cb_process_async_event+0x16>
10008438:	68ab      	ldr	r3, [r5, #8]
1000843a:	2b08      	cmp	r3, #8
1000843c:	d004      	beq.n	10008448 <cyw43_cb_process_async_event+0x70>
1000843e:	b953      	cbnz	r3, 10008456 <cyw43_cb_process_async_event+0x7e>
10008440:	2302      	movs	r3, #2
10008442:	f8c4 3858 	str.w	r3, [r4, #2136]	@ 0x858
10008446:	e006      	b.n	10008456 <cyw43_cb_process_async_event+0x7e>
10008448:	f8d4 3864 	ldr.w	r3, [r4, #2148]	@ 0x864
1000844c:	f105 0130 	add.w	r1, r5, #48	@ 0x30
10008450:	f8d4 0860 	ldr.w	r0, [r4, #2144]	@ 0x860
10008454:	4798      	blx	r3
10008456:	f8d4 285c 	ldr.w	r2, [r4, #2140]	@ 0x85c
1000845a:	f640 6301 	movw	r3, #3585	@ 0xe01
1000845e:	429a      	cmp	r2, r3
10008460:	f000 8095 	beq.w	1000858e <cyw43_cb_process_async_event+0x1b6>
10008464:	bd38      	pop	{r3, r4, r5, pc}
10008466:	2100      	movs	r1, #0
10008468:	4620      	mov	r0, r4
1000846a:	f000 fd51 	bl	10008f10 <cyw43_cb_tcpip_set_link_down>
1000846e:	2300      	movs	r3, #0
10008470:	f8c4 385c 	str.w	r3, [r4, #2140]	@ 0x85c
10008474:	e7ef      	b.n	10008456 <cyw43_cb_process_async_event+0x7e>
10008476:	68ab      	ldr	r3, [r5, #8]
10008478:	2b00      	cmp	r3, #0
1000847a:	d1ec      	bne.n	10008456 <cyw43_cb_process_async_event+0x7e>
1000847c:	68eb      	ldr	r3, [r5, #12]
1000847e:	2b08      	cmp	r3, #8
10008480:	d1e9      	bne.n	10008456 <cyw43_cb_process_async_event+0x7e>
10008482:	2301      	movs	r3, #1
10008484:	f884 386a 	strb.w	r3, [r4, #2154]	@ 0x86a
10008488:	f884 386b 	strb.w	r3, [r4, #2155]	@ 0x86b
1000848c:	4844      	ldr	r0, [pc, #272]	@ (100085a0 <cyw43_cb_process_async_event+0x1c8>)
1000848e:	f000 fc39 	bl	10008d04 <cyw43_schedule_internal_poll_dispatch>
10008492:	e7e0      	b.n	10008456 <cyw43_cb_process_async_event+0x7e>
10008494:	68ab      	ldr	r3, [r5, #8]
10008496:	2b00      	cmp	r3, #0
10008498:	d0dd      	beq.n	10008456 <cyw43_cb_process_async_event+0x7e>
1000849a:	2b03      	cmp	r3, #3
1000849c:	d003      	beq.n	100084a6 <cyw43_cb_process_async_event+0xce>
1000849e:	2302      	movs	r3, #2
100084a0:	f8c4 385c 	str.w	r3, [r4, #2140]	@ 0x85c
100084a4:	e7d7      	b.n	10008456 <cyw43_cb_process_async_event+0x7e>
100084a6:	68eb      	ldr	r3, [r5, #12]
100084a8:	2b00      	cmp	r3, #0
100084aa:	d1f8      	bne.n	1000849e <cyw43_cb_process_async_event+0xc6>
100084ac:	2303      	movs	r3, #3
100084ae:	f8c4 385c 	str.w	r3, [r4, #2140]	@ 0x85c
100084b2:	e7d0      	b.n	10008456 <cyw43_cb_process_async_event+0x7e>
100084b4:	68ab      	ldr	r3, [r5, #8]
100084b6:	b99b      	cbnz	r3, 100084e0 <cyw43_cb_process_async_event+0x108>
100084b8:	f8d4 385c 	ldr.w	r3, [r4, #2140]	@ 0x85c
100084bc:	f003 020f 	and.w	r2, r3, #15
100084c0:	2a04      	cmp	r2, #4
100084c2:	d006      	beq.n	100084d2 <cyw43_cb_process_async_event+0xfa>
100084c4:	f8d4 385c 	ldr.w	r3, [r4, #2140]	@ 0x85c
100084c8:	f443 7300 	orr.w	r3, r3, #512	@ 0x200
100084cc:	f8c4 385c 	str.w	r3, [r4, #2140]	@ 0x85c
100084d0:	e7c1      	b.n	10008456 <cyw43_cb_process_async_event+0x7e>
100084d2:	f023 030f 	bic.w	r3, r3, #15
100084d6:	f043 0301 	orr.w	r3, r3, #1
100084da:	f8c4 385c 	str.w	r3, [r4, #2140]	@ 0x85c
100084de:	e7f1      	b.n	100084c4 <cyw43_cb_process_async_event+0xec>
100084e0:	2b06      	cmp	r3, #6
100084e2:	d0b8      	beq.n	10008456 <cyw43_cb_process_async_event+0x7e>
100084e4:	2304      	movs	r3, #4
100084e6:	f8c4 385c 	str.w	r3, [r4, #2140]	@ 0x85c
100084ea:	e7b4      	b.n	10008456 <cyw43_cb_process_async_event+0x7e>
100084ec:	68ab      	ldr	r3, [r5, #8]
100084ee:	2b00      	cmp	r3, #0
100084f0:	d1b1      	bne.n	10008456 <cyw43_cb_process_async_event+0x7e>
100084f2:	68eb      	ldr	r3, [r5, #12]
100084f4:	2b02      	cmp	r3, #2
100084f6:	d1ae      	bne.n	10008456 <cyw43_cb_process_async_event+0x7e>
100084f8:	2301      	movs	r3, #1
100084fa:	f884 3869 	strb.w	r3, [r4, #2153]	@ 0x869
100084fe:	4828      	ldr	r0, [pc, #160]	@ (100085a0 <cyw43_cb_process_async_event+0x1c8>)
10008500:	f000 fc00 	bl	10008d04 <cyw43_schedule_internal_poll_dispatch>
10008504:	e7a7      	b.n	10008456 <cyw43_cb_process_async_event+0x7e>
10008506:	68ab      	ldr	r3, [r5, #8]
10008508:	2b00      	cmp	r3, #0
1000850a:	d1a4      	bne.n	10008456 <cyw43_cb_process_async_event+0x7e>
1000850c:	886b      	ldrh	r3, [r5, #2]
1000850e:	f013 0f01 	tst.w	r3, #1
10008512:	d00d      	beq.n	10008530 <cyw43_cb_process_async_event+0x158>
10008514:	f895 102e 	ldrb.w	r1, [r5, #46]	@ 0x2e
10008518:	b931      	cbnz	r1, 10008528 <cyw43_cb_process_async_event+0x150>
1000851a:	f8d4 385c 	ldr.w	r3, [r4, #2140]	@ 0x85c
1000851e:	f443 6380 	orr.w	r3, r3, #1024	@ 0x400
10008522:	f8c4 385c 	str.w	r3, [r4, #2140]	@ 0x85c
10008526:	e796      	b.n	10008456 <cyw43_cb_process_async_event+0x7e>
10008528:	4620      	mov	r0, r4
1000852a:	f000 fcee 	bl	10008f0a <cyw43_cb_tcpip_set_link_up>
1000852e:	e792      	b.n	10008456 <cyw43_cb_process_async_event+0x7e>
10008530:	f895 102e 	ldrb.w	r1, [r5, #46]	@ 0x2e
10008534:	4620      	mov	r0, r4
10008536:	f000 fceb 	bl	10008f10 <cyw43_cb_tcpip_set_link_down>
1000853a:	e78c      	b.n	10008456 <cyw43_cb_process_async_event+0x7e>
1000853c:	68ab      	ldr	r3, [r5, #8]
1000853e:	3b04      	subs	r3, #4
10008540:	2b06      	cmp	r3, #6
10008542:	d80f      	bhi.n	10008564 <cyw43_cb_process_async_event+0x18c>
10008544:	e8df f003 	tbb	[pc, r3]
10008548:	0e040e0b 	.word	0x0e040e0b
1000854c:	0e0b      	.short	0x0e0b
1000854e:	0b          	.byte	0x0b
1000854f:	00          	.byte	0x00
10008550:	f8d4 385c 	ldr.w	r3, [r4, #2140]	@ 0x85c
10008554:	f443 6300 	orr.w	r3, r3, #2048	@ 0x800
10008558:	f8c4 385c 	str.w	r3, [r4, #2140]	@ 0x85c
1000855c:	e77b      	b.n	10008456 <cyw43_cb_process_async_event+0x7e>
1000855e:	68eb      	ldr	r3, [r5, #12]
10008560:	2b0f      	cmp	r3, #15
10008562:	d003      	beq.n	1000856c <cyw43_cb_process_async_event+0x194>
10008564:	2304      	movs	r3, #4
10008566:	f8c4 385c 	str.w	r3, [r4, #2140]	@ 0x85c
1000856a:	e774      	b.n	10008456 <cyw43_cb_process_async_event+0x7e>
1000856c:	2301      	movs	r3, #1
1000856e:	f884 386a 	strb.w	r3, [r4, #2154]	@ 0x86a
10008572:	480b      	ldr	r0, [pc, #44]	@ (100085a0 <cyw43_cb_process_async_event+0x1c8>)
10008574:	f000 fbc6 	bl	10008d04 <cyw43_schedule_internal_poll_dispatch>
10008578:	e76d      	b.n	10008456 <cyw43_cb_process_async_event+0x7e>
1000857a:	2301      	movs	r3, #1
1000857c:	f884 386a 	strb.w	r3, [r4, #2154]	@ 0x86a
10008580:	2300      	movs	r3, #0
10008582:	f884 386b 	strb.w	r3, [r4, #2155]	@ 0x86b
10008586:	4806      	ldr	r0, [pc, #24]	@ (100085a0 <cyw43_cb_process_async_event+0x1c8>)
10008588:	f000 fbbc 	bl	10008d04 <cyw43_schedule_internal_poll_dispatch>
1000858c:	e763      	b.n	10008456 <cyw43_cb_process_async_event+0x7e>
1000858e:	2301      	movs	r3, #1
10008590:	f8c4 385c 	str.w	r3, [r4, #2140]	@ 0x85c
10008594:	2100      	movs	r1, #0
10008596:	4620      	mov	r0, r4
10008598:	f000 fcb7 	bl	10008f0a <cyw43_cb_tcpip_set_link_up>
1000859c:	e762      	b.n	10008464 <cyw43_cb_process_async_event+0x8c>
1000859e:	bf00      	nop
100085a0:	10008141 	.word	0x10008141

100085a4 <cyw43_gpio_set>:
100085a4:	b5f8      	push	{r3, r4, r5, r6, r7, lr}
100085a6:	4604      	mov	r4, r0
100085a8:	460e      	mov	r6, r1
100085aa:	4617      	mov	r7, r2
100085ac:	f000 fc32 	bl	10008e14 <cyw43_thread_enter>
100085b0:	4620      	mov	r0, r4
100085b2:	f7ff fe4b 	bl	1000824c <cyw43_ensure_up>
100085b6:	b948      	cbnz	r0, 100085cc <cyw43_gpio_set+0x28>
100085b8:	463a      	mov	r2, r7
100085ba:	4631      	mov	r1, r6
100085bc:	4620      	mov	r0, r4
100085be:	f7ff fd9b 	bl	100080f8 <cyw43_ll_gpio_set>
100085c2:	4605      	mov	r5, r0
100085c4:	f000 fc30 	bl	10008e28 <cyw43_thread_exit>
100085c8:	4628      	mov	r0, r5
100085ca:	bdf8      	pop	{r3, r4, r5, r6, r7, pc}
100085cc:	4605      	mov	r5, r0
100085ce:	f000 fc2b 	bl	10008e28 <cyw43_thread_exit>
100085d2:	e7f9      	b.n	100085c8 <cyw43_gpio_set+0x24>

100085d4 <pio_set_gpio_base_unsafe>:
100085d4:	460a      	mov	r2, r1
100085d6:	b109      	cbz	r1, 100085dc <pio_set_gpio_base_unsafe+0x8>
100085d8:	2910      	cmp	r1, #16
100085da:	d10c      	bne.n	100085f6 <pio_set_gpio_base_unsafe+0x22>
100085dc:	f100 432f 	add.w	r3, r0, #2936012800	@ 0xaf000000
100085e0:	f503 0360 	add.w	r3, r3, #14680064	@ 0xe00000
100085e4:	0d1b      	lsrs	r3, r3, #20
100085e6:	4907      	ldr	r1, [pc, #28]	@ (10008604 <pio_set_gpio_base_unsafe+0x30>)
100085e8:	f851 3023 	ldr.w	r3, [r1, r3, lsl #2]
100085ec:	b933      	cbnz	r3, 100085fc <pio_set_gpio_base_unsafe+0x28>
100085ee:	f8c0 2168 	str.w	r2, [r0, #360]	@ 0x168
100085f2:	2000      	movs	r0, #0
100085f4:	4770      	bx	lr
100085f6:	f06f 000a 	mvn.w	r0, #10
100085fa:	4770      	bx	lr
100085fc:	f06f 000b 	mvn.w	r0, #11
10008600:	4770      	bx	lr
10008602:	bf00      	nop
10008604:	200015dc 	.word	0x200015dc

10008608 <is_gpio_compatible>:
10008608:	f8d0 3168 	ldr.w	r3, [r0, #360]	@ 0x168
1000860c:	b123      	cbz	r3, 10008618 <is_gpio_compatible+0x10>
1000860e:	f011 0f01 	tst.w	r1, #1
10008612:	d006      	beq.n	10008622 <is_gpio_compatible+0x1a>
10008614:	2000      	movs	r0, #0
10008616:	4770      	bx	lr
10008618:	f011 0f04 	tst.w	r1, #4
1000861c:	d003      	beq.n	10008626 <is_gpio_compatible+0x1e>
1000861e:	2000      	movs	r0, #0
10008620:	4770      	bx	lr
10008622:	2001      	movs	r0, #1
10008624:	4770      	bx	lr
10008626:	2001      	movs	r0, #1
10008628:	4770      	bx	lr

1000862a <is_program_gpio_compatible>:
1000862a:	b508      	push	{r3, lr}
1000862c:	79c9      	ldrb	r1, [r1, #7]
1000862e:	f7ff ffeb 	bl	10008608 <is_gpio_compatible>
10008632:	bd08      	pop	{r3, pc}

10008634 <add_program_at_offset_check>:
10008634:	b570      	push	{r4, r5, r6, lr}
10008636:	4604      	mov	r4, r0
10008638:	460d      	mov	r5, r1
1000863a:	4616      	mov	r6, r2
1000863c:	f7ff fff5 	bl	1000862a <is_program_gpio_compatible>
10008640:	b1d0      	cbz	r0, 10008678 <add_program_at_offset_check+0x44>
10008642:	f995 3005 	ldrsb.w	r3, [r5, #5]
10008646:	2b00      	cmp	r3, #0
10008648:	db01      	blt.n	1000864e <add_program_at_offset_check+0x1a>
1000864a:	42b3      	cmp	r3, r6
1000864c:	d117      	bne.n	1000867e <add_program_at_offset_check+0x4a>
1000864e:	f104 402f 	add.w	r0, r4, #2936012800	@ 0xaf000000
10008652:	f500 0060 	add.w	r0, r0, #14680064	@ 0xe00000
10008656:	0d00      	lsrs	r0, r0, #20
10008658:	4b0a      	ldr	r3, [pc, #40]	@ (10008684 <add_program_at_offset_check+0x50>)
1000865a:	f853 1020 	ldr.w	r1, [r3, r0, lsl #2]
1000865e:	792a      	ldrb	r2, [r5, #4]
10008660:	2301      	movs	r3, #1
10008662:	4093      	lsls	r3, r2
10008664:	3b01      	subs	r3, #1
10008666:	fa03 f206 	lsl.w	r2, r3, r6
1000866a:	420a      	tst	r2, r1
1000866c:	d101      	bne.n	10008672 <add_program_at_offset_check+0x3e>
1000866e:	2000      	movs	r0, #0
10008670:	bd70      	pop	{r4, r5, r6, pc}
10008672:	f06f 0008 	mvn.w	r0, #8
10008676:	e7fb      	b.n	10008670 <add_program_at_offset_check+0x3c>
10008678:	f06f 000a 	mvn.w	r0, #10
1000867c:	e7f8      	b.n	10008670 <add_program_at_offset_check+0x3c>
1000867e:	f06f 000a 	mvn.w	r0, #10
10008682:	e7f5      	b.n	10008670 <add_program_at_offset_check+0x3c>
10008684:	200015dc 	.word	0x200015dc

10008688 <add_program_at_offset>:
10008688:	b5f8      	push	{r3, r4, r5, r6, r7, lr}
1000868a:	4606      	mov	r6, r0
1000868c:	460d      	mov	r5, r1
1000868e:	4617      	mov	r7, r2
10008690:	f7ff ffd0 	bl	10008634 <add_program_at_offset_check>
10008694:	bb28      	cbnz	r0, 100086e2 <add_program_at_offset+0x5a>
10008696:	4603      	mov	r3, r0
10008698:	e008      	b.n	100086ac <add_program_at_offset+0x24>
1000869a:	eb0c 0407 	add.w	r4, ip, r7
1000869e:	eb03 0c07 	add.w	ip, r3, r7
100086a2:	f10c 0c12 	add.w	ip, ip, #18
100086a6:	f846 402c 	str.w	r4, [r6, ip, lsl #2]
100086aa:	3301      	adds	r3, #1
100086ac:	792a      	ldrb	r2, [r5, #4]
100086ae:	429a      	cmp	r2, r3
100086b0:	d907      	bls.n	100086c2 <add_program_at_offset+0x3a>
100086b2:	682a      	ldr	r2, [r5, #0]
100086b4:	f832 c013 	ldrh.w	ip, [r2, r3, lsl #1]
100086b8:	f5bc 5f00 	cmp.w	ip, #8192	@ 0x2000
100086bc:	d3ed      	bcc.n	1000869a <add_program_at_offset+0x12>
100086be:	4664      	mov	r4, ip
100086c0:	e7ed      	b.n	1000869e <add_program_at_offset+0x16>
100086c2:	2301      	movs	r3, #1
100086c4:	4093      	lsls	r3, r2
100086c6:	3b01      	subs	r3, #1
100086c8:	f106 462f 	add.w	r6, r6, #2936012800	@ 0xaf000000
100086cc:	f506 0660 	add.w	r6, r6, #14680064	@ 0xe00000
100086d0:	0d36      	lsrs	r6, r6, #20
100086d2:	4904      	ldr	r1, [pc, #16]	@ (100086e4 <add_program_at_offset+0x5c>)
100086d4:	f851 2026 	ldr.w	r2, [r1, r6, lsl #2]
100086d8:	40bb      	lsls	r3, r7
100086da:	431a      	orrs	r2, r3
100086dc:	f841 2026 	str.w	r2, [r1, r6, lsl #2]
100086e0:	4638      	mov	r0, r7
100086e2:	bdf8      	pop	{r3, r4, r5, r6, r7, pc}
100086e4:	200015dc 	.word	0x200015dc

100086e8 <find_offset_for_program>:
100086e8:	b510      	push	{r4, lr}
100086ea:	790a      	ldrb	r2, [r1, #4]
100086ec:	2a20      	cmp	r2, #32
100086ee:	d819      	bhi.n	10008724 <find_offset_for_program+0x3c>
100086f0:	f100 402f 	add.w	r0, r0, #2936012800	@ 0xaf000000
100086f4:	f500 0060 	add.w	r0, r0, #14680064	@ 0xe00000
100086f8:	0d00      	lsrs	r0, r0, #20
100086fa:	4b15      	ldr	r3, [pc, #84]	@ (10008750 <find_offset_for_program+0x68>)
100086fc:	f853 4020 	ldr.w	r4, [r3, r0, lsl #2]
10008700:	2301      	movs	r3, #1
10008702:	4093      	lsls	r3, r2
10008704:	3b01      	subs	r3, #1
10008706:	f991 1005 	ldrsb.w	r1, [r1, #5]
1000870a:	2900      	cmp	r1, #0
1000870c:	db10      	blt.n	10008730 <find_offset_for_program+0x48>
1000870e:	4608      	mov	r0, r1
10008710:	f1c2 0220 	rsb	r2, r2, #32
10008714:	4291      	cmp	r1, r2
10008716:	dc18      	bgt.n	1000874a <find_offset_for_program+0x62>
10008718:	408b      	lsls	r3, r1
1000871a:	4223      	tst	r3, r4
1000871c:	d001      	beq.n	10008722 <find_offset_for_program+0x3a>
1000871e:	f04f 30ff 	mov.w	r0, #4294967295	@ 0xffffffff
10008722:	bd10      	pop	{r4, pc}
10008724:	4b0b      	ldr	r3, [pc, #44]	@ (10008754 <find_offset_for_program+0x6c>)
10008726:	4a0c      	ldr	r2, [pc, #48]	@ (10008758 <find_offset_for_program+0x70>)
10008728:	2143      	movs	r1, #67	@ 0x43
1000872a:	480c      	ldr	r0, [pc, #48]	@ (1000875c <find_offset_for_program+0x74>)
1000872c:	f7fa fcf0 	bl	10003110 <__assert_func>
10008730:	f1c2 0020 	rsb	r0, r2, #32
10008734:	2800      	cmp	r0, #0
10008736:	db05      	blt.n	10008744 <find_offset_for_program+0x5c>
10008738:	fa03 f200 	lsl.w	r2, r3, r0
1000873c:	4222      	tst	r2, r4
1000873e:	d0f0      	beq.n	10008722 <find_offset_for_program+0x3a>
10008740:	3801      	subs	r0, #1
10008742:	e7f7      	b.n	10008734 <find_offset_for_program+0x4c>
10008744:	f06f 0008 	mvn.w	r0, #8
10008748:	e7eb      	b.n	10008722 <find_offset_for_program+0x3a>
1000874a:	f04f 30ff 	mov.w	r0, #4294967295	@ 0xffffffff
1000874e:	e7e8      	b.n	10008722 <find_offset_for_program+0x3a>
10008750:	200015dc 	.word	0x200015dc
10008754:	1000ac3c 	.word	0x1000ac3c
10008758:	10042c98 	.word	0x10042c98
1000875c:	1000ac68 	.word	0x1000ac68

10008760 <pio_sm_unclaim>:
10008760:	b508      	push	{r3, lr}
10008762:	f100 402f 	add.w	r0, r0, #2936012800	@ 0xaf000000
10008766:	f500 0060 	add.w	r0, r0, #14680064	@ 0xe00000
1000876a:	0d00      	lsrs	r0, r0, #20
1000876c:	eb01 0180 	add.w	r1, r1, r0, lsl #2
10008770:	4801      	ldr	r0, [pc, #4]	@ (10008778 <pio_sm_unclaim+0x18>)
10008772:	f7f7 fee1 	bl	10000538 <hw_claim_clear>
10008776:	bd08      	pop	{r3, pc}
10008778:	200018f0 	.word	0x200018f0

1000877c <pio_claim_unused_sm>:
1000877c:	b510      	push	{r4, lr}
1000877e:	b082      	sub	sp, #8
10008780:	f100 402f 	add.w	r0, r0, #2936012800	@ 0xaf000000
10008784:	f500 0060 	add.w	r0, r0, #14680064	@ 0xe00000
10008788:	0d00      	lsrs	r0, r0, #20
1000878a:	0084      	lsls	r4, r0, #2
1000878c:	4b07      	ldr	r3, [pc, #28]	@ (100087ac <pio_claim_unused_sm+0x30>)
1000878e:	9300      	str	r3, [sp, #0]
10008790:	1ce3      	adds	r3, r4, #3
10008792:	4622      	mov	r2, r4
10008794:	4806      	ldr	r0, [pc, #24]	@ (100087b0 <pio_claim_unused_sm+0x34>)
10008796:	f7f7 fea8 	bl	100004ea <hw_claim_unused_from_range>
1000879a:	4284      	cmp	r4, r0
1000879c:	dc02      	bgt.n	100087a4 <pio_claim_unused_sm+0x28>
1000879e:	1b00      	subs	r0, r0, r4
100087a0:	b002      	add	sp, #8
100087a2:	bd10      	pop	{r4, pc}
100087a4:	f04f 30ff 	mov.w	r0, #4294967295	@ 0xffffffff
100087a8:	e7fa      	b.n	100087a0 <pio_claim_unused_sm+0x24>
100087aa:	bf00      	nop
100087ac:	1000acac 	.word	0x1000acac
100087b0:	200018f0 	.word	0x200018f0

100087b4 <pio_remove_program>:
100087b4:	b538      	push	{r3, r4, r5, lr}
100087b6:	4604      	mov	r4, r0
100087b8:	790b      	ldrb	r3, [r1, #4]
100087ba:	2501      	movs	r5, #1
100087bc:	409d      	lsls	r5, r3
100087be:	3d01      	subs	r5, #1
100087c0:	4095      	lsls	r5, r2
100087c2:	f7f7 fe5d 	bl	10000480 <hw_claim_lock>
100087c6:	f104 432f 	add.w	r3, r4, #2936012800	@ 0xaf000000
100087ca:	f503 0360 	add.w	r3, r3, #14680064	@ 0xe00000
100087ce:	0d1b      	lsrs	r3, r3, #20
100087d0:	4a09      	ldr	r2, [pc, #36]	@ (100087f8 <pio_remove_program+0x44>)
100087d2:	f852 2023 	ldr.w	r2, [r2, r3, lsl #2]
100087d6:	ea35 0102 	bics.w	r1, r5, r2
100087da:	d107      	bne.n	100087ec <pio_remove_program+0x38>
100087dc:	ea22 0205 	bic.w	r2, r2, r5
100087e0:	4905      	ldr	r1, [pc, #20]	@ (100087f8 <pio_remove_program+0x44>)
100087e2:	f841 2023 	str.w	r2, [r1, r3, lsl #2]
100087e6:	f7f7 fe5d 	bl	100004a4 <hw_claim_unlock>
100087ea:	bd38      	pop	{r3, r4, r5, pc}
100087ec:	4b03      	ldr	r3, [pc, #12]	@ (100087fc <pio_remove_program+0x48>)
100087ee:	4a04      	ldr	r2, [pc, #16]	@ (10008800 <pio_remove_program+0x4c>)
100087f0:	21cb      	movs	r1, #203	@ 0xcb
100087f2:	4804      	ldr	r0, [pc, #16]	@ (10008804 <pio_remove_program+0x50>)
100087f4:	f7fa fc8c 	bl	10003110 <__assert_func>
100087f8:	200015dc 	.word	0x200015dc
100087fc:	1000acd0 	.word	0x1000acd0
10008800:	10042c84 	.word	0x10042c84
10008804:	1000ac68 	.word	0x1000ac68

10008808 <pio_sm_set_pindirs_with_mask>:
10008808:	b4f0      	push	{r4, r5, r6, r7}
1000880a:	eb01 0441 	add.w	r4, r1, r1, lsl #1
1000880e:	eb00 04c4 	add.w	r4, r0, r4, lsl #3
10008812:	f8d4 70dc 	ldr.w	r7, [r4, #220]	@ 0xdc
10008816:	f8d4 60cc 	ldr.w	r6, [r4, #204]	@ 0xcc
1000881a:	eb01 0441 	add.w	r4, r1, r1, lsl #1
1000881e:	00e4      	lsls	r4, r4, #3
10008820:	34c8      	adds	r4, #200	@ 0xc8
10008822:	4404      	add	r4, r0
10008824:	f504 5440 	add.w	r4, r4, #12288	@ 0x3000
10008828:	f44f 3500 	mov.w	r5, #131072	@ 0x20000
1000882c:	6065      	str	r5, [r4, #4]
1000882e:	e018      	b.n	10008862 <pio_sm_set_pindirs_with_mask+0x5a>
10008830:	fa93 f4a3 	rbit	r4, r3
10008834:	fab4 f484 	clz	r4, r4
10008838:	0165      	lsls	r5, r4, #5
1000883a:	f045 6580 	orr.w	r5, r5, #67108864	@ 0x4000000
1000883e:	eb01 0c41 	add.w	ip, r1, r1, lsl #1
10008842:	eb00 0ccc 	add.w	ip, r0, ip, lsl #3
10008846:	f8cc 50dc 	str.w	r5, [ip, #220]	@ 0xdc
1000884a:	fa22 f404 	lsr.w	r4, r2, r4
1000884e:	f004 0401 	and.w	r4, r4, #1
10008852:	f444 4460 	orr.w	r4, r4, #57344	@ 0xe000
10008856:	f044 0480 	orr.w	r4, r4, #128	@ 0x80
1000885a:	f8cc 40d8 	str.w	r4, [ip, #216]	@ 0xd8
1000885e:	1e5c      	subs	r4, r3, #1
10008860:	4023      	ands	r3, r4
10008862:	2b00      	cmp	r3, #0
10008864:	d1e4      	bne.n	10008830 <pio_sm_set_pindirs_with_mask+0x28>
10008866:	eb01 0341 	add.w	r3, r1, r1, lsl #1
1000886a:	eb00 03c3 	add.w	r3, r0, r3, lsl #3
1000886e:	f8c3 70dc 	str.w	r7, [r3, #220]	@ 0xdc
10008872:	f8c3 60cc 	str.w	r6, [r3, #204]	@ 0xcc
10008876:	bcf0      	pop	{r4, r5, r6, r7}
10008878:	4770      	bx	lr

1000887a <pio_sm_set_pindirs_with_mask64>:
1000887a:	b508      	push	{r3, lr}
1000887c:	9b02      	ldr	r3, [sp, #8]
1000887e:	f7ff ffc3 	bl	10008808 <pio_sm_set_pindirs_with_mask>
10008882:	bd08      	pop	{r3, pc}

10008884 <pio_sm_set_consecutive_pindirs>:
10008884:	b5f0      	push	{r4, r5, r6, r7, lr}
10008886:	f89d 7014 	ldrb.w	r7, [sp, #20]
1000888a:	f8d0 4168 	ldr.w	r4, [r0, #360]	@ 0x168
1000888e:	1b12      	subs	r2, r2, r4
10008890:	2a1f      	cmp	r2, #31
10008892:	d843      	bhi.n	1000891c <pio_sm_set_consecutive_pindirs+0x98>
10008894:	eb01 0441 	add.w	r4, r1, r1, lsl #1
10008898:	eb00 04c4 	add.w	r4, r0, r4, lsl #3
1000889c:	f8d4 60dc 	ldr.w	r6, [r4, #220]	@ 0xdc
100088a0:	f8d4 50cc 	ldr.w	r5, [r4, #204]	@ 0xcc
100088a4:	eb01 0441 	add.w	r4, r1, r1, lsl #1
100088a8:	00e4      	lsls	r4, r4, #3
100088aa:	34c8      	adds	r4, #200	@ 0xc8
100088ac:	4404      	add	r4, r0
100088ae:	f504 5440 	add.w	r4, r4, #12288	@ 0x3000
100088b2:	f44f 3c00 	mov.w	ip, #131072	@ 0x20000
100088b6:	f8c4 c004 	str.w	ip, [r4, #4]
100088ba:	b117      	cbz	r7, 100088c2 <pio_sm_set_consecutive_pindirs+0x3e>
100088bc:	f04f 0e1f 	mov.w	lr, #31
100088c0:	e015      	b.n	100088ee <pio_sm_set_consecutive_pindirs+0x6a>
100088c2:	f04f 0e00 	mov.w	lr, #0
100088c6:	e012      	b.n	100088ee <pio_sm_set_consecutive_pindirs+0x6a>
100088c8:	0154      	lsls	r4, r2, #5
100088ca:	f044 54a0 	orr.w	r4, r4, #335544320	@ 0x14000000
100088ce:	eb01 0c41 	add.w	ip, r1, r1, lsl #1
100088d2:	eb00 0ccc 	add.w	ip, r0, ip, lsl #3
100088d6:	f8cc 40dc 	str.w	r4, [ip, #220]	@ 0xdc
100088da:	f44e 4460 	orr.w	r4, lr, #57344	@ 0xe000
100088de:	f044 0480 	orr.w	r4, r4, #128	@ 0x80
100088e2:	f8cc 40d8 	str.w	r4, [ip, #216]	@ 0xd8
100088e6:	3b05      	subs	r3, #5
100088e8:	3205      	adds	r2, #5
100088ea:	f002 021f 	and.w	r2, r2, #31
100088ee:	2b05      	cmp	r3, #5
100088f0:	d8ea      	bhi.n	100088c8 <pio_sm_set_consecutive_pindirs+0x44>
100088f2:	0152      	lsls	r2, r2, #5
100088f4:	ea42 6383 	orr.w	r3, r2, r3, lsl #26
100088f8:	eb01 0241 	add.w	r2, r1, r1, lsl #1
100088fc:	eb00 02c2 	add.w	r2, r0, r2, lsl #3
10008900:	f8c2 30dc 	str.w	r3, [r2, #220]	@ 0xdc
10008904:	f44e 4360 	orr.w	r3, lr, #57344	@ 0xe000
10008908:	f043 0380 	orr.w	r3, r3, #128	@ 0x80
1000890c:	f8c2 30d8 	str.w	r3, [r2, #216]	@ 0xd8
10008910:	f8c2 60dc 	str.w	r6, [r2, #220]	@ 0xdc
10008914:	f8c2 50cc 	str.w	r5, [r2, #204]	@ 0xcc
10008918:	2000      	movs	r0, #0
1000891a:	bdf0      	pop	{r4, r5, r6, r7, pc}
1000891c:	f06f 0004 	mvn.w	r0, #4
10008920:	e7fb      	b.n	1000891a <pio_sm_set_consecutive_pindirs+0x96>

10008922 <pio_claim_free_sm_and_add_program_for_gpio_range>:
10008922:	e92d 4ff0 	stmdb	sp!, {r4, r5, r6, r7, r8, r9, sl, fp, lr}
10008926:	b085      	sub	sp, #20
10008928:	4680      	mov	r8, r0
1000892a:	460d      	mov	r5, r1
1000892c:	9200      	str	r2, [sp, #0]
1000892e:	9301      	str	r3, [sp, #4]
10008930:	2600      	movs	r6, #0
10008932:	2e00      	cmp	r6, #0
10008934:	dd68      	ble.n	10008a08 <pio_claim_free_sm_and_add_program_for_gpio_range+0xe6>
10008936:	2000      	movs	r0, #0
10008938:	6028      	str	r0, [r5, #0]
1000893a:	b005      	add	sp, #20
1000893c:	e8bd 8ff0 	ldmia.w	sp!, {r4, r5, r6, r7, r8, r9, sl, fp, pc}
10008940:	2301      	movs	r3, #1
10008942:	429c      	cmp	r4, r3
10008944:	d210      	bcs.n	10008968 <pio_claim_free_sm_and_add_program_for_gpio_range+0x46>
10008946:	2100      	movs	r1, #0
10008948:	6828      	ldr	r0, [r5, #0]
1000894a:	f7ff ff17 	bl	1000877c <pio_claim_unused_sm>
1000894e:	b240      	sxtb	r0, r0
10008950:	f104 0310 	add.w	r3, r4, #16
10008954:	446b      	add	r3, sp
10008956:	f803 0c04 	strb.w	r0, [r3, #-4]
1000895a:	2800      	cmp	r0, #0
1000895c:	db04      	blt.n	10008968 <pio_claim_free_sm_and_add_program_for_gpio_range+0x46>
1000895e:	3401      	adds	r4, #1
10008960:	2e00      	cmp	r6, #0
10008962:	d0ed      	beq.n	10008940 <pio_claim_free_sm_and_add_program_for_gpio_range+0x1e>
10008964:	2304      	movs	r3, #4
10008966:	e7ec      	b.n	10008942 <pio_claim_free_sm_and_add_program_for_gpio_range+0x20>
10008968:	b114      	cbz	r4, 10008970 <pio_claim_free_sm_and_add_program_for_gpio_range+0x4e>
1000896a:	b15e      	cbz	r6, 10008984 <pio_claim_free_sm_and_add_program_for_gpio_range+0x62>
1000896c:	2c04      	cmp	r4, #4
1000896e:	d009      	beq.n	10008984 <pio_claim_free_sm_and_add_program_for_gpio_range+0x62>
10008970:	463b      	mov	r3, r7
10008972:	1e5f      	subs	r7, r3, #1
10008974:	2b00      	cmp	r3, #0
10008976:	d049      	beq.n	10008a0c <pio_claim_free_sm_and_add_program_for_gpio_range+0xea>
10008978:	f203 5301 	addw	r3, r3, #1281	@ 0x501
1000897c:	051b      	lsls	r3, r3, #20
1000897e:	602b      	str	r3, [r5, #0]
10008980:	2400      	movs	r4, #0
10008982:	e7ed      	b.n	10008960 <pio_claim_free_sm_and_add_program_for_gpio_range+0x3e>
10008984:	f7f7 fd7c 	bl	10000480 <hw_claim_lock>
10008988:	4682      	mov	sl, r0
1000898a:	b976      	cbnz	r6, 100089aa <pio_claim_free_sm_and_add_program_for_gpio_range+0x88>
1000898c:	2100      	movs	r1, #0
1000898e:	6828      	ldr	r0, [r5, #0]
10008990:	f7ff fe3a 	bl	10008608 <is_gpio_compatible>
10008994:	b970      	cbnz	r0, 100089b4 <pio_claim_free_sm_and_add_program_for_gpio_range+0x92>
10008996:	f06f 090a 	mvn.w	r9, #10
1000899a:	4650      	mov	r0, sl
1000899c:	f7f7 fd82 	bl	100004a4 <hw_claim_unlock>
100089a0:	ea6f 0a09 	mvn.w	sl, r9
100089a4:	ea4f 7ada 	mov.w	sl, sl, lsr #31
100089a8:	e027      	b.n	100089fa <pio_claim_free_sm_and_add_program_for_gpio_range+0xd8>
100089aa:	2100      	movs	r1, #0
100089ac:	6828      	ldr	r0, [r5, #0]
100089ae:	f7ff fe11 	bl	100085d4 <pio_set_gpio_base_unsafe>
100089b2:	e7eb      	b.n	1000898c <pio_claim_free_sm_and_add_program_for_gpio_range+0x6a>
100089b4:	f8d5 b000 	ldr.w	fp, [r5]
100089b8:	4641      	mov	r1, r8
100089ba:	4658      	mov	r0, fp
100089bc:	f7ff fe94 	bl	100086e8 <find_offset_for_program>
100089c0:	f1b0 0900 	subs.w	r9, r0, #0
100089c4:	dbe9      	blt.n	1000899a <pio_claim_free_sm_and_add_program_for_gpio_range+0x78>
100089c6:	464a      	mov	r2, r9
100089c8:	4641      	mov	r1, r8
100089ca:	4658      	mov	r0, fp
100089cc:	f7ff fe5c 	bl	10008688 <add_program_at_offset>
100089d0:	f1b0 0900 	subs.w	r9, r0, #0
100089d4:	dbe1      	blt.n	1000899a <pio_claim_free_sm_and_add_program_for_gpio_range+0x78>
100089d6:	f99d 300c 	ldrsb.w	r3, [sp, #12]
100089da:	9a00      	ldr	r2, [sp, #0]
100089dc:	6013      	str	r3, [r2, #0]
100089de:	9b01      	ldr	r3, [sp, #4]
100089e0:	f8c3 9000 	str.w	r9, [r3]
100089e4:	e7d9      	b.n	1000899a <pio_claim_free_sm_and_add_program_for_gpio_range+0x78>
100089e6:	f10a 0310 	add.w	r3, sl, #16
100089ea:	446b      	add	r3, sp
100089ec:	f913 1c04 	ldrsb.w	r1, [r3, #-4]
100089f0:	6828      	ldr	r0, [r5, #0]
100089f2:	f7ff feb5 	bl	10008760 <pio_sm_unclaim>
100089f6:	f10a 0a01 	add.w	sl, sl, #1
100089fa:	4554      	cmp	r4, sl
100089fc:	d8f3      	bhi.n	100089e6 <pio_claim_free_sm_and_add_program_for_gpio_range+0xc4>
100089fe:	f1b9 0f00 	cmp.w	r9, #0
10008a02:	dbb5      	blt.n	10008970 <pio_claim_free_sm_and_add_program_for_gpio_range+0x4e>
10008a04:	2001      	movs	r0, #1
10008a06:	e798      	b.n	1000893a <pio_claim_free_sm_and_add_program_for_gpio_range+0x18>
10008a08:	2303      	movs	r3, #3
10008a0a:	e7b2      	b.n	10008972 <pio_claim_free_sm_and_add_program_for_gpio_range+0x50>
10008a0c:	3601      	adds	r6, #1
10008a0e:	e790      	b.n	10008932 <pio_claim_free_sm_and_add_program_for_gpio_range+0x10>

10008a10 <pio_remove_program_and_unclaim_sm>:
10008a10:	b538      	push	{r3, r4, r5, lr}
10008a12:	460c      	mov	r4, r1
10008a14:	4615      	mov	r5, r2
10008a16:	461a      	mov	r2, r3
10008a18:	4601      	mov	r1, r0
10008a1a:	4620      	mov	r0, r4
10008a1c:	f7ff feca 	bl	100087b4 <pio_remove_program>
10008a20:	4629      	mov	r1, r5
10008a22:	4620      	mov	r0, r4
10008a24:	f7ff fe9c 	bl	10008760 <pio_sm_unclaim>
10008a28:	bd38      	pop	{r3, r4, r5, pc}
	...

10008a2c <dma_channel_unclaim>:
10008a2c:	b508      	push	{r3, lr}
10008a2e:	4601      	mov	r1, r0
10008a30:	4801      	ldr	r0, [pc, #4]	@ (10008a38 <dma_channel_unclaim+0xc>)
10008a32:	f7f7 fd81 	bl	10000538 <hw_claim_clear>
10008a36:	bd08      	pop	{r3, pc}
10008a38:	200026ae 	.word	0x200026ae

10008a3c <dma_claim_unused_channel>:
10008a3c:	b500      	push	{lr}
10008a3e:	b083      	sub	sp, #12
10008a40:	4601      	mov	r1, r0
10008a42:	4b05      	ldr	r3, [pc, #20]	@ (10008a58 <dma_claim_unused_channel+0x1c>)
10008a44:	9300      	str	r3, [sp, #0]
10008a46:	230f      	movs	r3, #15
10008a48:	2200      	movs	r2, #0
10008a4a:	4804      	ldr	r0, [pc, #16]	@ (10008a5c <dma_claim_unused_channel+0x20>)
10008a4c:	f7f7 fd4d 	bl	100004ea <hw_claim_unused_from_range>
10008a50:	b003      	add	sp, #12
10008a52:	f85d fb04 	ldr.w	pc, [sp], #4
10008a56:	bf00      	nop
10008a58:	1000ad20 	.word	0x1000ad20
10008a5c:	200026ae 	.word	0x200026ae

10008a60 <dma_channel_cleanup>:
10008a60:	0183      	lsls	r3, r0, #6
10008a62:	f103 43a0 	add.w	r3, r3, #1342177280	@ 0x50000000
10008a66:	6919      	ldr	r1, [r3, #16]
10008a68:	3310      	adds	r3, #16
10008a6a:	ea81 3140 	eor.w	r1, r1, r0, lsl #13
10008a6e:	4a11      	ldr	r2, [pc, #68]	@ (10008ab4 <dma_channel_cleanup+0x54>)
10008a70:	400a      	ands	r2, r1
10008a72:	f503 5380 	add.w	r3, r3, #4096	@ 0x1000
10008a76:	601a      	str	r2, [r3, #0]
10008a78:	2300      	movs	r3, #0
10008a7a:	e007      	b.n	10008a8c <dma_channel_cleanup+0x2c>
10008a7c:	ea4f 1c03 	mov.w	ip, r3, lsl #4
10008a80:	2101      	movs	r1, #1
10008a82:	4081      	lsls	r1, r0
10008a84:	4a0c      	ldr	r2, [pc, #48]	@ (10008ab8 <dma_channel_cleanup+0x58>)
10008a86:	f842 100c 	str.w	r1, [r2, ip]
10008a8a:	3301      	adds	r3, #1
10008a8c:	2b03      	cmp	r3, #3
10008a8e:	d9f5      	bls.n	10008a7c <dma_channel_cleanup+0x1c>
10008a90:	2201      	movs	r2, #1
10008a92:	4082      	lsls	r2, r0
10008a94:	f04f 43a0 	mov.w	r3, #1342177280	@ 0x50000000
10008a98:	f8c3 2464 	str.w	r2, [r3, #1124]	@ 0x464
10008a9c:	0183      	lsls	r3, r0, #6
10008a9e:	f103 43a0 	add.w	r3, r3, #1342177280	@ 0x50000000
10008aa2:	68db      	ldr	r3, [r3, #12]
10008aa4:	f013 6f80 	tst.w	r3, #67108864	@ 0x4000000
10008aa8:	d1f8      	bne.n	10008a9c <dma_channel_cleanup+0x3c>
10008aaa:	f04f 43a0 	mov.w	r3, #1342177280	@ 0x50000000
10008aae:	f8c3 2400 	str.w	r2, [r3, #1024]	@ 0x400
10008ab2:	4770      	bx	lr
10008ab4:	0001e001 	.word	0x0001e001
10008ab8:	50003404 	.word	0x50003404

10008abc <cyw43_sleep_timeout_reached>:
10008abc:	b508      	push	{r3, lr}
10008abe:	4b0c      	ldr	r3, [pc, #48]	@ (10008af0 <cyw43_sleep_timeout_reached+0x34>)
10008ac0:	681b      	ldr	r3, [r3, #0]
10008ac2:	4283      	cmp	r3, r0
10008ac4:	d107      	bne.n	10008ad6 <cyw43_sleep_timeout_reached+0x1a>
10008ac6:	4b0b      	ldr	r3, [pc, #44]	@ (10008af4 <cyw43_sleep_timeout_reached+0x38>)
10008ac8:	4299      	cmp	r1, r3
10008aca:	d10a      	bne.n	10008ae2 <cyw43_sleep_timeout_reached+0x26>
10008acc:	6803      	ldr	r3, [r0, #0]
10008ace:	6a5b      	ldr	r3, [r3, #36]	@ 0x24
10008ad0:	4909      	ldr	r1, [pc, #36]	@ (10008af8 <cyw43_sleep_timeout_reached+0x3c>)
10008ad2:	4798      	blx	r3
10008ad4:	bd08      	pop	{r3, pc}
10008ad6:	4b09      	ldr	r3, [pc, #36]	@ (10008afc <cyw43_sleep_timeout_reached+0x40>)
10008ad8:	4a09      	ldr	r2, [pc, #36]	@ (10008b00 <cyw43_sleep_timeout_reached+0x44>)
10008ada:	2170      	movs	r1, #112	@ 0x70
10008adc:	4809      	ldr	r0, [pc, #36]	@ (10008b04 <cyw43_sleep_timeout_reached+0x48>)
10008ade:	f7fa fb17 	bl	10003110 <__assert_func>
10008ae2:	4b09      	ldr	r3, [pc, #36]	@ (10008b08 <cyw43_sleep_timeout_reached+0x4c>)
10008ae4:	4a06      	ldr	r2, [pc, #24]	@ (10008b00 <cyw43_sleep_timeout_reached+0x44>)
10008ae6:	2171      	movs	r1, #113	@ 0x71
10008ae8:	4806      	ldr	r0, [pc, #24]	@ (10008b04 <cyw43_sleep_timeout_reached+0x48>)
10008aea:	f7fa fb11 	bl	10003110 <__assert_func>
10008aee:	bf00      	nop
10008af0:	2000191c 	.word	0x2000191c
10008af4:	20001100 	.word	0x20001100
10008af8:	200010ec 	.word	0x200010ec
10008afc:	1000ad40 	.word	0x1000ad40
10008b00:	10042d18 	.word	0x10042d18
10008b04:	1000ad60 	.word	0x1000ad60
10008b08:	1000adb0 	.word	0x1000adb0

10008b0c <async_context_add_at_time_worker_in_ms>:
10008b0c:	b570      	push	{r4, r5, r6, lr}
10008b0e:	4605      	mov	r5, r0
10008b10:	460c      	mov	r4, r1
10008b12:	4616      	mov	r6, r2
10008b14:	f7f8 fda8 	bl	10001668 <time_us_64>
10008b18:	0ef3      	lsrs	r3, r6, #27
10008b1a:	ea4f 1c46 	mov.w	ip, r6, lsl #5
10008b1e:	ebbc 0c06 	subs.w	ip, ip, r6
10008b22:	f163 0300 	sbc.w	r3, r3, #0
10008b26:	009b      	lsls	r3, r3, #2
10008b28:	ea43 739c 	orr.w	r3, r3, ip, lsr #30
10008b2c:	ea4f 0c8c 	mov.w	ip, ip, lsl #2
10008b30:	eb1c 0c06 	adds.w	ip, ip, r6
10008b34:	f143 0300 	adc.w	r3, r3, #0
10008b38:	00db      	lsls	r3, r3, #3
10008b3a:	ea43 735c 	orr.w	r3, r3, ip, lsr #29
10008b3e:	ea4f 0ccc 	mov.w	ip, ip, lsl #3
10008b42:	eb10 000c 	adds.w	r0, r0, ip
10008b46:	eb43 0301 	adc.w	r3, r3, r1
10008b4a:	2b00      	cmp	r3, #0
10008b4c:	db07      	blt.n	10008b5e <async_context_add_at_time_worker_in_ms+0x52>
10008b4e:	60a0      	str	r0, [r4, #8]
10008b50:	60e3      	str	r3, [r4, #12]
10008b52:	682b      	ldr	r3, [r5, #0]
10008b54:	695b      	ldr	r3, [r3, #20]
10008b56:	4621      	mov	r1, r4
10008b58:	4628      	mov	r0, r5
10008b5a:	4798      	blx	r3
10008b5c:	bd70      	pop	{r4, r5, r6, pc}
10008b5e:	f04f 30ff 	mov.w	r0, #4294967295	@ 0xffffffff
10008b62:	f06f 4300 	mvn.w	r3, #2147483648	@ 0x80000000
10008b66:	e7f2      	b.n	10008b4e <async_context_add_at_time_worker_in_ms+0x42>

10008b68 <cyw43_do_poll>:
10008b68:	b510      	push	{r4, lr}
10008b6a:	f04f 4350 	mov.w	r3, #3489660928	@ 0xd0000000
10008b6e:	681a      	ldr	r2, [r3, #0]
10008b70:	4b12      	ldr	r3, [pc, #72]	@ (10008bbc <cyw43_do_poll+0x54>)
10008b72:	681b      	ldr	r3, [r3, #0]
10008b74:	7e9b      	ldrb	r3, [r3, #26]
10008b76:	429a      	cmp	r2, r3
10008b78:	d113      	bne.n	10008ba2 <cyw43_do_poll+0x3a>
10008b7a:	4604      	mov	r4, r0
10008b7c:	4b10      	ldr	r3, [pc, #64]	@ (10008bc0 <cyw43_do_poll+0x58>)
10008b7e:	681b      	ldr	r3, [r3, #0]
10008b80:	b173      	cbz	r3, 10008ba0 <cyw43_do_poll+0x38>
10008b82:	4a10      	ldr	r2, [pc, #64]	@ (10008bc4 <cyw43_do_poll+0x5c>)
10008b84:	6812      	ldr	r2, [r2, #0]
10008b86:	b112      	cbz	r2, 10008b8e <cyw43_do_poll+0x26>
10008b88:	3a01      	subs	r2, #1
10008b8a:	490e      	ldr	r1, [pc, #56]	@ (10008bc4 <cyw43_do_poll+0x5c>)
10008b8c:	600a      	str	r2, [r1, #0]
10008b8e:	4798      	blx	r3
10008b90:	4b0c      	ldr	r3, [pc, #48]	@ (10008bc4 <cyw43_do_poll+0x5c>)
10008b92:	681b      	ldr	r3, [r3, #0]
10008b94:	b95b      	cbnz	r3, 10008bae <cyw43_do_poll+0x46>
10008b96:	6823      	ldr	r3, [r4, #0]
10008b98:	699b      	ldr	r3, [r3, #24]
10008b9a:	490b      	ldr	r1, [pc, #44]	@ (10008bc8 <cyw43_do_poll+0x60>)
10008b9c:	4620      	mov	r0, r4
10008b9e:	4798      	blx	r3
10008ba0:	bd10      	pop	{r4, pc}
10008ba2:	4b0a      	ldr	r3, [pc, #40]	@ (10008bcc <cyw43_do_poll+0x64>)
10008ba4:	4a0a      	ldr	r2, [pc, #40]	@ (10008bd0 <cyw43_do_poll+0x68>)
10008ba6:	2160      	movs	r1, #96	@ 0x60
10008ba8:	480a      	ldr	r0, [pc, #40]	@ (10008bd4 <cyw43_do_poll+0x6c>)
10008baa:	f7fa fab1 	bl	10003110 <__assert_func>
10008bae:	2232      	movs	r2, #50	@ 0x32
10008bb0:	4905      	ldr	r1, [pc, #20]	@ (10008bc8 <cyw43_do_poll+0x60>)
10008bb2:	4620      	mov	r0, r4
10008bb4:	f7ff ffaa 	bl	10008b0c <async_context_add_at_time_worker_in_ms>
10008bb8:	e7f2      	b.n	10008ba0 <cyw43_do_poll+0x38>
10008bba:	bf00      	nop
10008bbc:	2000191c 	.word	0x2000191c
10008bc0:	20001920 	.word	0x20001920
10008bc4:	20001924 	.word	0x20001924
10008bc8:	20001100 	.word	0x20001100
10008bcc:	1000add0 	.word	0x1000add0
10008bd0:	10042d34 	.word	0x10042d34
10008bd4:	1000ad60 	.word	0x1000ad60

10008bd8 <cyw43_set_irq_enabled>:
10008bd8:	b508      	push	{r3, lr}
10008bda:	4602      	mov	r2, r0
10008bdc:	2102      	movs	r1, #2
10008bde:	2018      	movs	r0, #24
10008be0:	f7f7 fbbc 	bl	1000035c <gpio_set_irq_enabled>
10008be4:	bd08      	pop	{r3, pc}
	...

10008be8 <cyw43_irq_init>:
10008be8:	b508      	push	{r3, lr}
10008bea:	f04f 4350 	mov.w	r3, #3489660928	@ 0xd0000000
10008bee:	681a      	ldr	r2, [r3, #0]
10008bf0:	4b0c      	ldr	r3, [pc, #48]	@ (10008c24 <cyw43_irq_init+0x3c>)
10008bf2:	681b      	ldr	r3, [r3, #0]
10008bf4:	7e9b      	ldrb	r3, [r3, #26]
10008bf6:	429a      	cmp	r2, r3
10008bf8:	d10e      	bne.n	10008c18 <cyw43_irq_init+0x30>
10008bfa:	2240      	movs	r2, #64	@ 0x40
10008bfc:	490a      	ldr	r1, [pc, #40]	@ (10008c28 <cyw43_irq_init+0x40>)
10008bfe:	f04f 7080 	mov.w	r0, #16777216	@ 0x1000000
10008c02:	f7f7 fbd3 	bl	100003ac <gpio_add_raw_irq_handler_with_order_priority_masked>
10008c06:	2001      	movs	r0, #1
10008c08:	f7ff ffe6 	bl	10008bd8 <cyw43_set_irq_enabled>
10008c0c:	2101      	movs	r1, #1
10008c0e:	2015      	movs	r0, #21
10008c10:	f7f7 fd8c 	bl	1000072c <irq_set_enabled>
10008c14:	2000      	movs	r0, #0
10008c16:	bd08      	pop	{r3, pc}
10008c18:	4b04      	ldr	r3, [pc, #16]	@ (10008c2c <cyw43_irq_init+0x44>)
10008c1a:	4a05      	ldr	r2, [pc, #20]	@ (10008c30 <cyw43_irq_init+0x48>)
10008c1c:	2141      	movs	r1, #65	@ 0x41
10008c1e:	4805      	ldr	r0, [pc, #20]	@ (10008c34 <cyw43_irq_init+0x4c>)
10008c20:	f7fa fa76 	bl	10003110 <__assert_func>
10008c24:	2000191c 	.word	0x2000191c
10008c28:	10008c39 	.word	0x10008c39
10008c2c:	1000add0 	.word	0x1000add0
10008c30:	10042d44 	.word	0x10042d44
10008c34:	1000ad60 	.word	0x1000ad60

10008c38 <cyw43_gpio_irq_handler>:
10008c38:	b508      	push	{r3, lr}
10008c3a:	f04f 4350 	mov.w	r3, #3489660928	@ 0xd0000000
10008c3e:	681b      	ldr	r3, [r3, #0]
10008c40:	b12b      	cbz	r3, 10008c4e <cyw43_gpio_irq_handler+0x16>
10008c42:	4b09      	ldr	r3, [pc, #36]	@ (10008c68 <cyw43_gpio_irq_handler+0x30>)
10008c44:	6bdb      	ldr	r3, [r3, #60]	@ 0x3c
10008c46:	f013 0f02 	tst.w	r3, #2
10008c4a:	d102      	bne.n	10008c52 <cyw43_gpio_irq_handler+0x1a>
10008c4c:	bd08      	pop	{r3, pc}
10008c4e:	4b07      	ldr	r3, [pc, #28]	@ (10008c6c <cyw43_gpio_irq_handler+0x34>)
10008c50:	e7f8      	b.n	10008c44 <cyw43_gpio_irq_handler+0xc>
10008c52:	2000      	movs	r0, #0
10008c54:	f7ff ffc0 	bl	10008bd8 <cyw43_set_irq_enabled>
10008c58:	4b05      	ldr	r3, [pc, #20]	@ (10008c70 <cyw43_gpio_irq_handler+0x38>)
10008c5a:	6818      	ldr	r0, [r3, #0]
10008c5c:	6803      	ldr	r3, [r0, #0]
10008c5e:	6a5b      	ldr	r3, [r3, #36]	@ 0x24
10008c60:	4904      	ldr	r1, [pc, #16]	@ (10008c74 <cyw43_gpio_irq_handler+0x3c>)
10008c62:	4798      	blx	r3
10008c64:	e7f2      	b.n	10008c4c <cyw43_gpio_irq_handler+0x14>
10008c66:	bf00      	nop
10008c68:	40028290 	.word	0x40028290
10008c6c:	40028248 	.word	0x40028248
10008c70:	2000191c 	.word	0x2000191c
10008c74:	200010ec 	.word	0x200010ec

10008c78 <cyw43_irq_deinit>:
10008c78:	b508      	push	{r3, lr}
10008c7a:	f04f 4350 	mov.w	r3, #3489660928	@ 0xd0000000
10008c7e:	681a      	ldr	r2, [r3, #0]
10008c80:	4b0a      	ldr	r3, [pc, #40]	@ (10008cac <cyw43_irq_deinit+0x34>)
10008c82:	681b      	ldr	r3, [r3, #0]
10008c84:	7e9b      	ldrb	r3, [r3, #26]
10008c86:	429a      	cmp	r2, r3
10008c88:	d109      	bne.n	10008c9e <cyw43_irq_deinit+0x26>
10008c8a:	2000      	movs	r0, #0
10008c8c:	f7ff ffa4 	bl	10008bd8 <cyw43_set_irq_enabled>
10008c90:	4907      	ldr	r1, [pc, #28]	@ (10008cb0 <cyw43_irq_deinit+0x38>)
10008c92:	f04f 7080 	mov.w	r0, #16777216	@ 0x1000000
10008c96:	f7f7 fba9 	bl	100003ec <gpio_remove_raw_irq_handler_masked>
10008c9a:	2000      	movs	r0, #0
10008c9c:	bd08      	pop	{r3, pc}
10008c9e:	4b05      	ldr	r3, [pc, #20]	@ (10008cb4 <cyw43_irq_deinit+0x3c>)
10008ca0:	4a05      	ldr	r2, [pc, #20]	@ (10008cb8 <cyw43_irq_deinit+0x40>)
10008ca2:	214b      	movs	r1, #75	@ 0x4b
10008ca4:	4805      	ldr	r0, [pc, #20]	@ (10008cbc <cyw43_irq_deinit+0x44>)
10008ca6:	f7fa fa33 	bl	10003110 <__assert_func>
10008caa:	bf00      	nop
10008cac:	2000191c 	.word	0x2000191c
10008cb0:	10008c39 	.word	0x10008c39
10008cb4:	1000add0 	.word	0x1000add0
10008cb8:	10042d04 	.word	0x10042d04
10008cbc:	1000ad60 	.word	0x1000ad60

10008cc0 <no_lwip_fail>:
10008cc0:	b508      	push	{r3, lr}
10008cc2:	4801      	ldr	r0, [pc, #4]	@ (10008cc8 <no_lwip_fail+0x8>)
10008cc4:	f7f7 fbc4 	bl	10000450 <panic>
10008cc8:	1000ae10 	.word	0x1000ae10

10008ccc <cyw43_post_poll_hook>:
10008ccc:	b508      	push	{r3, lr}
10008cce:	f04f 4350 	mov.w	r3, #3489660928	@ 0xd0000000
10008cd2:	681a      	ldr	r2, [r3, #0]
10008cd4:	4b07      	ldr	r3, [pc, #28]	@ (10008cf4 <cyw43_post_poll_hook+0x28>)
10008cd6:	681b      	ldr	r3, [r3, #0]
10008cd8:	7e9b      	ldrb	r3, [r3, #26]
10008cda:	429a      	cmp	r2, r3
10008cdc:	d103      	bne.n	10008ce6 <cyw43_post_poll_hook+0x1a>
10008cde:	2001      	movs	r0, #1
10008ce0:	f7ff ff7a 	bl	10008bd8 <cyw43_set_irq_enabled>
10008ce4:	bd08      	pop	{r3, pc}
10008ce6:	4b04      	ldr	r3, [pc, #16]	@ (10008cf8 <cyw43_post_poll_hook+0x2c>)
10008ce8:	4a04      	ldr	r2, [pc, #16]	@ (10008cfc <cyw43_post_poll_hook+0x30>)
10008cea:	2154      	movs	r1, #84	@ 0x54
10008cec:	4804      	ldr	r0, [pc, #16]	@ (10008d00 <cyw43_post_poll_hook+0x34>)
10008cee:	f7fa fa0f 	bl	10003110 <__assert_func>
10008cf2:	bf00      	nop
10008cf4:	2000191c 	.word	0x2000191c
10008cf8:	1000add0 	.word	0x1000add0
10008cfc:	10042cec 	.word	0x10042cec
10008d00:	1000ad60 	.word	0x1000ad60

10008d04 <cyw43_schedule_internal_poll_dispatch>:
10008d04:	b508      	push	{r3, lr}
10008d06:	4b08      	ldr	r3, [pc, #32]	@ (10008d28 <cyw43_schedule_internal_poll_dispatch+0x24>)
10008d08:	681b      	ldr	r3, [r3, #0]
10008d0a:	4283      	cmp	r3, r0
10008d0c:	d106      	bne.n	10008d1c <cyw43_schedule_internal_poll_dispatch+0x18>
10008d0e:	4b07      	ldr	r3, [pc, #28]	@ (10008d2c <cyw43_schedule_internal_poll_dispatch+0x28>)
10008d10:	6818      	ldr	r0, [r3, #0]
10008d12:	6803      	ldr	r3, [r0, #0]
10008d14:	6a5b      	ldr	r3, [r3, #36]	@ 0x24
10008d16:	4906      	ldr	r1, [pc, #24]	@ (10008d30 <cyw43_schedule_internal_poll_dispatch+0x2c>)
10008d18:	4798      	blx	r3
10008d1a:	bd08      	pop	{r3, pc}
10008d1c:	4b05      	ldr	r3, [pc, #20]	@ (10008d34 <cyw43_schedule_internal_poll_dispatch+0x30>)
10008d1e:	4a06      	ldr	r2, [pc, #24]	@ (10008d38 <cyw43_schedule_internal_poll_dispatch+0x34>)
10008d20:	215a      	movs	r1, #90	@ 0x5a
10008d22:	4806      	ldr	r0, [pc, #24]	@ (10008d3c <cyw43_schedule_internal_poll_dispatch+0x38>)
10008d24:	f7fa f9f4 	bl	10003110 <__assert_func>
10008d28:	20001920 	.word	0x20001920
10008d2c:	2000191c 	.word	0x2000191c
10008d30:	200010ec 	.word	0x200010ec
10008d34:	1000ae30 	.word	0x1000ae30
10008d38:	10042cc4 	.word	0x10042cc4
10008d3c:	1000ad60 	.word	0x1000ad60

10008d40 <cyw43_driver_init>:
10008d40:	b510      	push	{r4, lr}
10008d42:	4604      	mov	r4, r0
10008d44:	4808      	ldr	r0, [pc, #32]	@ (10008d68 <cyw43_driver_init+0x28>)
10008d46:	f7ff fae7 	bl	10008318 <cyw43_init>
10008d4a:	4b08      	ldr	r3, [pc, #32]	@ (10008d6c <cyw43_driver_init+0x2c>)
10008d4c:	601c      	str	r4, [r3, #0]
10008d4e:	6823      	ldr	r3, [r4, #0]
10008d50:	691b      	ldr	r3, [r3, #16]
10008d52:	2200      	movs	r2, #0
10008d54:	4906      	ldr	r1, [pc, #24]	@ (10008d70 <cyw43_driver_init+0x30>)
10008d56:	4620      	mov	r0, r4
10008d58:	4798      	blx	r3
10008d5a:	6823      	ldr	r3, [r4, #0]
10008d5c:	69db      	ldr	r3, [r3, #28]
10008d5e:	4905      	ldr	r1, [pc, #20]	@ (10008d74 <cyw43_driver_init+0x34>)
10008d60:	4620      	mov	r0, r4
10008d62:	4798      	blx	r3
10008d64:	2001      	movs	r0, #1
10008d66:	bd10      	pop	{r4, pc}
10008d68:	20001928 	.word	0x20001928
10008d6c:	2000191c 	.word	0x2000191c
10008d70:	10008be9 	.word	0x10008be9
10008d74:	200010ec 	.word	0x200010ec

10008d78 <cyw43_driver_deinit>:
10008d78:	4b11      	ldr	r3, [pc, #68]	@ (10008dc0 <cyw43_driver_deinit+0x48>)
10008d7a:	681b      	ldr	r3, [r3, #0]
10008d7c:	b1fb      	cbz	r3, 10008dbe <cyw43_driver_deinit+0x46>
10008d7e:	b510      	push	{r4, lr}
10008d80:	4604      	mov	r4, r0
10008d82:	4283      	cmp	r3, r0
10008d84:	d115      	bne.n	10008db2 <cyw43_driver_deinit+0x3a>
10008d86:	6803      	ldr	r3, [r0, #0]
10008d88:	699b      	ldr	r3, [r3, #24]
10008d8a:	490e      	ldr	r1, [pc, #56]	@ (10008dc4 <cyw43_driver_deinit+0x4c>)
10008d8c:	4798      	blx	r3
10008d8e:	6823      	ldr	r3, [r4, #0]
10008d90:	6a1b      	ldr	r3, [r3, #32]
10008d92:	490d      	ldr	r1, [pc, #52]	@ (10008dc8 <cyw43_driver_deinit+0x50>)
10008d94:	4620      	mov	r0, r4
10008d96:	4798      	blx	r3
10008d98:	6823      	ldr	r3, [r4, #0]
10008d9a:	691b      	ldr	r3, [r3, #16]
10008d9c:	2200      	movs	r2, #0
10008d9e:	490b      	ldr	r1, [pc, #44]	@ (10008dcc <cyw43_driver_deinit+0x54>)
10008da0:	4620      	mov	r0, r4
10008da2:	4798      	blx	r3
10008da4:	480a      	ldr	r0, [pc, #40]	@ (10008dd0 <cyw43_driver_deinit+0x58>)
10008da6:	f7ff faed 	bl	10008384 <cyw43_deinit>
10008daa:	4b05      	ldr	r3, [pc, #20]	@ (10008dc0 <cyw43_driver_deinit+0x48>)
10008dac:	2200      	movs	r2, #0
10008dae:	601a      	str	r2, [r3, #0]
10008db0:	bd10      	pop	{r4, pc}
10008db2:	4b08      	ldr	r3, [pc, #32]	@ (10008dd4 <cyw43_driver_deinit+0x5c>)
10008db4:	4a08      	ldr	r2, [pc, #32]	@ (10008dd8 <cyw43_driver_deinit+0x60>)
10008db6:	21d2      	movs	r1, #210	@ 0xd2
10008db8:	4808      	ldr	r0, [pc, #32]	@ (10008ddc <cyw43_driver_deinit+0x64>)
10008dba:	f7fa f9a9 	bl	10003110 <__assert_func>
10008dbe:	4770      	bx	lr
10008dc0:	2000191c 	.word	0x2000191c
10008dc4:	20001100 	.word	0x20001100
10008dc8:	200010ec 	.word	0x200010ec
10008dcc:	10008c79 	.word	0x10008c79
10008dd0:	20001928 	.word	0x20001928
10008dd4:	1000ad40 	.word	0x1000ad40
10008dd8:	10042cb0 	.word	0x10042cb0
10008ddc:	1000ad60 	.word	0x1000ad60

10008de0 <cyw43_hal_generate_laa_mac>:
10008de0:	b510      	push	{r4, lr}
10008de2:	b082      	sub	sp, #8
10008de4:	460c      	mov	r4, r1
10008de6:	480a      	ldr	r0, [pc, #40]	@ (10008e10 <cyw43_hal_generate_laa_mac+0x30>)
10008de8:	f7fa fac6 	bl	10003378 <__wrap_puts>
10008dec:	4668      	mov	r0, sp
10008dee:	f7fa fdf5 	bl	100039dc <pico_get_unique_board_id>
10008df2:	f8dd 3002 	ldr.w	r3, [sp, #2]
10008df6:	6023      	str	r3, [r4, #0]
10008df8:	f8bd 3006 	ldrh.w	r3, [sp, #6]
10008dfc:	80a3      	strh	r3, [r4, #4]
10008dfe:	7823      	ldrb	r3, [r4, #0]
10008e00:	f003 03fe 	and.w	r3, r3, #254	@ 0xfe
10008e04:	7023      	strb	r3, [r4, #0]
10008e06:	f043 0302 	orr.w	r3, r3, #2
10008e0a:	7023      	strb	r3, [r4, #0]
10008e0c:	b002      	add	sp, #8
10008e0e:	bd10      	pop	{r4, pc}
10008e10:	1000ae44 	.word	0x1000ae44

10008e14 <cyw43_thread_enter>:
10008e14:	b508      	push	{r3, lr}
10008e16:	4b03      	ldr	r3, [pc, #12]	@ (10008e24 <cyw43_thread_enter+0x10>)
10008e18:	6818      	ldr	r0, [r3, #0]
10008e1a:	6803      	ldr	r3, [r0, #0]
10008e1c:	685b      	ldr	r3, [r3, #4]
10008e1e:	4798      	blx	r3
10008e20:	bd08      	pop	{r3, pc}
10008e22:	bf00      	nop
10008e24:	2000191c 	.word	0x2000191c

10008e28 <cyw43_thread_exit>:
10008e28:	b508      	push	{r3, lr}
10008e2a:	4b03      	ldr	r3, [pc, #12]	@ (10008e38 <cyw43_thread_exit+0x10>)
10008e2c:	6818      	ldr	r0, [r3, #0]
10008e2e:	6803      	ldr	r3, [r0, #0]
10008e30:	689b      	ldr	r3, [r3, #8]
10008e32:	4798      	blx	r3
10008e34:	bd08      	pop	{r3, pc}
10008e36:	bf00      	nop
10008e38:	2000191c 	.word	0x2000191c

10008e3c <cyw43_thread_lock_check>:
10008e3c:	b508      	push	{r3, lr}
10008e3e:	4b03      	ldr	r3, [pc, #12]	@ (10008e4c <cyw43_thread_lock_check+0x10>)
10008e40:	6818      	ldr	r0, [r3, #0]
10008e42:	6803      	ldr	r3, [r0, #0]
10008e44:	68db      	ldr	r3, [r3, #12]
10008e46:	4798      	blx	r3
10008e48:	bd08      	pop	{r3, pc}
10008e4a:	bf00      	nop
10008e4c:	2000191c 	.word	0x2000191c

10008e50 <cyw43_await_background_or_timeout_us>:
10008e50:	b538      	push	{r3, r4, r5, lr}
10008e52:	4604      	mov	r4, r0
10008e54:	f3ef 8305 	mrs	r3, IPSR
10008e58:	b2db      	uxtb	r3, r3
10008e5a:	b96b      	cbnz	r3, 10008e78 <cyw43_await_background_or_timeout_us+0x28>
10008e5c:	4b12      	ldr	r3, [pc, #72]	@ (10008ea8 <cyw43_await_background_or_timeout_us+0x58>)
10008e5e:	681d      	ldr	r5, [r3, #0]
10008e60:	f7f8 fc02 	bl	10001668 <time_us_64>
10008e64:	1822      	adds	r2, r4, r0
10008e66:	f141 0300 	adc.w	r3, r1, #0
10008e6a:	2b00      	cmp	r3, #0
10008e6c:	db17      	blt.n	10008e9e <cyw43_await_background_or_timeout_us+0x4e>
10008e6e:	6829      	ldr	r1, [r5, #0]
10008e70:	6b09      	ldr	r1, [r1, #48]	@ 0x30
10008e72:	4628      	mov	r0, r5
10008e74:	4788      	blx	r1
10008e76:	bd38      	pop	{r3, r4, r5, pc}
10008e78:	4b0b      	ldr	r3, [pc, #44]	@ (10008ea8 <cyw43_await_background_or_timeout_us+0x58>)
10008e7a:	681d      	ldr	r5, [r3, #0]
10008e7c:	f7f8 fbf4 	bl	10001668 <time_us_64>
10008e80:	1822      	adds	r2, r4, r0
10008e82:	f141 0300 	adc.w	r3, r1, #0
10008e86:	2b00      	cmp	r3, #0
10008e88:	db04      	blt.n	10008e94 <cyw43_await_background_or_timeout_us+0x44>
10008e8a:	6829      	ldr	r1, [r5, #0]
10008e8c:	6ac9      	ldr	r1, [r1, #44]	@ 0x2c
10008e8e:	4628      	mov	r0, r5
10008e90:	4788      	blx	r1
10008e92:	e7f0      	b.n	10008e76 <cyw43_await_background_or_timeout_us+0x26>
10008e94:	f04f 32ff 	mov.w	r2, #4294967295	@ 0xffffffff
10008e98:	f06f 4300 	mvn.w	r3, #2147483648	@ 0x80000000
10008e9c:	e7f5      	b.n	10008e8a <cyw43_await_background_or_timeout_us+0x3a>
10008e9e:	f04f 32ff 	mov.w	r2, #4294967295	@ 0xffffffff
10008ea2:	f06f 4300 	mvn.w	r3, #2147483648	@ 0x80000000
10008ea6:	e7e2      	b.n	10008e6e <cyw43_await_background_or_timeout_us+0x1e>
10008ea8:	2000191c 	.word	0x2000191c

10008eac <cyw43_delay_ms>:
10008eac:	b538      	push	{r3, r4, r5, lr}
10008eae:	4605      	mov	r5, r0
10008eb0:	4b14      	ldr	r3, [pc, #80]	@ (10008f04 <cyw43_delay_ms+0x58>)
10008eb2:	681c      	ldr	r4, [r3, #0]
10008eb4:	f7f8 fbd8 	bl	10001668 <time_us_64>
10008eb8:	0eeb      	lsrs	r3, r5, #27
10008eba:	ea4f 1c45 	mov.w	ip, r5, lsl #5
10008ebe:	ebbc 0c05 	subs.w	ip, ip, r5
10008ec2:	f163 0300 	sbc.w	r3, r3, #0
10008ec6:	009b      	lsls	r3, r3, #2
10008ec8:	ea43 739c 	orr.w	r3, r3, ip, lsr #30
10008ecc:	ea4f 0c8c 	mov.w	ip, ip, lsl #2
10008ed0:	eb1c 0c05 	adds.w	ip, ip, r5
10008ed4:	f143 0300 	adc.w	r3, r3, #0
10008ed8:	00db      	lsls	r3, r3, #3
10008eda:	ea43 735c 	orr.w	r3, r3, ip, lsr #29
10008ede:	ea4f 0ccc 	mov.w	ip, ip, lsl #3
10008ee2:	eb10 020c 	adds.w	r2, r0, ip
10008ee6:	eb43 0301 	adc.w	r3, r3, r1
10008eea:	2b00      	cmp	r3, #0
10008eec:	db04      	blt.n	10008ef8 <cyw43_delay_ms+0x4c>
10008eee:	6821      	ldr	r1, [r4, #0]
10008ef0:	6ac9      	ldr	r1, [r1, #44]	@ 0x2c
10008ef2:	4620      	mov	r0, r4
10008ef4:	4788      	blx	r1
10008ef6:	bd38      	pop	{r3, r4, r5, pc}
10008ef8:	f04f 32ff 	mov.w	r2, #4294967295	@ 0xffffffff
10008efc:	f06f 4300 	mvn.w	r3, #2147483648	@ 0x80000000
10008f00:	e7f5      	b.n	10008eee <cyw43_delay_ms+0x42>
10008f02:	bf00      	nop
10008f04:	2000191c 	.word	0x2000191c

10008f08 <cyw43_cb_tcpip_deinit>:
10008f08:	4770      	bx	lr

10008f0a <cyw43_cb_tcpip_set_link_up>:
10008f0a:	b508      	push	{r3, lr}
10008f0c:	f7ff fed8 	bl	10008cc0 <no_lwip_fail>

10008f10 <cyw43_cb_tcpip_set_link_down>:
10008f10:	b508      	push	{r3, lr}
10008f12:	f7ff fed5 	bl	10008cc0 <no_lwip_fail>

10008f16 <cyw43_cb_process_ethernet>:
10008f16:	b508      	push	{r3, lr}
10008f18:	f7ff fed2 	bl	10008cc0 <no_lwip_fail>

10008f1c <async_context_threadsafe_background_acquire_lock_blocking>:
10008f1c:	b508      	push	{r3, lr}
10008f1e:	3030      	adds	r0, #48	@ 0x30
10008f20:	f000 fcd6 	bl	100098d0 <__recursive_mutex_enter_blocking_veneer>
10008f24:	bd08      	pop	{r3, pc}

10008f26 <async_context_threadsafe_background_wake_up>:
10008f26:	b510      	push	{r4, lr}
10008f28:	4604      	mov	r4, r0
10008f2a:	f890 0044 	ldrb.w	r0, [r0, #68]	@ 0x44
10008f2e:	f7f7 fc07 	bl	10000740 <irq_set_pending>
10008f32:	f104 0038 	add.w	r0, r4, #56	@ 0x38
10008f36:	f000 fcdb 	bl	100098f0 <__sem_release_veneer>
10008f3a:	bd10      	pop	{r4, pc}

10008f3c <alarm_handler>:
10008f3c:	b508      	push	{r3, lr}
10008f3e:	4608      	mov	r0, r1
10008f40:	2300      	movs	r3, #0
10008f42:	f881 3045 	strb.w	r3, [r1, #69]	@ 0x45
10008f46:	f7ff ffee 	bl	10008f26 <async_context_threadsafe_background_wake_up>
10008f4a:	2000      	movs	r0, #0
10008f4c:	2100      	movs	r1, #0
10008f4e:	bd08      	pop	{r3, pc}

10008f50 <async_context_threadsafe_background_set_work_pending>:
10008f50:	b508      	push	{r3, lr}
10008f52:	2301      	movs	r3, #1
10008f54:	720b      	strb	r3, [r1, #8]
10008f56:	f7ff ffe6 	bl	10008f26 <async_context_threadsafe_background_wake_up>
10008f5a:	bd08      	pop	{r3, pc}

10008f5c <async_context_threadsafe_background_lock_check>:
10008f5c:	b508      	push	{r3, lr}
10008f5e:	f890 3035 	ldrb.w	r3, [r0, #53]	@ 0x35
10008f62:	b143      	cbz	r3, 10008f76 <async_context_threadsafe_background_lock_check+0x1a>
10008f64:	f990 3034 	ldrsb.w	r3, [r0, #52]	@ 0x34
10008f68:	f04f 4250 	mov.w	r2, #3489660928	@ 0xd0000000
10008f6c:	f992 2000 	ldrsb.w	r2, [r2]
10008f70:	429a      	cmp	r2, r3
10008f72:	d100      	bne.n	10008f76 <async_context_threadsafe_background_lock_check+0x1a>
10008f74:	bd08      	pop	{r3, pc}
10008f76:	4801      	ldr	r0, [pc, #4]	@ (10008f7c <async_context_threadsafe_background_lock_check+0x20>)
10008f78:	f7f7 fa6a 	bl	10000450 <panic>
10008f7c:	1000a910 	.word	0x1000a910

10008f80 <process_under_lock>:
10008f80:	b570      	push	{r4, r5, r6, lr}
10008f82:	b084      	sub	sp, #16
10008f84:	4604      	mov	r4, r0
10008f86:	f7ff ffe9 	bl	10008f5c <async_context_threadsafe_background_lock_check>
10008f8a:	7ea2      	ldrb	r2, [r4, #26]
10008f8c:	f04f 4350 	mov.w	r3, #3489660928	@ 0xd0000000
10008f90:	681b      	ldr	r3, [r3, #0]
10008f92:	429a      	cmp	r2, r3
10008f94:	d02a      	beq.n	10008fec <process_under_lock+0x6c>
10008f96:	4b29      	ldr	r3, [pc, #164]	@ (1000903c <process_under_lock+0xbc>)
10008f98:	4a29      	ldr	r2, [pc, #164]	@ (10009040 <process_under_lock+0xc0>)
10008f9a:	21fe      	movs	r1, #254	@ 0xfe
10008f9c:	4829      	ldr	r0, [pc, #164]	@ (10009044 <process_under_lock+0xc4>)
10008f9e:	f7fa f8b7 	bl	10003110 <__assert_func>
10008fa2:	6c23      	ldr	r3, [r4, #64]	@ 0x40
10008fa4:	2b00      	cmp	r3, #0
10008fa6:	dc01      	bgt.n	10008fac <process_under_lock+0x2c>
10008fa8:	b004      	add	sp, #16
10008faa:	bd70      	pop	{r4, r5, r6, pc}
10008fac:	6c21      	ldr	r1, [r4, #64]	@ 0x40
10008fae:	6a20      	ldr	r0, [r4, #32]
10008fb0:	f7f8 f9d3 	bl	1000135a <alarm_pool_cancel_alarm>
10008fb4:	2300      	movs	r3, #0
10008fb6:	6423      	str	r3, [r4, #64]	@ 0x40
10008fb8:	e7f6      	b.n	10008fa8 <process_under_lock+0x28>
10008fba:	6c23      	ldr	r3, [r4, #64]	@ 0x40
10008fbc:	2b00      	cmp	r3, #0
10008fbe:	dc38      	bgt.n	10009032 <process_under_lock+0xb2>
10008fc0:	62a5      	str	r5, [r4, #40]	@ 0x28
10008fc2:	62e6      	str	r6, [r4, #44]	@ 0x2c
10008fc4:	2301      	movs	r3, #1
10008fc6:	f884 3045 	strb.w	r3, [r4, #69]	@ 0x45
10008fca:	2300      	movs	r3, #0
10008fcc:	9302      	str	r3, [sp, #8]
10008fce:	9401      	str	r4, [sp, #4]
10008fd0:	4b1d      	ldr	r3, [pc, #116]	@ (10009048 <process_under_lock+0xc8>)
10008fd2:	9300      	str	r3, [sp, #0]
10008fd4:	462a      	mov	r2, r5
10008fd6:	4633      	mov	r3, r6
10008fd8:	6a20      	ldr	r0, [r4, #32]
10008fda:	f7f8 f98f 	bl	100012fc <alarm_pool_add_alarm_at>
10008fde:	6420      	str	r0, [r4, #64]	@ 0x40
10008fe0:	6c23      	ldr	r3, [r4, #64]	@ 0x40
10008fe2:	2b00      	cmp	r3, #0
10008fe4:	dce0      	bgt.n	10008fa8 <process_under_lock+0x28>
10008fe6:	2300      	movs	r3, #0
10008fe8:	f884 3045 	strb.w	r3, [r4, #69]	@ 0x45
10008fec:	4620      	mov	r0, r4
10008fee:	f000 fa4b 	bl	10009488 <async_context_base_execute_once>
10008ff2:	4605      	mov	r5, r0
10008ff4:	460e      	mov	r6, r1
10008ff6:	f7f8 fb37 	bl	10001668 <time_us_64>
10008ffa:	1a28      	subs	r0, r5, r0
10008ffc:	eb66 0201 	sbc.w	r2, r6, r1
10009000:	2801      	cmp	r0, #1
10009002:	f172 0200 	sbcs.w	r2, r2, #0
10009006:	dbf1      	blt.n	10008fec <process_under_lock+0x6c>
10009008:	4b10      	ldr	r3, [pc, #64]	@ (1000904c <process_under_lock+0xcc>)
1000900a:	681a      	ldr	r2, [r3, #0]
1000900c:	685b      	ldr	r3, [r3, #4]
1000900e:	42b3      	cmp	r3, r6
10009010:	bf08      	it	eq
10009012:	42aa      	cmpeq	r2, r5
10009014:	d0c5      	beq.n	10008fa2 <process_under_lock+0x22>
10009016:	f894 3045 	ldrb.w	r3, [r4, #69]	@ 0x45
1000901a:	2b00      	cmp	r3, #0
1000901c:	d0cd      	beq.n	10008fba <process_under_lock+0x3a>
1000901e:	6aa2      	ldr	r2, [r4, #40]	@ 0x28
10009020:	6ae3      	ldr	r3, [r4, #44]	@ 0x2c
10009022:	1aaa      	subs	r2, r5, r2
10009024:	eb66 0303 	sbc.w	r3, r6, r3
10009028:	2a01      	cmp	r2, #1
1000902a:	f173 0300 	sbcs.w	r3, r3, #0
1000902e:	dbc4      	blt.n	10008fba <process_under_lock+0x3a>
10009030:	e7ba      	b.n	10008fa8 <process_under_lock+0x28>
10009032:	6c21      	ldr	r1, [r4, #64]	@ 0x40
10009034:	6a20      	ldr	r0, [r4, #32]
10009036:	f7f8 f990 	bl	1000135a <alarm_pool_cancel_alarm>
1000903a:	e7c1      	b.n	10008fc0 <process_under_lock+0x40>
1000903c:	1000ae7c 	.word	0x1000ae7c
10009040:	10042df0 	.word	0x10042df0
10009044:	1000aea4 	.word	0x1000aea4
10009048:	10008f3d 	.word	0x10008f3d
1000904c:	1000b218 	.word	0x1000b218

10009050 <lock_release>:
10009050:	b510      	push	{r4, lr}
10009052:	4604      	mov	r4, r0
10009054:	f890 3035 	ldrb.w	r3, [r0, #53]	@ 0x35
10009058:	2b01      	cmp	r3, #1
1000905a:	d004      	beq.n	10009066 <lock_release+0x16>
1000905c:	f104 0030 	add.w	r0, r4, #48	@ 0x30
10009060:	f000 fc32 	bl	100098c8 <__recursive_mutex_exit_veneer>
10009064:	bd10      	pop	{r4, pc}
10009066:	f7ff ff8b 	bl	10008f80 <process_under_lock>
1000906a:	e7f7      	b.n	1000905c <lock_release+0xc>

1000906c <async_context_threadsafe_background_execute_sync>:
1000906c:	b570      	push	{r4, r5, r6, lr}
1000906e:	4604      	mov	r4, r0
10009070:	460d      	mov	r5, r1
10009072:	4616      	mov	r6, r2
10009074:	3030      	adds	r0, #48	@ 0x30
10009076:	f000 fc2b 	bl	100098d0 <__recursive_mutex_enter_blocking_veneer>
1000907a:	4630      	mov	r0, r6
1000907c:	47a8      	blx	r5
1000907e:	4605      	mov	r5, r0
10009080:	4620      	mov	r0, r4
10009082:	f7ff ffe5 	bl	10009050 <lock_release>
10009086:	4628      	mov	r0, r5
10009088:	bd70      	pop	{r4, r5, r6, pc}

1000908a <async_context_threadsafe_background_release_lock>:
1000908a:	b508      	push	{r3, lr}
1000908c:	f7ff ffe0 	bl	10009050 <lock_release>
10009090:	bd08      	pop	{r3, pc}
	...

10009094 <low_prio_irq_deinit>:
10009094:	b510      	push	{r4, lr}
10009096:	4604      	mov	r4, r0
10009098:	f890 0044 	ldrb.w	r0, [r0, #68]	@ 0x44
1000909c:	b1a0      	cbz	r0, 100090c8 <low_prio_irq_deinit+0x34>
1000909e:	f04f 4350 	mov.w	r3, #3489660928	@ 0xd0000000
100090a2:	681b      	ldr	r3, [r3, #0]
100090a4:	7ea2      	ldrb	r2, [r4, #26]
100090a6:	429a      	cmp	r2, r3
100090a8:	d10f      	bne.n	100090ca <low_prio_irq_deinit+0x36>
100090aa:	2100      	movs	r1, #0
100090ac:	f7f7 fb3e 	bl	1000072c <irq_set_enabled>
100090b0:	4909      	ldr	r1, [pc, #36]	@ (100090d8 <low_prio_irq_deinit+0x44>)
100090b2:	f894 0044 	ldrb.w	r0, [r4, #68]	@ 0x44
100090b6:	f7f7 fcbd 	bl	10000a34 <irq_remove_handler>
100090ba:	f894 0044 	ldrb.w	r0, [r4, #68]	@ 0x44
100090be:	f7f7 fe07 	bl	10000cd0 <user_irq_unclaim>
100090c2:	2300      	movs	r3, #0
100090c4:	f884 3044 	strb.w	r3, [r4, #68]	@ 0x44
100090c8:	bd10      	pop	{r4, pc}
100090ca:	4b04      	ldr	r3, [pc, #16]	@ (100090dc <low_prio_irq_deinit+0x48>)
100090cc:	4a04      	ldr	r2, [pc, #16]	@ (100090e0 <low_prio_irq_deinit+0x4c>)
100090ce:	21b7      	movs	r1, #183	@ 0xb7
100090d0:	4804      	ldr	r0, [pc, #16]	@ (100090e4 <low_prio_irq_deinit+0x50>)
100090d2:	f7fa f81d 	bl	10003110 <__assert_func>
100090d6:	bf00      	nop
100090d8:	10009141 	.word	0x10009141
100090dc:	1000af0c 	.word	0x1000af0c
100090e0:	10042d84 	.word	0x10042d84
100090e4:	1000aea4 	.word	0x1000aea4

100090e8 <async_context_threadsafe_background_deinit>:
100090e8:	b538      	push	{r3, r4, r5, lr}
100090ea:	f04f 4350 	mov.w	r3, #3489660928	@ 0xd0000000
100090ee:	681b      	ldr	r3, [r3, #0]
100090f0:	7e82      	ldrb	r2, [r0, #26]
100090f2:	429a      	cmp	r2, r3
100090f4:	d113      	bne.n	1000911e <async_context_threadsafe_background_deinit+0x36>
100090f6:	4604      	mov	r4, r0
100090f8:	f7ff ffcc 	bl	10009094 <low_prio_irq_deinit>
100090fc:	6c23      	ldr	r3, [r4, #64]	@ 0x40
100090fe:	2b00      	cmp	r3, #0
10009100:	dc13      	bgt.n	1000912a <async_context_threadsafe_background_deinit+0x42>
10009102:	f104 0530 	add.w	r5, r4, #48	@ 0x30
10009106:	4628      	mov	r0, r5
10009108:	f000 fbe2 	bl	100098d0 <__recursive_mutex_enter_blocking_veneer>
1000910c:	4628      	mov	r0, r5
1000910e:	f000 fbdb 	bl	100098c8 <__recursive_mutex_exit_veneer>
10009112:	2248      	movs	r2, #72	@ 0x48
10009114:	2100      	movs	r1, #0
10009116:	4620      	mov	r0, r4
10009118:	f000 fa82 	bl	10009620 <memset>
1000911c:	bd38      	pop	{r3, r4, r5, pc}
1000911e:	4b05      	ldr	r3, [pc, #20]	@ (10009134 <async_context_threadsafe_background_deinit+0x4c>)
10009120:	4a05      	ldr	r2, [pc, #20]	@ (10009138 <async_context_threadsafe_background_deinit+0x50>)
10009122:	21ed      	movs	r1, #237	@ 0xed
10009124:	4805      	ldr	r0, [pc, #20]	@ (1000913c <async_context_threadsafe_background_deinit+0x54>)
10009126:	f7f9 fff3 	bl	10003110 <__assert_func>
1000912a:	6c21      	ldr	r1, [r4, #64]	@ 0x40
1000912c:	6a20      	ldr	r0, [r4, #32]
1000912e:	f7f8 f914 	bl	1000135a <alarm_pool_cancel_alarm>
10009132:	e7e6      	b.n	10009102 <async_context_threadsafe_background_deinit+0x1a>
10009134:	1000af34 	.word	0x1000af34
10009138:	10042d98 	.word	0x10042d98
1000913c:	1000aea4 	.word	0x1000aea4

10009140 <low_priority_irq_handler>:
10009140:	b538      	push	{r3, r4, r5, lr}
10009142:	f3ef 8305 	mrs	r3, IPSR
10009146:	b2db      	uxtb	r3, r3
10009148:	3b3e      	subs	r3, #62	@ 0x3e
1000914a:	2b05      	cmp	r3, #5
1000914c:	d818      	bhi.n	10009180 <low_priority_irq_handler+0x40>
1000914e:	4a15      	ldr	r2, [pc, #84]	@ (100091a4 <low_priority_irq_handler+0x64>)
10009150:	f852 4023 	ldr.w	r4, [r2, r3, lsl #2]
10009154:	b19c      	cbz	r4, 1000917e <low_priority_irq_handler+0x3e>
10009156:	7ea2      	ldrb	r2, [r4, #26]
10009158:	f04f 4350 	mov.w	r3, #3489660928	@ 0xd0000000
1000915c:	681b      	ldr	r3, [r3, #0]
1000915e:	429a      	cmp	r2, r3
10009160:	d115      	bne.n	1000918e <low_priority_irq_handler+0x4e>
10009162:	f104 0530 	add.w	r5, r4, #48	@ 0x30
10009166:	2100      	movs	r1, #0
10009168:	4628      	mov	r0, r5
1000916a:	f000 fbb5 	bl	100098d8 <__recursive_mutex_try_enter_veneer>
1000916e:	b130      	cbz	r0, 1000917e <low_priority_irq_handler+0x3e>
10009170:	f894 3035 	ldrb.w	r3, [r4, #53]	@ 0x35
10009174:	2b01      	cmp	r3, #1
10009176:	d011      	beq.n	1000919c <low_priority_irq_handler+0x5c>
10009178:	4628      	mov	r0, r5
1000917a:	f000 fba5 	bl	100098c8 <__recursive_mutex_exit_veneer>
1000917e:	bd38      	pop	{r3, r4, r5, pc}
10009180:	4b09      	ldr	r3, [pc, #36]	@ (100091a8 <low_priority_irq_handler+0x68>)
10009182:	4a0a      	ldr	r2, [pc, #40]	@ (100091ac <low_priority_irq_handler+0x6c>)
10009184:	f240 1123 	movw	r1, #291	@ 0x123
10009188:	4809      	ldr	r0, [pc, #36]	@ (100091b0 <low_priority_irq_handler+0x70>)
1000918a:	f7f9 ffc1 	bl	10003110 <__assert_func>
1000918e:	4b09      	ldr	r3, [pc, #36]	@ (100091b4 <low_priority_irq_handler+0x74>)
10009190:	4a06      	ldr	r2, [pc, #24]	@ (100091ac <low_priority_irq_handler+0x6c>)
10009192:	f44f 7193 	mov.w	r1, #294	@ 0x126
10009196:	4806      	ldr	r0, [pc, #24]	@ (100091b0 <low_priority_irq_handler+0x70>)
10009198:	f7f9 ffba 	bl	10003110 <__assert_func>
1000919c:	4620      	mov	r0, r4
1000919e:	f7ff feef 	bl	10008f80 <process_under_lock>
100091a2:	e7e9      	b.n	10009178 <low_priority_irq_handler+0x38>
100091a4:	200018b8 	.word	0x200018b8
100091a8:	1000af5c 	.word	0x1000af5c
100091ac:	10042d68 	.word	0x10042d68
100091b0:	1000aea4 	.word	0x1000aea4
100091b4:	1000ae7c 	.word	0x1000ae7c

100091b8 <async_context_threadsafe_background_wait_for_work_until>:
100091b8:	b508      	push	{r3, lr}
100091ba:	3038      	adds	r0, #56	@ 0x38
100091bc:	f000 fb94 	bl	100098e8 <__sem_acquire_block_until_veneer>
100091c0:	bd08      	pop	{r3, pc}

100091c2 <async_context_threadsafe_background_wait_until>:
100091c2:	b508      	push	{r3, lr}
100091c4:	4610      	mov	r0, r2
100091c6:	4619      	mov	r1, r3
100091c8:	f3ef 8305 	mrs	r3, IPSR
100091cc:	b2db      	uxtb	r3, r3
100091ce:	b113      	cbz	r3, 100091d6 <async_context_threadsafe_background_wait_until+0x14>
100091d0:	f7f8 fa52 	bl	10001678 <busy_wait_until>
100091d4:	bd08      	pop	{r3, pc}
100091d6:	f7f8 f903 	bl	100013e0 <sleep_until>
100091da:	e7fb      	b.n	100091d4 <async_context_threadsafe_background_wait_until+0x12>

100091dc <async_context_threadsafe_background_when_pending_worker>:
100091dc:	b538      	push	{r3, r4, r5, lr}
100091de:	4604      	mov	r4, r0
100091e0:	460d      	mov	r5, r1
100091e2:	3030      	adds	r0, #48	@ 0x30
100091e4:	f000 fb74 	bl	100098d0 <__recursive_mutex_enter_blocking_veneer>
100091e8:	4629      	mov	r1, r5
100091ea:	4620      	mov	r0, r4
100091ec:	f000 f8e7 	bl	100093be <async_context_base_remove_when_pending_worker>
100091f0:	4605      	mov	r5, r0
100091f2:	4620      	mov	r0, r4
100091f4:	f7ff ff2c 	bl	10009050 <lock_release>
100091f8:	4628      	mov	r0, r5
100091fa:	bd38      	pop	{r3, r4, r5, pc}

100091fc <async_context_threadsafe_background_add_when_pending_worker>:
100091fc:	b538      	push	{r3, r4, r5, lr}
100091fe:	4604      	mov	r4, r0
10009200:	460d      	mov	r5, r1
10009202:	3030      	adds	r0, #48	@ 0x30
10009204:	f000 fb64 	bl	100098d0 <__recursive_mutex_enter_blocking_veneer>
10009208:	4629      	mov	r1, r5
1000920a:	4620      	mov	r0, r4
1000920c:	f000 f8c8 	bl	100093a0 <async_context_base_add_when_pending_worker>
10009210:	4605      	mov	r5, r0
10009212:	4620      	mov	r0, r4
10009214:	f7ff ff1c 	bl	10009050 <lock_release>
10009218:	4628      	mov	r0, r5
1000921a:	bd38      	pop	{r3, r4, r5, pc}

1000921c <async_context_threadsafe_background_remove_at_time_worker>:
1000921c:	b538      	push	{r3, r4, r5, lr}
1000921e:	4604      	mov	r4, r0
10009220:	460d      	mov	r5, r1
10009222:	3030      	adds	r0, #48	@ 0x30
10009224:	f000 fb54 	bl	100098d0 <__recursive_mutex_enter_blocking_veneer>
10009228:	4629      	mov	r1, r5
1000922a:	4620      	mov	r0, r4
1000922c:	f000 f8a8 	bl	10009380 <async_context_base_remove_at_time_worker>
10009230:	4605      	mov	r5, r0
10009232:	4620      	mov	r0, r4
10009234:	f7ff ff0c 	bl	10009050 <lock_release>
10009238:	4628      	mov	r0, r5
1000923a:	bd38      	pop	{r3, r4, r5, pc}

1000923c <async_context_threadsafe_background_add_at_time_worker>:
1000923c:	b538      	push	{r3, r4, r5, lr}
1000923e:	4604      	mov	r4, r0
10009240:	460d      	mov	r5, r1
10009242:	3030      	adds	r0, #48	@ 0x30
10009244:	f000 fb44 	bl	100098d0 <__recursive_mutex_enter_blocking_veneer>
10009248:	4629      	mov	r1, r5
1000924a:	4620      	mov	r0, r4
1000924c:	f000 f888 	bl	10009360 <async_context_base_add_at_time_worker>
10009250:	4605      	mov	r5, r0
10009252:	4620      	mov	r0, r4
10009254:	f7ff fefc 	bl	10009050 <lock_release>
10009258:	4628      	mov	r0, r5
1000925a:	bd38      	pop	{r3, r4, r5, pc}

1000925c <low_prio_irq_init>:
1000925c:	b538      	push	{r3, r4, r5, lr}
1000925e:	f04f 4350 	mov.w	r3, #3489660928	@ 0xd0000000
10009262:	681b      	ldr	r3, [r3, #0]
10009264:	7e82      	ldrb	r2, [r0, #26]
10009266:	429a      	cmp	r2, r3
10009268:	d11f      	bne.n	100092aa <low_prio_irq_init+0x4e>
1000926a:	4604      	mov	r4, r0
1000926c:	460d      	mov	r5, r1
1000926e:	2000      	movs	r0, #0
10009270:	f7f7 fd38 	bl	10000ce4 <user_irq_claim_unused>
10009274:	2800      	cmp	r0, #0
10009276:	db24      	blt.n	100092c2 <low_prio_irq_init+0x66>
10009278:	f884 0044 	strb.w	r0, [r4, #68]	@ 0x44
1000927c:	f1a0 032e 	sub.w	r3, r0, #46	@ 0x2e
10009280:	2b05      	cmp	r3, #5
10009282:	d818      	bhi.n	100092b6 <low_prio_irq_init+0x5a>
10009284:	4a10      	ldr	r2, [pc, #64]	@ (100092c8 <low_prio_irq_init+0x6c>)
10009286:	f842 4023 	str.w	r4, [r2, r3, lsl #2]
1000928a:	4910      	ldr	r1, [pc, #64]	@ (100092cc <low_prio_irq_init+0x70>)
1000928c:	b2c0      	uxtb	r0, r0
1000928e:	f7f7 fa87 	bl	100007a0 <irq_set_exclusive_handler>
10009292:	2101      	movs	r1, #1
10009294:	f894 0044 	ldrb.w	r0, [r4, #68]	@ 0x44
10009298:	f7f7 fa48 	bl	1000072c <irq_set_enabled>
1000929c:	4629      	mov	r1, r5
1000929e:	f894 0044 	ldrb.w	r0, [r4, #68]	@ 0x44
100092a2:	f7f7 fc83 	bl	10000bac <irq_set_priority>
100092a6:	2001      	movs	r0, #1
100092a8:	bd38      	pop	{r3, r4, r5, pc}
100092aa:	4b09      	ldr	r3, [pc, #36]	@ (100092d0 <low_prio_irq_init+0x74>)
100092ac:	4a09      	ldr	r2, [pc, #36]	@ (100092d4 <low_prio_irq_init+0x78>)
100092ae:	21a8      	movs	r1, #168	@ 0xa8
100092b0:	4809      	ldr	r0, [pc, #36]	@ (100092d8 <low_prio_irq_init+0x7c>)
100092b2:	f7f9 ff2d 	bl	10003110 <__assert_func>
100092b6:	4b09      	ldr	r3, [pc, #36]	@ (100092dc <low_prio_irq_init+0x80>)
100092b8:	4a06      	ldr	r2, [pc, #24]	@ (100092d4 <low_prio_irq_init+0x78>)
100092ba:	21ad      	movs	r1, #173	@ 0xad
100092bc:	4806      	ldr	r0, [pc, #24]	@ (100092d8 <low_prio_irq_init+0x7c>)
100092be:	f7f9 ff27 	bl	10003110 <__assert_func>
100092c2:	2000      	movs	r0, #0
100092c4:	e7f0      	b.n	100092a8 <low_prio_irq_init+0x4c>
100092c6:	bf00      	nop
100092c8:	200018b8 	.word	0x200018b8
100092cc:	10009141 	.word	0x10009141
100092d0:	1000af0c 	.word	0x1000af0c
100092d4:	10042d54 	.word	0x10042d54
100092d8:	1000aea4 	.word	0x1000aea4
100092dc:	1000af5c 	.word	0x1000af5c

100092e0 <async_context_threadsafe_background_default_config>:
100092e0:	22ff      	movs	r2, #255	@ 0xff
100092e2:	7002      	strb	r2, [r0, #0]
100092e4:	2200      	movs	r2, #0
100092e6:	6042      	str	r2, [r0, #4]
100092e8:	4770      	bx	lr
	...

100092ec <async_context_threadsafe_background_init>:
100092ec:	b570      	push	{r4, r5, r6, lr}
100092ee:	4604      	mov	r4, r0
100092f0:	460d      	mov	r5, r1
100092f2:	2248      	movs	r2, #72	@ 0x48
100092f4:	2100      	movs	r1, #0
100092f6:	f000 f993 	bl	10009620 <memset>
100092fa:	4b15      	ldr	r3, [pc, #84]	@ (10009350 <async_context_threadsafe_background_init+0x64>)
100092fc:	6023      	str	r3, [r4, #0]
100092fe:	2303      	movs	r3, #3
10009300:	8323      	strh	r3, [r4, #24]
10009302:	f04f 4350 	mov.w	r3, #3489660928	@ 0xd0000000
10009306:	681b      	ldr	r3, [r3, #0]
10009308:	76a3      	strb	r3, [r4, #26]
1000930a:	686b      	ldr	r3, [r5, #4]
1000930c:	b1ab      	cbz	r3, 1000933a <async_context_threadsafe_background_init+0x4e>
1000930e:	6223      	str	r3, [r4, #32]
10009310:	7ea6      	ldrb	r6, [r4, #26]
10009312:	6a20      	ldr	r0, [r4, #32]
10009314:	f7f8 f862 	bl	100013dc <alarm_pool_core_num>
10009318:	4286      	cmp	r6, r0
1000931a:	d112      	bne.n	10009342 <async_context_threadsafe_background_init+0x56>
1000931c:	2201      	movs	r2, #1
1000931e:	4611      	mov	r1, r2
10009320:	f104 0038 	add.w	r0, r4, #56	@ 0x38
10009324:	f7f7 fcf4 	bl	10000d10 <sem_init>
10009328:	f104 0030 	add.w	r0, r4, #48	@ 0x30
1000932c:	f7f7 fd13 	bl	10000d56 <recursive_mutex_init>
10009330:	7829      	ldrb	r1, [r5, #0]
10009332:	4620      	mov	r0, r4
10009334:	f7ff ff92 	bl	1000925c <low_prio_irq_init>
10009338:	bd70      	pop	{r4, r5, r6, pc}
1000933a:	f7f7 ff6b 	bl	10001214 <alarm_pool_get_default>
1000933e:	6220      	str	r0, [r4, #32]
10009340:	e7e6      	b.n	10009310 <async_context_threadsafe_background_init+0x24>
10009342:	4b04      	ldr	r3, [pc, #16]	@ (10009354 <async_context_threadsafe_background_init+0x68>)
10009344:	4a04      	ldr	r2, [pc, #16]	@ (10009358 <async_context_threadsafe_background_init+0x6c>)
10009346:	21de      	movs	r1, #222	@ 0xde
10009348:	4804      	ldr	r0, [pc, #16]	@ (1000935c <async_context_threadsafe_background_init+0x70>)
1000934a:	f7f9 fee1 	bl	10003110 <__assert_func>
1000934e:	bf00      	nop
10009350:	10042e04 	.word	0x10042e04
10009354:	1000af8c 	.word	0x1000af8c
10009358:	10042dc4 	.word	0x10042dc4
1000935c:	1000aea4 	.word	0x1000aea4

10009360 <async_context_base_add_at_time_worker>:
10009360:	f100 0208 	add.w	r2, r0, #8
10009364:	6883      	ldr	r3, [r0, #8]
10009366:	e001      	b.n	1000936c <async_context_base_add_at_time_worker+0xc>
10009368:	461a      	mov	r2, r3
1000936a:	681b      	ldr	r3, [r3, #0]
1000936c:	b123      	cbz	r3, 10009378 <async_context_base_add_at_time_worker+0x18>
1000936e:	6813      	ldr	r3, [r2, #0]
10009370:	428b      	cmp	r3, r1
10009372:	d1f9      	bne.n	10009368 <async_context_base_add_at_time_worker+0x8>
10009374:	2000      	movs	r0, #0
10009376:	4770      	bx	lr
10009378:	6011      	str	r1, [r2, #0]
1000937a:	600b      	str	r3, [r1, #0]
1000937c:	2001      	movs	r0, #1
1000937e:	4770      	bx	lr

10009380 <async_context_base_remove_at_time_worker>:
10009380:	f100 0208 	add.w	r2, r0, #8
10009384:	6883      	ldr	r3, [r0, #8]
10009386:	e001      	b.n	1000938c <async_context_base_remove_at_time_worker+0xc>
10009388:	461a      	mov	r2, r3
1000938a:	681b      	ldr	r3, [r3, #0]
1000938c:	b133      	cbz	r3, 1000939c <async_context_base_remove_at_time_worker+0x1c>
1000938e:	6813      	ldr	r3, [r2, #0]
10009390:	428b      	cmp	r3, r1
10009392:	d1f9      	bne.n	10009388 <async_context_base_remove_at_time_worker+0x8>
10009394:	680b      	ldr	r3, [r1, #0]
10009396:	6013      	str	r3, [r2, #0]
10009398:	2001      	movs	r0, #1
1000939a:	4770      	bx	lr
1000939c:	2000      	movs	r0, #0
1000939e:	4770      	bx	lr

100093a0 <async_context_base_add_when_pending_worker>:
100093a0:	1d02      	adds	r2, r0, #4
100093a2:	6843      	ldr	r3, [r0, #4]
100093a4:	e001      	b.n	100093aa <async_context_base_add_when_pending_worker+0xa>
100093a6:	461a      	mov	r2, r3
100093a8:	681b      	ldr	r3, [r3, #0]
100093aa:	b123      	cbz	r3, 100093b6 <async_context_base_add_when_pending_worker+0x16>
100093ac:	6813      	ldr	r3, [r2, #0]
100093ae:	428b      	cmp	r3, r1
100093b0:	d1f9      	bne.n	100093a6 <async_context_base_add_when_pending_worker+0x6>
100093b2:	2000      	movs	r0, #0
100093b4:	4770      	bx	lr
100093b6:	6011      	str	r1, [r2, #0]
100093b8:	600b      	str	r3, [r1, #0]
100093ba:	2001      	movs	r0, #1
100093bc:	4770      	bx	lr

100093be <async_context_base_remove_when_pending_worker>:
100093be:	1d02      	adds	r2, r0, #4
100093c0:	6843      	ldr	r3, [r0, #4]
100093c2:	e001      	b.n	100093c8 <async_context_base_remove_when_pending_worker+0xa>
100093c4:	461a      	mov	r2, r3
100093c6:	681b      	ldr	r3, [r3, #0]
100093c8:	b133      	cbz	r3, 100093d8 <async_context_base_remove_when_pending_worker+0x1a>
100093ca:	6813      	ldr	r3, [r2, #0]
100093cc:	428b      	cmp	r3, r1
100093ce:	d1f9      	bne.n	100093c4 <async_context_base_remove_when_pending_worker+0x6>
100093d0:	680b      	ldr	r3, [r1, #0]
100093d2:	6013      	str	r3, [r2, #0]
100093d4:	2001      	movs	r0, #1
100093d6:	4770      	bx	lr
100093d8:	2000      	movs	r0, #0
100093da:	4770      	bx	lr

100093dc <async_context_base_remove_ready_at_time_worker>:
100093dc:	b538      	push	{r3, r4, r5, lr}
100093de:	4604      	mov	r4, r0
100093e0:	6880      	ldr	r0, [r0, #8]
100093e2:	b338      	cbz	r0, 10009434 <async_context_base_remove_ready_at_time_worker+0x58>
100093e4:	f7f8 f940 	bl	10001668 <time_us_64>
100093e8:	f104 0c08 	add.w	ip, r4, #8
100093ec:	2500      	movs	r5, #0
100093ee:	e006      	b.n	100093fe <async_context_base_remove_ready_at_time_worker+0x22>
100093f0:	4b12      	ldr	r3, [pc, #72]	@ (1000943c <async_context_base_remove_ready_at_time_worker+0x60>)
100093f2:	4a13      	ldr	r2, [pc, #76]	@ (10009440 <async_context_base_remove_ready_at_time_worker+0x64>)
100093f4:	2142      	movs	r1, #66	@ 0x42
100093f6:	4813      	ldr	r0, [pc, #76]	@ (10009444 <async_context_base_remove_ready_at_time_worker+0x68>)
100093f8:	f7f9 fe8a 	bl	10003110 <__assert_func>
100093fc:	469c      	mov	ip, r3
100093fe:	f8dc 3000 	ldr.w	r3, [ip]
10009402:	b19b      	cbz	r3, 1000942c <async_context_base_remove_ready_at_time_worker+0x50>
10009404:	689a      	ldr	r2, [r3, #8]
10009406:	68dc      	ldr	r4, [r3, #12]
10009408:	ebb0 0e02 	subs.w	lr, r0, r2
1000940c:	eb61 0e04 	sbc.w	lr, r1, r4
10009410:	f1be 0f00 	cmp.w	lr, #0
10009414:	dbf2      	blt.n	100093fc <async_context_base_remove_ready_at_time_worker+0x20>
10009416:	490c      	ldr	r1, [pc, #48]	@ (10009448 <async_context_base_remove_ready_at_time_worker+0x6c>)
10009418:	6808      	ldr	r0, [r1, #0]
1000941a:	6849      	ldr	r1, [r1, #4]
1000941c:	428c      	cmp	r4, r1
1000941e:	bf08      	it	eq
10009420:	4282      	cmpeq	r2, r0
10009422:	d0e5      	beq.n	100093f0 <async_context_base_remove_ready_at_time_worker+0x14>
10009424:	4610      	mov	r0, r2
10009426:	4621      	mov	r1, r4
10009428:	4665      	mov	r5, ip
1000942a:	e7e7      	b.n	100093fc <async_context_base_remove_ready_at_time_worker+0x20>
1000942c:	b11d      	cbz	r5, 10009436 <async_context_base_remove_ready_at_time_worker+0x5a>
1000942e:	6828      	ldr	r0, [r5, #0]
10009430:	6803      	ldr	r3, [r0, #0]
10009432:	602b      	str	r3, [r5, #0]
10009434:	bd38      	pop	{r3, r4, r5, pc}
10009436:	4628      	mov	r0, r5
10009438:	e7fc      	b.n	10009434 <async_context_base_remove_ready_at_time_worker+0x58>
1000943a:	bf00      	nop
1000943c:	1000afcc 	.word	0x1000afcc
10009440:	10042e3c 	.word	0x10042e3c
10009444:	1000aff0 	.word	0x1000aff0
10009448:	1000b218 	.word	0x1000b218

1000944c <async_context_base_refresh_next_timeout>:
1000944c:	b470      	push	{r4, r5, r6}
1000944e:	4b0d      	ldr	r3, [pc, #52]	@ (10009484 <async_context_base_refresh_next_timeout+0x38>)
10009450:	6819      	ldr	r1, [r3, #0]
10009452:	685e      	ldr	r6, [r3, #4]
10009454:	6883      	ldr	r3, [r0, #8]
10009456:	e000      	b.n	1000945a <async_context_base_refresh_next_timeout+0xe>
10009458:	462b      	mov	r3, r5
1000945a:	b173      	cbz	r3, 1000947a <async_context_base_refresh_next_timeout+0x2e>
1000945c:	681d      	ldr	r5, [r3, #0]
1000945e:	689a      	ldr	r2, [r3, #8]
10009460:	68dc      	ldr	r4, [r3, #12]
10009462:	ebb1 0c02 	subs.w	ip, r1, r2
10009466:	eb66 0304 	sbc.w	r3, r6, r4
1000946a:	f1bc 0f01 	cmp.w	ip, #1
1000946e:	f173 0300 	sbcs.w	r3, r3, #0
10009472:	dbf1      	blt.n	10009458 <async_context_base_refresh_next_timeout+0xc>
10009474:	4611      	mov	r1, r2
10009476:	4626      	mov	r6, r4
10009478:	e7ee      	b.n	10009458 <async_context_base_refresh_next_timeout+0xc>
1000947a:	6101      	str	r1, [r0, #16]
1000947c:	6146      	str	r6, [r0, #20]
1000947e:	bc70      	pop	{r4, r5, r6}
10009480:	4770      	bx	lr
10009482:	bf00      	nop
10009484:	1000b218 	.word	0x1000b218

10009488 <async_context_base_execute_once>:
10009488:	b538      	push	{r3, r4, r5, lr}
1000948a:	4605      	mov	r5, r0
1000948c:	e002      	b.n	10009494 <async_context_base_execute_once+0xc>
1000948e:	684b      	ldr	r3, [r1, #4]
10009490:	4628      	mov	r0, r5
10009492:	4798      	blx	r3
10009494:	4628      	mov	r0, r5
10009496:	f7ff ffa1 	bl	100093dc <async_context_base_remove_ready_at_time_worker>
1000949a:	4601      	mov	r1, r0
1000949c:	2800      	cmp	r0, #0
1000949e:	d1f6      	bne.n	1000948e <async_context_base_execute_once+0x6>
100094a0:	686c      	ldr	r4, [r5, #4]
100094a2:	e000      	b.n	100094a6 <async_context_base_execute_once+0x1e>
100094a4:	6824      	ldr	r4, [r4, #0]
100094a6:	b14c      	cbz	r4, 100094bc <async_context_base_execute_once+0x34>
100094a8:	7a23      	ldrb	r3, [r4, #8]
100094aa:	2b00      	cmp	r3, #0
100094ac:	d0fa      	beq.n	100094a4 <async_context_base_execute_once+0x1c>
100094ae:	2300      	movs	r3, #0
100094b0:	7223      	strb	r3, [r4, #8]
100094b2:	6863      	ldr	r3, [r4, #4]
100094b4:	4621      	mov	r1, r4
100094b6:	4628      	mov	r0, r5
100094b8:	4798      	blx	r3
100094ba:	e7f3      	b.n	100094a4 <async_context_base_execute_once+0x1c>
100094bc:	4628      	mov	r0, r5
100094be:	f7ff ffc5 	bl	1000944c <async_context_base_refresh_next_timeout>
100094c2:	e9d5 0104 	ldrd	r0, r1, [r5, #16]
100094c6:	bd38      	pop	{r3, r4, r5, pc}

100094c8 <memcmp>:
100094c8:	2a03      	cmp	r2, #3
100094ca:	b430      	push	{r4, r5}
100094cc:	d912      	bls.n	100094f4 <memcmp+0x2c>
100094ce:	ea41 0400 	orr.w	r4, r1, r0
100094d2:	4684      	mov	ip, r0
100094d4:	460b      	mov	r3, r1
100094d6:	07a4      	lsls	r4, r4, #30
100094d8:	d121      	bne.n	1000951e <memcmp+0x56>
100094da:	4619      	mov	r1, r3
100094dc:	4660      	mov	r0, ip
100094de:	f853 4b04 	ldr.w	r4, [r3], #4
100094e2:	f85c 5b04 	ldr.w	r5, [ip], #4
100094e6:	42a5      	cmp	r5, r4
100094e8:	d119      	bne.n	1000951e <memcmp+0x56>
100094ea:	3a04      	subs	r2, #4
100094ec:	2a03      	cmp	r2, #3
100094ee:	d8f4      	bhi.n	100094da <memcmp+0x12>
100094f0:	4660      	mov	r0, ip
100094f2:	4619      	mov	r1, r3
100094f4:	1e54      	subs	r4, r2, #1
100094f6:	b17a      	cbz	r2, 10009518 <memcmp+0x50>
100094f8:	1e43      	subs	r3, r0, #1
100094fa:	3901      	subs	r1, #1
100094fc:	1902      	adds	r2, r0, r4
100094fe:	e001      	b.n	10009504 <memcmp+0x3c>
10009500:	429a      	cmp	r2, r3
10009502:	d009      	beq.n	10009518 <memcmp+0x50>
10009504:	f813 0f01 	ldrb.w	r0, [r3, #1]!
10009508:	f811 cf01 	ldrb.w	ip, [r1, #1]!
1000950c:	4560      	cmp	r0, ip
1000950e:	d0f7      	beq.n	10009500 <memcmp+0x38>
10009510:	eba0 000c 	sub.w	r0, r0, ip
10009514:	bc30      	pop	{r4, r5}
10009516:	4770      	bx	lr
10009518:	2000      	movs	r0, #0
1000951a:	bc30      	pop	{r4, r5}
1000951c:	4770      	bx	lr
1000951e:	1e54      	subs	r4, r2, #1
10009520:	e7ea      	b.n	100094f8 <memcmp+0x30>
10009522:	bf00      	nop

10009524 <memmove>:
10009524:	4288      	cmp	r0, r1
10009526:	d90d      	bls.n	10009544 <memmove+0x20>
10009528:	188b      	adds	r3, r1, r2
1000952a:	4283      	cmp	r3, r0
1000952c:	d90a      	bls.n	10009544 <memmove+0x20>
1000952e:	eb00 0c02 	add.w	ip, r0, r2
10009532:	b35a      	cbz	r2, 1000958c <memmove+0x68>
10009534:	4662      	mov	r2, ip
10009536:	f813 cd01 	ldrb.w	ip, [r3, #-1]!
1000953a:	4299      	cmp	r1, r3
1000953c:	f802 cd01 	strb.w	ip, [r2, #-1]!
10009540:	d1f9      	bne.n	10009536 <memmove+0x12>
10009542:	4770      	bx	lr
10009544:	2a0f      	cmp	r2, #15
10009546:	d80d      	bhi.n	10009564 <memmove+0x40>
10009548:	f102 3cff 	add.w	ip, r2, #4294967295	@ 0xffffffff
1000954c:	b1f2      	cbz	r2, 1000958c <memmove+0x68>
1000954e:	f10c 0c01 	add.w	ip, ip, #1
10009552:	1e43      	subs	r3, r0, #1
10009554:	448c      	add	ip, r1
10009556:	f811 2b01 	ldrb.w	r2, [r1], #1
1000955a:	4561      	cmp	r1, ip
1000955c:	f803 2f01 	strb.w	r2, [r3, #1]!
10009560:	d1f9      	bne.n	10009556 <memmove+0x32>
10009562:	4770      	bx	lr
10009564:	ea40 0301 	orr.w	r3, r0, r1
10009568:	079b      	lsls	r3, r3, #30
1000956a:	b5f0      	push	{r4, r5, r6, r7, lr}
1000956c:	460c      	mov	r4, r1
1000956e:	d00e      	beq.n	1000958e <memmove+0x6a>
10009570:	f102 3cff 	add.w	ip, r2, #4294967295	@ 0xffffffff
10009574:	4603      	mov	r3, r0
10009576:	f10c 0c01 	add.w	ip, ip, #1
1000957a:	3b01      	subs	r3, #1
1000957c:	448c      	add	ip, r1
1000957e:	f811 2b01 	ldrb.w	r2, [r1], #1
10009582:	4561      	cmp	r1, ip
10009584:	f803 2f01 	strb.w	r2, [r3, #1]!
10009588:	d1f9      	bne.n	1000957e <memmove+0x5a>
1000958a:	bdf0      	pop	{r4, r5, r6, r7, pc}
1000958c:	4770      	bx	lr
1000958e:	f1a2 0510 	sub.w	r5, r2, #16
10009592:	f101 0e20 	add.w	lr, r1, #32
10009596:	f101 0310 	add.w	r3, r1, #16
1000959a:	f100 0c10 	add.w	ip, r0, #16
1000959e:	f025 050f 	bic.w	r5, r5, #15
100095a2:	44ae      	add	lr, r5
100095a4:	f853 6c10 	ldr.w	r6, [r3, #-16]
100095a8:	3310      	adds	r3, #16
100095aa:	f10c 0c10 	add.w	ip, ip, #16
100095ae:	f84c 6c20 	str.w	r6, [ip, #-32]
100095b2:	f853 6c1c 	ldr.w	r6, [r3, #-28]
100095b6:	f84c 6c1c 	str.w	r6, [ip, #-28]
100095ba:	f853 6c18 	ldr.w	r6, [r3, #-24]
100095be:	4573      	cmp	r3, lr
100095c0:	f84c 6c18 	str.w	r6, [ip, #-24]
100095c4:	f853 6c14 	ldr.w	r6, [r3, #-20]
100095c8:	f84c 6c14 	str.w	r6, [ip, #-20]
100095cc:	d1ea      	bne.n	100095a4 <memmove+0x80>
100095ce:	eb01 0c05 	add.w	ip, r1, r5
100095d2:	f012 0f0c 	tst.w	r2, #12
100095d6:	4405      	add	r5, r0
100095d8:	f10c 0110 	add.w	r1, ip, #16
100095dc:	f105 0310 	add.w	r3, r5, #16
100095e0:	f002 050f 	and.w	r5, r2, #15
100095e4:	460e      	mov	r6, r1
100095e6:	d018      	beq.n	1000961a <memmove+0xf6>
100095e8:	3d04      	subs	r5, #4
100095ea:	eba0 0e04 	sub.w	lr, r0, r4
100095ee:	f025 0403 	bic.w	r4, r5, #3
100095f2:	44a4      	add	ip, r4
100095f4:	f10c 0c14 	add.w	ip, ip, #20
100095f8:	680f      	ldr	r7, [r1, #0]
100095fa:	eb01 050e 	add.w	r5, r1, lr
100095fe:	3104      	adds	r1, #4
10009600:	602f      	str	r7, [r5, #0]
10009602:	4561      	cmp	r1, ip
10009604:	d1f8      	bne.n	100095f8 <memmove+0xd4>
10009606:	3404      	adds	r4, #4
10009608:	f002 0203 	and.w	r2, r2, #3
1000960c:	19a1      	adds	r1, r4, r6
1000960e:	4423      	add	r3, r4
10009610:	f102 3cff 	add.w	ip, r2, #4294967295	@ 0xffffffff
10009614:	2a00      	cmp	r2, #0
10009616:	d1ae      	bne.n	10009576 <memmove+0x52>
10009618:	bdf0      	pop	{r4, r5, r6, r7, pc}
1000961a:	462a      	mov	r2, r5
1000961c:	e7f8      	b.n	10009610 <memmove+0xec>
1000961e:	bf00      	nop

10009620 <memset>:
10009620:	0783      	lsls	r3, r0, #30
10009622:	b530      	push	{r4, r5, lr}
10009624:	d046      	beq.n	100096b4 <memset+0x94>
10009626:	1884      	adds	r4, r0, r2
10009628:	4684      	mov	ip, r0
1000962a:	e004      	b.n	10009636 <memset+0x16>
1000962c:	f803 1b01 	strb.w	r1, [r3], #1
10009630:	079d      	lsls	r5, r3, #30
10009632:	d004      	beq.n	1000963e <memset+0x1e>
10009634:	469c      	mov	ip, r3
10009636:	45a4      	cmp	ip, r4
10009638:	4663      	mov	r3, ip
1000963a:	d1f7      	bne.n	1000962c <memset+0xc>
1000963c:	bd30      	pop	{r4, r5, pc}
1000963e:	3a01      	subs	r2, #1
10009640:	4402      	add	r2, r0
10009642:	eba2 020c 	sub.w	r2, r2, ip
10009646:	2a03      	cmp	r2, #3
10009648:	d929      	bls.n	1000969e <memset+0x7e>
1000964a:	b2cc      	uxtb	r4, r1
1000964c:	2a0f      	cmp	r2, #15
1000964e:	eb04 2404 	add.w	r4, r4, r4, lsl #8
10009652:	eb04 4404 	add.w	r4, r4, r4, lsl #16
10009656:	d92f      	bls.n	100096b8 <memset+0x98>
10009658:	f1a2 0c10 	sub.w	ip, r2, #16
1000965c:	f103 0510 	add.w	r5, r3, #16
10009660:	f02c 0c0f 	bic.w	ip, ip, #15
10009664:	44ac      	add	ip, r5
10009666:	e9c3 4400 	strd	r4, r4, [r3]
1000966a:	e9c3 4402 	strd	r4, r4, [r3, #8]
1000966e:	3310      	adds	r3, #16
10009670:	4563      	cmp	r3, ip
10009672:	d1f8      	bne.n	10009666 <memset+0x46>
10009674:	f012 0f0c 	tst.w	r2, #12
10009678:	f002 0e0f 	and.w	lr, r2, #15
1000967c:	d018      	beq.n	100096b0 <memset+0x90>
1000967e:	f02e 0c03 	bic.w	ip, lr, #3
10009682:	f1ae 0504 	sub.w	r5, lr, #4
10009686:	461a      	mov	r2, r3
10009688:	449c      	add	ip, r3
1000968a:	f842 4b04 	str.w	r4, [r2], #4
1000968e:	4562      	cmp	r2, ip
10009690:	d1fb      	bne.n	1000968a <memset+0x6a>
10009692:	f025 0403 	bic.w	r4, r5, #3
10009696:	3304      	adds	r3, #4
10009698:	f00e 0203 	and.w	r2, lr, #3
1000969c:	4423      	add	r3, r4
1000969e:	2a00      	cmp	r2, #0
100096a0:	d0cc      	beq.n	1000963c <memset+0x1c>
100096a2:	b2c9      	uxtb	r1, r1
100096a4:	441a      	add	r2, r3
100096a6:	f803 1b01 	strb.w	r1, [r3], #1
100096aa:	4293      	cmp	r3, r2
100096ac:	d1fb      	bne.n	100096a6 <memset+0x86>
100096ae:	bd30      	pop	{r4, r5, pc}
100096b0:	4672      	mov	r2, lr
100096b2:	e7f4      	b.n	1000969e <memset+0x7e>
100096b4:	4603      	mov	r3, r0
100096b6:	e7c6      	b.n	10009646 <memset+0x26>
100096b8:	4696      	mov	lr, r2
100096ba:	e7e0      	b.n	1000967e <memset+0x5e>

100096bc <strncmp>:
100096bc:	b382      	cbz	r2, 10009720 <strncmp+0x64>
100096be:	460b      	mov	r3, r1
100096c0:	b530      	push	{r4, r5, lr}
100096c2:	ea40 0401 	orr.w	r4, r0, r1
100096c6:	4686      	mov	lr, r0
100096c8:	07a4      	lsls	r4, r4, #30
100096ca:	d117      	bne.n	100096fc <strncmp+0x40>
100096cc:	2a03      	cmp	r2, #3
100096ce:	d807      	bhi.n	100096e0 <strncmp+0x24>
100096d0:	e014      	b.n	100096fc <strncmp+0x40>
100096d2:	3a04      	subs	r2, #4
100096d4:	d022      	beq.n	1000971c <strncmp+0x60>
100096d6:	f01c 3f80 	tst.w	ip, #2155905152	@ 0x80808080
100096da:	d11f      	bne.n	1000971c <strncmp+0x60>
100096dc:	2a03      	cmp	r2, #3
100096de:	d923      	bls.n	10009728 <strncmp+0x6c>
100096e0:	f8de 4000 	ldr.w	r4, [lr]
100096e4:	4619      	mov	r1, r3
100096e6:	f853 5b04 	ldr.w	r5, [r3], #4
100096ea:	4670      	mov	r0, lr
100096ec:	f1a4 3c01 	sub.w	ip, r4, #16843009	@ 0x1010101
100096f0:	f10e 0e04 	add.w	lr, lr, #4
100096f4:	42ac      	cmp	r4, r5
100096f6:	ea2c 0c04 	bic.w	ip, ip, r4
100096fa:	d0ea      	beq.n	100096d2 <strncmp+0x16>
100096fc:	7803      	ldrb	r3, [r0, #0]
100096fe:	3a01      	subs	r2, #1
10009700:	780c      	ldrb	r4, [r1, #0]
10009702:	42a3      	cmp	r3, r4
10009704:	d10e      	bne.n	10009724 <strncmp+0x68>
10009706:	4402      	add	r2, r0
10009708:	e006      	b.n	10009718 <strncmp+0x5c>
1000970a:	b13b      	cbz	r3, 1000971c <strncmp+0x60>
1000970c:	f810 3f01 	ldrb.w	r3, [r0, #1]!
10009710:	f811 4f01 	ldrb.w	r4, [r1, #1]!
10009714:	42a3      	cmp	r3, r4
10009716:	d105      	bne.n	10009724 <strncmp+0x68>
10009718:	4290      	cmp	r0, r2
1000971a:	d1f6      	bne.n	1000970a <strncmp+0x4e>
1000971c:	2000      	movs	r0, #0
1000971e:	bd30      	pop	{r4, r5, pc}
10009720:	4610      	mov	r0, r2
10009722:	4770      	bx	lr
10009724:	1b18      	subs	r0, r3, r4
10009726:	bd30      	pop	{r4, r5, pc}
10009728:	4670      	mov	r0, lr
1000972a:	4619      	mov	r1, r3
1000972c:	e7e6      	b.n	100096fc <strncmp+0x40>
1000972e:	bf00      	nop

10009730 <memcpy>:
10009730:	4684      	mov	ip, r0
10009732:	ea41 0300 	orr.w	r3, r1, r0
10009736:	f013 0303 	ands.w	r3, r3, #3
1000973a:	d149      	bne.n	100097d0 <memcpy+0xa0>
1000973c:	3a40      	subs	r2, #64	@ 0x40
1000973e:	d323      	bcc.n	10009788 <memcpy+0x58>
10009740:	680b      	ldr	r3, [r1, #0]
10009742:	6003      	str	r3, [r0, #0]
10009744:	684b      	ldr	r3, [r1, #4]
10009746:	6043      	str	r3, [r0, #4]
10009748:	688b      	ldr	r3, [r1, #8]
1000974a:	6083      	str	r3, [r0, #8]
1000974c:	68cb      	ldr	r3, [r1, #12]
1000974e:	60c3      	str	r3, [r0, #12]
10009750:	690b      	ldr	r3, [r1, #16]
10009752:	6103      	str	r3, [r0, #16]
10009754:	694b      	ldr	r3, [r1, #20]
10009756:	6143      	str	r3, [r0, #20]
10009758:	698b      	ldr	r3, [r1, #24]
1000975a:	6183      	str	r3, [r0, #24]
1000975c:	69cb      	ldr	r3, [r1, #28]
1000975e:	61c3      	str	r3, [r0, #28]
10009760:	6a0b      	ldr	r3, [r1, #32]
10009762:	6203      	str	r3, [r0, #32]
10009764:	6a4b      	ldr	r3, [r1, #36]	@ 0x24
10009766:	6243      	str	r3, [r0, #36]	@ 0x24
10009768:	6a8b      	ldr	r3, [r1, #40]	@ 0x28
1000976a:	6283      	str	r3, [r0, #40]	@ 0x28
1000976c:	6acb      	ldr	r3, [r1, #44]	@ 0x2c
1000976e:	62c3      	str	r3, [r0, #44]	@ 0x2c
10009770:	6b0b      	ldr	r3, [r1, #48]	@ 0x30
10009772:	6303      	str	r3, [r0, #48]	@ 0x30
10009774:	6b4b      	ldr	r3, [r1, #52]	@ 0x34
10009776:	6343      	str	r3, [r0, #52]	@ 0x34
10009778:	6b8b      	ldr	r3, [r1, #56]	@ 0x38
1000977a:	6383      	str	r3, [r0, #56]	@ 0x38
1000977c:	6bcb      	ldr	r3, [r1, #60]	@ 0x3c
1000977e:	63c3      	str	r3, [r0, #60]	@ 0x3c
10009780:	3040      	adds	r0, #64	@ 0x40
10009782:	3140      	adds	r1, #64	@ 0x40
10009784:	3a40      	subs	r2, #64	@ 0x40
10009786:	d2db      	bcs.n	10009740 <memcpy+0x10>
10009788:	3230      	adds	r2, #48	@ 0x30
1000978a:	d30b      	bcc.n	100097a4 <memcpy+0x74>
1000978c:	680b      	ldr	r3, [r1, #0]
1000978e:	6003      	str	r3, [r0, #0]
10009790:	684b      	ldr	r3, [r1, #4]
10009792:	6043      	str	r3, [r0, #4]
10009794:	688b      	ldr	r3, [r1, #8]
10009796:	6083      	str	r3, [r0, #8]
10009798:	68cb      	ldr	r3, [r1, #12]
1000979a:	60c3      	str	r3, [r0, #12]
1000979c:	3010      	adds	r0, #16
1000979e:	3110      	adds	r1, #16
100097a0:	3a10      	subs	r2, #16
100097a2:	d2f3      	bcs.n	1000978c <memcpy+0x5c>
100097a4:	320c      	adds	r2, #12
100097a6:	d305      	bcc.n	100097b4 <memcpy+0x84>
100097a8:	f851 3b04 	ldr.w	r3, [r1], #4
100097ac:	f840 3b04 	str.w	r3, [r0], #4
100097b0:	3a04      	subs	r2, #4
100097b2:	d2f9      	bcs.n	100097a8 <memcpy+0x78>
100097b4:	3204      	adds	r2, #4
100097b6:	d008      	beq.n	100097ca <memcpy+0x9a>
100097b8:	07d2      	lsls	r2, r2, #31
100097ba:	bf1c      	itt	ne
100097bc:	f811 3b01 	ldrbne.w	r3, [r1], #1
100097c0:	f800 3b01 	strbne.w	r3, [r0], #1
100097c4:	d301      	bcc.n	100097ca <memcpy+0x9a>
100097c6:	880b      	ldrh	r3, [r1, #0]
100097c8:	8003      	strh	r3, [r0, #0]
100097ca:	4660      	mov	r0, ip
100097cc:	4770      	bx	lr
100097ce:	bf00      	nop
100097d0:	2a08      	cmp	r2, #8
100097d2:	d313      	bcc.n	100097fc <memcpy+0xcc>
100097d4:	078b      	lsls	r3, r1, #30
100097d6:	d0b1      	beq.n	1000973c <memcpy+0xc>
100097d8:	f010 0303 	ands.w	r3, r0, #3
100097dc:	d0ae      	beq.n	1000973c <memcpy+0xc>
100097de:	f1c3 0304 	rsb	r3, r3, #4
100097e2:	1ad2      	subs	r2, r2, r3
100097e4:	07db      	lsls	r3, r3, #31
100097e6:	bf1c      	itt	ne
100097e8:	f811 3b01 	ldrbne.w	r3, [r1], #1
100097ec:	f800 3b01 	strbne.w	r3, [r0], #1
100097f0:	d3a4      	bcc.n	1000973c <memcpy+0xc>
100097f2:	f831 3b02 	ldrh.w	r3, [r1], #2
100097f6:	f820 3b02 	strh.w	r3, [r0], #2
100097fa:	e79f      	b.n	1000973c <memcpy+0xc>
100097fc:	3a04      	subs	r2, #4
100097fe:	d3d9      	bcc.n	100097b4 <memcpy+0x84>
10009800:	3a01      	subs	r2, #1
10009802:	f811 3b01 	ldrb.w	r3, [r1], #1
10009806:	f800 3b01 	strb.w	r3, [r0], #1
1000980a:	d2f9      	bcs.n	10009800 <memcpy+0xd0>
1000980c:	780b      	ldrb	r3, [r1, #0]
1000980e:	7003      	strb	r3, [r0, #0]
10009810:	784b      	ldrb	r3, [r1, #1]
10009812:	7043      	strb	r3, [r0, #1]
10009814:	788b      	ldrb	r3, [r1, #2]
10009816:	7083      	strb	r3, [r0, #2]
10009818:	4660      	mov	r0, ip
1000981a:	4770      	bx	lr

1000981c <strlen>:
1000981c:	f020 0103 	bic.w	r1, r0, #3
10009820:	f010 0003 	ands.w	r0, r0, #3
10009824:	f1c0 0000 	rsb	r0, r0, #0
10009828:	f851 3b04 	ldr.w	r3, [r1], #4
1000982c:	f100 0c04 	add.w	ip, r0, #4
10009830:	ea4f 0ccc 	mov.w	ip, ip, lsl #3
10009834:	f06f 0200 	mvn.w	r2, #0
10009838:	bf1c      	itt	ne
1000983a:	fa22 f20c 	lsrne.w	r2, r2, ip
1000983e:	4313      	orrne	r3, r2
10009840:	f04f 0c01 	mov.w	ip, #1
10009844:	ea4c 2c0c 	orr.w	ip, ip, ip, lsl #8
10009848:	ea4c 4c0c 	orr.w	ip, ip, ip, lsl #16
1000984c:	eba3 020c 	sub.w	r2, r3, ip
10009850:	ea22 0203 	bic.w	r2, r2, r3
10009854:	ea12 12cc 	ands.w	r2, r2, ip, lsl #7
10009858:	bf04      	itt	eq
1000985a:	f851 3b04 	ldreq.w	r3, [r1], #4
1000985e:	3004      	addeq	r0, #4
10009860:	d0f4      	beq.n	1000984c <strlen+0x30>
10009862:	f1c2 0100 	rsb	r1, r2, #0
10009866:	ea02 0201 	and.w	r2, r2, r1
1000986a:	fab2 f282 	clz	r2, r2
1000986e:	f1c2 021f 	rsb	r2, r2, #31
10009872:	eb00 00d2 	add.w	r0, r0, r2, lsr #3
10009876:	4770      	bx	lr

10009878 <_fini>:
10009878:	b5f8      	push	{r3, r4, r5, r6, r7, lr}
1000987a:	bf00      	nop
1000987c:	0000      	movs	r0, r0
	...

10009880 <__hw_endpoint_reset_transfer_veneer>:
10009880:	f85f f000 	ldr.w	pc, [pc]	@ 10009884 <__hw_endpoint_reset_transfer_veneer+0x4>
10009884:	20000923 	.word	0x20000923

10009888 <__e15_is_bulkin_ep_veneer>:
10009888:	f85f f000 	ldr.w	pc, [pc]	@ 1000988c <__e15_is_bulkin_ep_veneer+0x4>
1000988c:	20000829 	.word	0x20000829

10009890 <__reset_non_control_endpoints_veneer>:
10009890:	f85f f000 	ldr.w	pc, [pc]	@ 10009894 <__reset_non_control_endpoints_veneer+0x4>
10009894:	20000501 	.word	0x20000501

10009898 <__mutex_enter_timeout_ms_veneer>:
10009898:	f85f f000 	ldr.w	pc, [pc]	@ 1000989c <__mutex_enter_timeout_ms_veneer+0x4>
1000989c:	200003d3 	.word	0x200003d3

100098a0 <__hw_endpoint_start_next_buffer_veneer>:
100098a0:	f85f f000 	ldr.w	pc, [pc]	@ 100098a4 <__hw_endpoint_start_next_buffer_veneer+0x4>
100098a4:	2000097d 	.word	0x2000097d

100098a8 <____aeabi_uldivmod_veneer>:
100098a8:	f85f f000 	ldr.w	pc, [pc]	@ 100098ac <____aeabi_uldivmod_veneer+0x4>
100098ac:	20000c85 	.word	0x20000c85

100098b0 <__mutex_exit_veneer>:
100098b0:	f85f f000 	ldr.w	pc, [pc]	@ 100098b4 <__mutex_exit_veneer+0x4>
100098b4:	20000425 	.word	0x20000425

100098b8 <___hw_endpoint_buffer_control_update32_veneer>:
100098b8:	f85f f000 	ldr.w	pc, [pc]	@ 100098bc <___hw_endpoint_buffer_control_update32_veneer+0x4>
100098bc:	20000931 	.word	0x20000931

100098c0 <__mutex_try_enter_block_until_veneer>:
100098c0:	f85f f000 	ldr.w	pc, [pc]	@ 100098c4 <__mutex_try_enter_block_until_veneer+0x4>
100098c4:	200003a1 	.word	0x200003a1

100098c8 <__recursive_mutex_exit_veneer>:
100098c8:	f85f f000 	ldr.w	pc, [pc]	@ 100098cc <__recursive_mutex_exit_veneer+0x4>
100098cc:	2000047d 	.word	0x2000047d

100098d0 <__recursive_mutex_enter_blocking_veneer>:
100098d0:	f85f f000 	ldr.w	pc, [pc]	@ 100098d4 <__recursive_mutex_enter_blocking_veneer+0x4>
100098d4:	200001c9 	.word	0x200001c9

100098d8 <__recursive_mutex_try_enter_veneer>:
100098d8:	f85f f000 	ldr.w	pc, [pc]	@ 100098dc <__recursive_mutex_try_enter_veneer+0x4>
100098dc:	200002a1 	.word	0x200002a1

100098e0 <__mutex_try_enter_veneer>:
100098e0:	f85f f000 	ldr.w	pc, [pc]	@ 100098e4 <__mutex_try_enter_veneer+0x4>
100098e4:	20000249 	.word	0x20000249

100098e8 <__sem_acquire_block_until_veneer>:
100098e8:	f85f f000 	ldr.w	pc, [pc]	@ 100098ec <__sem_acquire_block_until_veneer+0x4>
100098ec:	20000111 	.word	0x20000111

100098f0 <__sem_release_veneer>:
100098f0:	f85f f000 	ldr.w	pc, [pc]	@ 100098f4 <__sem_release_veneer+0x4>
100098f4:	20000175 	.word	0x20000175

100098f8 <__e15_is_critical_frame_period_veneer>:
100098f8:	f85f f000 	ldr.w	pc, [pc]	@ 100098fc <__e15_is_critical_frame_period_veneer+0x4>
100098fc:	20000855 	.word	0x20000855

10009900 <__pre_init_runtime_init_bootrom_reset>:
10009900:	10001ae5                                ....

10009904 <__pre_init_runtime_init_early_resets>:
10009904:	10001a5d                                ]...

10009908 <__pre_init_runtime_init_usb_power_down>:
10009908:	10001a89                                ....

1000990c <__pre_init_runtime_init_clocks>:
1000990c:	10001b81                                ....

10009910 <__pre_init_runtime_init_post_clock_resets>:
10009910:	10001ac5                                ....

10009914 <__pre_init_runtime_init_boot_locks_reset>:
10009914:	10001a01                                ....

10009918 <__pre_init_runtime_init_spin_locks_reset>:
10009918:	10001b09                                ....

1000991c <__pre_init_runtime_init_bootrom_locking_enable>:
1000991c:	100019cd                                ....

10009920 <__pre_init_runtime_init_mutex>:
10009920:	10000d75                                u...

10009924 <__pre_init_runtime_init_install_ram_vector_table>:
10009924:	10001b11                                ....

10009928 <__pre_init_runtime_init_default_alarm_pool>:
10009928:	100015e5                                ....

1000992c <__pre_init_first_per_core_initializer>:
1000992c:	10001a49                                I...

10009930 <__pre_init_runtime_init_per_core_bootrom_reset>:
10009930:	10001af7                                ....

10009934 <__pre_init_runtime_init_per_core_enable_coprocessors>:
10009934:	10001aa9                                ....

10009938 <__pre_init_spinlock_set_extexclall>:
10009938:	100005b9                                ....

1000993c <__pre_init_runtime_init_per_core_irq_priorities>:
1000993c:	10000611                                ....

10009940 <__init_array_start>:
10009940:	10003985 	.word	0x10003985

10009944 <__frame_dummy_init_array_entry>:
10009944:	10000211                                ....

Disassembly of section .data:

20000110 <sem_acquire_block_until>:
20000110:	b570      	push	{r4, r5, r6, lr}
20000112:	4604      	mov	r4, r0
20000114:	4616      	mov	r6, r2
20000116:	461d      	mov	r5, r3
20000118:	6821      	ldr	r1, [r4, #0]
2000011a:	f3ef 8c10 	mrs	ip, PRIMASK
2000011e:	b672      	cpsid	i
20000120:	e8d1 2fcf 	ldaexb	r2, [r1]
20000124:	2301      	movs	r3, #1
20000126:	2a00      	cmp	r2, #0
20000128:	d1fa      	bne.n	20000120 <sem_acquire_block_until+0x10>
2000012a:	e8c1 3f42 	strexb	r2, r3, [r1]
2000012e:	2a00      	cmp	r2, #0
20000130:	d1f6      	bne.n	20000120 <sem_acquire_block_until+0x10>
20000132:	f3bf 8f5f 	dmb	sy
20000136:	f9b4 e004 	ldrsh.w	lr, [r4, #4]
2000013a:	f1be 0f00 	cmp.w	lr, #0
2000013e:	dc0d      	bgt.n	2000015c <sem_acquire_block_until+0x4c>
20000140:	6822      	ldr	r2, [r4, #0]
20000142:	2300      	movs	r3, #0
20000144:	e8c2 3f8f 	stlb	r3, [r2]
20000148:	f38c 8810 	msr	PRIMASK, ip
2000014c:	4630      	mov	r0, r6
2000014e:	4629      	mov	r1, r5
20000150:	f000 ff62 	bl	20001018 <__best_effort_wfe_or_timeout_veneer>
20000154:	2800      	cmp	r0, #0
20000156:	d0df      	beq.n	20000118 <sem_acquire_block_until+0x8>
20000158:	2000      	movs	r0, #0
2000015a:	e00a      	b.n	20000172 <sem_acquire_block_until+0x62>
2000015c:	f10e 3eff 	add.w	lr, lr, #4294967295	@ 0xffffffff
20000160:	f8a4 e004 	strh.w	lr, [r4, #4]
20000164:	6822      	ldr	r2, [r4, #0]
20000166:	2300      	movs	r3, #0
20000168:	e8c2 3f8f 	stlb	r3, [r2]
2000016c:	f38c 8810 	msr	PRIMASK, ip
20000170:	2001      	movs	r0, #1
20000172:	bd70      	pop	{r4, r5, r6, pc}

20000174 <sem_release>:
20000174:	6802      	ldr	r2, [r0, #0]
20000176:	f3ef 8310 	mrs	r3, PRIMASK
2000017a:	b672      	cpsid	i
2000017c:	e8d2 cfcf 	ldaexb	ip, [r2]
20000180:	2101      	movs	r1, #1
20000182:	f1bc 0f00 	cmp.w	ip, #0
20000186:	d1f9      	bne.n	2000017c <sem_release+0x8>
20000188:	e8c2 1f4c 	strexb	ip, r1, [r2]
2000018c:	f1bc 0f00 	cmp.w	ip, #0
20000190:	d1f4      	bne.n	2000017c <sem_release+0x8>
20000192:	f3bf 8f5f 	dmb	sy
20000196:	f9b0 2004 	ldrsh.w	r2, [r0, #4]
2000019a:	f9b0 1006 	ldrsh.w	r1, [r0, #6]
2000019e:	428a      	cmp	r2, r1
200001a0:	da0a      	bge.n	200001b8 <sem_release+0x44>
200001a2:	3201      	adds	r2, #1
200001a4:	8082      	strh	r2, [r0, #4]
200001a6:	6801      	ldr	r1, [r0, #0]
200001a8:	2200      	movs	r2, #0
200001aa:	e8c1 2f8f 	stlb	r2, [r1]
200001ae:	f383 8810 	msr	PRIMASK, r3
200001b2:	bf40      	sev
200001b4:	2001      	movs	r0, #1
200001b6:	4770      	bx	lr
200001b8:	6802      	ldr	r2, [r0, #0]
200001ba:	2000      	movs	r0, #0
200001bc:	e8c2 0f8f 	stlb	r0, [r2]
200001c0:	f383 8810 	msr	PRIMASK, r3
200001c4:	4770      	bx	lr
	...

200001c8 <recursive_mutex_enter_blocking>:
200001c8:	b508      	push	{r3, lr}
200001ca:	f04f 4350 	mov.w	r3, #3489660928	@ 0xd0000000
200001ce:	f993 c000 	ldrsb.w	ip, [r3]
200001d2:	e00c      	b.n	200001ee <recursive_mutex_enter_blocking+0x26>
200001d4:	4b19      	ldr	r3, [pc, #100]	@ (2000023c <recursive_mutex_enter_blocking+0x74>)
200001d6:	4a1a      	ldr	r2, [pc, #104]	@ (20000240 <recursive_mutex_enter_blocking+0x78>)
200001d8:	2159      	movs	r1, #89	@ 0x59
200001da:	481a      	ldr	r0, [pc, #104]	@ (20000244 <recursive_mutex_enter_blocking+0x7c>)
200001dc:	f000 ff14 	bl	20001008 <____assert_func_veneer>
200001e0:	6801      	ldr	r1, [r0, #0]
200001e2:	2200      	movs	r2, #0
200001e4:	e8c1 2f8f 	stlb	r2, [r1]
200001e8:	f383 8810 	msr	PRIMASK, r3
200001ec:	bf20      	wfe
200001ee:	6802      	ldr	r2, [r0, #0]
200001f0:	f3ef 8310 	mrs	r3, PRIMASK
200001f4:	b672      	cpsid	i
200001f6:	e8d2 efcf 	ldaexb	lr, [r2]
200001fa:	2101      	movs	r1, #1
200001fc:	f1be 0f00 	cmp.w	lr, #0
20000200:	d1f9      	bne.n	200001f6 <recursive_mutex_enter_blocking+0x2e>
20000202:	e8c2 1f4e 	strexb	lr, r1, [r2]
20000206:	f1be 0f00 	cmp.w	lr, #0
2000020a:	d1f4      	bne.n	200001f6 <recursive_mutex_enter_blocking+0x2e>
2000020c:	f3bf 8f5f 	dmb	sy
20000210:	f990 2004 	ldrsb.w	r2, [r0, #4]
20000214:	4562      	cmp	r2, ip
20000216:	d001      	beq.n	2000021c <recursive_mutex_enter_blocking+0x54>
20000218:	2a00      	cmp	r2, #0
2000021a:	dae1      	bge.n	200001e0 <recursive_mutex_enter_blocking+0x18>
2000021c:	f880 c004 	strb.w	ip, [r0, #4]
20000220:	7942      	ldrb	r2, [r0, #5]
20000222:	3201      	adds	r2, #1
20000224:	b2d2      	uxtb	r2, r2
20000226:	7142      	strb	r2, [r0, #5]
20000228:	6800      	ldr	r0, [r0, #0]
2000022a:	2100      	movs	r1, #0
2000022c:	e8c0 1f8f 	stlb	r1, [r0]
20000230:	f383 8810 	msr	PRIMASK, r3
20000234:	2a00      	cmp	r2, #0
20000236:	d0cd      	beq.n	200001d4 <recursive_mutex_enter_blocking+0xc>
20000238:	bd08      	pop	{r3, pc}
2000023a:	bf00      	nop
2000023c:	10009d60 	.word	0x10009d60
20000240:	1000b1b0 	.word	0x1000b1b0
20000244:	10009d20 	.word	0x10009d20

20000248 <mutex_try_enter>:
20000248:	b500      	push	{lr}
2000024a:	4603      	mov	r3, r0
2000024c:	6800      	ldr	r0, [r0, #0]
2000024e:	f3ef 8210 	mrs	r2, PRIMASK
20000252:	b672      	cpsid	i
20000254:	e8d0 efcf 	ldaexb	lr, [r0]
20000258:	f05f 0c01 	movs.w	ip, #1
2000025c:	f1be 0f00 	cmp.w	lr, #0
20000260:	d1f8      	bne.n	20000254 <mutex_try_enter+0xc>
20000262:	e8c0 cf4e 	strexb	lr, ip, [r0]
20000266:	f1be 0f00 	cmp.w	lr, #0
2000026a:	d1f3      	bne.n	20000254 <mutex_try_enter+0xc>
2000026c:	f3bf 8f5f 	dmb	sy
20000270:	f993 0004 	ldrsb.w	r0, [r3, #4]
20000274:	2800      	cmp	r0, #0
20000276:	db0a      	blt.n	2000028e <mutex_try_enter+0x46>
20000278:	b181      	cbz	r1, 2000029c <mutex_try_enter+0x54>
2000027a:	6008      	str	r0, [r1, #0]
2000027c:	2000      	movs	r0, #0
2000027e:	6819      	ldr	r1, [r3, #0]
20000280:	2300      	movs	r3, #0
20000282:	e8c1 3f8f 	stlb	r3, [r1]
20000286:	f382 8810 	msr	PRIMASK, r2
2000028a:	f85d fb04 	ldr.w	pc, [sp], #4
2000028e:	f04f 4150 	mov.w	r1, #3489660928	@ 0xd0000000
20000292:	f991 1000 	ldrsb.w	r1, [r1]
20000296:	7119      	strb	r1, [r3, #4]
20000298:	2001      	movs	r0, #1
2000029a:	e7f0      	b.n	2000027e <mutex_try_enter+0x36>
2000029c:	2000      	movs	r0, #0
2000029e:	e7ee      	b.n	2000027e <mutex_try_enter+0x36>

200002a0 <recursive_mutex_try_enter>:
200002a0:	b510      	push	{r4, lr}
200002a2:	4603      	mov	r3, r0
200002a4:	f04f 4250 	mov.w	r2, #3489660928	@ 0xd0000000
200002a8:	f992 e000 	ldrsb.w	lr, [r2]
200002ac:	6800      	ldr	r0, [r0, #0]
200002ae:	f3ef 8210 	mrs	r2, PRIMASK
200002b2:	b672      	cpsid	i
200002b4:	4694      	mov	ip, r2
200002b6:	e8d0 4fcf 	ldaexb	r4, [r0]
200002ba:	2201      	movs	r2, #1
200002bc:	2c00      	cmp	r4, #0
200002be:	d1fa      	bne.n	200002b6 <recursive_mutex_try_enter+0x16>
200002c0:	e8c0 2f44 	strexb	r4, r2, [r0]
200002c4:	2c00      	cmp	r4, #0
200002c6:	d1f6      	bne.n	200002b6 <recursive_mutex_try_enter+0x16>
200002c8:	f3bf 8f5f 	dmb	sy
200002cc:	f993 2004 	ldrsb.w	r2, [r3, #4]
200002d0:	2a00      	cmp	r2, #0
200002d2:	db05      	blt.n	200002e0 <recursive_mutex_try_enter+0x40>
200002d4:	4572      	cmp	r2, lr
200002d6:	d003      	beq.n	200002e0 <recursive_mutex_try_enter+0x40>
200002d8:	b1b9      	cbz	r1, 2000030a <recursive_mutex_try_enter+0x6a>
200002da:	600a      	str	r2, [r1, #0]
200002dc:	2000      	movs	r0, #0
200002de:	e007      	b.n	200002f0 <recursive_mutex_try_enter+0x50>
200002e0:	f883 e004 	strb.w	lr, [r3, #4]
200002e4:	795a      	ldrb	r2, [r3, #5]
200002e6:	3201      	adds	r2, #1
200002e8:	b2d2      	uxtb	r2, r2
200002ea:	715a      	strb	r2, [r3, #5]
200002ec:	b13a      	cbz	r2, 200002fe <recursive_mutex_try_enter+0x5e>
200002ee:	2001      	movs	r0, #1
200002f0:	681a      	ldr	r2, [r3, #0]
200002f2:	2300      	movs	r3, #0
200002f4:	e8c2 3f8f 	stlb	r3, [r2]
200002f8:	f38c 8810 	msr	PRIMASK, ip
200002fc:	bd10      	pop	{r4, pc}
200002fe:	4b04      	ldr	r3, [pc, #16]	@ (20000310 <recursive_mutex_try_enter+0x70>)
20000300:	4a04      	ldr	r2, [pc, #16]	@ (20000314 <recursive_mutex_try_enter+0x74>)
20000302:	2186      	movs	r1, #134	@ 0x86
20000304:	4804      	ldr	r0, [pc, #16]	@ (20000318 <recursive_mutex_try_enter+0x78>)
20000306:	f000 fe7f 	bl	20001008 <____assert_func_veneer>
2000030a:	2000      	movs	r0, #0
2000030c:	e7f0      	b.n	200002f0 <recursive_mutex_try_enter+0x50>
2000030e:	bf00      	nop
20000310:	10009d60 	.word	0x10009d60
20000314:	1000b194 	.word	0x1000b194
20000318:	10009d20 	.word	0x10009d20

2000031c <mutex_enter_block_until>:
2000031c:	b5f8      	push	{r3, r4, r5, r6, r7, lr}
2000031e:	461e      	mov	r6, r3
20000320:	6803      	ldr	r3, [r0, #0]
20000322:	2b00      	cmp	r3, #0
20000324:	d027      	beq.n	20000376 <mutex_enter_block_until+0x5a>
20000326:	4604      	mov	r4, r0
20000328:	4615      	mov	r5, r2
2000032a:	f04f 4350 	mov.w	r3, #3489660928	@ 0xd0000000
2000032e:	f993 7000 	ldrsb.w	r7, [r3]
20000332:	6821      	ldr	r1, [r4, #0]
20000334:	f3ef 8c10 	mrs	ip, PRIMASK
20000338:	b672      	cpsid	i
2000033a:	e8d1 2fcf 	ldaexb	r2, [r1]
2000033e:	2301      	movs	r3, #1
20000340:	2a00      	cmp	r2, #0
20000342:	d1fa      	bne.n	2000033a <mutex_enter_block_until+0x1e>
20000344:	e8c1 3f42 	strexb	r2, r3, [r1]
20000348:	2a00      	cmp	r2, #0
2000034a:	d1f6      	bne.n	2000033a <mutex_enter_block_until+0x1e>
2000034c:	f3bf 8f5f 	dmb	sy
20000350:	f994 e004 	ldrsb.w	lr, [r4, #4]
20000354:	f1be 0f00 	cmp.w	lr, #0
20000358:	db13      	blt.n	20000382 <mutex_enter_block_until+0x66>
2000035a:	6822      	ldr	r2, [r4, #0]
2000035c:	2300      	movs	r3, #0
2000035e:	e8c2 3f8f 	stlb	r3, [r2]
20000362:	f38c 8810 	msr	PRIMASK, ip
20000366:	4628      	mov	r0, r5
20000368:	4631      	mov	r1, r6
2000036a:	f000 fe55 	bl	20001018 <__best_effort_wfe_or_timeout_veneer>
2000036e:	2800      	cmp	r0, #0
20000370:	d0df      	beq.n	20000332 <mutex_enter_block_until+0x16>
20000372:	2000      	movs	r0, #0
20000374:	e00d      	b.n	20000392 <mutex_enter_block_until+0x76>
20000376:	4b07      	ldr	r3, [pc, #28]	@ (20000394 <mutex_enter_block_until+0x78>)
20000378:	4a07      	ldr	r2, [pc, #28]	@ (20000398 <mutex_enter_block_until+0x7c>)
2000037a:	21a6      	movs	r1, #166	@ 0xa6
2000037c:	4807      	ldr	r0, [pc, #28]	@ (2000039c <mutex_enter_block_until+0x80>)
2000037e:	f000 fe43 	bl	20001008 <____assert_func_veneer>
20000382:	7127      	strb	r7, [r4, #4]
20000384:	6822      	ldr	r2, [r4, #0]
20000386:	2300      	movs	r3, #0
20000388:	e8c2 3f8f 	stlb	r3, [r2]
2000038c:	f38c 8810 	msr	PRIMASK, ip
20000390:	2001      	movs	r0, #1
20000392:	bdf8      	pop	{r3, r4, r5, r6, r7, pc}
20000394:	10009d68 	.word	0x10009d68
20000398:	1000b17c 	.word	0x1000b17c
2000039c:	10009d20 	.word	0x10009d20

200003a0 <mutex_try_enter_block_until>:
200003a0:	b570      	push	{r4, r5, r6, lr}
200003a2:	b082      	sub	sp, #8
200003a4:	4606      	mov	r6, r0
200003a6:	4615      	mov	r5, r2
200003a8:	461c      	mov	r4, r3
200003aa:	a901      	add	r1, sp, #4
200003ac:	f7ff ff4c 	bl	20000248 <mutex_try_enter>
200003b0:	b938      	cbnz	r0, 200003c2 <mutex_try_enter_block_until+0x22>
200003b2:	f99d 2004 	ldrsb.w	r2, [sp, #4]
200003b6:	f04f 4350 	mov.w	r3, #3489660928	@ 0xd0000000
200003ba:	f993 3000 	ldrsb.w	r3, [r3]
200003be:	429a      	cmp	r2, r3
200003c0:	d101      	bne.n	200003c6 <mutex_try_enter_block_until+0x26>
200003c2:	b002      	add	sp, #8
200003c4:	bd70      	pop	{r4, r5, r6, pc}
200003c6:	462a      	mov	r2, r5
200003c8:	4623      	mov	r3, r4
200003ca:	4630      	mov	r0, r6
200003cc:	f7ff ffa6 	bl	2000031c <mutex_enter_block_until>
200003d0:	e7f7      	b.n	200003c2 <mutex_try_enter_block_until+0x22>

200003d2 <mutex_enter_timeout_ms>:
200003d2:	b538      	push	{r3, r4, r5, lr}
200003d4:	4604      	mov	r4, r0
200003d6:	460d      	mov	r5, r1
200003d8:	f000 fe36 	bl	20001048 <__time_us_64_veneer>
200003dc:	0eeb      	lsrs	r3, r5, #27
200003de:	ea4f 1c45 	mov.w	ip, r5, lsl #5
200003e2:	ebbc 0c05 	subs.w	ip, ip, r5
200003e6:	f163 0300 	sbc.w	r3, r3, #0
200003ea:	009b      	lsls	r3, r3, #2
200003ec:	ea43 739c 	orr.w	r3, r3, ip, lsr #30
200003f0:	ea4f 0c8c 	mov.w	ip, ip, lsl #2
200003f4:	eb1c 0c05 	adds.w	ip, ip, r5
200003f8:	f143 0300 	adc.w	r3, r3, #0
200003fc:	00db      	lsls	r3, r3, #3
200003fe:	ea43 735c 	orr.w	r3, r3, ip, lsr #29
20000402:	ea4f 0ccc 	mov.w	ip, ip, lsl #3
20000406:	eb10 020c 	adds.w	r2, r0, ip
2000040a:	eb43 0301 	adc.w	r3, r3, r1
2000040e:	2b00      	cmp	r3, #0
20000410:	db03      	blt.n	2000041a <mutex_enter_timeout_ms+0x48>
20000412:	4620      	mov	r0, r4
20000414:	f7ff ff82 	bl	2000031c <mutex_enter_block_until>
20000418:	bd38      	pop	{r3, r4, r5, pc}
2000041a:	f04f 32ff 	mov.w	r2, #4294967295	@ 0xffffffff
2000041e:	f06f 4300 	mvn.w	r3, #2147483648	@ 0x80000000
20000422:	e7f6      	b.n	20000412 <mutex_enter_timeout_ms+0x40>

20000424 <mutex_exit>:
20000424:	b508      	push	{r3, lr}
20000426:	6802      	ldr	r2, [r0, #0]
20000428:	f3ef 8310 	mrs	r3, PRIMASK
2000042c:	b672      	cpsid	i
2000042e:	e8d2 cfcf 	ldaexb	ip, [r2]
20000432:	2101      	movs	r1, #1
20000434:	f1bc 0f00 	cmp.w	ip, #0
20000438:	d1f9      	bne.n	2000042e <mutex_exit+0xa>
2000043a:	e8c2 1f4c 	strexb	ip, r1, [r2]
2000043e:	f1bc 0f00 	cmp.w	ip, #0
20000442:	d1f4      	bne.n	2000042e <mutex_exit+0xa>
20000444:	f3bf 8f5f 	dmb	sy
20000448:	f990 2004 	ldrsb.w	r2, [r0, #4]
2000044c:	2a00      	cmp	r2, #0
2000044e:	db09      	blt.n	20000464 <mutex_exit+0x40>
20000450:	22ff      	movs	r2, #255	@ 0xff
20000452:	7102      	strb	r2, [r0, #4]
20000454:	6801      	ldr	r1, [r0, #0]
20000456:	2200      	movs	r2, #0
20000458:	e8c1 2f8f 	stlb	r2, [r1]
2000045c:	f383 8810 	msr	PRIMASK, r3
20000460:	bf40      	sev
20000462:	bd08      	pop	{r3, pc}
20000464:	4b02      	ldr	r3, [pc, #8]	@ (20000470 <mutex_exit+0x4c>)
20000466:	4a03      	ldr	r2, [pc, #12]	@ (20000474 <mutex_exit+0x50>)
20000468:	21d5      	movs	r1, #213	@ 0xd5
2000046a:	4803      	ldr	r0, [pc, #12]	@ (20000478 <mutex_exit+0x54>)
2000046c:	f000 fdcc 	bl	20001008 <____assert_func_veneer>
20000470:	10009d7c 	.word	0x10009d7c
20000474:	1000b170 	.word	0x1000b170
20000478:	10009d20 	.word	0x10009d20

2000047c <recursive_mutex_exit>:
2000047c:	b508      	push	{r3, lr}
2000047e:	6801      	ldr	r1, [r0, #0]
20000480:	f3ef 8310 	mrs	r3, PRIMASK
20000484:	b672      	cpsid	i
20000486:	461a      	mov	r2, r3
20000488:	e8d1 cfcf 	ldaexb	ip, [r1]
2000048c:	2301      	movs	r3, #1
2000048e:	f1bc 0f00 	cmp.w	ip, #0
20000492:	d1f9      	bne.n	20000488 <recursive_mutex_exit+0xc>
20000494:	e8c1 3f4c 	strexb	ip, r3, [r1]
20000498:	f1bc 0f00 	cmp.w	ip, #0
2000049c:	d1f4      	bne.n	20000488 <recursive_mutex_exit+0xc>
2000049e:	f3bf 8f5f 	dmb	sy
200004a2:	f990 3004 	ldrsb.w	r3, [r0, #4]
200004a6:	2b00      	cmp	r3, #0
200004a8:	db0f      	blt.n	200004ca <recursive_mutex_exit+0x4e>
200004aa:	7943      	ldrb	r3, [r0, #5]
200004ac:	b19b      	cbz	r3, 200004d6 <recursive_mutex_exit+0x5a>
200004ae:	3b01      	subs	r3, #1
200004b0:	b2db      	uxtb	r3, r3
200004b2:	7143      	strb	r3, [r0, #5]
200004b4:	b9ab      	cbnz	r3, 200004e2 <recursive_mutex_exit+0x66>
200004b6:	23ff      	movs	r3, #255	@ 0xff
200004b8:	7103      	strb	r3, [r0, #4]
200004ba:	6801      	ldr	r1, [r0, #0]
200004bc:	2300      	movs	r3, #0
200004be:	e8c1 3f8f 	stlb	r3, [r1]
200004c2:	f382 8810 	msr	PRIMASK, r2
200004c6:	bf40      	sev
200004c8:	bd08      	pop	{r3, pc}
200004ca:	4b09      	ldr	r3, [pc, #36]	@ (200004f0 <recursive_mutex_exit+0x74>)
200004cc:	4a09      	ldr	r2, [pc, #36]	@ (200004f4 <recursive_mutex_exit+0x78>)
200004ce:	21dc      	movs	r1, #220	@ 0xdc
200004d0:	4809      	ldr	r0, [pc, #36]	@ (200004f8 <recursive_mutex_exit+0x7c>)
200004d2:	f000 fd99 	bl	20001008 <____assert_func_veneer>
200004d6:	4b09      	ldr	r3, [pc, #36]	@ (200004fc <recursive_mutex_exit+0x80>)
200004d8:	4a06      	ldr	r2, [pc, #24]	@ (200004f4 <recursive_mutex_exit+0x78>)
200004da:	21dd      	movs	r1, #221	@ 0xdd
200004dc:	4806      	ldr	r0, [pc, #24]	@ (200004f8 <recursive_mutex_exit+0x7c>)
200004de:	f000 fd93 	bl	20001008 <____assert_func_veneer>
200004e2:	6801      	ldr	r1, [r0, #0]
200004e4:	2300      	movs	r3, #0
200004e6:	e8c1 3f8f 	stlb	r3, [r1]
200004ea:	f382 8810 	msr	PRIMASK, r2
200004ee:	e7eb      	b.n	200004c8 <recursive_mutex_exit+0x4c>
200004f0:	10009d7c 	.word	0x10009d7c
200004f4:	1000b158 	.word	0x1000b158
200004f8:	10009d20 	.word	0x10009d20
200004fc:	10009da0 	.word	0x10009da0

20000500 <reset_non_control_endpoints>:
20000500:	b508      	push	{r3, lr}
20000502:	2300      	movs	r3, #0
20000504:	e008      	b.n	20000518 <reset_non_control_endpoints+0x18>
20000506:	4a0a      	ldr	r2, [pc, #40]	@ (20000530 <reset_non_control_endpoints+0x30>)
20000508:	3301      	adds	r3, #1
2000050a:	2100      	movs	r1, #0
2000050c:	f842 1033 	str.w	r1, [r2, r3, lsl #3]
20000510:	eb02 02c3 	add.w	r2, r2, r3, lsl #3
20000514:	6051      	str	r1, [r2, #4]
20000516:	b2db      	uxtb	r3, r3
20000518:	2b0e      	cmp	r3, #14
2000051a:	d9f4      	bls.n	20000506 <reset_non_control_endpoints+0x6>
2000051c:	f44f 7270 	mov.w	r2, #960	@ 0x3c0
20000520:	2100      	movs	r1, #0
20000522:	4804      	ldr	r0, [pc, #16]	@ (20000534 <reset_non_control_endpoints+0x34>)
20000524:	f000 fd74 	bl	20001010 <__memset_veneer>
20000528:	4b03      	ldr	r3, [pc, #12]	@ (20000538 <reset_non_control_endpoints+0x38>)
2000052a:	4a04      	ldr	r2, [pc, #16]	@ (2000053c <reset_non_control_endpoints+0x3c>)
2000052c:	601a      	str	r2, [r3, #0]
2000052e:	bd08      	pop	{r3, pc}
20000530:	50100000 	.word	0x50100000
20000534:	20002278 	.word	0x20002278
20000538:	2000263c 	.word	0x2000263c
2000053c:	50100180 	.word	0x50100180

20000540 <hw_handle_buff_status>:
20000540:	e92d 43f0 	stmdb	sp!, {r4, r5, r6, r7, r8, r9, lr}
20000544:	b085      	sub	sp, #20
20000546:	4b1f      	ldr	r3, [pc, #124]	@ (200005c4 <hw_handle_buff_status+0x84>)
20000548:	6d9e      	ldr	r6, [r3, #88]	@ 0x58
2000054a:	2400      	movs	r4, #0
2000054c:	2501      	movs	r5, #1
2000054e:	e004      	b.n	2000055a <hw_handle_buff_status+0x1a>
20000550:	ea26 0605 	bic.w	r6, r6, r5
20000554:	006d      	lsls	r5, r5, #1
20000556:	3401      	adds	r4, #1
20000558:	b2e4      	uxtb	r4, r4
2000055a:	b386      	cbz	r6, 200005be <hw_handle_buff_status+0x7e>
2000055c:	2c1f      	cmp	r4, #31
2000055e:	d82e      	bhi.n	200005be <hw_handle_buff_status+0x7e>
20000560:	422e      	tst	r6, r5
20000562:	d0f7      	beq.n	20000554 <hw_handle_buff_status+0x14>
20000564:	4b18      	ldr	r3, [pc, #96]	@ (200005c8 <hw_handle_buff_status+0x88>)
20000566:	659d      	str	r5, [r3, #88]	@ 0x58
20000568:	ea4f 0954 	mov.w	r9, r4, lsr #1
2000056c:	f004 0701 	and.w	r7, r4, #1
20000570:	f087 0701 	eor.w	r7, r7, #1
20000574:	f004 03fe 	and.w	r3, r4, #254	@ 0xfe
20000578:	443b      	add	r3, r7
2000057a:	4a14      	ldr	r2, [pc, #80]	@ (200005cc <hw_handle_buff_status+0x8c>)
2000057c:	eb02 1843 	add.w	r8, r2, r3, lsl #5
20000580:	4640      	mov	r0, r8
20000582:	f000 fa33 	bl	200009ec <hw_endpoint_xfer_continue>
20000586:	2800      	cmp	r0, #0
20000588:	d0e2      	beq.n	20000550 <hw_handle_buff_status+0x10>
2000058a:	eb07 0749 	add.w	r7, r7, r9, lsl #1
2000058e:	4b0f      	ldr	r3, [pc, #60]	@ (200005cc <hw_handle_buff_status+0x8c>)
20000590:	eb03 1347 	add.w	r3, r3, r7, lsl #5
20000594:	7899      	ldrb	r1, [r3, #2]
20000596:	8ada      	ldrh	r2, [r3, #22]
20000598:	2300      	movs	r3, #0
2000059a:	f88d 3004 	strb.w	r3, [sp, #4]
2000059e:	2007      	movs	r0, #7
200005a0:	f88d 0005 	strb.w	r0, [sp, #5]
200005a4:	f88d 1008 	strb.w	r1, [sp, #8]
200005a8:	9203      	str	r2, [sp, #12]
200005aa:	f88d 3009 	strb.w	r3, [sp, #9]
200005ae:	2101      	movs	r1, #1
200005b0:	a801      	add	r0, sp, #4
200005b2:	f000 fa39 	bl	20000a28 <dcd_event_handler>
200005b6:	4640      	mov	r0, r8
200005b8:	f000 f9b3 	bl	20000922 <hw_endpoint_reset_transfer>
200005bc:	e7c8      	b.n	20000550 <hw_handle_buff_status+0x10>
200005be:	b005      	add	sp, #20
200005c0:	e8bd 83f0 	ldmia.w	sp!, {r4, r5, r6, r7, r8, r9, pc}
200005c4:	50110000 	.word	0x50110000
200005c8:	50113000 	.word	0x50113000
200005cc:	20002238 	.word	0x20002238

200005d0 <dcd_rp2040_irq>:
200005d0:	e92d 43f0 	stmdb	sp!, {r4, r5, r6, r7, r8, r9, lr}
200005d4:	b085      	sub	sp, #20
200005d6:	4b74      	ldr	r3, [pc, #464]	@ (200007a8 <dcd_rp2040_irq+0x1d8>)
200005d8:	f8d3 5098 	ldr.w	r5, [r3, #152]	@ 0x98
200005dc:	f415 3600 	ands.w	r6, r5, #131072	@ 0x20000
200005e0:	d047      	beq.n	20000672 <dcd_rp2040_irq+0xa2>
200005e2:	4b72      	ldr	r3, [pc, #456]	@ (200007ac <dcd_rp2040_irq+0x1dc>)
200005e4:	6a9a      	ldr	r2, [r3, #40]	@ 0x28
200005e6:	4b72      	ldr	r3, [pc, #456]	@ (200007b0 <dcd_rp2040_irq+0x1e0>)
200005e8:	601a      	str	r2, [r3, #0]
200005ea:	2400      	movs	r4, #0
200005ec:	4627      	mov	r7, r4
200005ee:	e00a      	b.n	20000606 <dcd_rp2040_irq+0x36>
200005f0:	4b70      	ldr	r3, [pc, #448]	@ (200007b4 <dcd_rp2040_irq+0x1e4>)
200005f2:	eb03 1384 	add.w	r3, r3, r4, lsl #6
200005f6:	2200      	movs	r2, #0
200005f8:	f883 203c 	strb.w	r2, [r3, #60]	@ 0x3c
200005fc:	f000 f9be 	bl	2000097c <hw_endpoint_start_next_buffer>
20000600:	4637      	mov	r7, r6
20000602:	3401      	adds	r4, #1
20000604:	b2e4      	uxtb	r4, r4
20000606:	2c0f      	cmp	r4, #15
20000608:	d819      	bhi.n	2000063e <dcd_rp2040_irq+0x6e>
2000060a:	01a2      	lsls	r2, r4, #6
2000060c:	f102 0020 	add.w	r0, r2, #32
20000610:	4b68      	ldr	r3, [pc, #416]	@ (200007b4 <dcd_rp2040_irq+0x1e4>)
20000612:	4418      	add	r0, r3
20000614:	4413      	add	r3, r2
20000616:	f893 303b 	ldrb.w	r3, [r3, #59]	@ 0x3b
2000061a:	2b02      	cmp	r3, #2
2000061c:	d1f1      	bne.n	20000602 <dcd_rp2040_irq+0x32>
2000061e:	4b65      	ldr	r3, [pc, #404]	@ (200007b4 <dcd_rp2040_irq+0x1e4>)
20000620:	eb03 1384 	add.w	r3, r3, r4, lsl #6
20000624:	f893 603a 	ldrb.w	r6, [r3, #58]	@ 0x3a
20000628:	2e00      	cmp	r6, #0
2000062a:	d0ea      	beq.n	20000602 <dcd_rp2040_irq+0x32>
2000062c:	4b61      	ldr	r3, [pc, #388]	@ (200007b4 <dcd_rp2040_irq+0x1e4>)
2000062e:	eb03 1384 	add.w	r3, r3, r4, lsl #6
20000632:	f893 303c 	ldrb.w	r3, [r3, #60]	@ 0x3c
20000636:	2b00      	cmp	r3, #0
20000638:	d1da      	bne.n	200005f0 <dcd_rp2040_irq+0x20>
2000063a:	4637      	mov	r7, r6
2000063c:	e7e1      	b.n	20000602 <dcd_rp2040_irq+0x32>
2000063e:	b93f      	cbnz	r7, 20000650 <dcd_rp2040_irq+0x80>
20000640:	4b5d      	ldr	r3, [pc, #372]	@ (200007b8 <dcd_rp2040_irq+0x1e8>)
20000642:	781b      	ldrb	r3, [r3, #0]
20000644:	b923      	cbnz	r3, 20000650 <dcd_rp2040_irq+0x80>
20000646:	4b5d      	ldr	r3, [pc, #372]	@ (200007bc <dcd_rp2040_irq+0x1ec>)
20000648:	f44f 3200 	mov.w	r2, #131072	@ 0x20000
2000064c:	f8c3 2090 	str.w	r2, [r3, #144]	@ 0x90
20000650:	4b55      	ldr	r3, [pc, #340]	@ (200007a8 <dcd_rp2040_irq+0x1d8>)
20000652:	6c9b      	ldr	r3, [r3, #72]	@ 0x48
20000654:	f3c3 030a 	ubfx	r3, r3, #0, #11
20000658:	2200      	movs	r2, #0
2000065a:	f88d 2004 	strb.w	r2, [sp, #4]
2000065e:	2203      	movs	r2, #3
20000660:	f88d 2005 	strb.w	r2, [sp, #5]
20000664:	9302      	str	r3, [sp, #8]
20000666:	2101      	movs	r1, #1
20000668:	a801      	add	r0, sp, #4
2000066a:	f000 f9dd 	bl	20000a28 <dcd_event_handler>
2000066e:	f44f 3600 	mov.w	r6, #131072	@ 0x20000
20000672:	f015 0f10 	tst.w	r5, #16
20000676:	d106      	bne.n	20000686 <dcd_rp2040_irq+0xb6>
20000678:	f415 3f80 	tst.w	r5, #65536	@ 0x10000
2000067c:	d049      	beq.n	20000712 <dcd_rp2040_irq+0x142>
2000067e:	f446 3680 	orr.w	r6, r6, #65536	@ 0x10000
20000682:	2400      	movs	r4, #0
20000684:	e023      	b.n	200006ce <dcd_rp2040_irq+0xfe>
20000686:	f046 0610 	orr.w	r6, r6, #16
2000068a:	f7ff ff59 	bl	20000540 <hw_handle_buff_status>
2000068e:	e7f3      	b.n	20000678 <dcd_rp2040_irq+0xa8>
20000690:	f04f 0802 	mov.w	r8, #2
20000694:	4b4a      	ldr	r3, [pc, #296]	@ (200007c0 <dcd_rp2040_irq+0x1f0>)
20000696:	f8c3 8060 	str.w	r8, [r3, #96]	@ 0x60
2000069a:	4b43      	ldr	r3, [pc, #268]	@ (200007a8 <dcd_rp2040_irq+0x1d8>)
2000069c:	6e5b      	ldr	r3, [r3, #100]	@ 0x64
2000069e:	ea38 0303 	bics.w	r3, r8, r3
200006a2:	d1fa      	bne.n	2000069a <dcd_rp2040_irq+0xca>
200006a4:	f44f 5240 	mov.w	r2, #12288	@ 0x3000
200006a8:	2100      	movs	r1, #0
200006aa:	4638      	mov	r0, r7
200006ac:	f000 f940 	bl	20000930 <_hw_endpoint_buffer_control_update32>
200006b0:	4638      	mov	r0, r7
200006b2:	f000 f936 	bl	20000922 <hw_endpoint_reset_transfer>
200006b6:	4b41      	ldr	r3, [pc, #260]	@ (200007bc <dcd_rp2040_irq+0x1ec>)
200006b8:	f8c3 8064 	str.w	r8, [r3, #100]	@ 0x64
200006bc:	f8c3 8060 	str.w	r8, [r3, #96]	@ 0x60
200006c0:	4b3c      	ldr	r3, [pc, #240]	@ (200007b4 <dcd_rp2040_irq+0x1e4>)
200006c2:	eb03 1349 	add.w	r3, r3, r9, lsl #5
200006c6:	2201      	movs	r2, #1
200006c8:	70da      	strb	r2, [r3, #3]
200006ca:	4414      	add	r4, r2
200006cc:	b2e4      	uxtb	r4, r4
200006ce:	2c01      	cmp	r4, #1
200006d0:	d80b      	bhi.n	200006ea <dcd_rp2040_irq+0x11a>
200006d2:	46a1      	mov	r9, r4
200006d4:	4f37      	ldr	r7, [pc, #220]	@ (200007b4 <dcd_rp2040_irq+0x1e4>)
200006d6:	eb07 1744 	add.w	r7, r7, r4, lsl #5
200006da:	7ebb      	ldrb	r3, [r7, #26]
200006dc:	2b00      	cmp	r3, #0
200006de:	d0ef      	beq.n	200006c0 <dcd_rp2040_irq+0xf0>
200006e0:	2c00      	cmp	r4, #0
200006e2:	d0d5      	beq.n	20000690 <dcd_rp2040_irq+0xc0>
200006e4:	f04f 0801 	mov.w	r8, #1
200006e8:	e7d4      	b.n	20000694 <dcd_rp2040_irq+0xc4>
200006ea:	2300      	movs	r3, #0
200006ec:	f88d 3004 	strb.w	r3, [sp, #4]
200006f0:	2306      	movs	r3, #6
200006f2:	f88d 3005 	strb.w	r3, [sp, #5]
200006f6:	4b33      	ldr	r3, [pc, #204]	@ (200007c4 <dcd_rp2040_irq+0x1f4>)
200006f8:	e893 0003 	ldmia.w	r3, {r0, r1}
200006fc:	ab04      	add	r3, sp, #16
200006fe:	e903 0003 	stmdb	r3, {r0, r1}
20000702:	2101      	movs	r1, #1
20000704:	a801      	add	r0, sp, #4
20000706:	f000 f98f 	bl	20000a28 <dcd_event_handler>
2000070a:	4b2c      	ldr	r3, [pc, #176]	@ (200007bc <dcd_rp2040_irq+0x1ec>)
2000070c:	f44f 3200 	mov.w	r2, #131072	@ 0x20000
20000710:	651a      	str	r2, [r3, #80]	@ 0x50
20000712:	f415 5f80 	tst.w	r5, #4096	@ 0x1000
20000716:	d10a      	bne.n	2000072e <dcd_rp2040_irq+0x15e>
20000718:	f415 4f80 	tst.w	r5, #16384	@ 0x4000
2000071c:	d11d      	bne.n	2000075a <dcd_rp2040_irq+0x18a>
2000071e:	f415 4f00 	tst.w	r5, #32768	@ 0x8000
20000722:	d12b      	bne.n	2000077c <dcd_rp2040_irq+0x1ac>
20000724:	42ae      	cmp	r6, r5
20000726:	d13a      	bne.n	2000079e <dcd_rp2040_irq+0x1ce>
20000728:	b005      	add	sp, #20
2000072a:	e8bd 83f0 	ldmia.w	sp!, {r4, r5, r6, r7, r8, r9, pc}
2000072e:	f446 5680 	orr.w	r6, r6, #4096	@ 0x1000
20000732:	2400      	movs	r4, #0
20000734:	4b1c      	ldr	r3, [pc, #112]	@ (200007a8 <dcd_rp2040_irq+0x1d8>)
20000736:	601c      	str	r4, [r3, #0]
20000738:	f7ff fee2 	bl	20000500 <reset_non_control_endpoints>
2000073c:	f88d 4004 	strb.w	r4, [sp, #4]
20000740:	2101      	movs	r1, #1
20000742:	f88d 1005 	strb.w	r1, [sp, #5]
20000746:	f88d 4008 	strb.w	r4, [sp, #8]
2000074a:	a801      	add	r0, sp, #4
2000074c:	f000 f96c 	bl	20000a28 <dcd_event_handler>
20000750:	4b1a      	ldr	r3, [pc, #104]	@ (200007bc <dcd_rp2040_irq+0x1ec>)
20000752:	f44f 2200 	mov.w	r2, #524288	@ 0x80000
20000756:	651a      	str	r2, [r3, #80]	@ 0x50
20000758:	e7de      	b.n	20000718 <dcd_rp2040_irq+0x148>
2000075a:	f446 4680 	orr.w	r6, r6, #16384	@ 0x4000
2000075e:	2300      	movs	r3, #0
20000760:	f88d 3004 	strb.w	r3, [sp, #4]
20000764:	2304      	movs	r3, #4
20000766:	f88d 3005 	strb.w	r3, [sp, #5]
2000076a:	2101      	movs	r1, #1
2000076c:	eb0d 0003 	add.w	r0, sp, r3
20000770:	f000 f95a 	bl	20000a28 <dcd_event_handler>
20000774:	4b11      	ldr	r3, [pc, #68]	@ (200007bc <dcd_rp2040_irq+0x1ec>)
20000776:	2210      	movs	r2, #16
20000778:	651a      	str	r2, [r3, #80]	@ 0x50
2000077a:	e7d0      	b.n	2000071e <dcd_rp2040_irq+0x14e>
2000077c:	f446 4600 	orr.w	r6, r6, #32768	@ 0x8000
20000780:	2300      	movs	r3, #0
20000782:	f88d 3004 	strb.w	r3, [sp, #4]
20000786:	2305      	movs	r3, #5
20000788:	f88d 3005 	strb.w	r3, [sp, #5]
2000078c:	2101      	movs	r1, #1
2000078e:	a801      	add	r0, sp, #4
20000790:	f000 f94a 	bl	20000a28 <dcd_event_handler>
20000794:	4b09      	ldr	r3, [pc, #36]	@ (200007bc <dcd_rp2040_irq+0x1ec>)
20000796:	f44f 6200 	mov.w	r2, #2048	@ 0x800
2000079a:	651a      	str	r2, [r3, #80]	@ 0x50
2000079c:	e7c2      	b.n	20000724 <dcd_rp2040_irq+0x154>
2000079e:	ea86 0105 	eor.w	r1, r6, r5
200007a2:	4809      	ldr	r0, [pc, #36]	@ (200007c8 <dcd_rp2040_irq+0x1f8>)
200007a4:	f000 fc4c 	bl	20001040 <__panic_veneer>
200007a8:	50110000 	.word	0x50110000
200007ac:	400b0000 	.word	0x400b0000
200007b0:	20002230 	.word	0x20002230
200007b4:	20002238 	.word	0x20002238
200007b8:	200026b3 	.word	0x200026b3
200007bc:	50113000 	.word	0x50113000
200007c0:	50112000 	.word	0x50112000
200007c4:	50100000 	.word	0x50100000
200007c8:	1000a1ec 	.word	0x1000a1ec

200007cc <prepare_ep_buffer>:
200007cc:	b5f8      	push	{r3, r4, r5, r6, r7, lr}
200007ce:	4604      	mov	r4, r0
200007d0:	460f      	mov	r7, r1
200007d2:	8a83      	ldrh	r3, [r0, #20]
200007d4:	8b06      	ldrh	r6, [r0, #24]
200007d6:	429e      	cmp	r6, r3
200007d8:	bf28      	it	cs
200007da:	461e      	movcs	r6, r3
200007dc:	1b9b      	subs	r3, r3, r6
200007de:	8283      	strh	r3, [r0, #20]
200007e0:	f446 6280 	orr.w	r2, r6, #1024	@ 0x400
200007e4:	78c3      	ldrb	r3, [r0, #3]
200007e6:	b17b      	cbz	r3, 20000808 <prepare_ep_buffer+0x3c>
200007e8:	f44f 5500 	mov.w	r5, #8192	@ 0x2000
200007ec:	4315      	orrs	r5, r2
200007ee:	f083 0301 	eor.w	r3, r3, #1
200007f2:	70e3      	strb	r3, [r4, #3]
200007f4:	7863      	ldrb	r3, [r4, #1]
200007f6:	b14b      	cbz	r3, 2000080c <prepare_ep_buffer+0x40>
200007f8:	8aa3      	ldrh	r3, [r4, #20]
200007fa:	b90b      	cbnz	r3, 20000800 <prepare_ep_buffer+0x34>
200007fc:	f445 4580 	orr.w	r5, r5, #16384	@ 0x4000
20000800:	b107      	cbz	r7, 20000804 <prepare_ep_buffer+0x38>
20000802:	042d      	lsls	r5, r5, #16
20000804:	4628      	mov	r0, r5
20000806:	bdf8      	pop	{r3, r4, r5, r6, r7, pc}
20000808:	2500      	movs	r5, #0
2000080a:	e7ef      	b.n	200007ec <prepare_ep_buffer+0x20>
2000080c:	68e0      	ldr	r0, [r4, #12]
2000080e:	4632      	mov	r2, r6
20000810:	6921      	ldr	r1, [r4, #16]
20000812:	eb00 1087 	add.w	r0, r0, r7, lsl #6
20000816:	f000 fc07 	bl	20001028 <__unaligned_memcpy_veneer>
2000081a:	6923      	ldr	r3, [r4, #16]
2000081c:	4433      	add	r3, r6
2000081e:	6123      	str	r3, [r4, #16]
20000820:	f445 4500 	orr.w	r5, r5, #32768	@ 0x8000
20000824:	e7e8      	b.n	200007f8 <prepare_ep_buffer+0x2c>
	...

20000828 <e15_is_bulkin_ep>:
20000828:	4b09      	ldr	r3, [pc, #36]	@ (20000850 <e15_is_bulkin_ep+0x28>)
2000082a:	6c1b      	ldr	r3, [r3, #64]	@ 0x40
2000082c:	f013 0f02 	tst.w	r3, #2
20000830:	d10b      	bne.n	2000084a <e15_is_bulkin_ep+0x22>
20000832:	7883      	ldrb	r3, [r0, #2]
20000834:	09db      	lsrs	r3, r3, #7
20000836:	d101      	bne.n	2000083c <e15_is_bulkin_ep+0x14>
20000838:	2000      	movs	r0, #0
2000083a:	4770      	bx	lr
2000083c:	7ec3      	ldrb	r3, [r0, #27]
2000083e:	2b02      	cmp	r3, #2
20000840:	d001      	beq.n	20000846 <e15_is_bulkin_ep+0x1e>
20000842:	2000      	movs	r0, #0
20000844:	4770      	bx	lr
20000846:	2001      	movs	r0, #1
20000848:	4770      	bx	lr
2000084a:	2000      	movs	r0, #0
2000084c:	4770      	bx	lr
2000084e:	bf00      	nop
20000850:	50110000 	.word	0x50110000

20000854 <e15_is_critical_frame_period>:
20000854:	b508      	push	{r3, lr}
20000856:	f7ff ffe7 	bl	20000828 <e15_is_bulkin_ep>
2000085a:	b140      	cbz	r0, 2000086e <e15_is_critical_frame_period+0x1a>
2000085c:	4b05      	ldr	r3, [pc, #20]	@ (20000874 <e15_is_critical_frame_period+0x20>)
2000085e:	6a9b      	ldr	r3, [r3, #40]	@ 0x28
20000860:	4a05      	ldr	r2, [pc, #20]	@ (20000878 <e15_is_critical_frame_period+0x24>)
20000862:	6812      	ldr	r2, [r2, #0]
20000864:	1a9b      	subs	r3, r3, r2
20000866:	f5a3 7348 	sub.w	r3, r3, #800	@ 0x320
2000086a:	2bc6      	cmp	r3, #198	@ 0xc6
2000086c:	d800      	bhi.n	20000870 <e15_is_critical_frame_period+0x1c>
2000086e:	bd08      	pop	{r3, pc}
20000870:	2000      	movs	r0, #0
20000872:	e7fc      	b.n	2000086e <e15_is_critical_frame_period+0x1a>
20000874:	400b0000 	.word	0x400b0000
20000878:	20002230 	.word	0x20002230

2000087c <sync_ep_buffer>:
2000087c:	b538      	push	{r3, r4, r5, lr}
2000087e:	4604      	mov	r4, r0
20000880:	6883      	ldr	r3, [r0, #8]
20000882:	681b      	ldr	r3, [r3, #0]
20000884:	4608      	mov	r0, r1
20000886:	b101      	cbz	r1, 2000088a <sync_ep_buffer+0xe>
20000888:	0c1b      	lsrs	r3, r3, #16
2000088a:	f3c3 0509 	ubfx	r5, r3, #0, #10
2000088e:	7862      	ldrb	r2, [r4, #1]
20000890:	b992      	cbnz	r2, 200008b8 <sync_ep_buffer+0x3c>
20000892:	f413 4f00 	tst.w	r3, #32768	@ 0x8000
20000896:	d109      	bne.n	200008ac <sync_ep_buffer+0x30>
20000898:	8ae3      	ldrh	r3, [r4, #22]
2000089a:	442b      	add	r3, r5
2000089c:	82e3      	strh	r3, [r4, #22]
2000089e:	8b23      	ldrh	r3, [r4, #24]
200008a0:	42ab      	cmp	r3, r5
200008a2:	d901      	bls.n	200008a8 <sync_ep_buffer+0x2c>
200008a4:	2300      	movs	r3, #0
200008a6:	82a3      	strh	r3, [r4, #20]
200008a8:	4628      	mov	r0, r5
200008aa:	bd38      	pop	{r3, r4, r5, pc}
200008ac:	4b0e      	ldr	r3, [pc, #56]	@ (200008e8 <sync_ep_buffer+0x6c>)
200008ae:	4a0f      	ldr	r2, [pc, #60]	@ (200008ec <sync_ep_buffer+0x70>)
200008b0:	21e8      	movs	r1, #232	@ 0xe8
200008b2:	480f      	ldr	r0, [pc, #60]	@ (200008f0 <sync_ep_buffer+0x74>)
200008b4:	f000 fba8 	bl	20001008 <____assert_func_veneer>
200008b8:	f413 4f00 	tst.w	r3, #32768	@ 0x8000
200008bc:	d00d      	beq.n	200008da <sync_ep_buffer+0x5e>
200008be:	68e1      	ldr	r1, [r4, #12]
200008c0:	462a      	mov	r2, r5
200008c2:	eb01 1180 	add.w	r1, r1, r0, lsl #6
200008c6:	6920      	ldr	r0, [r4, #16]
200008c8:	f000 fbae 	bl	20001028 <__unaligned_memcpy_veneer>
200008cc:	8ae3      	ldrh	r3, [r4, #22]
200008ce:	442b      	add	r3, r5
200008d0:	82e3      	strh	r3, [r4, #22]
200008d2:	6923      	ldr	r3, [r4, #16]
200008d4:	442b      	add	r3, r5
200008d6:	6123      	str	r3, [r4, #16]
200008d8:	e7e1      	b.n	2000089e <sync_ep_buffer+0x22>
200008da:	4b06      	ldr	r3, [pc, #24]	@ (200008f4 <sync_ep_buffer+0x78>)
200008dc:	4a03      	ldr	r2, [pc, #12]	@ (200008ec <sync_ep_buffer+0x70>)
200008de:	21ee      	movs	r1, #238	@ 0xee
200008e0:	4803      	ldr	r0, [pc, #12]	@ (200008f0 <sync_ep_buffer+0x74>)
200008e2:	f000 fb91 	bl	20001008 <____assert_func_veneer>
200008e6:	bf00      	nop
200008e8:	1000a20c 	.word	0x1000a20c
200008ec:	1000b4f8 	.word	0x1000b4f8
200008f0:	1000a22c 	.word	0x1000a22c
200008f4:	1000a288 	.word	0x1000a288

200008f8 <_hw_endpoint_xfer_sync>:
200008f8:	b510      	push	{r4, lr}
200008fa:	4604      	mov	r4, r0
200008fc:	6883      	ldr	r3, [r0, #8]
200008fe:	681b      	ldr	r3, [r3, #0]
20000900:	2100      	movs	r1, #0
20000902:	f7ff ffbb 	bl	2000087c <sync_ep_buffer>
20000906:	6863      	ldr	r3, [r4, #4]
20000908:	681b      	ldr	r3, [r3, #0]
2000090a:	f013 4f80 	tst.w	r3, #1073741824	@ 0x40000000
2000090e:	d002      	beq.n	20000916 <_hw_endpoint_xfer_sync+0x1e>
20000910:	8b23      	ldrh	r3, [r4, #24]
20000912:	4283      	cmp	r3, r0
20000914:	d000      	beq.n	20000918 <_hw_endpoint_xfer_sync+0x20>
20000916:	bd10      	pop	{r4, pc}
20000918:	2101      	movs	r1, #1
2000091a:	4620      	mov	r0, r4
2000091c:	f7ff ffae 	bl	2000087c <sync_ep_buffer>
20000920:	e7f9      	b.n	20000916 <_hw_endpoint_xfer_sync+0x1e>

20000922 <hw_endpoint_reset_transfer>:
20000922:	2300      	movs	r3, #0
20000924:	7683      	strb	r3, [r0, #26]
20000926:	8283      	strh	r3, [r0, #20]
20000928:	82c3      	strh	r3, [r0, #22]
2000092a:	6103      	str	r3, [r0, #16]
2000092c:	4770      	bx	lr
	...

20000930 <_hw_endpoint_buffer_control_update32>:
20000930:	b508      	push	{r3, lr}
20000932:	460b      	mov	r3, r1
20000934:	b111      	cbz	r1, 2000093c <_hw_endpoint_buffer_control_update32+0xc>
20000936:	6881      	ldr	r1, [r0, #8]
20000938:	6809      	ldr	r1, [r1, #0]
2000093a:	400b      	ands	r3, r1
2000093c:	b19a      	cbz	r2, 20000966 <_hw_endpoint_buffer_control_update32+0x36>
2000093e:	4313      	orrs	r3, r2
20000940:	f412 6f80 	tst.w	r2, #1024	@ 0x400
20000944:	d00f      	beq.n	20000966 <_hw_endpoint_buffer_control_update32+0x36>
20000946:	6882      	ldr	r2, [r0, #8]
20000948:	6811      	ldr	r1, [r2, #0]
2000094a:	f411 6f80 	tst.w	r1, #1024	@ 0x400
2000094e:	d10d      	bne.n	2000096c <_hw_endpoint_buffer_control_update32+0x3c>
20000950:	f423 6180 	bic.w	r1, r3, #1024	@ 0x400
20000954:	6011      	str	r1, [r2, #0]
20000956:	4a07      	ldr	r2, [pc, #28]	@ (20000974 <_hw_endpoint_buffer_control_update32+0x44>)
20000958:	6c12      	ldr	r2, [r2, #64]	@ 0x40
2000095a:	f012 0f02 	tst.w	r2, #2
2000095e:	d102      	bne.n	20000966 <_hw_endpoint_buffer_control_update32+0x36>
20000960:	220c      	movs	r2, #12
20000962:	3a03      	subs	r2, #3
20000964:	d2fd      	bcs.n	20000962 <_hw_endpoint_buffer_control_update32+0x32>
20000966:	6882      	ldr	r2, [r0, #8]
20000968:	6013      	str	r3, [r2, #0]
2000096a:	bd08      	pop	{r3, pc}
2000096c:	7881      	ldrb	r1, [r0, #2]
2000096e:	4802      	ldr	r0, [pc, #8]	@ (20000978 <_hw_endpoint_buffer_control_update32+0x48>)
20000970:	f000 fb66 	bl	20001040 <__panic_veneer>
20000974:	50110000 	.word	0x50110000
20000978:	1000a2a8 	.word	0x1000a2a8

2000097c <hw_endpoint_start_next_buffer>:
2000097c:	b570      	push	{r4, r5, r6, lr}
2000097e:	4604      	mov	r4, r0
20000980:	6843      	ldr	r3, [r0, #4]
20000982:	681d      	ldr	r5, [r3, #0]
20000984:	2100      	movs	r1, #0
20000986:	f7ff ff21 	bl	200007cc <prepare_ep_buffer>
2000098a:	f440 5680 	orr.w	r6, r0, #4096	@ 0x1000
2000098e:	4b16      	ldr	r3, [pc, #88]	@ (200009e8 <hw_endpoint_start_next_buffer+0x6c>)
20000990:	6c1b      	ldr	r3, [r3, #64]	@ 0x40
20000992:	f013 0f02 	tst.w	r3, #2
20000996:	d013      	beq.n	200009c0 <hw_endpoint_start_next_buffer+0x44>
20000998:	78a3      	ldrb	r3, [r4, #2]
2000099a:	f013 0f7f 	tst.w	r3, #127	@ 0x7f
2000099e:	d114      	bne.n	200009ca <hw_endpoint_start_next_buffer+0x4e>
200009a0:	2300      	movs	r3, #0
200009a2:	8aa2      	ldrh	r2, [r4, #20]
200009a4:	b102      	cbz	r2, 200009a8 <hw_endpoint_start_next_buffer+0x2c>
200009a6:	b1a3      	cbz	r3, 200009d2 <hw_endpoint_start_next_buffer+0x56>
200009a8:	f025 45a0 	bic.w	r5, r5, #1342177280	@ 0x50000000
200009ac:	f045 5500 	orr.w	r5, r5, #536870912	@ 0x20000000
200009b0:	6863      	ldr	r3, [r4, #4]
200009b2:	601d      	str	r5, [r3, #0]
200009b4:	4632      	mov	r2, r6
200009b6:	2100      	movs	r1, #0
200009b8:	4620      	mov	r0, r4
200009ba:	f7ff ffb9 	bl	20000930 <_hw_endpoint_buffer_control_update32>
200009be:	bd70      	pop	{r4, r5, r6, pc}
200009c0:	78a3      	ldrb	r3, [r4, #2]
200009c2:	09db      	lsrs	r3, r3, #7
200009c4:	d103      	bne.n	200009ce <hw_endpoint_start_next_buffer+0x52>
200009c6:	2301      	movs	r3, #1
200009c8:	e7eb      	b.n	200009a2 <hw_endpoint_start_next_buffer+0x26>
200009ca:	2301      	movs	r3, #1
200009cc:	e7e9      	b.n	200009a2 <hw_endpoint_start_next_buffer+0x26>
200009ce:	2300      	movs	r3, #0
200009d0:	e7e7      	b.n	200009a2 <hw_endpoint_start_next_buffer+0x26>
200009d2:	2101      	movs	r1, #1
200009d4:	4620      	mov	r0, r4
200009d6:	f7ff fef9 	bl	200007cc <prepare_ep_buffer>
200009da:	4306      	orrs	r6, r0
200009dc:	f025 5500 	bic.w	r5, r5, #536870912	@ 0x20000000
200009e0:	f045 45a0 	orr.w	r5, r5, #1342177280	@ 0x50000000
200009e4:	e7e4      	b.n	200009b0 <hw_endpoint_start_next_buffer+0x34>
200009e6:	bf00      	nop
200009e8:	50110000 	.word	0x50110000

200009ec <hw_endpoint_xfer_continue>:
200009ec:	b538      	push	{r3, r4, r5, lr}
200009ee:	4604      	mov	r4, r0
200009f0:	7e85      	ldrb	r5, [r0, #26]
200009f2:	b12d      	cbz	r5, 20000a00 <hw_endpoint_xfer_continue+0x14>
200009f4:	f7ff ff80 	bl	200008f8 <_hw_endpoint_xfer_sync>
200009f8:	8aa3      	ldrh	r3, [r4, #20]
200009fa:	b92b      	cbnz	r3, 20000a08 <hw_endpoint_xfer_continue+0x1c>
200009fc:	4628      	mov	r0, r5
200009fe:	bd38      	pop	{r3, r4, r5, pc}
20000a00:	7881      	ldrb	r1, [r0, #2]
20000a02:	4808      	ldr	r0, [pc, #32]	@ (20000a24 <hw_endpoint_xfer_continue+0x38>)
20000a04:	f000 fb1c 	bl	20001040 <__panic_veneer>
20000a08:	4620      	mov	r0, r4
20000a0a:	f7ff ff23 	bl	20000854 <e15_is_critical_frame_period>
20000a0e:	4605      	mov	r5, r0
20000a10:	b118      	cbz	r0, 20000a1a <hw_endpoint_xfer_continue+0x2e>
20000a12:	2301      	movs	r3, #1
20000a14:	7723      	strb	r3, [r4, #28]
20000a16:	2500      	movs	r5, #0
20000a18:	e7f0      	b.n	200009fc <hw_endpoint_xfer_continue+0x10>
20000a1a:	4620      	mov	r0, r4
20000a1c:	f7ff ffae 	bl	2000097c <hw_endpoint_start_next_buffer>
20000a20:	e7ec      	b.n	200009fc <hw_endpoint_xfer_continue+0x10>
20000a22:	bf00      	nop
20000a24:	1000a2c8 	.word	0x1000a2c8

20000a28 <dcd_event_handler>:
20000a28:	b5f0      	push	{r4, r5, r6, r7, lr}
20000a2a:	b085      	sub	sp, #20
20000a2c:	4605      	mov	r5, r0
20000a2e:	460e      	mov	r6, r1
20000a30:	7843      	ldrb	r3, [r0, #1]
20000a32:	3b02      	subs	r3, #2
20000a34:	2b04      	cmp	r3, #4
20000a36:	d815      	bhi.n	20000a64 <dcd_event_handler+0x3c>
20000a38:	e8df f013 	tbh	[pc, r3, lsl #1]
20000a3c:	006a0005 	.word	0x006a0005
20000a40:	0046003b 	.word	0x0046003b
20000a44:	00fd      	.short	0x00fd
20000a46:	4b87      	ldr	r3, [pc, #540]	@ (20000c64 <dcd_event_handler+0x23c>)
20000a48:	781a      	ldrb	r2, [r3, #0]
20000a4a:	f022 0201 	bic.w	r2, r2, #1
20000a4e:	701a      	strb	r2, [r3, #0]
20000a50:	781a      	ldrb	r2, [r3, #0]
20000a52:	f022 0202 	bic.w	r2, r2, #2
20000a56:	701a      	strb	r2, [r3, #0]
20000a58:	2100      	movs	r1, #0
20000a5a:	7059      	strb	r1, [r3, #1]
20000a5c:	781a      	ldrb	r2, [r3, #0]
20000a5e:	f361 0282 	bfi	r2, r1, #2, #1
20000a62:	701a      	strb	r2, [r3, #0]
20000a64:	4b80      	ldr	r3, [pc, #512]	@ (20000c68 <dcd_event_handler+0x240>)
20000a66:	681c      	ldr	r4, [r3, #0]
20000a68:	6963      	ldr	r3, [r4, #20]
20000a6a:	f3ef 8210 	mrs	r2, PRIMASK
20000a6e:	b672      	cpsid	i
20000a70:	e8d3 0fcf 	ldaexb	r0, [r3]
20000a74:	2101      	movs	r1, #1
20000a76:	2800      	cmp	r0, #0
20000a78:	d1fa      	bne.n	20000a70 <dcd_event_handler+0x48>
20000a7a:	e8c3 1f40 	strexb	r0, r1, [r3]
20000a7e:	2800      	cmp	r0, #0
20000a80:	d1f6      	bne.n	20000a70 <dcd_event_handler+0x48>
20000a82:	f3bf 8f5f 	dmb	sy
20000a86:	61a2      	str	r2, [r4, #24]
20000a88:	4629      	mov	r1, r5
20000a8a:	4620      	mov	r0, r4
20000a8c:	f000 fac8 	bl	20001020 <__tu_fifo_write_veneer>
20000a90:	6961      	ldr	r1, [r4, #20]
20000a92:	69a3      	ldr	r3, [r4, #24]
20000a94:	2200      	movs	r2, #0
20000a96:	e8c1 2f8f 	stlb	r2, [r1]
20000a9a:	f383 8810 	msr	PRIMASK, r3
20000a9e:	2800      	cmp	r0, #0
20000aa0:	f000 80cf 	beq.w	20000c42 <dcd_event_handler+0x21a>
20000aa4:	4632      	mov	r2, r6
20000aa6:	7869      	ldrb	r1, [r5, #1]
20000aa8:	7828      	ldrb	r0, [r5, #0]
20000aaa:	f000 fac5 	bl	20001038 <__tud_event_hook_cb_veneer>
20000aae:	b005      	add	sp, #20
20000ab0:	bdf0      	pop	{r4, r5, r6, r7, pc}
20000ab2:	4b6c      	ldr	r3, [pc, #432]	@ (20000c64 <dcd_event_handler+0x23c>)
20000ab4:	781b      	ldrb	r3, [r3, #0]
20000ab6:	f013 0f01 	tst.w	r3, #1
20000aba:	d0f8      	beq.n	20000aae <dcd_event_handler+0x86>
20000abc:	4a69      	ldr	r2, [pc, #420]	@ (20000c64 <dcd_event_handler+0x23c>)
20000abe:	7813      	ldrb	r3, [r2, #0]
20000ac0:	f043 0304 	orr.w	r3, r3, #4
20000ac4:	7013      	strb	r3, [r2, #0]
20000ac6:	e7cd      	b.n	20000a64 <dcd_event_handler+0x3c>
20000ac8:	4b66      	ldr	r3, [pc, #408]	@ (20000c64 <dcd_event_handler+0x23c>)
20000aca:	781b      	ldrb	r3, [r3, #0]
20000acc:	f013 0f01 	tst.w	r3, #1
20000ad0:	d0ed      	beq.n	20000aae <dcd_event_handler+0x86>
20000ad2:	4a64      	ldr	r2, [pc, #400]	@ (20000c64 <dcd_event_handler+0x23c>)
20000ad4:	7813      	ldrb	r3, [r2, #0]
20000ad6:	f023 0304 	bic.w	r3, r3, #4
20000ada:	7013      	strb	r3, [r2, #0]
20000adc:	e7c2      	b.n	20000a64 <dcd_event_handler+0x3c>
20000ade:	1ad2      	subs	r2, r2, r3
20000ae0:	4b62      	ldr	r3, [pc, #392]	@ (20000c6c <dcd_event_handler+0x244>)
20000ae2:	eb03 1342 	add.w	r3, r3, r2, lsl #5
20000ae6:	69db      	ldr	r3, [r3, #28]
20000ae8:	b113      	cbz	r3, 20000af0 <dcd_event_handler+0xc8>
20000aea:	6869      	ldr	r1, [r5, #4]
20000aec:	7828      	ldrb	r0, [r5, #0]
20000aee:	4798      	blx	r3
20000af0:	3401      	adds	r4, #1
20000af2:	b2e4      	uxtb	r4, r4
20000af4:	4b5e      	ldr	r3, [pc, #376]	@ (20000c70 <dcd_event_handler+0x248>)
20000af6:	781b      	ldrb	r3, [r3, #0]
20000af8:	4622      	mov	r2, r4
20000afa:	1c59      	adds	r1, r3, #1
20000afc:	42a1      	cmp	r1, r4
20000afe:	db09      	blt.n	20000b14 <dcd_event_handler+0xec>
20000b00:	42a3      	cmp	r3, r4
20000b02:	d9ec      	bls.n	20000ade <dcd_event_handler+0xb6>
20000b04:	4b5b      	ldr	r3, [pc, #364]	@ (20000c74 <dcd_event_handler+0x24c>)
20000b06:	681b      	ldr	r3, [r3, #0]
20000b08:	eb13 1344 	adds.w	r3, r3, r4, lsl #5
20000b0c:	d1eb      	bne.n	20000ae6 <dcd_event_handler+0xbe>
20000b0e:	e7ef      	b.n	20000af0 <dcd_event_handler+0xc8>
20000b10:	2400      	movs	r4, #0
20000b12:	e7ef      	b.n	20000af4 <dcd_event_handler+0xcc>
20000b14:	4b53      	ldr	r3, [pc, #332]	@ (20000c64 <dcd_event_handler+0x23c>)
20000b16:	781b      	ldrb	r3, [r3, #0]
20000b18:	f013 0f04 	tst.w	r3, #4
20000b1c:	d136      	bne.n	20000b8c <dcd_event_handler+0x164>
20000b1e:	4b51      	ldr	r3, [pc, #324]	@ (20000c64 <dcd_event_handler+0x23c>)
20000b20:	78db      	ldrb	r3, [r3, #3]
20000b22:	f013 0f01 	tst.w	r3, #1
20000b26:	d0c2      	beq.n	20000aae <dcd_event_handler+0x86>
20000b28:	a901      	add	r1, sp, #4
20000b2a:	2700      	movs	r7, #0
20000b2c:	9701      	str	r7, [sp, #4]
20000b2e:	604f      	str	r7, [r1, #4]
20000b30:	608f      	str	r7, [r1, #8]
20000b32:	782b      	ldrb	r3, [r5, #0]
20000b34:	f88d 3004 	strb.w	r3, [sp, #4]
20000b38:	2303      	movs	r3, #3
20000b3a:	f88d 3005 	strb.w	r3, [sp, #5]
20000b3e:	686b      	ldr	r3, [r5, #4]
20000b40:	9302      	str	r3, [sp, #8]
20000b42:	4b49      	ldr	r3, [pc, #292]	@ (20000c68 <dcd_event_handler+0x240>)
20000b44:	681c      	ldr	r4, [r3, #0]
20000b46:	6963      	ldr	r3, [r4, #20]
20000b48:	f3ef 8210 	mrs	r2, PRIMASK
20000b4c:	b672      	cpsid	i
20000b4e:	e8d3 5fcf 	ldaexb	r5, [r3]
20000b52:	2001      	movs	r0, #1
20000b54:	2d00      	cmp	r5, #0
20000b56:	d1fa      	bne.n	20000b4e <dcd_event_handler+0x126>
20000b58:	e8c3 0f45 	strexb	r5, r0, [r3]
20000b5c:	2d00      	cmp	r5, #0
20000b5e:	d1f6      	bne.n	20000b4e <dcd_event_handler+0x126>
20000b60:	f3bf 8f5f 	dmb	sy
20000b64:	61a2      	str	r2, [r4, #24]
20000b66:	4620      	mov	r0, r4
20000b68:	f000 fa5a 	bl	20001020 <__tu_fifo_write_veneer>
20000b6c:	6962      	ldr	r2, [r4, #20]
20000b6e:	69a3      	ldr	r3, [r4, #24]
20000b70:	e8c2 7f8f 	stlb	r7, [r2]
20000b74:	f383 8810 	msr	PRIMASK, r3
20000b78:	2800      	cmp	r0, #0
20000b7a:	d04c      	beq.n	20000c16 <dcd_event_handler+0x1ee>
20000b7c:	4632      	mov	r2, r6
20000b7e:	f89d 1005 	ldrb.w	r1, [sp, #5]
20000b82:	f89d 0004 	ldrb.w	r0, [sp, #4]
20000b86:	f000 fa57 	bl	20001038 <__tud_event_hook_cb_veneer>
20000b8a:	e790      	b.n	20000aae <dcd_event_handler+0x86>
20000b8c:	4a35      	ldr	r2, [pc, #212]	@ (20000c64 <dcd_event_handler+0x23c>)
20000b8e:	7813      	ldrb	r3, [r2, #0]
20000b90:	f023 0304 	bic.w	r3, r3, #4
20000b94:	7013      	strb	r3, [r2, #0]
20000b96:	a901      	add	r1, sp, #4
20000b98:	2700      	movs	r7, #0
20000b9a:	9701      	str	r7, [sp, #4]
20000b9c:	604f      	str	r7, [r1, #4]
20000b9e:	608f      	str	r7, [r1, #8]
20000ba0:	782b      	ldrb	r3, [r5, #0]
20000ba2:	f88d 3004 	strb.w	r3, [sp, #4]
20000ba6:	2305      	movs	r3, #5
20000ba8:	f88d 3005 	strb.w	r3, [sp, #5]
20000bac:	4b2e      	ldr	r3, [pc, #184]	@ (20000c68 <dcd_event_handler+0x240>)
20000bae:	681c      	ldr	r4, [r3, #0]
20000bb0:	6963      	ldr	r3, [r4, #20]
20000bb2:	f3ef 8210 	mrs	r2, PRIMASK
20000bb6:	b672      	cpsid	i
20000bb8:	e8d3 cfcf 	ldaexb	ip, [r3]
20000bbc:	2001      	movs	r0, #1
20000bbe:	f1bc 0f00 	cmp.w	ip, #0
20000bc2:	d1f9      	bne.n	20000bb8 <dcd_event_handler+0x190>
20000bc4:	e8c3 0f4c 	strexb	ip, r0, [r3]
20000bc8:	f1bc 0f00 	cmp.w	ip, #0
20000bcc:	d1f4      	bne.n	20000bb8 <dcd_event_handler+0x190>
20000bce:	f3bf 8f5f 	dmb	sy
20000bd2:	61a2      	str	r2, [r4, #24]
20000bd4:	4620      	mov	r0, r4
20000bd6:	f000 fa23 	bl	20001020 <__tu_fifo_write_veneer>
20000bda:	6962      	ldr	r2, [r4, #20]
20000bdc:	69a3      	ldr	r3, [r4, #24]
20000bde:	e8c2 7f8f 	stlb	r7, [r2]
20000be2:	f383 8810 	msr	PRIMASK, r3
20000be6:	b138      	cbz	r0, 20000bf8 <dcd_event_handler+0x1d0>
20000be8:	4632      	mov	r2, r6
20000bea:	f89d 1005 	ldrb.w	r1, [sp, #5]
20000bee:	f89d 0004 	ldrb.w	r0, [sp, #4]
20000bf2:	f000 fa21 	bl	20001038 <__tud_event_hook_cb_veneer>
20000bf6:	e792      	b.n	20000b1e <dcd_event_handler+0xf6>
20000bf8:	f240 1265 	movw	r2, #357	@ 0x165
20000bfc:	491e      	ldr	r1, [pc, #120]	@ (20000c78 <dcd_event_handler+0x250>)
20000bfe:	481f      	ldr	r0, [pc, #124]	@ (20000c7c <dcd_event_handler+0x254>)
20000c00:	f000 fa16 	bl	20001030 <____wrap_printf_veneer>
20000c04:	f04f 23e0 	mov.w	r3, #3758153728	@ 0xe000e000
20000c08:	f8d3 3df0 	ldr.w	r3, [r3, #3568]	@ 0xdf0
20000c0c:	f013 0f01 	tst.w	r3, #1
20000c10:	d085      	beq.n	20000b1e <dcd_event_handler+0xf6>
20000c12:	be00      	bkpt	0x0000
20000c14:	e783      	b.n	20000b1e <dcd_event_handler+0xf6>
20000c16:	f240 1265 	movw	r2, #357	@ 0x165
20000c1a:	4917      	ldr	r1, [pc, #92]	@ (20000c78 <dcd_event_handler+0x250>)
20000c1c:	4817      	ldr	r0, [pc, #92]	@ (20000c7c <dcd_event_handler+0x254>)
20000c1e:	f000 fa07 	bl	20001030 <____wrap_printf_veneer>
20000c22:	f04f 23e0 	mov.w	r3, #3758153728	@ 0xe000e000
20000c26:	f8d3 3df0 	ldr.w	r3, [r3, #3568]	@ 0xdf0
20000c2a:	f013 0f01 	tst.w	r3, #1
20000c2e:	f43f af3e 	beq.w	20000aae <dcd_event_handler+0x86>
20000c32:	be00      	bkpt	0x0000
20000c34:	e73b      	b.n	20000aae <dcd_event_handler+0x86>
20000c36:	4a12      	ldr	r2, [pc, #72]	@ (20000c80 <dcd_event_handler+0x258>)
20000c38:	7813      	ldrb	r3, [r2, #0]
20000c3a:	3301      	adds	r3, #1
20000c3c:	b2db      	uxtb	r3, r3
20000c3e:	7013      	strb	r3, [r2, #0]
20000c40:	e710      	b.n	20000a64 <dcd_event_handler+0x3c>
20000c42:	f240 1265 	movw	r2, #357	@ 0x165
20000c46:	490c      	ldr	r1, [pc, #48]	@ (20000c78 <dcd_event_handler+0x250>)
20000c48:	480c      	ldr	r0, [pc, #48]	@ (20000c7c <dcd_event_handler+0x254>)
20000c4a:	f000 f9f1 	bl	20001030 <____wrap_printf_veneer>
20000c4e:	f04f 23e0 	mov.w	r3, #3758153728	@ 0xe000e000
20000c52:	f8d3 3df0 	ldr.w	r3, [r3, #3568]	@ 0xdf0
20000c56:	f013 0f01 	tst.w	r3, #1
20000c5a:	f43f af28 	beq.w	20000aae <dcd_event_handler+0x86>
20000c5e:	be00      	bkpt	0x0000
20000c60:	e725      	b.n	20000aae <dcd_event_handler+0x86>
20000c62:	bf00      	nop
20000c64:	200014c0 	.word	0x200014c0
20000c68:	20001518 	.word	0x20001518
20000c6c:	1000b5c0 	.word	0x1000b5c0
20000c70:	200026b2 	.word	0x200026b2
20000c74:	200012f0 	.word	0x200012f0
20000c78:	1000b53c 	.word	0x1000b53c
20000c7c:	1000a328 	.word	0x1000a328
20000c80:	200026b4 	.word	0x200026b4

20000c84 <__aeabi_uldivmod>:
20000c84:	b953      	cbnz	r3, 20000c9c <__aeabi_uldivmod+0x18>
20000c86:	b94a      	cbnz	r2, 20000c9c <__aeabi_uldivmod+0x18>
20000c88:	2900      	cmp	r1, #0
20000c8a:	bf08      	it	eq
20000c8c:	2800      	cmpeq	r0, #0
20000c8e:	bf1c      	itt	ne
20000c90:	f04f 31ff 	movne.w	r1, #4294967295	@ 0xffffffff
20000c94:	f04f 30ff 	movne.w	r0, #4294967295	@ 0xffffffff
20000c98:	f000 b9b2 	b.w	20001000 <__aeabi_idiv0>
20000c9c:	f1ad 0c08 	sub.w	ip, sp, #8
20000ca0:	e96d ce04 	strd	ip, lr, [sp, #-16]!
20000ca4:	f000 f806 	bl	20000cb4 <__udivmoddi4>
20000ca8:	f8dd e004 	ldr.w	lr, [sp, #4]
20000cac:	e9dd 2302 	ldrd	r2, r3, [sp, #8]
20000cb0:	b004      	add	sp, #16
20000cb2:	4770      	bx	lr

20000cb4 <__udivmoddi4>:
20000cb4:	e92d 4ff0 	stmdb	sp!, {r4, r5, r6, r7, r8, r9, sl, fp, lr}
20000cb8:	468c      	mov	ip, r1
20000cba:	9e09      	ldr	r6, [sp, #36]	@ 0x24
20000cbc:	4604      	mov	r4, r0
20000cbe:	460f      	mov	r7, r1
20000cc0:	2b00      	cmp	r3, #0
20000cc2:	d148      	bne.n	20000d56 <__udivmoddi4+0xa2>
20000cc4:	428a      	cmp	r2, r1
20000cc6:	4615      	mov	r5, r2
20000cc8:	d95e      	bls.n	20000d88 <__udivmoddi4+0xd4>
20000cca:	fab2 f382 	clz	r3, r2
20000cce:	b13b      	cbz	r3, 20000ce0 <__udivmoddi4+0x2c>
20000cd0:	f1c3 0220 	rsb	r2, r3, #32
20000cd4:	409f      	lsls	r7, r3
20000cd6:	409d      	lsls	r5, r3
20000cd8:	409c      	lsls	r4, r3
20000cda:	fa20 f202 	lsr.w	r2, r0, r2
20000cde:	4317      	orrs	r7, r2
20000ce0:	ea4f 4e15 	mov.w	lr, r5, lsr #16
20000ce4:	fa1f fc85 	uxth.w	ip, r5
20000ce8:	0c22      	lsrs	r2, r4, #16
20000cea:	fbb7 f1fe 	udiv	r1, r7, lr
20000cee:	fb0e 7711 	mls	r7, lr, r1, r7
20000cf2:	fb01 f00c 	mul.w	r0, r1, ip
20000cf6:	ea42 4207 	orr.w	r2, r2, r7, lsl #16
20000cfa:	4290      	cmp	r0, r2
20000cfc:	d907      	bls.n	20000d0e <__udivmoddi4+0x5a>
20000cfe:	18aa      	adds	r2, r5, r2
20000d00:	f101 37ff 	add.w	r7, r1, #4294967295	@ 0xffffffff
20000d04:	d202      	bcs.n	20000d0c <__udivmoddi4+0x58>
20000d06:	4290      	cmp	r0, r2
20000d08:	f200 8158 	bhi.w	20000fbc <__udivmoddi4+0x308>
20000d0c:	4639      	mov	r1, r7
20000d0e:	1a12      	subs	r2, r2, r0
20000d10:	b2a4      	uxth	r4, r4
20000d12:	fbb2 f0fe 	udiv	r0, r2, lr
20000d16:	fb0e 2210 	mls	r2, lr, r0, r2
20000d1a:	fb00 fc0c 	mul.w	ip, r0, ip
20000d1e:	ea44 4402 	orr.w	r4, r4, r2, lsl #16
20000d22:	45a4      	cmp	ip, r4
20000d24:	d90b      	bls.n	20000d3e <__udivmoddi4+0x8a>
20000d26:	192c      	adds	r4, r5, r4
20000d28:	f100 32ff 	add.w	r2, r0, #4294967295	@ 0xffffffff
20000d2c:	bf2c      	ite	cs
20000d2e:	2701      	movcs	r7, #1
20000d30:	2700      	movcc	r7, #0
20000d32:	45a4      	cmp	ip, r4
20000d34:	d902      	bls.n	20000d3c <__udivmoddi4+0x88>
20000d36:	2f00      	cmp	r7, #0
20000d38:	f000 8143 	beq.w	20000fc2 <__udivmoddi4+0x30e>
20000d3c:	4610      	mov	r0, r2
20000d3e:	ea40 4001 	orr.w	r0, r0, r1, lsl #16
20000d42:	eba4 040c 	sub.w	r4, r4, ip
20000d46:	2100      	movs	r1, #0
20000d48:	b11e      	cbz	r6, 20000d52 <__udivmoddi4+0x9e>
20000d4a:	40dc      	lsrs	r4, r3
20000d4c:	2300      	movs	r3, #0
20000d4e:	e9c6 4300 	strd	r4, r3, [r6]
20000d52:	e8bd 8ff0 	ldmia.w	sp!, {r4, r5, r6, r7, r8, r9, sl, fp, pc}
20000d56:	428b      	cmp	r3, r1
20000d58:	d906      	bls.n	20000d68 <__udivmoddi4+0xb4>
20000d5a:	b10e      	cbz	r6, 20000d60 <__udivmoddi4+0xac>
20000d5c:	e9c6 0100 	strd	r0, r1, [r6]
20000d60:	2100      	movs	r1, #0
20000d62:	4608      	mov	r0, r1
20000d64:	e8bd 8ff0 	ldmia.w	sp!, {r4, r5, r6, r7, r8, r9, sl, fp, pc}
20000d68:	fab3 f183 	clz	r1, r3
20000d6c:	2900      	cmp	r1, #0
20000d6e:	d151      	bne.n	20000e14 <__udivmoddi4+0x160>
20000d70:	4563      	cmp	r3, ip
20000d72:	f0c0 8116 	bcc.w	20000fa2 <__udivmoddi4+0x2ee>
20000d76:	4282      	cmp	r2, r0
20000d78:	f240 8113 	bls.w	20000fa2 <__udivmoddi4+0x2ee>
20000d7c:	4608      	mov	r0, r1
20000d7e:	2e00      	cmp	r6, #0
20000d80:	d0e7      	beq.n	20000d52 <__udivmoddi4+0x9e>
20000d82:	e9c6 4700 	strd	r4, r7, [r6]
20000d86:	e7e4      	b.n	20000d52 <__udivmoddi4+0x9e>
20000d88:	2a00      	cmp	r2, #0
20000d8a:	f000 80af 	beq.w	20000eec <__udivmoddi4+0x238>
20000d8e:	fab2 f382 	clz	r3, r2
20000d92:	2b00      	cmp	r3, #0
20000d94:	f040 80c2 	bne.w	20000f1c <__udivmoddi4+0x268>
20000d98:	1a8a      	subs	r2, r1, r2
20000d9a:	ea4f 4e15 	mov.w	lr, r5, lsr #16
20000d9e:	b2af      	uxth	r7, r5
20000da0:	2101      	movs	r1, #1
20000da2:	0c20      	lsrs	r0, r4, #16
20000da4:	fbb2 fcfe 	udiv	ip, r2, lr
20000da8:	fb0e 221c 	mls	r2, lr, ip, r2
20000dac:	ea40 4202 	orr.w	r2, r0, r2, lsl #16
20000db0:	fb07 f00c 	mul.w	r0, r7, ip
20000db4:	4290      	cmp	r0, r2
20000db6:	d90e      	bls.n	20000dd6 <__udivmoddi4+0x122>
20000db8:	18aa      	adds	r2, r5, r2
20000dba:	f10c 38ff 	add.w	r8, ip, #4294967295	@ 0xffffffff
20000dbe:	bf2c      	ite	cs
20000dc0:	f04f 0901 	movcs.w	r9, #1
20000dc4:	f04f 0900 	movcc.w	r9, #0
20000dc8:	4290      	cmp	r0, r2
20000dca:	d903      	bls.n	20000dd4 <__udivmoddi4+0x120>
20000dcc:	f1b9 0f00 	cmp.w	r9, #0
20000dd0:	f000 80f0 	beq.w	20000fb4 <__udivmoddi4+0x300>
20000dd4:	46c4      	mov	ip, r8
20000dd6:	1a12      	subs	r2, r2, r0
20000dd8:	b2a4      	uxth	r4, r4
20000dda:	fbb2 f0fe 	udiv	r0, r2, lr
20000dde:	fb0e 2210 	mls	r2, lr, r0, r2
20000de2:	fb00 f707 	mul.w	r7, r0, r7
20000de6:	ea44 4402 	orr.w	r4, r4, r2, lsl #16
20000dea:	42a7      	cmp	r7, r4
20000dec:	d90e      	bls.n	20000e0c <__udivmoddi4+0x158>
20000dee:	192c      	adds	r4, r5, r4
20000df0:	f100 32ff 	add.w	r2, r0, #4294967295	@ 0xffffffff
20000df4:	bf2c      	ite	cs
20000df6:	f04f 0e01 	movcs.w	lr, #1
20000dfa:	f04f 0e00 	movcc.w	lr, #0
20000dfe:	42a7      	cmp	r7, r4
20000e00:	d903      	bls.n	20000e0a <__udivmoddi4+0x156>
20000e02:	f1be 0f00 	cmp.w	lr, #0
20000e06:	f000 80d2 	beq.w	20000fae <__udivmoddi4+0x2fa>
20000e0a:	4610      	mov	r0, r2
20000e0c:	1be4      	subs	r4, r4, r7
20000e0e:	ea40 400c 	orr.w	r0, r0, ip, lsl #16
20000e12:	e799      	b.n	20000d48 <__udivmoddi4+0x94>
20000e14:	f1c1 0520 	rsb	r5, r1, #32
20000e18:	408b      	lsls	r3, r1
20000e1a:	fa0c f401 	lsl.w	r4, ip, r1
20000e1e:	fa00 f901 	lsl.w	r9, r0, r1
20000e22:	fa22 f705 	lsr.w	r7, r2, r5
20000e26:	fa2c fc05 	lsr.w	ip, ip, r5
20000e2a:	408a      	lsls	r2, r1
20000e2c:	431f      	orrs	r7, r3
20000e2e:	fa20 f305 	lsr.w	r3, r0, r5
20000e32:	0c38      	lsrs	r0, r7, #16
20000e34:	4323      	orrs	r3, r4
20000e36:	fa1f fe87 	uxth.w	lr, r7
20000e3a:	0c1c      	lsrs	r4, r3, #16
20000e3c:	fbbc f8f0 	udiv	r8, ip, r0
20000e40:	fb00 cc18 	mls	ip, r0, r8, ip
20000e44:	ea44 440c 	orr.w	r4, r4, ip, lsl #16
20000e48:	fb08 fc0e 	mul.w	ip, r8, lr
20000e4c:	45a4      	cmp	ip, r4
20000e4e:	d90e      	bls.n	20000e6e <__udivmoddi4+0x1ba>
20000e50:	193c      	adds	r4, r7, r4
20000e52:	f108 3aff 	add.w	sl, r8, #4294967295	@ 0xffffffff
20000e56:	bf2c      	ite	cs
20000e58:	f04f 0b01 	movcs.w	fp, #1
20000e5c:	f04f 0b00 	movcc.w	fp, #0
20000e60:	45a4      	cmp	ip, r4
20000e62:	d903      	bls.n	20000e6c <__udivmoddi4+0x1b8>
20000e64:	f1bb 0f00 	cmp.w	fp, #0
20000e68:	f000 80b8 	beq.w	20000fdc <__udivmoddi4+0x328>
20000e6c:	46d0      	mov	r8, sl
20000e6e:	eba4 040c 	sub.w	r4, r4, ip
20000e72:	fa1f fc83 	uxth.w	ip, r3
20000e76:	fbb4 f3f0 	udiv	r3, r4, r0
20000e7a:	fb00 4413 	mls	r4, r0, r3, r4
20000e7e:	fb03 fe0e 	mul.w	lr, r3, lr
20000e82:	ea4c 4404 	orr.w	r4, ip, r4, lsl #16
20000e86:	45a6      	cmp	lr, r4
20000e88:	d90e      	bls.n	20000ea8 <__udivmoddi4+0x1f4>
20000e8a:	193c      	adds	r4, r7, r4
20000e8c:	f103 30ff 	add.w	r0, r3, #4294967295	@ 0xffffffff
20000e90:	bf2c      	ite	cs
20000e92:	f04f 0c01 	movcs.w	ip, #1
20000e96:	f04f 0c00 	movcc.w	ip, #0
20000e9a:	45a6      	cmp	lr, r4
20000e9c:	d903      	bls.n	20000ea6 <__udivmoddi4+0x1f2>
20000e9e:	f1bc 0f00 	cmp.w	ip, #0
20000ea2:	f000 809f 	beq.w	20000fe4 <__udivmoddi4+0x330>
20000ea6:	4603      	mov	r3, r0
20000ea8:	ea43 4008 	orr.w	r0, r3, r8, lsl #16
20000eac:	eba4 040e 	sub.w	r4, r4, lr
20000eb0:	fba0 ec02 	umull	lr, ip, r0, r2
20000eb4:	4564      	cmp	r4, ip
20000eb6:	4673      	mov	r3, lr
20000eb8:	46e0      	mov	r8, ip
20000eba:	d302      	bcc.n	20000ec2 <__udivmoddi4+0x20e>
20000ebc:	d107      	bne.n	20000ece <__udivmoddi4+0x21a>
20000ebe:	45f1      	cmp	r9, lr
20000ec0:	d205      	bcs.n	20000ece <__udivmoddi4+0x21a>
20000ec2:	ebbe 0302 	subs.w	r3, lr, r2
20000ec6:	eb6c 0c07 	sbc.w	ip, ip, r7
20000eca:	3801      	subs	r0, #1
20000ecc:	46e0      	mov	r8, ip
20000ece:	b15e      	cbz	r6, 20000ee8 <__udivmoddi4+0x234>
20000ed0:	ebb9 0203 	subs.w	r2, r9, r3
20000ed4:	eb64 0408 	sbc.w	r4, r4, r8
20000ed8:	fa04 f505 	lsl.w	r5, r4, r5
20000edc:	fa22 f301 	lsr.w	r3, r2, r1
20000ee0:	40cc      	lsrs	r4, r1
20000ee2:	431d      	orrs	r5, r3
20000ee4:	e9c6 5400 	strd	r5, r4, [r6]
20000ee8:	2100      	movs	r1, #0
20000eea:	e732      	b.n	20000d52 <__udivmoddi4+0x9e>
20000eec:	0842      	lsrs	r2, r0, #1
20000eee:	462f      	mov	r7, r5
20000ef0:	084b      	lsrs	r3, r1, #1
20000ef2:	46ac      	mov	ip, r5
20000ef4:	ea42 72c1 	orr.w	r2, r2, r1, lsl #31
20000ef8:	46ae      	mov	lr, r5
20000efa:	07c4      	lsls	r4, r0, #31
20000efc:	0c11      	lsrs	r1, r2, #16
20000efe:	b292      	uxth	r2, r2
20000f00:	ea41 4103 	orr.w	r1, r1, r3, lsl #16
20000f04:	ea42 4201 	orr.w	r2, r2, r1, lsl #16
20000f08:	fbb1 f1f5 	udiv	r1, r1, r5
20000f0c:	fbb3 f0f5 	udiv	r0, r3, r5
20000f10:	231f      	movs	r3, #31
20000f12:	eba2 020c 	sub.w	r2, r2, ip
20000f16:	ea41 4100 	orr.w	r1, r1, r0, lsl #16
20000f1a:	e742      	b.n	20000da2 <__udivmoddi4+0xee>
20000f1c:	409d      	lsls	r5, r3
20000f1e:	f1c3 0220 	rsb	r2, r3, #32
20000f22:	4099      	lsls	r1, r3
20000f24:	409c      	lsls	r4, r3
20000f26:	fa2c fc02 	lsr.w	ip, ip, r2
20000f2a:	ea4f 4e15 	mov.w	lr, r5, lsr #16
20000f2e:	fa20 f202 	lsr.w	r2, r0, r2
20000f32:	b2af      	uxth	r7, r5
20000f34:	fbbc f8fe 	udiv	r8, ip, lr
20000f38:	430a      	orrs	r2, r1
20000f3a:	fb0e cc18 	mls	ip, lr, r8, ip
20000f3e:	0c11      	lsrs	r1, r2, #16
20000f40:	ea41 410c 	orr.w	r1, r1, ip, lsl #16
20000f44:	fb08 fc07 	mul.w	ip, r8, r7
20000f48:	458c      	cmp	ip, r1
20000f4a:	d950      	bls.n	20000fee <__udivmoddi4+0x33a>
20000f4c:	1869      	adds	r1, r5, r1
20000f4e:	f108 30ff 	add.w	r0, r8, #4294967295	@ 0xffffffff
20000f52:	bf2c      	ite	cs
20000f54:	f04f 0901 	movcs.w	r9, #1
20000f58:	f04f 0900 	movcc.w	r9, #0
20000f5c:	458c      	cmp	ip, r1
20000f5e:	d902      	bls.n	20000f66 <__udivmoddi4+0x2b2>
20000f60:	f1b9 0f00 	cmp.w	r9, #0
20000f64:	d030      	beq.n	20000fc8 <__udivmoddi4+0x314>
20000f66:	eba1 010c 	sub.w	r1, r1, ip
20000f6a:	fbb1 f8fe 	udiv	r8, r1, lr
20000f6e:	fb08 fc07 	mul.w	ip, r8, r7
20000f72:	fb0e 1118 	mls	r1, lr, r8, r1
20000f76:	b292      	uxth	r2, r2
20000f78:	ea42 4201 	orr.w	r2, r2, r1, lsl #16
20000f7c:	4562      	cmp	r2, ip
20000f7e:	d234      	bcs.n	20000fea <__udivmoddi4+0x336>
20000f80:	18aa      	adds	r2, r5, r2
20000f82:	f108 31ff 	add.w	r1, r8, #4294967295	@ 0xffffffff
20000f86:	bf2c      	ite	cs
20000f88:	f04f 0901 	movcs.w	r9, #1
20000f8c:	f04f 0900 	movcc.w	r9, #0
20000f90:	4562      	cmp	r2, ip
20000f92:	d2be      	bcs.n	20000f12 <__udivmoddi4+0x25e>
20000f94:	f1b9 0f00 	cmp.w	r9, #0
20000f98:	d1bb      	bne.n	20000f12 <__udivmoddi4+0x25e>
20000f9a:	f1a8 0102 	sub.w	r1, r8, #2
20000f9e:	442a      	add	r2, r5
20000fa0:	e7b7      	b.n	20000f12 <__udivmoddi4+0x25e>
20000fa2:	1a84      	subs	r4, r0, r2
20000fa4:	eb6c 0203 	sbc.w	r2, ip, r3
20000fa8:	2001      	movs	r0, #1
20000faa:	4617      	mov	r7, r2
20000fac:	e6e7      	b.n	20000d7e <__udivmoddi4+0xca>
20000fae:	442c      	add	r4, r5
20000fb0:	3802      	subs	r0, #2
20000fb2:	e72b      	b.n	20000e0c <__udivmoddi4+0x158>
20000fb4:	f1ac 0c02 	sub.w	ip, ip, #2
20000fb8:	442a      	add	r2, r5
20000fba:	e70c      	b.n	20000dd6 <__udivmoddi4+0x122>
20000fbc:	3902      	subs	r1, #2
20000fbe:	442a      	add	r2, r5
20000fc0:	e6a5      	b.n	20000d0e <__udivmoddi4+0x5a>
20000fc2:	442c      	add	r4, r5
20000fc4:	3802      	subs	r0, #2
20000fc6:	e6ba      	b.n	20000d3e <__udivmoddi4+0x8a>
20000fc8:	eba5 0c0c 	sub.w	ip, r5, ip
20000fcc:	f1a8 0002 	sub.w	r0, r8, #2
20000fd0:	4461      	add	r1, ip
20000fd2:	fbb1 f8fe 	udiv	r8, r1, lr
20000fd6:	fb08 fc07 	mul.w	ip, r8, r7
20000fda:	e7ca      	b.n	20000f72 <__udivmoddi4+0x2be>
20000fdc:	f1a8 0802 	sub.w	r8, r8, #2
20000fe0:	443c      	add	r4, r7
20000fe2:	e744      	b.n	20000e6e <__udivmoddi4+0x1ba>
20000fe4:	3b02      	subs	r3, #2
20000fe6:	443c      	add	r4, r7
20000fe8:	e75e      	b.n	20000ea8 <__udivmoddi4+0x1f4>
20000fea:	4641      	mov	r1, r8
20000fec:	e791      	b.n	20000f12 <__udivmoddi4+0x25e>
20000fee:	eba1 010c 	sub.w	r1, r1, ip
20000ff2:	4640      	mov	r0, r8
20000ff4:	fbb1 f8fe 	udiv	r8, r1, lr
20000ff8:	fb08 fc07 	mul.w	ip, r8, r7
20000ffc:	e7b9      	b.n	20000f72 <__udivmoddi4+0x2be>
20000ffe:	bf00      	nop

20001000 <__aeabi_idiv0>:
20001000:	4770      	bx	lr
20001002:	bf00      	nop
20001004:	0000      	movs	r0, r0
	...

20001008 <____assert_func_veneer>:
20001008:	f85f f000 	ldr.w	pc, [pc]	@ 2000100c <____assert_func_veneer+0x4>
2000100c:	10003111 	.word	0x10003111

20001010 <__memset_veneer>:
20001010:	f85f f000 	ldr.w	pc, [pc]	@ 20001014 <__memset_veneer+0x4>
20001014:	10009621 	.word	0x10009621

20001018 <__best_effort_wfe_or_timeout_veneer>:
20001018:	f85f f000 	ldr.w	pc, [pc]	@ 2000101c <__best_effort_wfe_or_timeout_veneer+0x4>
2000101c:	100014e1 	.word	0x100014e1

20001020 <__tu_fifo_write_veneer>:
20001020:	f85f f000 	ldr.w	pc, [pc]	@ 20001024 <__tu_fifo_write_veneer+0x4>
20001024:	10006219 	.word	0x10006219

20001028 <__unaligned_memcpy_veneer>:
20001028:	f85f f000 	ldr.w	pc, [pc]	@ 2000102c <__unaligned_memcpy_veneer+0x4>
2000102c:	10003d89 	.word	0x10003d89

20001030 <____wrap_printf_veneer>:
20001030:	f85f f000 	ldr.w	pc, [pc]	@ 20001034 <____wrap_printf_veneer+0x4>
20001034:	100033d9 	.word	0x100033d9

20001038 <__tud_event_hook_cb_veneer>:
20001038:	f85f f000 	ldr.w	pc, [pc]	@ 2000103c <__tud_event_hook_cb_veneer+0x4>
2000103c:	100040b9 	.word	0x100040b9

20001040 <__panic_veneer>:
20001040:	f85f f000 	ldr.w	pc, [pc]	@ 20001044 <__panic_veneer+0x4>
20001044:	10000451 	.word	0x10000451

20001048 <__time_us_64_veneer>:
20001048:	f85f f000 	ldr.w	pc, [pc]	@ 2000104c <__time_us_64_veneer+0x4>
2000104c:	10001669 	.word	0x10001669

20001050 <striped_spin_lock_num>:
20001050:	00000010                                ....

20001054 <irq_handler_chain_slots>:
20001054:	00000000 	.word	0x00000000
20001058:	00010000 	.word	0x00010000
	...
20001064:	00020000 	.word	0x00020000
	...
20001070:	00030000 	.word	0x00030000
	...
2000107c:	00ff0000 	.word	0x00ff0000
20001080:	00000000 	.word	0x00000000

20001084 <irq_handler_chain_first_slot>:
20001084:	b501      	push	{r0, lr}
20001086:	6848      	ldr	r0, [r1, #4]
20001088:	3101      	adds	r1, #1
2000108a:	468e      	mov	lr, r1
2000108c:	4700      	bx	r0

2000108e <irq_handler_chain_remove_tail>:
2000108e:	4670      	mov	r0, lr
20001090:	3809      	subs	r0, #9
20001092:	4901      	ldr	r1, [pc, #4]	@ (20001098 <irq_handler_chain_remove_tail+0xa>)
20001094:	4788      	blx	r1
20001096:	bd01      	pop	{r0, pc}
20001098:	10000bd9 	.word	0x10000bd9

2000109c <default_alarm_pool>:
	...
200010b0:	20001168                                h.. 

200010b4 <stdio_usb>:
200010b4:	1000383d 10003501 100037b1 100034ed     =8...5...7...4..
200010c4:	00000000 00000100                       ........

200010cc <_usbd_qdef>:
200010cc:	2000151c 000c0010 00000000 00000000     ... ............
	...

200010e8 <_usbd_rhport>:
200010e8:	000000ff                                ....

200010ec <cyw43_poll_worker>:
200010ec:	00000000 10008b69 00000000 00000000     ....i...........
200010fc:	00000000                                ....

20001100 <sleep_timeout_worker>:
20001100:	00000000 10008abd 00000000 00000000     ................
	...

20001118 <print_mutex>:
	...
